building_id,pnu,longitude,latitude,footprint_area_m2,sigungu_code,legal_dong_name,lot_number,building_name,gis_use_name,underground_floor_count_gis,ground_floor_count_gis,underground_parking_status,underground_parking_confirmed,register_underground_floor_max,register_ground_floor_max,indoor_parking_slots_max,total_floor_area_max_m2,building_area_max_m2,parcel_area_max_m2,building_height_max_m,household_count_max,main_purpose_name,structure_name,approval_year_min,register_rows_on_parcel,register_evidence
1986303388533249785600000000,4725010900100770001,128.1535895,36.4201703,145.7,47250,경상북도 상주시 무양동,77-1,,단독주택,1,1,UNDERGROUND_FLOOR_ONLY,0,1.0,1.0,0.0,106.02,91.26,0.0,0.0,0.0,단독주택,벽돌구조,1986,1,지하층은 있으나 옥내주차 근거 없음
1983303334383243538300000000,4725011000100040008,128.1529029,36.4145475,107.5,47250,경상북도 상주시 낙양동,4-8,,단독주택,1,1,UNDERGROUND_FLOOR_ONLY,0,1.0,1.0,0.0,100.82,85.7,0.0,0.0,0.0,단독주택,벽돌구조,1983,1,지하층은 있으나 옥내주차 근거 없음
1984303402653242576300000000,4725011000101100010,128.153651,36.4136733,117.0,47250,경상북도 상주시 낙양동,110-10,,단독주택,1,1,UNDERGROUND_FLOOR_ONLY,0,1.0,1.0,0.0,107.92,90.72,0.0,0.0,0.0,단독주택,벽돌구조,1984,1,지하층은 있으나 옥내주차 근거 없음
1984303894583236437000000000,4725010700102140008,128.1590526,36.4080891,154.1,47250,경상북도 상주시 남성동,214-8,,단독주택,1,1,UNDERGROUND_FLOOR_ONLY,0,1.0,1.0,0.0,107.18,91.97,0.0,0.0,0.0,단독주택,벽돌구조,1984,1,지하층은 있으나 옥내주차 근거 없음
1988303437353257800700000000,4725013300106530015,128.1542406,36.4273866,190.1,47250,경상북도 상주시 만산동,653-15,,단독주택,1,2,GIS_BASEMENT_CANDIDATE_NOT_CONFIRMED_BY_TITLE,0,0.0,1.0,0.0,84.0,84.0,0.0,5.2,0.0,제2종근린생활시설,철근콘크리트구조,2013,1,GIS에는 지하층이 있으나 건축물대장 표제부에서 확인되지 않음
1984304173113248711200000000,4725010600100220007,128.1623218,36.4191177,131.8,47250,경상북도 상주시 서성동,22-7,,단독주택,1,1,UNDERGROUND_FLOOR_ONLY,0,1.0,1.0,0.0,22.35,22.35,0.0,0.0,0.0,단독주택,벽돌구조,1984,1,지하층은 있으나 옥내주차 근거 없음
1983304503103249827600000000,4725010400103870010,128.1660154,36.4200876,113.5,47250,경상북도 상주시 복룡동,387-10,,단독주택,1,2,UNDERGROUND_FLOOR_ONLY,0,1.0,2.0,0.0,175.51,85.77,142.88,0.0,1.0,단독주택,벽돌구조,1983,1,지하층은 있으나 옥내주차 근거 없음
1987304397313242802300000000,4725010200106330005,128.1647417,36.4137697,91.3,47250,경상북도 상주시 성동동,633-5,,단독주택,1,1,UNDERGROUND_FLOOR_ONLY,0,1.0,1.0,0.0,70.6,61.69,0.0,0.0,0.0,단독주택,벽돌구조,1987,1,지하층은 있으나 옥내주차 근거 없음
1994304465063247173500000000,4725010300100280013,128.1655558,36.4177007,128.1,47250,경상북도 상주시 인봉동,28-13,,단독주택,1,1,UNDERGROUND_FLOOR_ONLY,0,1.0,1.0,0.0,128.45,101.52,176.0,0.0,0.0,단독주택,벽돌구조,1994,1,지하층은 있으나 옥내주차 근거 없음
1979304419923241952500000000,4725010200102620020,128.1649822,36.4130013,101.9,47250,경상북도 상주시 성동동,262-20,,단독주택,1,1,UNDERGROUND_FLOOR_ONLY,0,1.0,1.0,0.0,86.82,76.29,0.0,0.0,0.0,단독주택,벽돌구조,1979,1,지하층은 있으나 옥내주차 근거 없음
1990303485553240241800000000,4725011000101230046,128.1545441,36.4115612,115.0,47250,경상북도 상주시 낙양동,123-46,,단독주택,1,2,UNDERGROUND_FLOOR_ONLY,0,1.0,2.0,0.0,161.56,104.65,0.0,0.0,0.0,단독주택,벽돌구조,1990,1,지하층은 있으나 옥내주차 근거 없음
1981304102883246948300000000,4725010600101030004,128.161515,36.4175369,108.7,47250,경상북도 상주시 서성동,103-4,,단독주택,1,1,UNDERGROUND_FLOOR_ONLY,0,1.0,1.0,0.0,196.19,0.0,0.0,0.0,0.0,단독주택,블록구조,1981,1,지하층은 있으나 옥내주차 근거 없음
1989304375043242694400000000,4725010200106330024,128.1644918,36.4136746,91.5,47250,경상북도 상주시 성동동,633-24,,단독주택,1,2,UNDERGROUND_FLOOR_ONLY,0,1.0,2.0,0.0,118.95,68.59,0.0,0.0,0.0,단독주택,벽돌구조,1989,1,지하층은 있으나 옥내주차 근거 없음
1983304025473245221800000000,4725010600101490005,128.1606275,36.415988,7.3,47250,경상북도 상주시 서성동,149-5,,제1종근린생활시설,1,3,UNDERGROUND_FLOOR_ONLY,0,1.0,3.0,0.0,766.98,251.72,0.0,0.0,0.0,제1종근린생활시설,철근콘크리트구조,1983,3,지하층은 있으나 옥내주차 근거 없음
1980303558193237607500000000,4725011000101720020,128.1553195,36.4091807,21.7,47250,경상북도 상주시 낙양동,172-20,,단독주택,1,2,UNDERGROUND_FLOOR_ONLY,0,1.0,2.0,0.0,176.67,76.09,0.0,0.0,0.0,단독주택,벽돌구조,1980,2,지하층은 있으나 옥내주차 근거 없음
0000304162593238099400000000,4725010700101650002,128.1620593,36.4095547,7.1,47250,경상북도 상주시 남성동,165-2,,공동주택,1,1,PROBABLE_NOT_CONFIRMED_IN_FLOOR_ROWS,0,1.0,15.0,21.0,9353.74,720.59,0.0,40.9,84.0,공동주택,철근콘크리트구조,2005,4,지하층과 옥내주차는 있으나 수집된 지하층 용도에서 주차장 미확인
2013304106833247113300000000,4725010600101030003,128.1615614,36.4176852,291.6,47250,경상북도 상주시 서성동,103-3,,숙박시설,1,6,PROBABLE_NOT_CONFIRMED_IN_FLOOR_ROWS,0,1.0,6.0,10.0,1642.77,307.76,628.0,17.97,0.0,숙박시설,철근콘크리트구조,2013,1,지하층과 옥내주차는 있으나 수집된 지하층 용도에서 주차장 미확인
1995304301713414605000000000,4725025021105860000,128.1659909,36.5685685,201.1,47250,경상북도 상주시 함창읍 구향리,586,,동.식물 관련시설,1,1,UNDERGROUND_FLOOR_ONLY,0,1.0,1.0,0.0,413.15,415.15,0.0,4.0,0.0,동물및식물관련시설,강파이프구조,1995,3,지하층은 있으나 옥내주차 근거 없음
1995303900733236064300000000,4725010700102150000,128.1591161,36.4077525,164.7,47250,경상북도 상주시 남성동,215,,단독주택,1,1,UNDERGROUND_FLOOR_ONLY,0,1.0,1.0,0.0,118.02,111.97,244.56,4.85,0.0,단독주택,벽돌구조,1995,2,지하층은 있으나 옥내주차 근거 없음
1988303694083250559500000000,4725010900102200000,128.1570063,36.4208348,118.9,47250,경상북도 상주시 무양동,220,,단독주택,1,1,UNDERGROUND_FLOOR_ONLY,0,1.0,1.0,0.0,109.12,90.64,0.0,0.0,0.0,단독주택,벽돌구조,1988,1,지하층은 있으나 옥내주차 근거 없음
2008277622863094030800000000,4725039032107230004,127.8647836,36.2822503,451.2,47250,경상북도 상주시 모서면 호음리,723-4,,공동주택,1,2,UNDERGROUND_FLOOR_ONLY,0,1.0,2.0,0.0,1900.19,1123.68,14071.0,10.25,0.0,공동주택,철근콘크리트구조,2008,4,지하층은 있으나 옥내주차 근거 없음
1992304156343240098700000000,4725010700101580004,128.1620205,36.4113611,10.9,47250,경상북도 상주시 남성동,158-4,,제1종근린생활시설,1,4,UNDERGROUND_FLOOR_ONLY,0,1.0,4.0,0.0,917.72,409.52,0.0,0.0,0.0,제1종근린생활시설,철근콘크리트구조,1992,3,지하층은 있으나 옥내주차 근거 없음
1986303838803232707200000000,4725011200101880003,128.1583811,36.4047346,108.0,47250,경상북도 상주시 신봉동,188-3,,단독주택,1,1,UNDERGROUND_FLOOR_ONLY,0,1.0,1.0,0.0,103.12,103.12,0.0,0.0,0.0,단독주택,석구조,1985,3,지하층은 있으나 옥내주차 근거 없음
1990305015423251954300000000,4725010500100110000,128.1717555,36.421948,150.2,47250,경상북도 상주시 냉림동,11,,단독주택,1,1,UNDERGROUND_FLOOR_ONLY,0,1.0,1.0,0.0,228.65,115.59,0.0,4.4,0.0,단독주택,벽돌구조,1990,3,지하층은 있으나 옥내주차 근거 없음
1992303765753232970800000000,4725011200102150001,128.1575704,36.40498,157.5,47250,경상북도 상주시 신봉동,215-1,,단독주택,1,1,UNDERGROUND_FLOOR_ONLY,0,1.0,1.0,0.0,174.71,115.5,0.0,0.0,0.0,단독주택,벽돌구조,1992,1,지하층은 있으나 옥내주차 근거 없음
1995305053583247203500000000,4725010400102060006,128.1721166,36.4176634,986.9,47250,경상북도 상주시 복룡동,206-6,상주2차우방타운,공동주택,1,15,UNDERGROUND_FLOOR_ONLY,0,1.0,15.0,0.0,13923.63,1055.94,16011.0,41.0,150.0,공동주택,철근콘크리트구조,1995,5,지하층은 있으나 옥내주차 근거 없음
1980303830083250526300000000,4725010900102370002,128.1585219,36.4207901,272.8,47250,경상북도 상주시 무양동,237-2,,제1종근린생활시설,1,3,UNDERGROUND_FLOOR_ONLY,0,1.0,3.0,0.0,709.19,236.13,0.0,0.0,0.0,제1종근린생활시설,철근콘크리트구조,1980,1,지하층은 있으나 옥내주차 근거 없음
1988304253433244411300000000,4725010100100080004,128.1631593,36.4152347,83.3,47250,경상북도 상주시 성하동,8-4,,숙박시설,1,4,UNDERGROUND_FLOOR_ONLY,0,1.0,4.0,0.0,339.46,80.49,0.0,0.0,0.0,숙박시설,철근콘크리트구조,1988,1,지하층은 있으나 옥내주차 근거 없음
1983304440303242357800000000,4725010200102340006,128.1652149,36.4133644,334.3,47250,경상북도 상주시 성동동,234-6,,공동주택,1,3,UNDERGROUND_FLOOR_ONLY,0,1.0,3.0,0.0,1098.76,274.69,733.0,12.1,12.0,공동주택,경량철골구조,1983,1,지하층은 있으나 옥내주차 근거 없음
1990303577663237480500000000,4725011000101760001,128.1555341,36.4090634,189.6,47250,경상북도 상주시 낙양동,176-1,,단독주택,1,2,UNDERGROUND_FLOOR_ONLY,0,1.0,2.0,0.0,178.38,99.0,0.0,0.0,0.0,단독주택,벽돌구조,1990,1,지하층은 있으나 옥내주차 근거 없음
1985303459093245572000000000,4725010800101410001,128.15432,36.4163664,128.4,47250,경상북도 상주시 서문동,141-1,,단독주택,1,1,UNDERGROUND_FLOOR_ONLY,0,1.0,1.0,0.0,106.21,86.05,0.0,0.0,0.0,단독주택,벽돌구조,1985,1,지하층은 있으나 옥내주차 근거 없음
1995303419633247347000000000,4725010900102780008,128.1539039,36.41797,454.1,47250,경상북도 상주시 무양동,278-8,,숙박시설,1,4,UNDERGROUND_FLOOR_ONLY,0,1.0,4.0,0.0,1307.14,431.99,675.5,14.4,0.0,숙박시설,철근콘크리트구조,1995,1,지하층은 있으나 옥내주차 근거 없음
1996303445463248518200000000,4725010900102770002,128.1542074,36.4190223,439.5,47250,경상북도 상주시 무양동,277-2,,숙박시설,1,4,PROBABLE_NOT_CONFIRMED_IN_FLOOR_ROWS,0,1.0,4.0,13.0,1021.49,414.4,570.7,15.3,0.0,숙박시설,철근콘크리트구조,1996,1,지하층과 옥내주차는 있으나 수집된 지하층 용도에서 주차장 미확인
2011303813913243967400000000,4725010700100160001,128.158254,36.4148824,838.9,47250,경상북도 상주시 남성동,16-1,드림뷰,공동주택,1,15,CONFIRMED_BASEMENT_PARKING_USE,1,1.0,15.0,23.0,7787.7984,833.5008,1647.0,43.85,49.0,공동주택,철근콘크리트구조,2011,1,층별개요 지하층(flrGbCd=10)의 용도에 주차장 포함
1993304171613241333200000000,4725010700101050012,128.1622061,36.4124704,453.3,47250,경상북도 상주시 남성동,105-12,,업무시설,1,8,UNDERGROUND_FLOOR_ONLY,0,1.0,8.0,0.0,3214.35,438.741,637.0,30.5,0.0,업무시설,철근콘크리트구조,1993,1,지하층은 있으나 옥내주차 근거 없음
1992308967213367195500000000,4725025034104360000,128.2174315,36.525335,111.3,47250,경상북도 상주시 함창읍 금곡리,436,,단독주택,1,1,UNDERGROUND_FLOOR_ONLY,0,1.0,1.0,0.0,93.78,82.08,0.0,0.0,0.0,단독주택,벽돌구조,1992,2,지하층은 있으나 옥내주차 근거 없음
2006303821093233587100000000,4725011200102030056,128.1581953,36.4055292,115.8,47250,경상북도 상주시 신봉동,203-56,,단독주택,1,1,UNDERGROUND_FLOOR_ONLY,0,1.0,1.0,0.0,98.99,96.97,194.0,5.15,1.0,단독주택,벽돌구조,2006,1,지하층은 있으나 옥내주차 근거 없음
1985302458383426485200000000,4725046021102810001,128.14556,36.5794715,377.9,47250,경상북도 상주시 이안면 양범리,281-1,,제1종근린생활시설,1,2,UNDERGROUND_FLOOR_ONLY,0,1.0,2.0,0.0,871.71,478.77,2639.0,7.45,0.0,제1종근린생활시설,철근콘크리트구조,1998,5,지하층은 있으나 옥내주차 근거 없음
1985303889583233811300000000,4725011200102030012,128.1589619,36.405724,95.7,47250,경상북도 상주시 신봉동,203-12,,단독주택,1,1,UNDERGROUND_FLOOR_ONLY,0,1.0,1.0,0.0,91.47,77.12,0.0,0.0,0.0,단독주택,벽돌구조,1985,1,지하층은 있으나 옥내주차 근거 없음
2012302967463234745200000000,4725011000102190001,128.1486961,36.4066645,245.5,47250,경상북도 상주시 낙양동,219-1,해오름아파트,공동주택,1,9,CONFIRMED_BASEMENT_PARKING_USE,1,1.0,9.0,11.0,2160.4856,229.058,912.0,26.4,18.0,공동주택,철근콘크리트구조,2012,2,층별개요 지하층(flrGbCd=10)의 용도에 주차장 포함
2010303316873236605200000000,4725011000101860004,128.1526153,36.4083026,22.3,47250,경상북도 상주시 낙양동,186-4,이원파크빌아파트,공동주택,1,1,UNDERGROUND_FLOOR_ONLY,0,1.0,15.0,0.0,8324.6431,767.7827,4125.0,42.5,74.0,공동주택,철근콘크리트구조,2010,3,지하층은 있으나 옥내주차 근거 없음
1983303918843250760900000000,4725010500103340013,128.1595145,36.4209919,169.7,47250,경상북도 상주시 냉림동,334-13,,숙박시설,1,3,UNDERGROUND_FLOOR_ONLY,0,1.0,3.0,0.0,498.62,154.0,0.0,0.0,0.0,숙박시설,벽돌구조,,1,지하층은 있으나 옥내주차 근거 없음
1995303871783236309400000000,4725010700102130003,128.1587967,36.4079765,154.7,47250,경상북도 상주시 남성동,213-3,,단독주택,1,2,UNDERGROUND_FLOOR_ONLY,0,1.0,2.0,0.0,342.52,150.0,596.05,4.85,0.0,단독주택,벽돌구조,1995,1,지하층은 있으나 옥내주차 근거 없음
1990304986843251991600000000,4725010500100110000,128.1714373,36.4219846,157.3,47250,경상북도 상주시 냉림동,11,,단독주택,1,1,UNDERGROUND_FLOOR_ONLY,0,1.0,1.0,0.0,228.65,115.59,0.0,4.4,0.0,단독주택,벽돌구조,1990,3,지하층은 있으나 옥내주차 근거 없음
1988307879273245234900000000,4725012200100670008,128.2035888,36.4155768,783.6,47250,경상북도 상주시 외답동,67-8,,공장,1,2,UNDERGROUND_FLOOR_ONLY,0,1.0,2.0,0.0,2279.79,185.25,0.0,6.0,0.0,공장,철근콘크리트구조,1988,2,지하층은 있으나 옥내주차 근거 없음
2014113891833092547200000000,4725035037105160001,128.0422201,36.280195,133.0,47250,경상북도 상주시 공성면 우하리,516-1,,단독주택,1,1,UNDERGROUND_FLOOR_ONLY,0,1.0,1.0,0.0,191.2,133.0,2056.0,7.35,0.0,단독주택,일반목구조,2014,1,지하층은 있으나 옥내주차 근거 없음
1985305824503231573900000000,4725012000101450002,128.180498,36.4034973,105.1,47250,경상북도 상주시 서곡동,145-2,,단독주택,1,1,UNDERGROUND_FLOOR_ONLY,0,1.0,1.0,0.0,91.01,76.97,0.0,0.0,0.0,단독주택,벽돌구조,1985,1,지하층은 있으나 옥내주차 근거 없음
1996303946283242705200000000,4725010700100850048,128.1597127,36.4137309,424.8,47250,경상북도 상주시 남성동,85-48,,업무시설,3,4,CONFIRMED_BASEMENT_PARKING_USE,1,3.0,4.0,23.0,2842.83,419.51,525.0,21.7,0.0,업무시설,일반철골구조,1996,1,층별개요 지하층(flrGbCd=10)의 용도에 주차장 포함
2004303977273434887400000000,4725025026102580002,128.1626407,36.5868773,426.9,47250,경상북도 상주시 함창읍 나한리,258-2,점촌영업소,제1종근린생활시설,1,2,UNDERGROUND_FLOOR_ONLY,0,1.0,2.0,0.0,686.62,455.41,3584.0,10.5,0.0,제1종근린생활시설,철근콘크리트구조,2004,2,지하층은 있으나 옥내주차 근거 없음
1992304089703240493000000000,4725010700101070006,128.1612817,36.4117223,285.2,47250,경상북도 상주시 남성동,107-6,,제1종근린생활시설,1,4,UNDERGROUND_FLOOR_ONLY,0,1.0,4.0,0.0,1060.42,232.56,0.0,0.0,0.0,제1종근린생활시설,철근콘크리트구조,1992,1,지하층은 있으나 옥내주차 근거 없음
1985305765023250501500000000,4725010400101610075,128.1800924,36.4205568,296.3,47250,경상북도 상주시 복룡동,161-75,,동.식물 관련시설,1,1,GIS_ONLY_NO_REGISTER_ROW,0,,,,,,,,,,,,0,
1979305594143248539000000000,4725010400101900002,128.1781608,36.4188075,374.6,47250,경상북도 상주시 복룡동,190-2,,제2종근린생활시설,1,3,UNDERGROUND_FLOOR_ONLY,0,1.0,3.0,0.0,1101.31,331.08,8053.0,11.0,0.0,제1종근린생활시설,철근콘크리트구조,1979,1,지하층은 있으나 옥내주차 근거 없음
1985303717323242923900000000,4725010700100780004,128.1571634,36.4139527,142.6,47250,경상북도 상주시 남성동,78-4,,단독주택,1,1,UNDERGROUND_FLOOR_ONLY,0,1.0,1.0,0.0,125.19,103.83,0.0,0.0,0.0,단독주택,벽돌구조,1985,1,지하층은 있으나 옥내주차 근거 없음
1974304078593245230700000000,4725010600101470006,128.1612214,36.4159921,515.2,47250,경상북도 상주시 서성동,147-6,,제2종근린생활시설,1,3,UNDERGROUND_FLOOR_ONLY,0,1.0,3.0,0.0,1649.9,530.32,1306.0,16.91,0.0,제2종근린생활시설,철근콘크리트구조,,1,지하층은 있으나 옥내주차 근거 없음
2000307381963247416500000000,4725012200104090001,128.1980752,36.417598,109.3,47250,경상북도 상주시 외답동,409-1,,단독주택,1,1,UNDERGROUND_FLOOR_ONLY,0,1.0,1.0,0.0,105.31,98.74,0.0,4.9,0.0,단독주택,벽돌구조,2000,3,지하층은 있으나 옥내주차 근거 없음
1991303932903231846400000000,4725011200101790004,128.1594183,36.4039488,904.6,47250,경상북도 상주시 신봉동,179-4,동아아파트,공동주택,1,15,UNDERGROUND_FLOOR_ONLY,0,1.0,15.0,0.0,15341.0,997.1,27170.0,0.0,150.0,공동주택,철근콘크리트구조,1991,8,지하층은 있으나 옥내주차 근거 없음
1991303912683232659200000000,4725011200101790004,128.1592039,36.4046833,391.7,47250,경상북도 상주시 신봉동,179-4,동아아파트,공동주택,1,15,UNDERGROUND_FLOOR_ONLY,0,1.0,15.0,0.0,15341.0,997.1,27170.0,0.0,150.0,공동주택,철근콘크리트구조,1991,8,지하층은 있으나 옥내주차 근거 없음
1993305518923417930700000000,4725025021100360006,128.1796318,36.5714312,170.1,47250,경상북도 상주시 함창읍 구향리,36-6,,단독주택,1,2,UNDERGROUND_FLOOR_ONLY,0,1.0,2.0,0.0,223.2,160.94,0.0,0.0,0.0,단독주택,벽돌구조,1993,1,지하층은 있으나 옥내주차 근거 없음
1987305418173277693400000000,4725012800105900000,128.1765949,36.445094,216.8,47250,경상북도 상주시 초산동,590,,단독주택,1,1,UNDERGROUND_FLOOR_ONLY,0,1.0,1.0,0.0,141.97,120.73,0.0,0.0,0.0,단독주택,벽돌구조,1987,1,지하층은 있으나 옥내주차 근거 없음
1988307853063245977100000000,4725012200100400008,128.2033069,36.4162484,403.4,47250,경상북도 상주시 외답동,40-8,,공동주택,1,3,GIS_BASEMENT_CANDIDATE_NOT_CONFIRMED_BY_TITLE,0,0.0,3.0,0.0,6725.09,6386.59,0.0,14.9,0.0,공장,일반철골구조,2017,2,GIS에는 지하층이 있으나 건축물대장 표제부에서 확인되지 않음
2010305207273353939800000000,4725045026100130001,128.1752788,36.5138126,629.7,47250,경상북도 상주시 공검면 화동리,13-1,,노유자시설,1,3,UNDERGROUND_FLOOR_ONLY,0,1.0,3.0,0.0,1932.9,625.13,3411.0,16.2,0.0,노유자시설,철근콘크리트구조,2010,2,지하층은 있으나 옥내주차 근거 없음
1996308418353243027900000000,4725012300102690000,128.2095673,36.4135277,355.7,47250,경상북도 상주시 헌신동,269,,공동주택,1,1,UNDERGROUND_FLOOR_ONLY,0,1.0,2.0,0.0,4117.4,3854.0,8322.0,8.3,0.0,공장,철골콘크리트구조,1996,1,지하층은 있으나 옥내주차 근거 없음
2001307893553249944300000000,4725012300103130001,128.2038134,36.4198183,807.8,47250,경상북도 상주시 헌신동,313-1,한국도로공사 상주지사,창고시설,1,1,UNDERGROUND_FLOOR_ONLY,0,1.0,2.0,0.0,2398.6,1300.58,0.0,16.0,0.0,업무시설,철근콘크리트구조,2001,11,지하층은 있으나 옥내주차 근거 없음
1988307956463245964300000000,4725012200100400008,128.2044594,36.4162253,6689.8,47250,경상북도 상주시 외답동,40-8,,공장,1,2,GIS_BASEMENT_CANDIDATE_NOT_CONFIRMED_BY_TITLE,0,0.0,3.0,0.0,6725.09,6386.59,0.0,14.9,0.0,공장,일반철골구조,2017,2,GIS에는 지하층이 있으나 건축물대장 표제부에서 확인되지 않음
1993308345463244006600000000,4725012300102680000,128.2087684,36.4144177,286.5,47250,경상북도 상주시 헌신동,268,,공장,1,1,UNDERGROUND_FLOOR_ONLY,0,1.0,1.0,0.0,1521.72,1303.02,6175.0,4.45,0.0,창고시설,철근콘크리트구조,1993,1,지하층은 있으나 옥내주차 근거 없음
1983304440413242544800000000,4725010200102340001,128.1652186,36.4135329,471.2,47250,경상북도 상주시 성동동,234-1,성동아파트,공동주택,1,3,UNDERGROUND_FLOOR_ONLY,0,1.0,3.0,0.0,1554.96,388.74,996.0,4.3,15.0,공동주택,철근콘크리트구조,1983,2,지하층은 있으나 옥내주차 근거 없음
1988307853243245044300000000,4725012200100670008,128.2032959,36.415408,272.3,47250,경상북도 상주시 외답동,67-8,,공장,1,2,UNDERGROUND_FLOOR_ONLY,0,1.0,2.0,0.0,2279.79,185.25,0.0,6.0,0.0,공장,철근콘크리트구조,1988,2,지하층은 있으나 옥내주차 근거 없음
1996303334733247396200000000,4725010900102810016,128.1529581,36.4180234,285.0,47250,경상북도 상주시 무양동,281-16,,숙박시설,1,4,UNDERGROUND_FLOOR_ONLY,0,1.0,4.0,0.0,1031.11,242.32,0.0,20.7,0.0,숙박시설,철근콘크리트구조,1996,1,지하층은 있으나 옥내주차 근거 없음
1999302888753204319700000000,4725011300103860000,128.1474163,36.3792598,163.7,47250,경상북도 상주시 가장동,386,,교육연구시설,1,2,UNDERGROUND_FLOOR_ONLY,0,2.0,4.0,0.0,8835.175,2591.5635,18385.0,22.0,0.0,교육연구시설,철근콘크리트구조,1982,25,지하층은 있으나 옥내주차 근거 없음
1998354573323420405300000000,4717012400100570001,128.7275172,36.5669867,263.5,47170,경상북도 안동시 목성동,57-1,,제2종근린생활시설,1,3,UNDERGROUND_FLOOR_ONLY,0,1.0,3.0,0.0,991.09,318.05,777.0,13.5,0.0,제2종근린생활시설,철근콘크리트구조,1985,1,지하층은 있으나 옥내주차 근거 없음
1970303788403224171400000000,4725011200103100000,128.1577054,36.3970494,111.9,47250,경상북도 상주시 신봉동,310,,단독주택,1,1,UNDERGROUND_FLOOR_ONLY,0,1.0,1.0,0.0,169.99,84.97,349.0,0.0,0.0,단독주택,철근콘크리트구조,,1,지하층은 있으나 옥내주차 근거 없음
0000302987053223066800000000,4725011200105420003,128.1487598,36.3961402,64.5,47250,경상북도 상주시 신봉동,542-3,세영첼시빌아파트,공동주택,1,1,UNDERGROUND_FLOOR_ONLY,0,1.0,15.0,114.0,12017.0903,1251.5,0.0,40.0,90.0,공동주택,철근콘크리트구조,2004,14,지하층은 있으나 옥내주차 근거 없음
2008300141673211017500000000,4725036028101030001,128.1168939,36.3855845,135.6,47250,경상북도 상주시 외남면 지사리,103-1,,창고시설,1,1,UNDERGROUND_FLOOR_ONLY,0,1.0,1.0,0.0,181.38,83.38,592.0,6.8,0.0,창고시설,철근콘크리트구조,2008,1,지하층은 있으나 옥내주차 근거 없음
1991303920803233160500000000,4725011200101790004,128.159301,36.4051341,382.2,47250,경상북도 상주시 신봉동,179-4,동아아파트,공동주택,1,15,UNDERGROUND_FLOOR_ONLY,0,1.0,15.0,0.0,15341.0,997.1,27170.0,0.0,150.0,공동주택,철근콘크리트구조,1991,8,지하층은 있으나 옥내주차 근거 없음
1991303974343232843900000000,4725011200101790004,128.1598935,36.4048431,854.2,47250,경상북도 상주시 신봉동,179-4,동아아파트,공동주택,1,15,UNDERGROUND_FLOOR_ONLY,0,1.0,15.0,0.0,15341.0,997.1,27170.0,0.0,150.0,공동주택,철근콘크리트구조,1991,8,지하층은 있으나 옥내주차 근거 없음
1991303999293231919000000000,4725011200101790004,128.1601592,36.404007,600.6,47250,경상북도 상주시 신봉동,179-4,동아아파트,공동주택,1,2,UNDERGROUND_FLOOR_ONLY,0,1.0,15.0,0.0,15341.0,997.1,27170.0,0.0,150.0,공동주택,철근콘크리트구조,1991,8,지하층은 있으나 옥내주차 근거 없음
1991303965423232327200000000,4725011200101790004,128.1597872,36.4043784,847.9,47250,경상북도 상주시 신봉동,179-4,동아아파트,공동주택,1,15,UNDERGROUND_FLOOR_ONLY,0,1.0,15.0,0.0,15341.0,997.1,27170.0,0.0,150.0,공동주택,철근콘크리트구조,1991,8,지하층은 있으나 옥내주차 근거 없음
1991303984463233359600000000,4725011200101790004,128.1600132,36.4053066,1083.7,47250,경상북도 상주시 신봉동,179-4,동아아파트,공동주택,1,15,UNDERGROUND_FLOOR_ONLY,0,1.0,15.0,0.0,15341.0,997.1,27170.0,0.0,150.0,공동주택,철근콘크리트구조,1991,8,지하층은 있으나 옥내주차 근거 없음
1995303236913240608600000000,4725011000101300002,128.1517775,36.4119184,211.6,47250,경상북도 상주시 낙양동,130-2,,위험물저장및처리시설,1,1,UNDERGROUND_FLOOR_ONLY,0,1.0,1.0,0.0,253.35,266.22,594.0,6.3,0.0,위험물저장및처리시설,벽돌구조,1992,2,지하층은 있으나 옥내주차 근거 없음
1987302708973201544900000000,4725011300103860000,128.1453767,36.376779,1020.3,47250,경상북도 상주시 가장동,386,,공동주택,1,3,UNDERGROUND_FLOOR_ONLY,0,2.0,4.0,0.0,8835.175,2591.5635,18385.0,22.0,0.0,교육연구시설,철근콘크리트구조,1982,25,지하층은 있으나 옥내주차 근거 없음
1995303071963238423500000000,4725011000101450001,128.1499097,36.4099674,1585.2,47250,경상북도 상주시 낙양동,145-1,경희삼백아파트,공동주택,1,15,CONFIRMED_BASEMENT_PARKING_USE,1,1.0,15.0,68.0,22682.59,1865.67,7268.0,41.3,238.0,공동주택,철근콘크리트구조,1995,2,층별개요 지하층(flrGbCd=10)의 용도에 주차장 포함
1985303397653243937500000000,4725010700100530004,128.1536134,36.4149003,112.6,47250,경상북도 상주시 남성동,53-4,,단독주택,1,1,UNDERGROUND_FLOOR_ONLY,0,1.0,1.0,0.0,94.07,80.03,0.0,0.0,0.0,단독주택,벽돌구조,1985,1,지하층은 있으나 옥내주차 근거 없음
1976303827803256191800000000,4725010500103730001,128.1585722,36.4258949,1189.3,47250,경상북도 상주시 냉림동,373-1,,방송통신시설,1,3,UNDERGROUND_FLOOR_ONLY,0,1.0,3.0,0.0,3416.67,1097.01,0.0,0.0,0.0,방송통신시설,철근콘크리트구조,1989,2,지하층은 있으나 옥내주차 근거 없음
1995296363683095636800000000,4725035023100690000,128.073369,36.2820098,575.7,47250,경상북도 상주시 공성면 장동리,69,,제2종근린생활시설,1,2,UNDERGROUND_FLOOR_ONLY,0,1.0,2.0,0.0,916.95,503.77,1622.0,0.0,0.0,제2종근린생활시설,철근콘크리트구조,1995,1,지하층은 있으나 옥내주차 근거 없음
2008303130803219415500000000,4725011200106100003,128.150314,36.3928357,21.7,47250,경상북도 상주시 신봉동,610-3,,자동차관련시설,1,0,UNDERGROUND_FLOOR_ONLY,0,1.0,2.0,1.0,164.36,68.88,347.0,10.27,0.0,단독주택,철근콘크리트구조,2008,2,지하층은 있으나 옥내주차 근거 없음
2003304290283371494200000000,4725045027105130006,128.1652808,36.5297287,437.1,47250,경상북도 상주시 공검면 역곡리,513-6,한국도로공사 북상주영업소,제1종근린생활시설,1,2,UNDERGROUND_FLOOR_ONLY,0,1.0,2.0,0.0,671.62,445.48,3225.0,10.05,0.0,제1종근린생활시설,철근콘크리트구조,2003,1,지하층은 있으나 옥내주차 근거 없음
2002303969353226939900000000,4725011200103310000,128.159759,36.3995241,384.6,47250,경상북도 상주시 신봉동,331,,창고시설,1,1,UNDERGROUND_FLOOR_ONLY,0,1.0,1.0,0.0,332.87,290.5,506.0,7.95,0.0,창고시설,철근콘크리트구조,2002,1,지하층은 있으나 옥내주차 근거 없음
1976297691403179656400000000,4725036025102830002,128.0891962,36.3575795,97.4,47250,경상북도 상주시 외남면 신상리,283-2,,공공시설,1,2,UNDERGROUND_FLOOR_ONLY,0,1.0,2.0,0.0,800.81,0.0,2214.0,0.0,0.0,제1종근린생활시설,철근콘크리트구조,,1,지하층은 있으나 옥내주차 근거 없음
1976297713593179507100000000,4725036025102830002,128.0894414,36.3574428,362.8,47250,경상북도 상주시 외남면 신상리,283-2,,제1종근린생활시설,1,2,UNDERGROUND_FLOOR_ONLY,0,1.0,2.0,0.0,800.81,0.0,2214.0,0.0,0.0,제1종근린생활시설,철근콘크리트구조,,1,지하층은 있으나 옥내주차 근거 없음
1996304919023260498600000000,4725013000101740001,128.1707962,36.4296567,147.7,47250,경상북도 상주시 계산동,174-1,,노유자시설,1,2,UNDERGROUND_FLOOR_ONLY,0,1.0,2.0,0.0,301.65,132.64,397.0,7.6,0.0,노유자시설,경량철골구조,1996,1,지하층은 있으나 옥내주차 근거 없음
2012303239263240848800000000,4725011000101310002,128.1518067,36.4121346,488.2,47250,경상북도 상주시 낙양동,131-2,,제1종근린생활시설,1,6,PROBABLE_NOT_CONFIRMED_IN_FLOOR_ROWS,0,1.0,6.0,16.0,2825.87,608.44,1412.0,22.55,0.0,제1종근린생활시설,철근콘크리트구조,2012,1,지하층과 옥내주차는 있으나 수집된 지하층 용도에서 주차장 미확인
1999303715113184369200000000,4725011500105580001,128.1563581,36.361196,135.6,47250,경상북도 상주시 지천동,558-1,,단독주택,1,1,UNDERGROUND_FLOOR_ONLY,0,1.0,1.0,0.0,91.0,98.15,460.0,0.0,0.0,단독주택,벽돌구조,1999,1,지하층은 있으나 옥내주차 근거 없음
1987303083153243509000000000,4725011000100200018,128.1501021,36.4145482,131.1,47250,경상북도 상주시 낙양동,20-18,,단독주택,1,1,UNDERGROUND_FLOOR_ONLY,0,1.0,1.0,0.0,101.45,96.59,0.0,0.0,0.0,단독주택,벽돌구조,1987,1,지하층은 있으나 옥내주차 근거 없음
1997303426543245381200000000,4725010800101460018,128.1539547,36.416198,100.7,47250,경상북도 상주시 서문동,146-18,,단독주택,1,2,CONFIRMED_BASEMENT_PARKING_USE,1,1.0,2.0,1.0,186.93,106.88,180.54,8.0,0.0,단독주택,벽돌구조,1997,1,층별개요 지하층(flrGbCd=10)의 용도에 주차장 포함
1986302282233186481800000000,4725011400102470001,128.1404241,36.3632526,115.6,47250,경상북도 상주시 양촌동,247-1,,단독주택,1,1,UNDERGROUND_FLOOR_ONLY,0,1.0,1.0,0.0,99.54,86.04,0.0,0.0,0.0,단독주택,벽돌구조,1986,1,지하층은 있으나 옥내주차 근거 없음
1999415542852897160000000000,4711312100114080001,129.3936885,36.0840651,7.9,47113,경상북도 포항시 북구 장성동,1408-1,장성현대아파트,공동주택,1,2,UNDERGROUND_FLOOR_ONLY,0,2.0,18.0,0.0,18731.319,1250.56,0.0,48.8,180.0,공동주택,철근콘크리트구조,1999,14,지하층은 있으나 옥내주차 근거 없음
1987299837343159851100000000,4725034029102230001,128.1128467,36.3395148,111.3,47250,경상북도 상주시 청리면 덕산리,223-1,,단독주택,1,1,UNDERGROUND_FLOOR_ONLY,0,1.0,1.0,0.0,91.44,78.48,274.0,0.0,0.0,단독주택,벽돌구조,1987,2,지하층은 있으나 옥내주차 근거 없음
2012302996093249185300000000,4725010900100110177,128.1492124,36.4196779,0.1,47250,경상북도 상주시 무양동,11-177,한국전력공사 상주배전사업소,업무시설,1,4,PROBABLE_NOT_CONFIRMED_IN_FLOOR_ROWS,0,1.0,4.0,2.0,3028.67,955.24,10256.0,17.2,0.0,업무시설,철근콘크리트구조,2012,3,지하층과 옥내주차는 있으나 수집된 지하층 용도에서 주차장 미확인
1990301253393158717800000000,4725034023108790007,128.1286018,36.3383457,18.6,47250,경상북도 상주시 청리면 청하리,879-7,,위험물저장및처리시설,1,2,UNDERGROUND_FLOOR_ONLY,0,1.0,2.0,0.0,992.83,330.0,0.0,6.3,0.0,위험물저장및처리시설,철근콘크리트구조,1990,2,지하층은 있으나 옥내주차 근거 없음
1981301310183159883700000000,4725034021108330003,128.1292488,36.3393895,6.7,47250,경상북도 상주시 청리면 원장리,833-3,,단독주택,1,2,UNDERGROUND_FLOOR_ONLY,0,1.0,2.0,0.0,320.01,0.0,0.0,0.0,0.0,단독주택,철근콘크리트구조,,1,지하층은 있으나 옥내주차 근거 없음
1989308288553301678800000000,4725032521103910003,128.2089378,36.4663835,5.3,47250,경상북도 상주시 사벌국면 덕담리,391-3,,제1종근린생활시설,1,3,UNDERGROUND_FLOOR_ONLY,0,1.0,3.0,0.0,1019.73,514.03,1978.0,13.5,0.0,제1종근린생활시설,철근콘크리트구조,,1,지하층은 있으나 옥내주차 근거 없음
1981301311383159766000000000,4725034021108330003,128.1292616,36.3392844,205.9,47250,경상북도 상주시 청리면 원장리,833-3,,단독주택,1,2,UNDERGROUND_FLOOR_ONLY,0,1.0,2.0,0.0,320.01,0.0,0.0,0.0,0.0,단독주택,철근콘크리트구조,,1,지하층은 있으나 옥내주차 근거 없음
1990301265523158907700000000,4725034023108790007,128.1287397,36.3385159,499.3,47250,경상북도 상주시 청리면 청하리,879-7,,제1종근린생활시설,1,2,UNDERGROUND_FLOOR_ONLY,0,1.0,2.0,0.0,992.83,330.0,0.0,6.3,0.0,위험물저장및처리시설,철근콘크리트구조,1990,2,지하층은 있으나 옥내주차 근거 없음
1981303808673245308600000000,4725010800101280001,128.1582135,36.4160914,594.5,47250,경상북도 상주시 서문동,128-1,,제2종근린생활시설,1,3,GIS_ONLY_NO_REGISTER_ROW,0,,,,,,,,,,,,0,
2014102982783282116200000000,4725041024106340000,127.9184539,36.4499634,5158.4,47250,경상북도 상주시 화서면 상용리,634,경북 상주 글로벌 리더쉽 센터,종교시설,1,3,UNDERGROUND_FLOOR_ONLY,0,1.0,3.0,0.0,11650.11,5104.82,0.0,22.38,0.0,종교시설,철근콘크리트구조,2011,13,지하층은 있으나 옥내주차 근거 없음
1997303511043245028200000000,4725010800101400008,128.1548919,36.4158709,371.1,47250,경상북도 상주시 서문동,140-8,,제2종근린생활시설,2,5,CONFIRMED_BASEMENT_PARKING_USE,1,2.0,5.0,20.0,2543.87,375.51,632.4,18.8,2.0,제2종근린생활시설,철근콘크리트구조,1997,1,층별개요 지하층(flrGbCd=10)의 용도에 주차장 포함
1995303906873256671600000000,4725010500101220001,128.1594601,36.4263186,258.6,47250,경상북도 상주시 냉림동,122-1,,제2종근린생활시설,1,3,UNDERGROUND_FLOOR_ONLY,0,1.0,3.0,0.0,731.8,269.03,884.05,0.0,0.0,제2종근린생활시설,철근콘크리트구조,1995,1,지하층은 있으나 옥내주차 근거 없음
1995307289373285933100000000,4725012600108080003,128.1975755,36.4523104,105.6,47250,경상북도 상주시 낙상동,808-3,,단독주택,1,1,UNDERGROUND_FLOOR_ONLY,0,1.0,1.0,0.0,189.61,189.61,659.0,5.0,0.0,창고시설,강파이프구조,1995,2,지하층은 있으나 옥내주차 근거 없음
2003291749063113487300000000,4725035037100220001,128.0222232,36.298543,143.7,47250,경상북도 상주시 공성면 우하리,22-1,,단독주택,1,1,UNDERGROUND_FLOOR_ONLY,0,1.0,1.0,0.0,168.48,99.08,262.0,0.0,0.0,단독주택,벽돌구조,2003,1,지하층은 있으나 옥내주차 근거 없음
1978298275493099896900000000,4725035021101550001,128.0946983,36.2856556,79.7,47250,경상북도 상주시 공성면 옥산리,155-1,,단독주택,1,2,UNDERGROUND_FLOOR_ONLY,0,1.0,2.0,0.0,235.86,98.58,0.0,0.0,0.0,단독주택,벽돌구조,,1,지하층은 있으나 옥내주차 근거 없음
1974298265133092702200000000,4725035027108730000,128.0944926,36.2791741,495.2,47250,경상북도 상주시 공성면 산현리,873,,교육연구시설,1,2,UNDERGROUND_FLOOR_ONLY,0,1.0,4.0,0.0,4536.94,7267.132,0.0,15.8,0.0,교육연구시설,철근콘크리트구조,2010,12,지하층은 있으나 옥내주차 근거 없음
1989304133813241551400000000,4725010700101040017,128.1617876,36.4126711,170.8,47250,경상북도 상주시 남성동,104-17,,제1종근린생활시설,1,5,UNDERGROUND_FLOOR_ONLY,0,1.0,5.0,0.0,817.02,183.69,0.0,0.0,0.0,제1종근린생활시설,철근콘크리트구조,1989,2,지하층은 있으나 옥내주차 근거 없음
1972308297153301397700000000,4725032521103880003,128.2090309,36.4661304,149.0,47250,경상북도 상주시 사벌국면 덕담리,388-3,,단독주택,1,1,UNDERGROUND_FLOOR_ONLY,0,1.0,1.0,0.0,250.06,126.0,225.0,0.0,0.0,단독주택,벽돌구조,,1,지하층은 있으나 옥내주차 근거 없음
1997298028303100029800000000,4725035021101830038,128.0919491,36.2858005,198.3,47250,경상북도 상주시 공성면 옥산리,183-38,,제2종근린생활시설,1,1,UNDERGROUND_FLOOR_ONLY,0,1.0,1.0,0.0,361.22,180.61,304.0,7.65,0.0,제2종근린생활시설,철근콘크리트구조,1997,1,지하층은 있으나 옥내주차 근거 없음
1991304526173247844900000000,4725010400103510003,128.1662458,36.4182987,130.3,47250,경상북도 상주시 복룡동,351-3,,단독주택,1,1,UNDERGROUND_FLOOR_ONLY,0,1.0,1.0,0.0,97.17,83.22,0.0,0.0,0.0,단독주택,벽돌구조,1991,1,지하층은 있으나 옥내주차 근거 없음
1989303815033252896400000000,4725010500103640003,128.1583857,36.4229271,204.8,47250,경상북도 상주시 냉림동,364-3,,숙박시설,1,4,UNDERGROUND_FLOOR_ONLY,0,1.0,4.0,0.0,726.53,196.83,0.0,0.0,0.0,숙박시설,철근콘크리트구조,1989,1,지하층은 있으나 옥내주차 근거 없음
1991298187773098291300000000,4725035021101630003,128.093702,36.2842179,207.6,47250,경상북도 상주시 공성면 옥산리,163-3,,단독주택,1,4,UNDERGROUND_FLOOR_ONLY,0,1.0,4.0,0.0,945.73,194.58,0.0,0.0,0.0,단독주택,철근콘크리트구조,1991,2,지하층은 있으나 옥내주차 근거 없음
2012294966603101139800000000,4725035039101340001,128.0578882,36.2871066,121.8,47250,경상북도 상주시 공성면 도곡리,134-1,,단독주택,1,1,UNDERGROUND_FLOOR_ONLY,0,1.0,1.0,0.0,127.43,107.5,395.0,4.0,1.0,단독주택,철근콘크리트구조,2012,1,지하층은 있으나 옥내주차 근거 없음
1991300211843099058000000000,4725035028110890000,128.1162374,36.2847008,444.8,47250,경상북도 상주시 공성면 평천리,1089,,공장,1,1,UNDERGROUND_FLOOR_ONLY,0,1.0,2.0,0.0,1784.46,1007.22,0.0,11.0,0.0,공장,철근콘크리트구조,1990,6,지하층은 있으나 옥내주차 근거 없음
1990300167513098774400000000,4725035028110880000,128.1157404,36.2844499,665.4,47250,경상북도 상주시 공성면 평천리,1088,,공장,1,2,GIS_ONLY_NO_REGISTER_ROW,0,,,,,,,,,,,,0,
1990299947213099455200000000,4725035028110820000,128.1132974,36.2850861,454.5,47250,경상북도 상주시 공성면 평천리,1082,,공장,1,2,UNDERGROUND_FLOOR_ONLY,0,1.0,2.0,0.0,3932.43,1996.01,6076.1,0.0,0.0,공장,철근콘크리트구조,1990,1,지하층은 있으나 옥내주차 근거 없음
2021104382213437007300000000,4725042021101180000,127.9321426,36.5896597,95.9,47250,경상북도 상주시 화북면 용유리,118,,단독주택,1,2,UNDERGROUND_FLOOR_ONLY,0,1.0,2.0,0.0,147.22,95.95,268.0,8.25,0.0,단독주택,철근콘크리트구조,2021,1,지하층은 있으나 옥내주차 근거 없음
2010300498883136830400000000,4725034025112360000,128.1199177,36.3187044,62.3,47250,경상북도 상주시 청리면 마공리,1236,웅진폴리실리콘,공장,1,0,UNDERGROUND_FLOOR_ONLY,0,1.0,5.0,0.0,29284.92,11161.13,0.0,38.0,0.0,공장,일반철골구조,1999,16,지하층은 있으나 옥내주차 근거 없음
2010300567423138977800000000,4725034025112360000,128.1207084,36.320632,455.4,47250,경상북도 상주시 청리면 마공리,1236,웅진폴리실리콘,공장,1,2,UNDERGROUND_FLOOR_ONLY,0,1.0,5.0,0.0,29284.92,11161.13,0.0,38.0,0.0,공장,일반철골구조,1999,16,지하층은 있으나 옥내주차 근거 없음
1997313500383217858300000000,4725033026102200000,128.2658477,36.3902647,844.9,47250,경상북도 상주시 낙동면 분황리,220,,동.식물 관련시설,1,0,UNDERGROUND_FLOOR_ONLY,0,1.0,1.0,0.0,350.0,350.0,1000.0,4.5,0.0,동물및식물관련시설,강파이프구조,1997,2,지하층은 있으나 옥내주차 근거 없음
2002313003383221683200000000,4725033026103050000,128.260365,36.3937692,323.2,47250,경상북도 상주시 낙동면 분황리,305,,업무시설,1,1,UNDERGROUND_FLOOR_ONLY,0,1.0,2.0,0.0,465.76,460.8,0.0,11.2,0.0,업무시설,철근콘크리트구조,2002,5,지하층은 있으나 옥내주차 근거 없음
1999316380893221534100000000,4725033025101150002,128.2980008,36.3932322,141.9,47250,경상북도 상주시 낙동면 물량리,115-2,,동.식물 관련시설,1,1,UNDERGROUND_FLOOR_ONLY,0,1.0,1.0,0.0,320.0,320.0,0.0,3.0,0.0,동물및식물관련시설,강파이프구조,1999,2,지하층은 있으나 옥내주차 근거 없음
1996317187193188096600000000,4725033022102330001,128.3064827,36.3630095,141.6,47250,경상북도 상주시 낙동면 낙동리,233-1,,단독주택,1,1,UNDERGROUND_FLOOR_ONLY,0,1.0,1.0,0.0,198.58,99.29,795.0,0.0,0.0,단독주택,벽돌구조,1996,1,지하층은 있으나 옥내주차 근거 없음
2012305487533436748600000000,4725025026100030006,128.1795388,36.5883888,103.5,47250,경상북도 상주시 함창읍 나한리,3-6,,단독주택,1,1,UNDERGROUND_FLOOR_ONLY,0,1.0,1.0,0.0,193.8,119.0,623.0,7.2,0.0,단독주택,벽돌구조,2012,1,지하층은 있으나 옥내주차 근거 없음
1992305937243245913200000000,4725012100100250001,128.1819498,36.416404,131.8,47250,경상북도 상주시 화개동,25-1,,단독주택,1,1,UNDERGROUND_FLOOR_ONLY,0,1.0,1.0,0.0,123.19,100.45,0.0,0.0,0.0,단독주택,기타구조,1992,1,지하층은 있으나 옥내주차 근거 없음
1996280197773376883000000000,4725042023107300001,127.8963589,36.5369056,284.7,47250,경상북도 상주시 화북면 상오리,730-1,,단독주택,1,2,UNDERGROUND_FLOOR_ONLY,0,1.0,2.0,4.0,398.4,199.2,0.0,6.9,0.0,제2종근린생활시설,철근콘크리트구조,1996,2,지하층은 있으나 옥내주차 근거 없음
1987304008293245961900000000,4725010600101100023,128.1604475,36.4166585,200.2,47250,경상북도 상주시 서성동,110-23,,단독주택,1,3,UNDERGROUND_FLOOR_ONLY,0,1.0,3.0,0.0,565.59,182.04,293.225,11.75,0.0,단독주택,철근콘크리트구조,1987,1,지하층은 있으나 옥내주차 근거 없음
1993281888043406419300000000,4725042021105290000,127.9155454,36.5633757,101.6,47250,경상북도 상주시 화북면 용유리,529,,단독주택,1,1,UNDERGROUND_FLOOR_ONLY,0,1.0,1.0,0.0,92.08,84.24,330.0,0.0,0.0,단독주택,벽돌구조,1993,1,지하층은 있으나 옥내주차 근거 없음
1997279691043476146000000000,4725042024108100004,127.8917273,36.6263869,172.5,47250,경상북도 상주시 화북면 입석리,810-4,,단독주택,1,1,UNDERGROUND_FLOOR_ONLY,0,1.0,1.0,0.0,189.0,189.0,660.0,0.0,0.0,단독주택,벽돌구조,1997,1,지하층은 있으나 옥내주차 근거 없음
1999302692213232518500000000,4725011100100910003,128.1455988,36.4046876,199.0,47250,경상북도 상주시 개운동,91-3,,단독주택,1,2,CONFIRMED_BASEMENT_PARKING_USE,1,1.0,2.0,2.0,247.56,156.64,1025.0,8.2,0.0,단독주택,철근콘크리트구조,1999,1,층별개요 지하층(flrGbCd=10)의 용도에 주차장 포함
1996282148433395700300000000,4725042021103260002,127.9183395,36.5536951,272.4,47250,경상북도 상주시 화북면 용유리,326-2,,공장,1,1,UNDERGROUND_FLOOR_ONLY,0,1.0,2.0,0.0,5160.43,78.2,0.0,7.95,0.0,공장,철근콘크리트구조,1996,2,지하층은 있으나 옥내주차 근거 없음
1997303990013242100500000000,4725010700100850038,128.160192,36.4131814,252.2,47250,경상북도 상주시 남성동,85-38,,단독주택,1,6,UNDERGROUND_FLOOR_ONLY,0,1.0,6.0,0.0,1594.52,234.07,296.0,22.1,0.0,단독주택,철근콘크리트구조,1997,1,지하층은 있으나 옥내주차 근거 없음
1992282087923406837500000000,4725042021104150000,127.9177823,36.5637353,168.8,47250,경상북도 상주시 화북면 용유리,415,,단독주택,1,2,UNDERGROUND_FLOOR_ONLY,0,1.0,2.0,0.0,398.43,0.0,0.0,0.0,0.0,제2종근린생활시설,철근콘크리트구조,1992,1,지하층은 있으나 옥내주차 근거 없음
2001308123373252560400000000,4725012300105160000,128.2064118,36.4221494,578.8,47250,경상북도 상주시 헌신동,516,상주영업소,제2종근린생활시설,1,2,UNDERGROUND_FLOOR_ONLY,0,1.0,2.0,0.0,697.12,531.82,3200.0,7.95,0.0,제2종근린생활시설,철근콘크리트구조,2001,1,지하층은 있으나 옥내주차 근거 없음
1994304165263254124400000000,4725010500101550000,128.1623069,36.4239957,802.9,47250,경상북도 상주시 냉림동,155,2차 진주맨션,공동주택,1,13,UNDERGROUND_FLOOR_ONLY,0,1.0,13.0,0.0,10382.99,760.42,2674.0,0.0,98.0,공동주택,철근콘크리트구조,1994,2,지하층은 있으나 옥내주차 근거 없음
1998273574893446946100000000,4725042026101350000,127.8230774,36.6005679,287.5,47250,경상북도 상주시 화북면 운흥리,135,,숙박시설,1,4,UNDERGROUND_FLOOR_ONLY,0,1.0,4.0,0.0,1301.71,288.16,0.0,17.3,0.0,숙박시설,철근콘크리트구조,1998,2,지하층은 있으나 옥내주차 근거 없음
1997303569403243702200000000,4725010700100330027,128.1555249,36.4146699,3206.9,47250,경상북도 상주시 남성동,33-27,대한적십자 상주병원,의료시설,1,5,UNDERGROUND_FLOOR_ONLY,0,1.0,5.0,0.0,10174.57,2398.86,5449.0,5.25,0.0,의료시설,철근콘크리트구조,1997,5,지하층은 있으나 옥내주차 근거 없음
1996295507283388947800000000,4725044025102300000,128.0674435,36.5463707,140.7,47250,경상북도 상주시 은척면 문암리,230,,단독주택,1,1,UNDERGROUND_FLOOR_ONLY,0,1.0,1.0,0.0,199.52,99.76,255.0,0.0,0.0,단독주택,벽돌구조,1996,1,지하층은 있으나 옥내주차 근거 없음
1990295892343372738800000000,4725044021103200000,128.071542,36.5317281,360.1,47250,경상북도 상주시 은척면 봉중리,320,,제1종근린생활시설,1,2,UNDERGROUND_FLOOR_ONLY,0,1.0,2.0,0.0,908.43,0.0,2665.0,0.0,0.0,제1종근린생활시설,철근콘크리트구조,1990,1,지하층은 있으나 옥내주차 근거 없음
1995296084563374751900000000,4725044021103900002,128.0737132,36.5335227,72.5,47250,경상북도 상주시 은척면 봉중리,390-2,,제2종근린생활시설,1,2,UNDERGROUND_FLOOR_ONLY,0,1.0,2.0,0.0,137.19,68.89,808.0,9.3,0.0,제2종근린생활시설,벽돌구조,1995,1,지하층은 있으나 옥내주차 근거 없음
2009305974993280126500000000,4725012700106750003,128.1828375,36.4472249,679.1,47250,경상북도 상주시 중덕동,675-3,중덕지자연생태 교육원,교육연구시설,1,2,UNDERGROUND_FLOOR_ONLY,0,1.0,2.0,0.0,949.73,590.17,588.0,11.33,0.0,교육연구시설,철근콘크리트구조,2002,3,지하층은 있으나 옥내주차 근거 없음
1993303990963421616300000000,4725025025101330000,128.1626145,36.5749192,110.1,47250,경상북도 상주시 함창읍 교촌리,133,,단독주택,1,1,UNDERGROUND_FLOOR_ONLY,0,1.0,1.0,0.0,93.79,78.82,0.0,0.0,0.0,단독주택,벽돌구조,1993,2,지하층은 있으나 옥내주차 근거 없음
1992303904443420383000000000,4725025025101420005,128.1616318,36.5738178,119.5,47250,경상북도 상주시 함창읍 교촌리,142-5,,단독주택,1,1,UNDERGROUND_FLOOR_ONLY,0,1.0,1.0,0.0,134.89,94.9,0.0,0.0,0.0,단독주택,벽돌구조,1992,3,지하층은 있으나 옥내주차 근거 없음
1995306560973430757700000000,4725025027100110001,128.1914484,36.5828721,332.0,47250,경상북도 상주시 함창읍 대조리,11-1,,종교시설,1,5,UNDERGROUND_FLOOR_ONLY,0,1.0,5.0,0.0,1932.0,324.3,1668.0,0.0,0.0,종교시설,철근콘크리트구조,1995,1,지하층은 있으나 옥내주차 근거 없음
0000303750673420101300000000,4725025025101500000,128.1599102,36.5735804,102.0,47250,경상북도 상주시 함창읍 교촌리,150,,단독주택,1,1,UNDERGROUND_FLOOR_ONLY,0,1.0,1.0,0.0,139.4,124.58,0.0,0.0,0.0,단독주택,벽돌구조,,2,지하층은 있으나 옥내주차 근거 없음
1991303731153419877600000000,4725025025101510004,128.1596891,36.5733811,105.4,47250,경상북도 상주시 함창읍 교촌리,151-4,,단독주택,1,1,UNDERGROUND_FLOOR_ONLY,0,1.0,1.0,0.0,105.42,86.88,0.0,0.0,0.0,단독주택,벽돌구조,1991,2,지하층은 있으나 옥내주차 근거 없음
1991303780053419964900000000,4725025025101460000,128.1602366,36.5734544,89.2,47250,경상북도 상주시 함창읍 교촌리,146,,단독주택,1,1,UNDERGROUND_FLOOR_ONLY,0,1.0,1.0,0.0,77.79,63.21,0.0,0.0,0.0,단독주택,벽돌구조,1991,1,지하층은 있으나 옥내주차 근거 없음
1988304892113412171300000000,4725025024102290001,128.1725521,36.5663113,129.5,47250,경상북도 상주시 함창읍 증촌리,229-1,,단독주택,1,2,UNDERGROUND_FLOOR_ONLY,0,1.0,2.0,0.0,154.43,79.1,0.0,0.0,0.0,단독주택,벽돌구조,1988,1,지하층은 있으나 옥내주차 근거 없음
1988303784183420203000000000,4725025025101470002,128.1602859,36.5736685,111.2,47250,경상북도 상주시 함창읍 교촌리,147-2,,단독주택,1,1,UNDERGROUND_FLOOR_ONLY,0,1.0,1.0,0.0,88.11,75.15,0.0,0.0,0.0,단독주택,벽돌구조,1988,1,지하층은 있으나 옥내주차 근거 없음
2012302970513234417000000000,4725011000102190004,128.1487259,36.4063685,233.9,47250,경상북도 상주시 낙양동,219-4,해오름아파트,공동주택,1,7,CONFIRMED_BASEMENT_PARKING_USE,1,1.0,7.0,8.0,1700.4684,257.6,954.0,21.1,14.0,공동주택,철근콘크리트구조,2012,1,층별개요 지하층(flrGbCd=10)의 용도에 주차장 포함
1965305006163401984000000000,4725025023102770002,128.1736871,36.5571202,88.9,47250,경상북도 상주시 함창읍 오사리,277-2,,단독주택,1,1,UNDERGROUND_FLOOR_ONLY,0,1.0,1.0,0.0,68.0,65.0,0.0,0.0,0.0,단독주택,기타조적구조,,3,지하층은 있으나 옥내주차 근거 없음
2007312728923210617400000000,4725033021103180001,128.2571462,36.3838317,566.8,47250,경상북도 상주시 낙동면 상촌리,318-1,,노유자시설,1,3,UNDERGROUND_FLOOR_ONLY,0,1.0,3.0,0.0,1848.77,983.31,7853.0,16.725,0.0,노유자시설,일반철골구조,2001,7,지하층은 있으나 옥내주차 근거 없음
1995304439203251601300000000,4725010500100780000,128.1653269,36.4216926,363.1,47250,경상북도 상주시 냉림동,78,냉림 4주공아파트,공동주택,1,15,UNDERGROUND_FLOOR_ONLY,0,1.0,15.0,0.0,10624.634,700.46,17286.0,41.3,239.0,공동주택,철근콘크리트구조,1995,9,지하층은 있으나 옥내주차 근거 없음
1995304404533252306500000000,4725010500100780000,128.1649498,36.4223318,250.4,47250,경상북도 상주시 냉림동,78,냉림 3주공아파트 상가,공동주택,1,1,UNDERGROUND_FLOOR_ONLY,0,1.0,15.0,0.0,10624.634,700.46,17286.0,41.3,239.0,공동주택,철근콘크리트구조,1995,9,지하층은 있으나 옥내주차 근거 없음
1995304510233251873100000000,4725010500100780000,128.1661224,36.4219299,780.4,47250,경상북도 상주시 냉림동,78,냉림 3주공아파트,공동주택,1,15,UNDERGROUND_FLOOR_ONLY,0,1.0,15.0,0.0,10624.634,700.46,17286.0,41.3,239.0,공동주택,철근콘크리트구조,1995,9,지하층은 있으나 옥내주차 근거 없음
2008304287023427276000000000,4725025027107720000,128.1659983,36.5799861,121.2,47250,경상북도 상주시 함창읍 대조리,772,,단독주택,1,2,UNDERGROUND_FLOOR_ONLY,0,1.0,2.0,0.0,196.0,112.52,999.0,7.8,0.0,단독주택,벽돌구조,2008,1,지하층은 있으나 옥내주차 근거 없음
1990306586033427123500000000,4725025028106220001,128.191678,36.579595,160.6,47250,경상북도 상주시 함창읍 윤직리,622-1,,단독주택,1,1,UNDERGROUND_FLOOR_ONLY,0,1.0,1.0,0.0,212.97,102.57,0.0,0.0,0.0,단독주택,벽돌구조,1990,1,지하층은 있으나 옥내주차 근거 없음
1995305403623391012000000000,4725025032109500000,128.1779761,36.5471914,94.1,47250,경상북도 상주시 함창읍 신흥리,950,,단독주택,1,1,UNDERGROUND_FLOOR_ONLY,0,1.0,1.0,0.0,124.74,93.15,347.73,0.0,0.0,단독주택,벽돌구조,1995,1,지하층은 있으나 옥내주차 근거 없음
1979304247333246582700000000,4725010300100570001,128.1631205,36.4171919,549.5,47250,경상북도 상주시 인봉동,57-1,,제2종근린생활시설,1,2,GIS_ONLY_NO_REGISTER_ROW,0,,,,,,,,,,,,0,
2003310606413304900500000000,4725032528107370001,128.2348389,36.4690226,94.9,47250,경상북도 상주시 사벌국면 묵하리,737-1,,동.식물 관련시설,1,1,UNDERGROUND_FLOOR_ONLY,0,1.0,2.0,0.0,10158.5,9848.22,0.0,13.0,0.0,동물및식물관련시설,철근콘크리트구조,2003,3,지하층은 있으나 옥내주차 근거 없음
0000306712043383688600000000,4725025032103020002,128.1924846,36.5404482,103.3,47250,경상북도 상주시 함창읍 신흥리,302-2,,단독주택,1,1,UNDERGROUND_FLOOR_ONLY,0,1.0,1.0,0.0,88.29,79.65,0.0,0.0,0.0,단독주택,벽돌구조,,2,지하층은 있으나 옥내주차 근거 없음
1986410636274037992100000000,4793031022101840000,129.3704689,37.1123148,450.8,47930,경상북도 울진군 북면 나곡리,184,,공동주택,1,5,PROBABLE_NOT_CONFIRMED_IN_FLOOR_ROWS,0,2.0,20.0,210.0,10610.84,1015.0,380117.0,56.5,110.0,공동주택,철근콘크리트구조,1982,22,지하층과 옥내주차는 있으나 수집된 지하층 용도에서 주차장 미확인
1997306104973381206800000000,4725025032104020001,128.1856729,36.53828,165.1,47250,경상북도 상주시 함창읍 신흥리,402-1,,단독주택,1,1,UNDERGROUND_FLOOR_ONLY,0,1.0,1.0,0.0,129.33,117.93,370.0,0.0,0.0,단독주택,벽돌구조,1997,1,지하층은 있으나 옥내주차 근거 없음
1991306003583411097200000000,4725025022105500000,128.1849513,36.5652209,235.0,47250,경상북도 상주시 함창읍 오동리,550,,종교시설,1,2,UNDERGROUND_FLOOR_ONLY,0,1.0,2.0,0.0,326.91,167.61,0.0,0.0,0.0,종교시설,철근콘크리트구조,1991,1,지하층은 있으나 옥내주차 근거 없음
1985303855273251746000000000,4725010900102130005,128.158819,36.4218864,158.9,47250,경상북도 상주시 무양동,213-5,,제2종근린생활시설,1,4,UNDERGROUND_FLOOR_ONLY,0,1.0,4.0,0.0,559.32,147.1,0.0,0.0,0.0,제2종근린생활시설,철근콘크리트구조,1985,1,지하층은 있으나 옥내주차 근거 없음
1989305605183411378100000000,4725025022105700014,128.1805055,36.5655181,356.0,47250,경상북도 상주시 함창읍 오동리,570-14,,제1종근린생활시설,1,2,UNDERGROUND_FLOOR_ONLY,0,1.0,2.0,0.0,830.45,328.5,0.0,0.0,0.0,제1종근린생활시설,철근콘크리트구조,1989,1,지하층은 있으나 옥내주차 근거 없음
1989305748373415666000000000,4725025021101050001,128.1821636,36.5693655,147.2,47250,경상북도 상주시 함창읍 구향리,105-1,,제2종근린생활시설,1,3,UNDERGROUND_FLOOR_ONLY,0,1.0,3.0,0.0,506.28,125.4,0.0,0.0,0.0,제2종근린생활시설,철근콘크리트구조,1983,3,지하층은 있으나 옥내주차 근거 없음
1990305953983415648200000000,4725025022106350000,128.1844599,36.5693267,289.7,47250,경상북도 상주시 함창읍 오동리,635,,공동주택,1,2,UNDERGROUND_FLOOR_ONLY,0,1.0,5.0,0.0,6828.58,1775.7,0.0,14.95,0.0,교육연구시설,철근콘크리트구조,1984,6,지하층은 있으나 옥내주차 근거 없음
1989305545923415720300000000,4725025021100430005,128.1799032,36.5694369,100.0,47250,경상북도 상주시 함창읍 구향리,43-5,,단독주택,1,2,UNDERGROUND_FLOOR_ONLY,0,1.0,2.0,0.0,201.15,94.45,0.0,0.0,0.0,단독주택,철근콘크리트구조,1989,1,지하층은 있으나 옥내주차 근거 없음
1990305349733414770400000000,4725025021101420004,128.1776988,36.5686025,390.5,47250,경상북도 상주시 함창읍 구향리,142-4,,제2종근린생활시설,1,2,UNDERGROUND_FLOOR_ONLY,0,1.0,2.0,0.0,844.8,493.8,0.0,5.6,0.0,제2종근린생활시설,철근콘크리트구조,1990,2,지하층은 있으나 옥내주차 근거 없음
1989305825393415167300000000,4725025022106310006,128.183017,36.5689076,98.1,47250,경상북도 상주시 함창읍 오동리,631-6,,단독주택,1,1,UNDERGROUND_FLOOR_ONLY,0,1.0,1.0,0.0,95.83,71.68,0.0,0.0,0.0,단독주택,벽돌구조,1989,1,지하층은 있으나 옥내주차 근거 없음
2004304896503243351100000000,4725010200100770000,128.1703136,36.4142097,2078.7,47250,경상북도 상주시 성동동,77,,교육연구시설,1,3,UNDERGROUND_FLOOR_ONLY,0,1.0,3.0,0.0,10250.73,3457.68,18573.0,13.45,0.0,교육연구시설,철근콘크리트구조,2004,2,지하층은 있으나 옥내주차 근거 없음
1983305544473417684100000000,4725025021100360002,128.1799139,36.5712064,139.2,47250,경상북도 상주시 함창읍 구향리,36-2,,단독주택,1,2,UNDERGROUND_FLOOR_ONLY,0,1.0,2.0,0.0,244.365,98.19,0.0,0.0,0.0,단독주택,벽돌구조,1983,1,지하층은 있으나 옥내주차 근거 없음
1990304335553241169400000000,4725010200106260008,128.1640313,36.4123051,623.7,47250,경상북도 상주시 성동동,626-8,백합맨션,공동주택,1,6,UNDERGROUND_FLOOR_ONLY,0,1.0,6.0,0.0,3650.76,1214.91,0.0,0.0,48.0,공동주택,철근콘크리트구조,1990,2,지하층은 있으나 옥내주차 근거 없음
1997303307723264769100000000,4725013300104870000,128.152888,36.4336789,286.2,47250,경상북도 상주시 만산동,487,,숙박시설,1,4,UNDERGROUND_FLOOR_ONLY,0,1.0,4.0,0.0,985.86,217.58,0.0,16.2,0.0,숙박시설,철근콘크리트구조,1997,2,지하층은 있으나 옥내주차 근거 없음
1981305315233415609800000000,4725025021102000004,128.177325,36.5693628,223.8,47250,경상북도 상주시 함창읍 구향리,200-4,,제2종근린생활시설,1,2,UNDERGROUND_FLOOR_ONLY,0,1.0,2.0,0.0,301.41,0.0,0.0,0.0,0.0,제2종근린생활시설,철근콘크리트구조,1981,1,지하층은 있으나 옥내주차 근거 없음
1988305323233417475100000000,4725025021102920001,128.1774396,36.5710422,125.4,47250,경상북도 상주시 함창읍 구향리,292-1,,단독주택,1,1,UNDERGROUND_FLOOR_ONLY,0,1.0,1.0,0.0,88.83,78.75,0.0,0.0,0.0,단독주택,벽돌구조,1988,1,지하층은 있으나 옥내주차 근거 없음
1996125623922891604700000000,4715031023108090001,128.1746931,36.1001008,101.0,47150,경상북도 김천시 농소면 월곡리,809-1,,단독주택,1,1,UNDERGROUND_FLOOR_ONLY,0,1.0,1.0,0.0,103.64,95.42,201.0,4.3,0.0,단독주택,벽돌구조,1996,1,지하층은 있으나 옥내주차 근거 없음
1988308365393406438700000000,4725025030101680001,128.211264,36.5607591,128.0,47250,경상북도 상주시 함창읍 척동리,168-1,,단독주택,1,1,UNDERGROUND_FLOOR_ONLY,0,1.0,1.0,0.0,98.82,81.18,0.0,0.0,0.0,단독주택,벽돌구조,1988,1,지하층은 있으나 옥내주차 근거 없음
0000324628632907680300000000,4719011300101910001,128.3849141,36.1094402,2076.1,47190,경상북도 구미시 공단동,191-1,,공장,1,2,UNDERGROUND_FLOOR_ONLY,0,1.0,3.0,0.0,88127.98,29098.31,0.0,25.0,0.0,공장,철근콘크리트구조,1996,23,지하층은 있으나 옥내주차 근거 없음
1986305663873416876200000000,4725025021100520001,128.1812365,36.5704653,117.8,47250,경상북도 상주시 함창읍 구향리,52-1,,단독주택,1,1,UNDERGROUND_FLOOR_ONLY,0,1.0,1.0,0.0,100.04,84.08,380.0,0.0,0.0,단독주택,벽돌구조,1986,1,지하층은 있으나 옥내주차 근거 없음
1988305646733412655000000000,4725025022105730006,128.1809871,36.566664,134.5,47250,경상북도 상주시 함창읍 오동리,573-6,,단독주택,1,1,UNDERGROUND_FLOOR_ONLY,0,1.0,1.0,0.0,85.98,71.76,0.0,0.0,0.0,단독주택,벽돌구조,1988,1,지하층은 있으나 옥내주차 근거 없음
1989305827443415329600000000,4725025022106310005,128.1830424,36.5690539,112.4,47250,경상북도 상주시 함창읍 오동리,631-5,,단독주택,1,1,UNDERGROUND_FLOOR_ONLY,0,1.0,1.0,0.0,96.3,77.4,0.0,0.0,0.0,단독주택,벽돌구조,1989,1,지하층은 있으나 옥내주차 근거 없음
1987305665753416735800000000,4725025021100520006,128.1812555,36.5703385,119.3,47250,경상북도 상주시 함창읍 구향리,52-6,,단독주택,1,1,UNDERGROUND_FLOOR_ONLY,0,1.0,1.0,0.0,117.28,88.39,217.99,0.0,1.0,단독주택,벽돌구조,1987,1,지하층은 있으나 옥내주차 근거 없음
1984306127333414678400000000,4725025022107190001,128.1863827,36.5684337,185.9,47250,경상북도 상주시 함창읍 오동리,719-1,,단독주택,1,2,UNDERGROUND_FLOOR_ONLY,0,1.0,2.0,0.0,229.86,131.97,0.0,0.0,0.0,단독주택,벽돌구조,1984,1,지하층은 있으나 옥내주차 근거 없음
1993305970613417299900000000,4725025021100830018,128.1846682,36.5708128,87.2,47250,경상북도 상주시 함창읍 구향리,83-18,,단독주택,1,2,UNDERGROUND_FLOOR_ONLY,0,1.0,2.0,0.0,162.81,95.97,339.0,0.0,0.0,단독주택,벽돌구조,1993,1,지하층은 있으나 옥내주차 근거 없음
2019120944162899449800000000,4715011900105400001,128.1226518,36.1068002,2257.8,47150,경상북도 김천시 양천동,540-1,,업무시설,1,3,UNDERGROUND_FLOOR_ONLY,0,1.0,4.0,0.0,4093.62,1950.87,11122.0,17.1,0.0,업무시설,철근콘크리트구조,2019,2,지하층은 있으나 옥내주차 근거 없음
1988306230633423562100000000,4725025028107530000,128.1876589,36.576426,95.7,47250,경상북도 상주시 함창읍 윤직리,753,,단독주택,1,1,UNDERGROUND_FLOOR_ONLY,0,1.0,1.0,0.0,136.89,122.22,0.0,0.0,0.0,단독주택,벽돌구조,1988,13,지하층은 있으나 옥내주차 근거 없음
1985303901403252082500000000,4725010500101960000,128.1593378,36.4221846,415.0,47250,경상북도 상주시 냉림동,196,,숙박시설,1,3,UNDERGROUND_FLOOR_ONLY,0,1.0,3.0,0.0,1031.61,399.03,769.0,0.0,0.0,숙박시설,철근콘크리트구조,1985,1,지하층은 있으나 옥내주차 근거 없음
2008300913743139891000000000,4725034025112380000,128.1245762,36.3214187,1361.6,47250,경상북도 상주시 청리면 마공리,1238,,교육연구시설,1,4,UNDERGROUND_FLOOR_ONLY,0,1.0,4.0,0.0,3951.75,1713.72,0.0,21.1,0.0,교육연구시설,철근콘크리트구조,2008,9,지하층은 있으나 옥내주차 근거 없음
2013282579183341185500000000,4725047021200070025,127.9225676,36.5045386,628.3,47250,경상북도 상주시 화남면 동관리,7-25,,제1종근린생활시설,1,1,UNDERGROUND_FLOOR_ONLY,0,1.0,1.0,0.0,647.48,529.71,2745.41,6.3,0.0,제1종근린생활시설,철근콘크리트구조,2013,1,지하층은 있으나 옥내주차 근거 없음
2005303316303258167400000000,4725013300106520019,128.1528958,36.42773,1657.9,47250,경상북도 상주시 만산동,652-19,,업무시설,1,3,GIS_BASEMENT_CANDIDATE_NOT_CONFIRMED_BY_TITLE,0,0.0,3.0,0.0,413.88,163.68,8535.68,10.7,0.0,단독주택,철근콘크리트구조,2012,1,GIS에는 지하층이 있으나 건축물대장 표제부에서 확인되지 않음
1993304168963243941100000000,4725010700100010119,128.1622115,36.4148204,475.2,47250,경상북도 상주시 남성동,1-119,,제1종근린생활시설,1,5,CONFIRMED_BASEMENT_PARKING_USE,1,1.0,5.0,19.0,2967.04,548.17,0.0,20.15,0.0,제1종근린생활시설,철근콘크리트구조,1993,2,층별개요 지하층(flrGbCd=10)의 용도에 주차장 포함
1994305806353414627200000000,4725025022106320002,128.1827969,36.5684231,222.9,47250,경상북도 상주시 함창읍 오동리,632-2,,교육연구시설,1,3,UNDERGROUND_FLOOR_ONLY,0,1.0,3.0,0.0,1647.15,598.07,0.0,13.4,0.0,교육연구시설,철근콘크리트구조,1994,3,지하층은 있으나 옥내주차 근거 없음
2003305311413289818900000000,4725012800106660003,128.175569,36.4560305,9682.2,47250,경상북도 상주시 초산동,666-3,(주)올품,공장,1,4,UNDERGROUND_FLOOR_ONLY,0,1.0,4.0,0.0,33578.39,16148.01,66570.0,54.14,0.0,공장,철근콘크리트구조,2003,14,지하층은 있으나 옥내주차 근거 없음
1995304463103252224900000000,4725010500100780000,128.1656017,36.4222519,686.2,47250,경상북도 상주시 냉림동,78,냉림 3주공아파트,공동주택,1,15,UNDERGROUND_FLOOR_ONLY,0,1.0,15.0,0.0,10624.634,700.46,17286.0,41.3,239.0,공동주택,철근콘크리트구조,1995,9,지하층은 있으나 옥내주차 근거 없음
2009286861583233621400000000,4725040022106780002,127.969158,36.4072416,108.9,47250,경상북도 상주시 화동면 선교리,678-2,,단독주택,1,1,UNDERGROUND_FLOOR_ONLY,0,1.0,1.0,0.0,122.26,118.61,610.0,5.5,0.0,단독주택,철근콘크리트구조,2009,2,지하층은 있으나 옥내주차 근거 없음
2008284706093153591500000000,4725039021104620008,127.9442603,36.3353229,2758.2,47250,경상북도 상주시 모서면 삼포리,462-8,상주오렌지골프리조트(18홀),운동시설,1,2,UNDERGROUND_FLOOR_ONLY,0,1.0,2.0,0.0,6303.75,3130.95,1046955.0,13.42,0.0,운동시설,철근콘크리트구조,2008,7,지하층은 있으나 옥내주차 근거 없음
2013311207343231807200000000,4725033028105290000,128.240495,36.4030998,1301.9,47250,경상북도 상주시 낙동면 신상리,529,연세요양병원,의료시설,1,3,UNDERGROUND_FLOOR_ONLY,0,1.0,3.0,0.0,2855.8,1284.3,6030.0,17.2,0.0,의료시설,철근콘크리트구조,2013,1,지하층은 있으나 옥내주차 근거 없음
2004303011633222690400000000,4725011200105860008,128.1490287,36.3957985,326.6,47250,경상북도 상주시 신봉동,586-8,,단독주택,1,1,CONFIRMED_BASEMENT_PARKING_USE,1,1.0,1.0,2.0,314.97,319.05,1425.0,0.0,0.0,단독주택,철근콘크리트구조,2004,1,층별개요 지하층(flrGbCd=10)의 용도에 주차장 포함
2000291374623111873400000000,4725038026101460004,128.0180364,36.2971244,204.3,47250,경상북도 상주시 모동면 상판리,146-4,,제2종근린생활시설,1,5,UNDERGROUND_FLOOR_ONLY,0,1.0,5.0,0.0,935.26,223.96,1480.0,16.9,0.0,제2종근린생활시설,철근콘크리트구조,2000,1,지하층은 있으나 옥내주차 근거 없음
1988303801933252162400000000,4725010900102100008,128.1582298,36.4222672,250.7,47250,경상북도 상주시 무양동,210-8,,숙박시설,1,3,UNDERGROUND_FLOOR_ONLY,0,1.0,3.0,0.0,751.5,228.24,0.0,0.0,0.0,숙박시설,철근콘크리트구조,1988,1,지하층은 있으나 옥내주차 근거 없음
1988305409693413443800000000,4725025021101250006,128.1783504,36.5674008,407.5,47250,경상북도 상주시 함창읍 구향리,125-6,,제2종근린생활시설,1,2,UNDERGROUND_FLOOR_ONLY,0,1.0,2.0,0.0,998.55,370.47,0.0,0.0,0.0,제2종근린생활시설,철근콘크리트구조,1988,1,지하층은 있으나 옥내주차 근거 없음
2003303469373248455200000000,4725010900102770003,128.1544731,36.418963,283.3,47250,경상북도 상주시 무양동,277-3,,숙박시설,1,4,UNDERGROUND_FLOOR_ONLY,0,1.0,4.0,0.0,999.18,258.44,896.4,17.5,0.0,숙박시설,철근콘크리트구조,2003,1,지하층은 있으나 옥내주차 근거 없음
2012282454533436754400000000,4725042021102160001,127.9221971,36.5906596,92.7,47250,경상북도 상주시 화북면 용유리,216-1,,단독주택,1,1,UNDERGROUND_FLOOR_ONLY,0,1.0,1.0,0.0,93.84,89.68,770.0,4.5,0.0,단독주택,철골콘크리트구조,2011,2,지하층은 있으나 옥내주차 근거 없음
2016120166623179248400000000,4725034031106790000,128.1111638,36.3588585,95.1,47250,경상북도 상주시 청리면 삼괴리,679,,단독주택,1,1,UNDERGROUND_FLOOR_ONLY,0,1.0,1.0,0.0,172.08,135.52,915.0,4.0,0.0,단독주택,철근콘크리트구조,2016,1,지하층은 있으나 옥내주차 근거 없음
1995304479313251399300000000,4725010500100780000,128.1657714,36.4215064,636.4,47250,경상북도 상주시 냉림동,78,냉림 4주공아파트,공동주택,1,15,UNDERGROUND_FLOOR_ONLY,0,1.0,15.0,0.0,10624.634,700.46,17286.0,41.3,239.0,공동주택,철근콘크리트구조,1995,9,지하층은 있으나 옥내주차 근거 없음
1995304402713252001800000000,4725010500100780000,128.1649254,36.4220575,357.5,47250,경상북도 상주시 냉림동,78,냉림 4주공아파트,공동주택,1,15,UNDERGROUND_FLOOR_ONLY,0,1.0,15.0,0.0,10624.634,700.46,17286.0,41.3,239.0,공동주택,철근콘크리트구조,1995,9,지하층은 있으나 옥내주차 근거 없음
2024138005643188795400000000,4725033022102060001,128.309825,36.3687771,1703.7,47250,경상북도 상주시 낙동면 낙동리,206-1,,수련시설,1,2,UNDERGROUND_FLOOR_ONLY,0,1.0,2.0,0.0,3423.43,2570.07,8685.0,9.2,0.0,수련시설,철골철근콘크리트구조,2024,2,지하층은 있으나 옥내주차 근거 없음
2007303153663258250300000000,4725013300106930029,128.1510836,36.4278222,4639.1,47250,경상북도 상주시 만산동,693-29,상주이마트,판매시설,2,4,UNDERGROUND_FLOOR_ONLY,0,2.0,4.0,0.0,15819.24,1259.2,9587.0,19.2,0.0,판매시설,철근콘크리트구조,2007,1,지하층은 있으나 옥내주차 근거 없음
2019154292953417567400000000,4790025330114170000,128.4899522,36.5758408,671.8,47900,경상북도 예천군 호명읍 산합리,1417,G-플레이스 경북도청,제2종근린생활시설,1,7,CONFIRMED_BASEMENT_PARKING_USE,1,1.0,7.0,26.0,4862.24,661.62,1015.9,30.2,0.0,제2종근린생활시설,철근콘크리트구조,2019,1,층별개요 지하층(flrGbCd=10)의 용도에 주차장 포함
1985304085163246523200000000,4725010600101560007,128.1613119,36.4171558,229.8,47250,경상북도 상주시 서성동,156-7,,제2종근린생활시설,1,2,GIS_ONLY_NO_REGISTER_ROW,0,,,,,,,,,,,,0,
1980304282363248604800000000,4725010400104600001,128.1635381,36.4190098,130.8,47250,경상북도 상주시 복룡동,460-1,,단독주택,1,2,UNDERGROUND_FLOOR_ONLY,0,1.0,2.0,0.0,129.38,86.83,0.0,0.0,0.0,단독주택,벽돌구조,1980,1,지하층은 있으나 옥내주차 근거 없음
1995303091473249312200000000,4725010900102720005,128.1502718,36.4197758,130.8,47250,경상북도 상주시 무양동,272-5,,단독주택,1,2,UNDERGROUND_FLOOR_ONLY,0,1.0,2.0,0.0,174.63,112.18,258.3,8.1,0.0,단독주택,벽돌구조,1995,1,지하층은 있으나 옥내주차 근거 없음
2011292913753375919400000000,4725044024106670001,128.0383393,36.5349032,0.1,47250,경상북도 상주시 은척면 남곡리,667-1,,창고시설,1,1,UNDERGROUND_FLOOR_ONLY,0,1.0,3.0,0.0,681.4,307.4,0.0,12.45,0.0,단독주택,철근콘크리트구조,2011,3,지하층은 있으나 옥내주차 근거 없음
1988310869363204922500000000,4725033030103020000,128.236345,36.3789169,108.1,47250,경상북도 상주시 낙동면 내곡리,302,,단독주택,1,1,UNDERGROUND_FLOOR_ONLY,0,1.0,1.0,0.0,103.32,83.22,284.0,0.0,0.0,단독주택,벽돌구조,1988,1,지하층은 있으나 옥내주차 근거 없음
2012304173443259216800000000,4725013000105010001,128.1624663,36.4285829,379.1,47250,경상북도 상주시 계산동,501-1,계산동 대림다미아,공동주택,1,4,CONFIRMED_BASEMENT_PARKING_USE,1,1.0,4.0,8.0,2250.896,601.575,4253.0,15.993,16.0,공동주택,철근콘크리트구조,2012,3,층별개요 지하층(flrGbCd=10)의 용도에 주차장 포함
1990311622433291103600000000,4725032535100020006,128.2459737,36.4564748,314.0,47250,경상북도 상주시 사벌국면 삼덕리,2-6,,제1종근린생활시설,1,2,UNDERGROUND_FLOOR_ONLY,0,1.0,2.0,0.0,477.57,226.06,0.0,0.0,0.0,제1종근린생활시설,철근콘크리트구조,1990,1,지하층은 있으나 옥내주차 근거 없음
1990304332713241509200000000,4725010200106260001,128.1640042,36.4126115,623.6,47250,경상북도 상주시 성동동,626-1,백합맨션,공동주택,1,6,UNDERGROUND_FLOOR_ONLY,0,1.0,6.0,0.0,3547.74,561.8,0.0,0.0,48.0,공동주택,철근콘크리트구조,1990,2,지하층은 있으나 옥내주차 근거 없음
2012303857363234301500000000,4725011200102030005,128.158609,36.4061687,89.4,47250,경상북도 상주시 신봉동,203-5,,단독주택,1,2,UNDERGROUND_FLOOR_ONLY,0,1.0,2.0,0.0,179.29,92.81,155.0,7.9,0.0,단독주택,철근콘크리트구조,2012,1,지하층은 있으나 옥내주차 근거 없음
1985305377143415109200000000,4725025021101400003,128.1780095,36.5689048,125.9,47250,경상북도 상주시 함창읍 구향리,140-3,,제2종근린생활시설,1,2,UNDERGROUND_FLOOR_ONLY,0,1.0,2.0,0.0,294.4,152.5,228.0,0.0,0.0,제2종근린생활시설,철근콘크리트구조,,1,지하층은 있으나 옥내주차 근거 없음
1979298102233100721500000000,4725035021102730006,128.0927805,36.2864162,158.1,47250,경상북도 상주시 공성면 옥산리,273-6,,제2종근린생활시설,1,1,UNDERGROUND_FLOOR_ONLY,0,1.0,1.0,0.0,150.0,124.91,268.0,7.1,0.0,제2종근린생활시설,철근콘크리트구조,1979,1,지하층은 있으나 옥내주차 근거 없음
2010300545143137770200000000,4725034025112360000,128.1204448,36.3195463,1172.2,47250,경상북도 상주시 청리면 마공리,1236,웅진폴리실리콘,공장,1,1,UNDERGROUND_FLOOR_ONLY,0,1.0,5.0,0.0,29284.92,11161.13,0.0,38.0,0.0,공장,일반철골구조,1999,16,지하층은 있으나 옥내주차 근거 없음
2013300958153290247000000000,4725043025108930000,128.1270642,36.4569315,0.1,47250,경상북도 상주시 외서면 봉강리,893,,창고시설,1,0,UNDERGROUND_FLOOR_ONLY,0,1.0,1.0,0.0,198.0,198.0,0.0,5.4,0.0,동물및식물관련시설,강파이프구조,1996,3,지하층은 있으나 옥내주차 근거 없음
2004304186993260745000000000,4725013000104910000,128.1626379,36.4299583,1209.6,47250,경상북도 상주시 계산동,491,,수련시설,1,3,UNDERGROUND_FLOOR_ONLY,0,1.0,3.0,0.0,3194.6,1239.25,0.0,19.07,0.0,수련시설,철근콘크리트구조,2004,4,지하층은 있으나 옥내주차 근거 없음
1984303937563246320200000000,4725010600101210001,128.1596638,36.4169889,1219.6,47250,경상북도 상주시 서성동,121-1,상주관광호텔,숙박시설,1,4,UNDERGROUND_FLOOR_ONLY,0,1.0,4.0,0.0,4662.12,1047.82,1955.0,20.5,0.0,숙박시설,철근콘크리트구조,1984,2,지하층은 있으나 옥내주차 근거 없음
2010364386442783803400000000,4723031030100130000,128.8237092,35.9919462,650.8,47230,경상북도 영천시 청통면 치일리,13,주1,제1종근린생활시설,1,2,UNDERGROUND_FLOOR_ONLY,0,1.0,2.0,0.0,1694.05,1080.405,8212.0,11.3,0.0,제1종근린생활시설,철근콘크리트구조,2010,3,지하층은 있으나 옥내주차 근거 없음
2012303753153425273100000000,4725025025104110000,128.1600559,36.5782953,0.1,47250,경상북도 상주시 함창읍 교촌리,411,잠사곤충사업장 청사,교육연구시설,1,2,UNDERGROUND_FLOOR_ONLY,0,1.0,2.0,0.0,2217.56,1349.16,0.0,11.7,0.0,교육연구시설,철근콘크리트구조,2012,14,지하층은 있으나 옥내주차 근거 없음
2012303762443425314400000000,4725025025104110000,128.1601152,36.5782798,0.1,47250,경상북도 상주시 함창읍 교촌리,411,잠사곤충사업장 청사,교육연구시설,1,2,UNDERGROUND_FLOOR_ONLY,0,1.0,2.0,0.0,2217.56,1349.16,0.0,11.7,0.0,교육연구시설,철근콘크리트구조,2012,14,지하층은 있으나 옥내주차 근거 없음
2012303752263425155100000000,4725025025104110000,128.1600106,36.5781503,0.1,47250,경상북도 상주시 함창읍 교촌리,411,잠사곤충사업장 청사,교육연구시설,1,1,UNDERGROUND_FLOOR_ONLY,0,1.0,2.0,0.0,2217.56,1349.16,0.0,11.7,0.0,교육연구시설,철근콘크리트구조,2012,14,지하층은 있으나 옥내주차 근거 없음
2011301085973432054000000000,4725046022102890001,128.1303022,36.5846353,5.5,47250,경상북도 상주시 이안면 문창리,289-1,,제1종근린생활시설,1,0,UNDERGROUND_FLOOR_ONLY,0,1.0,1.0,0.0,71.73,71.73,396.0,4.9,0.0,제1종근린생활시설,일반목구조,2011,4,지하층은 있으나 옥내주차 근거 없음
2013305917833249120700000000,4725010400101720023,128.1817771,36.419296,1011.2,47250,경상북도 상주시 복룡동,172-23,마리앙스컨벤션,문화및집회시설,1,3,UNDERGROUND_FLOOR_ONLY,0,1.0,3.0,0.0,3316.962,912.273,4571.0,16.9,0.0,문화및집회시설,일반철골구조,2013,1,지하층은 있으나 옥내주차 근거 없음
2013305388393390544800000000,4725025032109780000,128.1778649,36.546846,0.1,47250,경상북도 상주시 함창읍 신흥리,978,,창고시설,1,0,UNDERGROUND_FLOOR_ONLY,0,1.0,1.0,0.0,101.76,86.4,0.0,5.2,0.0,단독주택,일반목구조,2013,3,지하층은 있으나 옥내주차 근거 없음
2011303804173233648300000000,4725011200102030036,128.1580076,36.4055862,191.8,47250,경상북도 상주시 신봉동,203-36,,단독주택,1,1,PROBABLE_NOT_CONFIRMED_IN_FLOOR_ROWS,0,1.0,1.0,1.0,169.14,141.79,443.0,7.21,1.0,단독주택,벽돌구조,2011,1,지하층과 옥내주차는 있으나 수집된 지하층 용도에서 주차장 미확인
2011298603213172475800000000,4725036025101750000,128.0992624,36.351017,66.4,47250,경상북도 상주시 외남면 신상리,175,,단독주택,1,0,UNDERGROUND_FLOOR_ONLY,0,1.0,0.0,0.0,66.74,72.29,330.0,5.3,1.0,단독주택,벽돌구조,2011,1,지하층은 있으나 옥내주차 근거 없음
2012312892153236429000000000,4725033026104640005,128.2593363,36.407064,0.1,47250,경상북도 상주시 낙동면 분황리,464-5,축산폐수처리장,분뇨.쓰레기처리시설,1,2,UNDERGROUND_FLOOR_ONLY,0,1.0,2.0,0.0,2727.4,1112.66,13769.0,18.0,0.0,분뇨.쓰레기처리시설,철근콘크리트구조,1995,6,지하층은 있으나 옥내주차 근거 없음
2008307340893307425800000000,4725032521109260001,128.1984477,36.4716688,698.8,47250,경상북도 상주시 사벌국면 덕담리,926-1,희망실버타운,노유자시설,1,3,UNDERGROUND_FLOOR_ONLY,0,1.0,3.0,0.0,1662.47,996.3,0.0,12.6,0.0,노유자시설,철근콘크리트구조,2007,7,지하층은 있으나 옥내주차 근거 없음
1984303749313251093000000000,4725010900102170003,128.1576292,36.4213096,107.9,47250,경상북도 상주시 무양동,217-3,,단독주택,1,1,UNDERGROUND_FLOOR_ONLY,0,1.0,1.0,0.0,99.36,84.6,0.0,0.0,0.0,단독주택,벽돌구조,1984,1,지하층은 있으나 옥내주차 근거 없음
1985303560183247478000000000,4725010800100770004,128.1554724,36.4180728,132.9,47250,경상북도 상주시 서문동,77-4,,단독주택,1,1,UNDERGROUND_FLOOR_ONLY,0,1.0,1.0,0.0,116.96,99.48,0.0,0.0,0.0,단독주택,벽돌구조,1985,1,지하층은 있으나 옥내주차 근거 없음
1989298843013230492800000000,4725037021105140003,128.1026699,36.4032658,288.6,47250,경상북도 상주시 내서면 능암리,514-3,,단독주택,1,1,UNDERGROUND_FLOOR_ONLY,0,1.0,1.0,0.0,281.97,209.07,793.0,0.0,0.0,단독주택,벽돌구조,1989,2,지하층은 있으나 옥내주차 근거 없음
1987303170983241764400000000,4725011000101040006,128.1510578,36.4129668,141.9,47250,경상북도 상주시 낙양동,104-6,,제2종근린생활시설,1,3,UNDERGROUND_FLOOR_ONLY,0,1.0,3.0,0.0,366.0,109.2,0.0,0.0,0.0,제2종근린생활시설,철근콘크리트구조,1987,1,지하층은 있으나 옥내주차 근거 없음
1988303855983249856800000000,4725010900102520002,128.1588016,36.420184,370.3,47250,경상북도 상주시 무양동,252-2,군농협북지점,업무시설,1,2,UNDERGROUND_FLOOR_ONLY,0,1.0,2.0,0.0,944.86,328.6,0.0,0.0,0.0,업무시설,철근콘크리트구조,1988,1,지하층은 있으나 옥내주차 근거 없음
1995304776993243270300000000,4725010200100630000,128.1689803,36.4141499,373.4,47250,경상북도 상주시 성동동,63,경희삼백아파트,공동주택,1,14,PROBABLE_NOT_CONFIRMED_IN_FLOOR_ROWS,0,1.0,15.0,81.0,8880.92,1237.645,4538.1,41.2,150.0,공동주택,철근콘크리트구조,1995,3,지하층과 옥내주차는 있으나 수집된 지하층 용도에서 주차장 미확인
1990302663133422775200000000,4725046021103260001,128.1477975,36.5761065,14.4,47250,경상북도 상주시 이안면 양범리,326-1,,제1종근린생활시설,1,1,UNDERGROUND_FLOOR_ONLY,0,1.0,1.0,0.0,165.0,165.0,0.0,0.0,0.0,제1종근린생활시설,벽돌구조,,2,지하층은 있으나 옥내주차 근거 없음
1995305065583247757800000000,4725010400102060006,128.172258,36.4181616,771.3,47250,경상북도 상주시 복룡동,206-6,상주2차우방타운,공동주택,1,15,UNDERGROUND_FLOOR_ONLY,0,1.0,15.0,0.0,13923.63,1055.94,16011.0,41.0,150.0,공동주택,철근콘크리트구조,1995,5,지하층은 있으나 옥내주차 근거 없음
1995305099483247251500000000,4725010400102060006,128.1726289,36.4177017,336.0,47250,경상북도 상주시 복룡동,206-6,상주2차우방타운,공동주택,1,2,UNDERGROUND_FLOOR_ONLY,0,1.0,15.0,0.0,13923.63,1055.94,16011.0,41.0,150.0,공동주택,철근콘크리트구조,1995,5,지하층은 있으나 옥내주차 근거 없음
1995304989883247693600000000,4725010400102060006,128.1714132,36.4181119,799.1,47250,경상북도 상주시 복룡동,206-6,상주2차우방타운,공동주택,1,15,UNDERGROUND_FLOOR_ONLY,0,1.0,15.0,0.0,13923.63,1055.94,16011.0,41.0,150.0,공동주택,철근콘크리트구조,1995,5,지하층은 있으나 옥내주차 근거 없음
1995304982083247151000000000,4725010400102060006,128.1713189,36.4176239,537.0,47250,경상북도 상주시 복룡동,206-6,상주2차우방타운,공동주택,1,15,UNDERGROUND_FLOOR_ONLY,0,1.0,15.0,0.0,13923.63,1055.94,16011.0,41.0,150.0,공동주택,철근콘크리트구조,1995,5,지하층은 있으나 옥내주차 근거 없음
1988303961443240399500000000,4725010700101150039,128.1598507,36.4116518,103.3,47250,경상북도 상주시 남성동,115-39,,제2종근린생활시설,1,3,UNDERGROUND_FLOOR_ONLY,0,1.0,3.0,0.0,369.22,87.04,0.0,0.0,0.0,제2종근린생활시설,철근콘크리트구조,1988,1,지하층은 있으나 옥내주차 근거 없음
1986304279613244378000000000,4725010100100080007,128.1634509,36.4152022,146.6,47250,경상북도 상주시 성하동,8-7,,숙박시설,1,3,UNDERGROUND_FLOOR_ONLY,0,1.0,3.0,0.0,422.06,132.3,191.0,0.0,0.0,숙박시설,철근콘크리트구조,1986,1,지하층은 있으나 옥내주차 근거 없음
2012304141963259427800000000,4725013000105010001,128.1621182,36.4287764,699.2,47250,경상북도 상주시 계산동,501-1,계산동 대림다미아,공동주택,1,4,CONFIRMED_BASEMENT_PARKING_USE,1,1.0,4.0,8.0,2250.896,601.575,4253.0,15.993,16.0,공동주택,철근콘크리트구조,2012,3,층별개요 지하층(flrGbCd=10)의 용도에 주차장 포함
2012303775273425096100000000,4725025025104110000,128.1601909,36.5780076,0.1,47250,경상북도 상주시 함창읍 교촌리,411,잠사곤충사업장 청사,교육연구시설,1,2,UNDERGROUND_FLOOR_ONLY,0,1.0,2.0,0.0,2217.56,1349.16,0.0,11.7,0.0,교육연구시설,철근콘크리트구조,2012,14,지하층은 있으나 옥내주차 근거 없음
1993303748783239579800000000,4725010700101400000,128.1574694,36.4109363,3113.3,47250,경상북도 상주시 남성동,140,,교육연구시설,1,3,UNDERGROUND_FLOOR_ONLY,0,1.0,3.0,0.0,7631.65,3077.04,0.0,5.5,0.0,교육연구시설,철근콘크리트구조,1978,3,지하층은 있으나 옥내주차 근거 없음
2010278719993487968800000000,4725042024106890000,127.8809934,36.6371203,147.8,47250,경상북도 상주시 화북면 입석리,689,,단독주택,1,2,UNDERGROUND_FLOOR_ONLY,0,1.0,2.0,0.0,187.12,166.35,855.0,7.8,0.0,단독주택,철근콘크리트구조,2010,3,지하층은 있으나 옥내주차 근거 없음
2001303190333220174600000000,4725011200106030001,128.150987,36.3935126,971.2,47250,경상북도 상주시 신봉동,603-1,명지3차아파트,공동주택,1,15,UNDERGROUND_FLOOR_ONLY,0,1.0,15.0,0.0,14758.41,954.45,0.0,39.8,150.0,공동주택,철근콘크리트구조,2001,5,지하층은 있으나 옥내주차 근거 없음
2013312722173210194200000000,4725033021103180001,128.2570649,36.3834512,371.5,47250,경상북도 상주시 낙동면 상촌리,318-1,,노유자시설,1,3,UNDERGROUND_FLOOR_ONLY,0,1.0,3.0,0.0,1848.77,983.31,7853.0,16.725,0.0,노유자시설,일반철골구조,2001,7,지하층은 있으나 옥내주차 근거 없음
1994303698283253647600000000,4725010900101970001,128.1570942,36.4236166,534.0,47250,경상북도 상주시 무양동,197-1,,종교시설,1,3,UNDERGROUND_FLOOR_ONLY,0,1.0,3.0,0.0,985.59,511.19,2559.0,13.1,0.0,종교시설,철근콘크리트구조,1994,1,지하층은 있으나 옥내주차 근거 없음
2021176520662590381500000000,4729011700101050010,128.7407741,35.8311978,689.1,47290,경상북도 경산시 중방동,105-10,,업무시설,1,5,CONFIRMED_BASEMENT_PARKING_USE,1,1.0,5.0,21.0,4145.82,688.04,1286.0,22.2,0.0,업무시설,철근콘크리트구조,2021,1,층별개요 지하층(flrGbCd=10)의 용도에 주차장 포함
2012305853303414992600000000,4725025022106320002,128.1833262,36.5687471,658.0,47250,경상북도 상주시 함창읍 오동리,632-2,,교육연구시설,1,3,UNDERGROUND_FLOOR_ONLY,0,1.0,3.0,0.0,1647.15,598.07,0.0,13.4,0.0,교육연구시설,철근콘크리트구조,1994,3,지하층은 있으나 옥내주차 근거 없음
2002305817113414884800000000,4725025022106320002,128.1829206,36.568654,478.6,47250,경상북도 상주시 함창읍 오동리,632-2,,교육연구시설,1,3,UNDERGROUND_FLOOR_ONLY,0,1.0,3.0,0.0,1647.15,598.07,0.0,13.4,0.0,교육연구시설,철근콘크리트구조,1994,3,지하층은 있으나 옥내주차 근거 없음
1995305105253246167800000000,4725010400102300011,128.1726786,36.4167246,309.4,47250,경상북도 상주시 복룡동,230-11,상주1차우방타운,공동주택,1,1,UNDERGROUND_FLOOR_ONLY,0,1.0,15.0,0.0,11542.11,933.3,16343.0,41.0,118.0,공동주택,철근콘크리트구조,1995,6,지하층은 있으나 옥내주차 근거 없음
2001303286193219783900000000,4725011200106030001,128.15205,36.3931503,487.3,47250,경상북도 상주시 신봉동,603-1,명지3차아파트,공동주택,1,15,UNDERGROUND_FLOOR_ONLY,0,1.0,15.0,0.0,14758.41,954.45,0.0,39.8,150.0,공동주택,철근콘크리트구조,2001,5,지하층은 있으나 옥내주차 근거 없음
2001303187223219734800000000,4725011200106030001,128.1509465,36.3931167,810.5,47250,경상북도 상주시 신봉동,603-1,명지3차아파트,공동주택,1,15,UNDERGROUND_FLOOR_ONLY,0,1.0,15.0,0.0,14758.41,954.45,0.0,39.8,150.0,공동주택,철근콘크리트구조,2001,5,지하층은 있으나 옥내주차 근거 없음
2007282847353274429600000000,4725041024104080000,127.9248468,36.4443658,246.1,47250,경상북도 상주시 화서면 상용리,408,화서휴게소 및 주유소,위험물저장및처리시설,1,1,UNDERGROUND_FLOOR_ONLY,0,1.0,2.0,242.0,3300.71,2660.87,0.0,7.1,0.0,관광휴게시설,일반철골구조,2007,16,지하층은 있으나 옥내주차 근거 없음
1999303770083263104900000000,4725013300102260001,128.158021,36.4321296,111.5,47250,경상북도 상주시 만산동,226-1,,위험물저장및처리시설,1,2,UNDERGROUND_FLOOR_ONLY,0,1.0,2.0,0.0,234.72,134.47,1843.7,8.0,0.0,위험물저장및처리시설,철근콘크리트구조,1999,3,지하층은 있으나 옥내주차 근거 없음
2008302774603233979500000000,4725011100100830003,128.1465364,36.4059952,878.1,47250,경상북도 상주시 개운동,83-3,,종교시설,1,2,UNDERGROUND_FLOOR_ONLY,0,1.0,2.0,0.0,1022.08,769.99,4192.0,15.1,0.0,종교시설,철근콘크리트구조,2008,1,지하층은 있으나 옥내주차 근거 없음
1992178217862601968900000000,4729025621104970004,128.7595258,35.8416802,156.3,47290,경상북도 경산시 압량읍 부적리,497-4,,제2종근린생활시설,1,5,UNDERGROUND_FLOOR_ONLY,0,1.0,5.0,0.0,799.2,133.0,0.0,0.0,0.0,제2종근린생활시설,철근콘크리트구조,1992,1,지하층은 있으나 옥내주차 근거 없음
1990303484263240116300000000,4725011000101230048,128.1545281,36.4114483,134.9,47250,경상북도 상주시 낙양동,123-48,,단독주택,1,2,UNDERGROUND_FLOOR_ONLY,0,1.0,2.0,0.0,162.4,98.67,0.0,0.0,0.0,단독주택,벽돌구조,1990,1,지하층은 있으나 옥내주차 근거 없음
2024126524493433642300000000,4725025026100030008,128.1795761,36.5885905,516.6,47250,경상북도 상주시 함창읍 나한리,3-8,,제2종근린생활시설,1,2,UNDERGROUND_FLOOR_ONLY,0,1.0,2.0,0.0,640.65,193.63,492.0,13.4,0.0,제2종근린생활시설,철근콘크리트구조,2024,1,지하층은 있으나 옥내주차 근거 없음
1985303559883247608600000000,4725010800100770003,128.1554707,36.4181904,137.1,47250,경상북도 상주시 서문동,77-3,,단독주택,1,1,UNDERGROUND_FLOOR_ONLY,0,1.0,1.0,0.0,125.12,106.08,0.0,0.0,0.0,단독주택,벽돌구조,1985,1,지하층은 있으나 옥내주차 근거 없음
1989304587453300761400000000,4725013600100030008,128.1676423,36.4659685,147.8,47250,경상북도 상주시 남적동,3-8,,단독주택,1,1,UNDERGROUND_FLOOR_ONLY,0,1.0,1.0,0.0,97.42,95.73,0.0,0.0,0.0,단독주택,벽돌구조,1989,1,지하층은 있으나 옥내주차 근거 없음
1993304068363234909500000000,4725011200101650002,128.1609691,36.4066939,1032.9,47250,경상북도 상주시 신봉동,165-2,현대아파트,공동주택,1,15,CONFIRMED_BASEMENT_PARKING_USE,1,1.0,15.0,76.0,13466.62,856.82,0.0,41.2,150.0,공동주택,철근콘크리트구조,1993,3,층별개요 지하층(flrGbCd=10)의 용도에 주차장 포함
1993304042293235467200000000,4725011200101650002,128.160686,36.4071993,667.3,47250,경상북도 상주시 신봉동,165-2,현대아파트,공동주택,1,15,CONFIRMED_BASEMENT_PARKING_USE,1,1.0,15.0,76.0,13466.62,856.82,0.0,41.2,150.0,공동주택,철근콘크리트구조,1993,3,층별개요 지하층(flrGbCd=10)의 용도에 주차장 포함
2016123955643239447900000000,4725011000101050005,128.1527855,36.4134099,88.0,47250,경상북도 상주시 낙양동,105-5,,단독주택,1,1,UNDERGROUND_FLOOR_ONLY,0,1.0,1.0,0.0,96.57,96.88,247.0,6.0,0.0,단독주택,철근콘크리트구조,2016,1,지하층은 있으나 옥내주차 근거 없음
1985304253863244641100000000,4725010100100100005,128.1631671,36.4154416,144.2,47250,경상북도 상주시 성하동,10-5,,제2종근린생활시설,1,3,UNDERGROUND_FLOOR_ONLY,0,1.0,3.0,0.0,438.76,138.92,213.0,11.45,0.0,제2종근린생활시설,철근콘크리트구조,1985,1,지하층은 있으나 옥내주차 근거 없음
1986362068163384102700000000,4717037021108290108,128.8104419,36.533048,372.8,47170,경상북도 안동시 남선면 이천리,829-108,,제2종근린생활시설,1,3,UNDERGROUND_FLOOR_ONLY,0,1.0,3.0,0.0,1268.69,810.44,5438.0,11.0,0.0,제2종근린생활시설,철근콘크리트구조,1986,6,지하층은 있으나 옥내주차 근거 없음
2004303252863220714700000000,4725011200106020002,128.1516908,36.3939925,181.2,47250,경상북도 상주시 신봉동,602-2,신봉그린빌,공동주택,1,4,UNDERGROUND_FLOOR_ONLY,0,1.0,4.0,0.0,711.45,152.89,343.0,12.5,4.0,공동주택,철근콘크리트구조,2004,1,지하층은 있으나 옥내주차 근거 없음
1983303900583251650700000000,4725010500101990004,128.1593228,36.4217955,124.3,47250,경상북도 상주시 냉림동,199-4,,제2종근린생활시설,1,3,UNDERGROUND_FLOOR_ONLY,0,1.0,3.0,0.0,431.29,111.18,0.0,0.0,0.0,제2종근린생활시설,철근콘크리트구조,1983,1,지하층은 있으나 옥내주차 근거 없음
1994305513573415331500000000,4725025021101150037,128.1795364,36.5690901,742.1,47250,경상북도 상주시 함창읍 구향리,115-37,,제2종근린생활시설,1,3,UNDERGROUND_FLOOR_ONLY,0,1.0,3.0,0.0,3428.096,730.275,2003.0,0.0,0.0,제2종근린생활시설,철근콘크리트구조,1994,1,지하층은 있으나 옥내주차 근거 없음
2001298150073090629400000000,4725035026109390004,128.0931862,36.2773181,164.3,47250,경상북도 상주시 공성면 이화리,939-4,,단독주택,1,1,UNDERGROUND_FLOOR_ONLY,0,1.0,1.0,0.0,176.32,167.88,394.6,4.65,0.0,단독주택,철근콘크리트구조,2001,1,지하층은 있으나 옥내주차 근거 없음
2011293708153093428100000000,4725035037105240006,128.0438087,36.2803018,0.1,47250,경상북도 상주시 공성면 우하리,524-6,백두대간생태교육센터,교육연구시설,1,1,UNDERGROUND_FLOOR_ONLY,0,1.0,2.0,0.0,796.82,791.85,9288.0,7.4,0.0,교육연구시설,철근콘크리트구조,2011,6,지하층은 있으나 옥내주차 근거 없음
2007303223543248500400000000,4725010900102910000,128.1517332,36.4190302,6492.3,47250,경상북도 상주시 무양동,291,상주종합버스터미널,판매시설,1,7,PROBABLE_NOT_CONFIRMED_IN_FLOOR_ROWS,0,1.0,7.0,513.0,39536.56,7334.83,13257.2,34.85,0.0,판매시설,철근콘크리트구조,2007,2,지하층과 옥내주차는 있으나 수집된 지하층 용도에서 주차장 미확인
1996303472583247345500000000,4725010800101650002,128.154494,36.4179628,370.3,47250,경상북도 상주시 서문동,165-2,,숙박시설,1,4,UNDERGROUND_FLOOR_ONLY,0,1.0,4.0,0.0,1004.04,343.44,657.1,15.35,0.0,숙박시설,철근콘크리트구조,1996,1,지하층은 있으나 옥내주차 근거 없음
2009306111633252689100000000,4725010400101100010,128.1839863,36.4224896,1685.6,47250,경상북도 상주시 복룡동,110-10,상주시국민체육센터,운동시설,1,3,UNDERGROUND_FLOOR_ONLY,0,1.0,3.0,0.0,4568.77,1591.26,9902.0,21.1,0.0,운동시설,철근콘크리트구조,2009,3,지하층은 있으나 옥내주차 근거 없음
1986305246633413561000000000,4725025021101580001,128.1765306,36.5675242,116.2,47250,경상북도 상주시 함창읍 구향리,158-1,,단독주택,1,1,UNDERGROUND_FLOOR_ONLY,0,1.0,1.0,0.0,108.7,96.7,0.0,0.0,0.0,단독주택,벽돌구조,1986,1,지하층은 있으나 옥내주차 근거 없음
1993303924143246933600000000,4725010600101250015,128.1595224,36.4175431,251.6,47250,경상북도 상주시 서성동,125-15,,숙박시설,1,4,UNDERGROUND_FLOOR_ONLY,0,1.0,4.0,0.0,1004.48,261.11,0.0,0.0,0.0,숙박시설,철근콘크리트구조,1993,1,지하층은 있으나 옥내주차 근거 없음
1990304329693240865100000000,4725010200106260008,128.1639618,36.4120315,647.7,47250,경상북도 상주시 성동동,626-8,백합맨션,공동주택,1,6,UNDERGROUND_FLOOR_ONLY,0,1.0,6.0,0.0,3650.76,1214.91,0.0,0.0,48.0,공동주택,철근콘크리트구조,1990,2,지하층은 있으나 옥내주차 근거 없음
1999281110393411875600000000,4725042022101550000,127.9069166,36.5683581,108.6,47250,경상북도 상주시 화북면 장암리,155,,창고시설,1,1,UNDERGROUND_FLOOR_ONLY,0,1.0,1.0,0.0,189.59,61.87,220.0,0.0,0.0,창고시설,철근콘크리트구조,1999,1,지하층은 있으나 옥내주차 근거 없음
1982303979213246961100000000,4725010600101220004,128.1601367,36.4175618,117.3,47250,경상북도 상주시 서성동,122-4,,단독주택,1,2,UNDERGROUND_FLOOR_ONLY,0,1.0,2.0,0.0,145.81,88.07,0.0,0.0,0.0,단독주택,벽돌구조,1982,1,지하층은 있으나 옥내주차 근거 없음
1994282891013325890200000000,4725047021102090018,127.925884,36.49073,229.7,47250,경상북도 상주시 화남면 동관리,209-18,,제2종근린생활시설,1,3,UNDERGROUND_FLOOR_ONLY,0,1.0,3.0,0.0,411.0,177.0,0.0,0.0,0.0,제2종근린생활시설,일반철골구조,1994,2,지하층은 있으나 옥내주차 근거 없음
1995316479143184276300000000,4725033022105730004,128.2985382,36.3596533,312.9,47250,경상북도 상주시 낙동면 낙동리,573-4,,제2종근린생활시설,1,4,UNDERGROUND_FLOOR_ONLY,0,1.0,4.0,0.0,1674.3,362.41,539.0,19.1,0.0,제2종근린생활시설,경량철골구조,1995,1,지하층은 있으나 옥내주차 근거 없음
2004303232933247327100000000,4725010900102860002,128.1518223,36.4179721,361.4,47250,경상북도 상주시 무양동,286-2,,숙박시설,1,8,UNDERGROUND_FLOOR_ONLY,0,1.0,8.0,0.0,2234.18,399.4,711.9,28.5,0.0,숙박시설,철근콘크리트구조,2004,1,지하층은 있으나 옥내주차 근거 없음
2000303425183248428600000000,4725010900102770001,128.1539801,36.4189439,250.3,47250,경상북도 상주시 무양동,277-1,,숙박시설,1,5,UNDERGROUND_FLOOR_ONLY,0,1.0,5.0,0.0,993.33,234.31,775.4,24.15,0.0,숙박시설,철근콘크리트구조,2000,1,지하층은 있으나 옥내주차 근거 없음
1995306533293252737500000000,4725010400104780002,128.1886877,36.4224866,408.1,47250,경상북도 상주시 복룡동,478-2,,숙박시설,1,6,UNDERGROUND_FLOOR_ONLY,0,1.0,6.0,0.0,2123.76,373.42,1374.97,0.0,0.0,숙박시설,철근콘크리트구조,1995,1,지하층은 있으나 옥내주차 근거 없음
2003303297033247187500000000,4725010900102810021,128.152535,36.4178394,326.1,47250,경상북도 상주시 무양동,281-21,,숙박시설,1,6,PROBABLE_NOT_CONFIRMED_IN_FLOOR_ROWS,0,1.0,6.0,4.0,1662.33,282.36,1069.4,19.5,0.0,숙박시설,철근콘크리트구조,2003,1,지하층과 옥내주차는 있으나 수집된 지하층 용도에서 주차장 미확인
1983303841123243116500000000,4725010700100840090,128.1585458,36.4141128,262.8,47250,경상북도 상주시 남성동,84-90,,숙박시설,1,4,UNDERGROUND_FLOOR_ONLY,0,1.0,4.0,0.0,1197.7,238.9,0.0,0.0,0.0,숙박시설,철근콘크리트구조,1983,1,지하층은 있으나 옥내주차 근거 없음
1995310033243239852300000000,4725033027100170011,128.2275232,36.4104832,233.7,47250,경상북도 상주시 낙동면 성동리,17-11,제1호,숙박시설,1,3,UNDERGROUND_FLOOR_ONLY,0,1.0,3.0,0.0,722.91,252.48,0.0,11.9,0.0,숙박시설,철근콘크리트구조,1995,1,지하층은 있으나 옥내주차 근거 없음
1996291862593270664400000000,4725037026103010003,128.0253384,36.4401567,2580.7,47250,경상북도 상주시 내서면 서원리,301-3,,종교시설,1,2,UNDERGROUND_FLOOR_ONLY,0,1.0,2.0,0.0,3259.85,1890.67,0.0,5.2,0.0,종교시설,철근콘크리트구조,1996,4,지하층은 있으나 옥내주차 근거 없음
1995312892973236032600000000,4725033026104640005,128.259343,36.4067103,216.6,47250,경상북도 상주시 낙동면 분황리,464-5,축산폐수처리장,제1종근린생활시설,1,2,UNDERGROUND_FLOOR_ONLY,0,1.0,2.0,0.0,2727.4,1112.66,13769.0,18.0,0.0,분뇨.쓰레기처리시설,철근콘크리트구조,1995,6,지하층은 있으나 옥내주차 근거 없음
2007302508353195838400000000,4725011300106790014,128.1430662,36.3716588,419.6,47250,경상북도 상주시 가장동,679-14,남상주영업소,제1종근린생활시설,1,2,UNDERGROUND_FLOOR_ONLY,0,1.0,2.0,0.0,734.4,582.49,3171.0,11.4,0.0,제1종근린생활시설,철근콘크리트구조,2007,3,지하층은 있으나 옥내주차 근거 없음
1987305448323409485300000000,4725025023101810012,128.1787279,36.5638304,96.1,47250,경상북도 상주시 함창읍 오사리,181-12,,단독주택,1,1,UNDERGROUND_FLOOR_ONLY,0,1.0,1.0,0.0,75.69,70.83,0.0,0.0,0.0,단독주택,벽돌구조,1987,1,지하층은 있으나 옥내주차 근거 없음
1980305584543415310500000000,4725025021101150015,128.1803288,36.5690633,312.4,47250,경상북도 상주시 함창읍 구향리,115-15,,단독주택,1,2,UNDERGROUND_FLOOR_ONLY,0,1.0,2.0,0.0,366.57,176.4,0.0,0.0,0.0,제1종근린생활시설,철근콘크리트구조,1980,2,지하층은 있으나 옥내주차 근거 없음
1980303808823241941800000000,4725010700100820009,128.1581701,36.4130578,109.7,47250,경상북도 상주시 남성동,82-9,,단독주택,1,2,UNDERGROUND_FLOOR_ONLY,0,1.0,2.0,0.0,132.94,72.04,0.0,8.5,0.0,단독주택,블록구조,1980,2,지하층은 있으나 옥내주차 근거 없음
2003303439313274480500000000,4725013300100600002,128.1544847,36.4424145,505.5,47250,경상북도 상주시 만산동,60-2,,노유자시설,1,1,UNDERGROUND_FLOOR_ONLY,0,1.0,3.0,0.0,2035.2,709.09,0.0,11.55,0.0,노유자시설,철근콘크리트구조,1997,3,지하층은 있으나 옥내주차 근거 없음
2013303747373242127000000000,4725010700100810000,128.1574878,36.4132316,283.8,47250,경상북도 상주시 남성동,81,남성 다미아,공동주택,1,18,UNDERGROUND_FLOOR_ONLY,0,1.0,18.0,0.0,8616.1895,807.2781,4186.0,52.5,73.0,공동주택,철근콘크리트구조,2013,3,지하층은 있으나 옥내주차 근거 없음
1985304642613243639000000000,4725010200100530000,128.1674872,36.4144966,111.3,47250,경상북도 상주시 성동동,53,,제2종근린생활시설,1,2,UNDERGROUND_FLOOR_ONLY,0,1.0,2.0,0.0,142.44,113.94,218.0,0.0,0.0,제2종근린생활시설,벽돌구조,1985,1,지하층은 있으나 옥내주차 근거 없음
2009413819603998009500000000,4793037022106950001,129.4051155,37.0755992,2187.8,47930,경상북도 울진군 죽변면 후정리,695-1,한국해양과학기술원 동해연구소,교육연구시설,1,4,UNDERGROUND_FLOOR_ONLY,0,1.0,4.0,0.0,5229.02,2043.66,0.0,13.25,0.0,교육연구시설,철근콘크리트구조,2009,8,지하층은 있으나 옥내주차 근거 없음
2015133370253232027800000000,4725033026104640011,128.2578062,36.4074233,1798.7,47250,경상북도 상주시 낙동면 분황리,464-11,상주시 가축분뇨 시설,,1,2,UNDERGROUND_FLOOR_ONLY,0,1.0,2.0,0.0,1752.04,1640.23,0.0,17.3,0.0,자원순환관련시설,철근콘크리트구조,2012,7,지하층은 있으나 옥내주차 근거 없음
1991303400983238948800000000,4725011000101590005,128.1535843,36.4104054,138.1,47250,경상북도 상주시 낙양동,159-5,,단독주택,1,2,UNDERGROUND_FLOOR_ONLY,0,1.0,2.0,0.0,185.01,92.73,0.0,0.0,0.0,단독주택,벽돌구조,1991,1,지하층은 있으나 옥내주차 근거 없음
1984123689673242878000000000,4725010900100330004,128.1497865,36.4164793,728.3,47250,경상북도 상주시 무양동,33-4,,노유자시설,1,3,GIS_BASEMENT_CANDIDATE_NOT_CONFIRMED_BY_TITLE,0,0.0,2.0,0.0,547.98,281.13,0.0,9.4,0.0,업무시설,철근콘크리트구조,2019,2,GIS에는 지하층이 있으나 건축물대장 표제부에서 확인되지 않음
1999296577263187047400000000,4725036024100970003,128.0768769,36.3643512,140.4,47250,경상북도 상주시 외남면 송지리,97-3,,창고시설,1,1,UNDERGROUND_FLOOR_ONLY,0,1.0,1.0,0.0,213.89,132.1,479.0,4.5,0.0,창고시설,철근콘크리트구조,1999,1,지하층은 있으나 옥내주차 근거 없음
2010303807533243652900000000,4725010700100150005,128.1581786,36.4145997,295.9,47250,경상북도 상주시 남성동,15-5,상주드림뷰,공동주택,1,10,PROBABLE_NOT_CONFIRMED_IN_FLOOR_ROWS,0,1.0,10.0,14.0,1998.83,295.93,612.0,28.5,16.0,공동주택,철근콘크리트구조,2010,1,지하층과 옥내주차는 있으나 수집된 지하층 용도에서 주차장 미확인
2012305439603415316400000000,4725025021102030001,128.17871,36.5690846,701.0,47250,경상북도 상주시 함창읍 구향리,203-1,함창도농교류커뮤니티센터,제1종근린생활시설,1,3,UNDERGROUND_FLOOR_ONLY,0,1.0,3.0,0.0,1784.12,684.23,3285.0,14.25,0.0,제1종근린생활시설,철근콘크리트구조,2012,1,지하층은 있으나 옥내주차 근거 없음
1985303709223250514700000000,4725010900102200001,128.1571743,36.4207927,121.3,47250,경상북도 상주시 무양동,220-1,,단독주택,1,1,UNDERGROUND_FLOOR_ONLY,0,1.0,1.0,0.0,100.53,90.63,0.0,0.0,0.0,단독주택,벽돌구조,1985,1,지하층은 있으나 옥내주차 근거 없음
2011306386193251532300000000,4725010400101340000,128.1870313,36.421417,698.4,47250,경상북도 상주시 복룡동,134,,장례식장,1,4,UNDERGROUND_FLOOR_ONLY,0,1.0,4.0,0.0,2698.66,997.21,9258.0,19.2,0.0,장례시설,철근콘크리트구조,2011,3,지하층은 있으나 옥내주차 근거 없음
2010293076913375995300000000,4725044024106660000,128.0401486,36.5349401,3284.5,47250,경상북도 상주시 은척면 남곡리,666,한방산업단지,제1종근린생활시설,1,2,UNDERGROUND_FLOOR_ONLY,0,1.0,2.0,0.0,3911.82,2926.06,19086.8,8.5,0.0,제1종근린생활시설,철근콘크리트구조,2010,1,지하층은 있으나 옥내주차 근거 없음
1991303881703238224300000000,4725010700102050023,128.1589329,36.4097008,137.7,47250,경상북도 상주시 남성동,205-23,,단독주택,1,1,UNDERGROUND_FLOOR_ONLY,0,1.0,1.0,0.0,121.44,98.78,0.0,0.0,0.0,단독주택,벽돌구조,1991,1,지하층은 있으나 옥내주차 근거 없음
1988303845723252658500000000,4725010500103640011,128.1587247,36.4227095,213.2,47250,경상북도 상주시 냉림동,364-11,,제1종근린생활시설,1,3,UNDERGROUND_FLOOR_ONLY,0,1.0,3.0,0.0,630.49,197.34,0.0,0.0,0.0,제1종근린생활시설,철근콘크리트구조,1988,1,지하층은 있으나 옥내주차 근거 없음
1984303458133248820900000000,4725010900100610018,128.1543527,36.4192938,128.4,47250,경상북도 상주시 무양동,61-18,,단독주택,1,1,UNDERGROUND_FLOOR_ONLY,0,1.0,1.0,0.0,109.45,92.65,0.0,0.0,0.0,단독주택,벽돌구조,1984,1,지하층은 있으나 옥내주차 근거 없음
1992304350843248694900000000,4725010400104250003,128.1643027,36.4190836,148.9,47250,경상북도 상주시 복룡동,425-3,,단독주택,1,2,UNDERGROUND_FLOOR_ONLY,0,1.0,2.0,0.0,275.38,139.02,0.0,0.0,0.0,단독주택,벽돌구조,1992,1,지하층은 있으나 옥내주차 근거 없음
1980303767303253949900000000,4725010500103550002,128.1578679,36.4238817,145.9,47250,경상북도 상주시 냉림동,355-2,,단독주택,1,1,UNDERGROUND_FLOOR_ONLY,0,1.0,1.0,0.0,96.67,83.67,0.0,4.85,0.0,단독주택,벽돌구조,1980,2,지하층은 있으나 옥내주차 근거 없음
0000303872593230219000000000,4725011200102580000,128.1587245,36.4024892,37.3,47250,경상북도 상주시 신봉동,258,상주고등학교,교육연구시설,1,4,UNDERGROUND_FLOOR_ONLY,0,1.0,4.0,0.0,3562.87,1112.59,0.0,17.5,0.0,교육연구시설,철근콘크리트구조,1992,13,지하층은 있으나 옥내주차 근거 없음
2011303989163257046200000000,4725010500101110000,128.1603826,36.4266472,364.6,47250,경상북도 상주시 냉림동,111,지엘리더스파크골드,공동주택,1,14,UNDERGROUND_FLOOR_ONLY,0,1.0,14.0,0.0,3882.3565,304.4478,0.0,41.05,26.0,공동주택,철근콘크리트구조,2011,2,지하층은 있으나 옥내주차 근거 없음
2011303988963256686100000000,4725010500101110000,128.1603756,36.4263228,386.5,47250,경상북도 상주시 냉림동,111,지엘리더스파크골드,공동주택,1,13,UNDERGROUND_FLOOR_ONLY,0,1.0,14.0,0.0,3882.3565,304.4478,0.0,41.05,26.0,공동주택,철근콘크리트구조,2011,2,지하층은 있으나 옥내주차 근거 없음
1989303879333245266900000000,4725010800101230030,128.1590006,36.4160462,384.4,47250,경상북도 상주시 서문동,123-30,,제1종근린생활시설,1,4,UNDERGROUND_FLOOR_ONLY,0,1.0,4.0,0.0,1579.6,333.9,0.0,17.3,0.0,제1종근린생활시설,철근콘크리트구조,1989,2,지하층은 있으나 옥내주차 근거 없음
2001303852933229493500000000,4725011200102580000,128.1584956,36.4018375,583.3,47250,경상북도 상주시 신봉동,258,상주고등학교,교육연구시설,1,2,UNDERGROUND_FLOOR_ONLY,0,1.0,4.0,0.0,3562.87,1112.59,0.0,17.5,0.0,교육연구시설,철근콘크리트구조,1992,13,지하층은 있으나 옥내주차 근거 없음
1999303916653230067100000000,4725011200102580000,128.1592135,36.4023475,555.1,47250,경상북도 상주시 신봉동,258,상주고등학교,교육연구시설,1,3,UNDERGROUND_FLOOR_ONLY,0,1.0,4.0,0.0,3562.87,1112.59,0.0,17.5,0.0,교육연구시설,철근콘크리트구조,1992,13,지하층은 있으나 옥내주차 근거 없음
1984303169553241640600000000,4725011000101040005,128.1510403,36.4128555,167.4,47250,경상북도 상주시 낙양동,104-5,,제2종근린생활시설,1,2,UNDERGROUND_FLOOR_ONLY,0,1.0,2.0,0.0,262.95,126.75,0.0,0.0,0.0,제2종근린생활시설,벽돌구조,1984,1,지하층은 있으나 옥내주차 근거 없음
1975303957243229219800000000,4725011200102580000,128.1596548,36.40158,19.7,47250,경상북도 상주시 신봉동,258,상주고등학교,교육연구시설,1,4,UNDERGROUND_FLOOR_ONLY,0,1.0,4.0,0.0,3562.87,1112.59,0.0,17.5,0.0,교육연구시설,철근콘크리트구조,1992,13,지하층은 있으나 옥내주차 근거 없음
1990300592483161653000000000,4725034028104850000,128.1212797,36.3410598,146.3,47250,경상북도 상주시 청리면 수상리,485,,단독주택,1,1,UNDERGROUND_FLOOR_ONLY,0,1.0,1.0,0.0,114.76,109.9,0.0,0.0,0.0,단독주택,벽돌구조,1990,1,지하층은 있으나 옥내주차 근거 없음
2005304145253249159400000000,4725010600100100000,128.1620171,36.4195245,633.2,47250,경상북도 상주시 서성동,10,상주시민교회,종교시설,1,4,UNDERGROUND_FLOOR_ONLY,0,1.0,4.0,0.0,2488.34,871.36,2757.3,30.5,0.0,종교시설,철골철근콘크리트구조,2005,3,지하층은 있으나 옥내주차 근거 없음
1986304980233420852700000000,4725025027107280004,128.1736546,36.574123,106.0,47250,경상북도 상주시 함창읍 대조리,728-4,,단독주택,1,2,UNDERGROUND_FLOOR_ONLY,0,1.0,2.0,0.0,158.65,95.6,0.0,0.0,0.0,단독주택,벽돌구조,1986,1,지하층은 있으나 옥내주차 근거 없음
2002303448473190643100000000,4725011500103110001,128.1534713,36.3668775,306.4,47250,경상북도 상주시 지천동,311-1,,종교시설,1,4,UNDERGROUND_FLOOR_ONLY,0,1.0,4.0,0.0,1175.88,332.94,2401.0,15.0,0.0,종교시설,철근콘크리트구조,2002,1,지하층은 있으나 옥내주차 근거 없음
2003303918813248494700000000,4725010600100560006,128.1594839,36.4189501,955.7,47250,경상북도 상주시 서성동,56-6,삼백빌딩,제1종근린생활시설,2,8,PROBABLE_NOT_CONFIRMED_IN_FLOOR_ROWS,0,2.0,8.0,149.0,8221.12,943.92,2452.0,32.5,0.0,업무시설,철근콘크리트구조,2003,1,지하층과 옥내주차는 있으나 수집된 지하층 용도에서 주차장 미확인
2011304035053256492600000000,4725010500101110005,128.1608869,36.4261435,381.7,47250,경상북도 상주시 냉림동,111-5,지엘리더스파크골드,공동주택,1,15,UNDERGROUND_FLOOR_ONLY,0,1.0,15.0,0.0,4310.4583,343.4773,0.0,44.35,30.0,공동주택,철근콘크리트구조,2011,2,지하층은 있으나 옥내주차 근거 없음
2008284759983152957900000000,4725039021104620009,127.9448537,36.3347473,766.6,47250,경상북도 상주시 모서면 삼포리,462-9,주식회사 블루원,숙박시설,1,2,UNDERGROUND_FLOOR_ONLY,0,1.0,3.0,0.0,1532.68,679.19,0.0,17.8,0.0,숙박시설,철근콘크리트구조,2008,12,지하층은 있으나 옥내주차 근거 없음
0000305535743344436000000000,4725043021100780011,128.1788152,36.5052139,113.2,47250,경상북도 상주시 외서면 연봉리,78-11,,단독주택,1,0,UNDERGROUND_FLOOR_ONLY,0,1.0,1.0,0.0,249.68,249.68,646.0,0.0,1.0,단독주택,벽돌구조,1995,3,지하층은 있으나 옥내주차 근거 없음
2008284721233152179800000000,4725039021104620009,127.9444136,36.3340495,627.7,47250,경상북도 상주시 모서면 삼포리,462-9,주식회사 블루원,숙박시설,1,3,UNDERGROUND_FLOOR_ONLY,0,1.0,3.0,0.0,1532.68,679.19,0.0,17.8,0.0,숙박시설,철근콘크리트구조,2008,12,지하층은 있으나 옥내주차 근거 없음
2008304928253424180900000000,4725025027106750003,128.1731193,36.5771274,792.3,47250,경상북도 상주시 함창읍 대조리,675-3,,운동시설,1,2,UNDERGROUND_FLOOR_ONLY,0,1.0,2.0,0.0,1399.83,736.71,9290.0,9.6,0.0,운동시설,일반철골구조,2008,1,지하층은 있으나 옥내주차 근거 없음
1992304127543239928800000000,4725010700101560014,128.1616959,36.4112099,449.9,47250,경상북도 상주시 남성동,156-14,황제맨션,공동주택,1,14,UNDERGROUND_FLOOR_ONLY,0,1.0,14.0,0.0,5195.31,429.96,0.0,0.0,50.0,공동주택,철근콘크리트구조,1992,1,지하층은 있으나 옥내주차 근거 없음
2001303634823238646700000000,4725011000101710003,128.1561867,36.4101079,679.5,47250,경상북도 상주시 낙양동,171-3,대림 아크로빌,공동주택,2,14,CONFIRMED_BASEMENT_PARKING_USE,1,2.0,14.0,49.0,8752.344,629.357,1980.0,39.036,47.0,공동주택,철근콘크리트구조,2001,2,층별개요 지하층(flrGbCd=10)의 용도에 주차장 포함
1997303370103240320000000000,4725011000101320000,128.1532581,36.411644,377.5,47250,경상북도 상주시 낙양동,132,낙양주공아파트,공동주택,1,15,UNDERGROUND_FLOOR_ONLY,0,1.0,15.0,0.0,6008.95,405.93,14677.9,41.3,89.0,공동주택,철근콘크리트구조,1997,6,지하층은 있으나 옥내주차 근거 없음
1997303369643241096000000000,4725011000101320000,128.1532633,36.4123432,467.9,47250,경상북도 상주시 낙양동,132,낙양주공아파트,공동주택,1,15,UNDERGROUND_FLOOR_ONLY,0,1.0,15.0,0.0,6008.95,405.93,14677.9,41.3,89.0,공동주택,철근콘크리트구조,1997,6,지하층은 있으나 옥내주차 근거 없음
1997303397903240794900000000,4725011000101320000,128.1535744,36.4120689,381.3,47250,경상북도 상주시 낙양동,132,낙양주공아파트,공동주택,1,15,UNDERGROUND_FLOOR_ONLY,0,1.0,15.0,0.0,6008.95,405.93,14677.9,41.3,89.0,공동주택,철근콘크리트구조,1997,6,지하층은 있으나 옥내주차 근거 없음
1997303324583241065100000000,4725011000101320000,128.1527607,36.4123203,453.9,47250,경상북도 상주시 낙양동,132,낙양주공아파트,공동주택,1,15,UNDERGROUND_FLOOR_ONLY,0,1.0,15.0,0.0,6008.95,405.93,14677.9,41.3,89.0,공동주택,철근콘크리트구조,1997,6,지하층은 있으나 옥내주차 근거 없음
1997303327583240507400000000,4725011000101320000,128.1527867,36.4118174,457.1,47250,경상북도 상주시 낙양동,132,낙양주공아파트,공동주택,1,12,UNDERGROUND_FLOOR_ONLY,0,1.0,15.0,0.0,6008.95,405.93,14677.9,41.3,89.0,공동주택,철근콘크리트구조,1997,6,지하층은 있으나 옥내주차 근거 없음
1997303325973240058800000000,4725011000101320000,128.1527628,36.4114135,477.9,47250,경상북도 상주시 낙양동,132,낙양주공아파트,공동주택,1,12,UNDERGROUND_FLOOR_ONLY,0,1.0,15.0,0.0,6008.95,405.93,14677.9,41.3,89.0,공동주택,철근콘크리트구조,1997,6,지하층은 있으나 옥내주차 근거 없음
1995304780863243745800000000,4725010200100630000,128.1690298,36.4145778,641.1,47250,경상북도 상주시 성동동,63,경희삼백아파트,공동주택,1,15,PROBABLE_NOT_CONFIRMED_IN_FLOOR_ROWS,0,1.0,15.0,81.0,8880.92,1237.645,4538.1,41.2,150.0,공동주택,철근콘크리트구조,1995,3,지하층과 옥내주차는 있으나 수집된 지하층 용도에서 주차장 미확인
1992303879783257028700000000,4725010500101280010,128.1591629,36.4266433,130.6,47250,경상북도 상주시 냉림동,128-10,,제1종근린생활시설,1,2,UNDERGROUND_FLOOR_ONLY,0,1.0,2.0,0.0,313.2,107.8,0.0,0.0,0.0,제1종근린생활시설,철근콘크리트구조,1992,1,지하층은 있으나 옥내주차 근거 없음
2000303271953220199500000000,4725011200106010004,128.1518968,36.3935263,442.6,47250,경상북도 상주시 신봉동,601-4,계영그린빌,공동주택,1,5,UNDERGROUND_FLOOR_ONLY,0,1.0,5.0,0.0,2297.1,472.42,1232.0,15.2,20.0,공동주택,철근콘크리트구조,2000,1,지하층은 있으나 옥내주차 근거 없음
1999297303493362034100000000,4725044030102250001,128.0871617,36.5219409,111.6,47250,경상북도 상주시 은척면 하흘리,225-1,,단독주택,1,1,UNDERGROUND_FLOOR_ONLY,0,1.0,1.0,0.0,102.06,102.06,297.0,0.0,0.0,단독주택,벽돌구조,1999,1,지하층은 있으나 옥내주차 근거 없음
1984303823783261789800000000,4725013300102260009,128.1586024,36.4309392,64.5,47250,경상북도 상주시 만산동,226-9,,제1종근린생활시설,1,1,UNDERGROUND_FLOOR_ONLY,0,1.0,1.0,0.0,330.58,330.58,651.0,6.0,0.0,제2종근린생활시설,철근콘크리트구조,1984,2,지하층은 있으나 옥내주차 근거 없음
2012296545253371543600000000,4725044021103420000,128.0788166,36.530586,63.0,47250,경상북도 상주시 은척면 봉중리,342,,제1종근린생활시설,1,1,UNDERGROUND_FLOOR_ONLY,0,1.0,1.0,4.0,79.62,69.92,0.0,3.95,0.0,제1종근린생활시설,철골콘크리트구조,2012,2,지하층은 있으나 옥내주차 근거 없음
1991304256263248602900000000,4725010400104680000,128.1632472,36.4190111,194.8,47250,경상북도 상주시 복룡동,468,,제1종근린생활시설,1,3,UNDERGROUND_FLOOR_ONLY,0,1.0,3.0,0.0,694.06,175.67,0.0,0.0,0.0,제1종근린생활시설,철근콘크리트구조,1991,1,지하층은 있으나 옥내주차 근거 없음
2010310295843295695000000000,4725032534200060005,128.2312437,36.4607648,602.5,47250,경상북도 상주시 사벌국면 화달리,6-5,상주시 국제승마장,문화및집회시설,1,2,UNDERGROUND_FLOOR_ONLY,0,1.0,4.0,0.0,4829.95,2644.45,156635.0,18.5,0.0,교육연구시설,철근콘크리트구조,2010,40,지하층은 있으나 옥내주차 근거 없음
2000304095783232336900000000,4725011200101100014,128.1612402,36.4043731,371.5,47250,경상북도 상주시 신봉동,110-14,해암 첼시빌,공동주택,1,10,UNDERGROUND_FLOOR_ONLY,0,1.0,10.0,0.0,3162.3,344.0,1833.0,28.2,19.0,공동주택,철근콘크리트구조,2000,1,지하층은 있으나 옥내주차 근거 없음
1979304004593240934500000000,4725010700101150014,128.160339,36.4121294,124.5,47250,경상북도 상주시 남성동,115-14,,단독주택,1,1,UNDERGROUND_FLOOR_ONLY,0,1.0,1.0,0.0,91.35,79.65,0.0,0.0,0.0,단독주택,벽돌구조,1979,1,지하층은 있으나 옥내주차 근거 없음
1990303608333251444400000000,4725010900101640001,128.1560618,36.421641,63.5,47250,경상북도 상주시 무양동,164-1,,단독주택,1,2,UNDERGROUND_FLOOR_ONLY,0,1.0,2.0,0.0,83.43,50.67,0.0,0.0,0.0,단독주택,벽돌구조,1990,1,지하층은 있으나 옥내주차 근거 없음
2008286451543260753600000000,4725040023107690000,127.9648893,36.4317256,117.9,47250,경상북도 상주시 화동면 판곡리,769,,창고시설,1,1,UNDERGROUND_FLOOR_ONLY,0,1.0,1.0,0.0,199.5,110.25,300.0,0.0,0.0,창고시설,철근콘크리트구조,2008,1,지하층은 있으나 옥내주차 근거 없음
1997303474063274366900000000,4725013300100600002,128.1548707,36.4423084,837.2,47250,경상북도 상주시 만산동,60-2,,노유자시설,1,3,UNDERGROUND_FLOOR_ONLY,0,1.0,3.0,0.0,2035.2,709.09,0.0,11.55,0.0,노유자시설,철근콘크리트구조,1997,3,지하층은 있으나 옥내주차 근거 없음
1999303866033268082700000000,4725013200106830000,128.1591576,36.4366042,577.4,47250,경상북도 상주시 죽전동,683,동경타운,공동주택,1,4,UNDERGROUND_FLOOR_ONLY,0,1.0,4.0,0.0,1883.77,537.98,1394.0,12.1,19.0,공동주택,철근콘크리트구조,1999,1,지하층은 있으나 옥내주차 근거 없음
1989304053233251078600000000,4725010500102390004,128.1610169,36.4212636,262.4,47250,경상북도 상주시 냉림동,239-4,,제1종근린생활시설,1,3,UNDERGROUND_FLOOR_ONLY,0,1.0,3.0,0.0,982.96,319.56,0.0,0.0,0.0,제1종근린생활시설,철근콘크리트구조,1989,1,지하층은 있으나 옥내주차 근거 없음
1988307839893245307300000000,4725012200100670008,128.2031508,36.4156465,42.0,47250,경상북도 상주시 외답동,67-8,,공장,1,2,UNDERGROUND_FLOOR_ONLY,0,1.0,2.0,0.0,2279.79,185.25,0.0,6.0,0.0,공장,철근콘크리트구조,1988,2,지하층은 있으나 옥내주차 근거 없음
2004305006063413363500000000,4725025024102420000,128.1738411,36.5673728,1220.5,47250,경상북도 상주시 함창읍 증촌리,242,함창고등학교,교육연구시설,1,4,CONFIRMED_BASEMENT_PARKING_USE,1,1.0,4.0,24.0,5393.85,1429.4,0.0,19.45,0.0,교육연구시설,철근콘크리트구조,1965,8,층별개요 지하층(flrGbCd=10)의 용도에 주차장 포함
1980303372173243993600000000,4725010700100530002,128.15333,36.4149536,112.4,47250,경상북도 상주시 남성동,53-2,,단독주택,1,2,UNDERGROUND_FLOOR_ONLY,0,1.0,2.0,0.0,145.76,83.88,0.0,0.0,0.0,단독주택,벽돌구조,1980,1,지하층은 있으나 옥내주차 근거 없음
1996298195833097151100000000,4725035027108490007,128.0937774,36.2831897,271.6,47250,경상북도 상주시 공성면 산현리,849-7,,위락시설,1,1,PROBABLE_NOT_CONFIRMED_IN_FLOOR_ROWS,0,1.0,1.0,6.0,363.18,252.88,561.93,8.1,0.0,위락시설,철근콘크리트구조,1996,1,지하층과 옥내주차는 있으나 수집된 지하층 용도에서 주차장 미확인
1984303688073247507900000000,4725010800100830000,128.1568985,36.4180859,131.6,47250,경상북도 상주시 서문동,83,,단독주택,1,1,UNDERGROUND_FLOOR_ONLY,0,1.0,1.0,0.0,124.93,124.93,0.0,0.0,0.0,단독주택,벽돌구조,1984,1,지하층은 있으나 옥내주차 근거 없음
1990303940313250039200000000,4725010500103500005,128.1597443,36.4203393,1629.4,47250,경상북도 상주시 냉림동,350-5,,의료시설,1,6,UNDERGROUND_FLOOR_ONLY,0,1.0,6.0,0.0,7380.88,1435.55,627.41,8.7,0.0,의료시설,철근콘크리트구조,1980,5,지하층은 있으나 옥내주차 근거 없음
2011282350453281877500000000,4725041024106340000,127.9193843,36.4511194,1015.5,47250,경상북도 상주시 화서면 상용리,634,경북 상주 글로벌 리더쉽 센터,공동주택,1,3,UNDERGROUND_FLOOR_ONLY,0,1.0,3.0,0.0,11650.11,5104.82,0.0,22.38,0.0,종교시설,철근콘크리트구조,2011,13,지하층은 있으나 옥내주차 근거 없음
1991303240083245079500000000,4725010800101510001,128.1518721,36.4159463,278.0,47250,경상북도 상주시 서문동,151-1,,제1종근린생활시설,1,4,UNDERGROUND_FLOOR_ONLY,0,1.0,4.0,0.0,1303.32,257.95,0.0,0.0,0.0,제1종근린생활시설,철근콘크리트구조,1991,2,지하층은 있으나 옥내주차 근거 없음
1980304220053241946600000000,4725010700100980003,128.1627542,36.4130178,211.2,47250,경상북도 상주시 남성동,98-3,,제1종근린생활시설,1,3,UNDERGROUND_FLOOR_ONLY,0,1.0,3.0,0.0,732.0,198.12,0.0,0.0,0.0,제1종근린생활시설,철근콘크리트구조,,2,지하층은 있으나 옥내주차 근거 없음
1986123986173241605000000000,4725011000100010010,128.1531044,36.4153555,41.7,47250,경상북도 상주시 낙양동,1-10,,제2종근린생활시설,1,1,UNDERGROUND_FLOOR_ONLY,0,1.0,1.0,0.0,118.97,142.37,476.0,5.9,0.0,제2종근린생활시설,벽돌구조,1986,2,지하층은 있으나 옥내주차 근거 없음
2003303587463351204100000000,4725045025101800000,128.1571629,36.5115245,168.6,47250,경상북도 상주시 공검면 양정리,180,,단독주택,1,1,UNDERGROUND_FLOOR_ONLY,0,1.0,3.0,0.0,727.37,134.22,1256.0,4.95,0.0,문화및집회시설,블록구조,2003,2,지하층은 있으나 옥내주차 근거 없음
1997303240543247593400000000,4725010900102860008,128.1519107,36.4182112,245.7,47250,경상북도 상주시 무양동,286-8,,제2종근린생활시설,1,6,UNDERGROUND_FLOOR_ONLY,0,1.0,6.0,0.0,1471.04,263.45,330.7,0.0,0.0,제2종근린생활시설,철근콘크리트구조,1997,1,지하층은 있으나 옥내주차 근거 없음
1991285013053273477600000000,4725041021101510004,127.9489887,36.4433186,106.1,47250,경상북도 상주시 화서면 신봉리,151-4,,제2종근린생활시설,1,1,UNDERGROUND_FLOOR_ONLY,0,1.0,1.0,0.0,218.54,180.84,0.0,0.0,0.0,제2종근린생활시설,철근콘크리트구조,1991,1,지하층은 있으나 옥내주차 근거 없음
1991304182543247183500000000,4725010600100940026,128.1624063,36.4177401,168.7,47250,경상북도 상주시 서성동,94-26,,위락시설,1,3,GIS_ONLY_NO_REGISTER_ROW,0,,,,,,,,,,,,0,
1992303845723252301000000000,4725010900102100009,128.1587201,36.4223875,186.8,47250,경상북도 상주시 무양동,210-9,,창고시설,1,5,UNDERGROUND_FLOOR_ONLY,0,1.0,5.0,0.0,998.55,193.59,330.0,17.4,0.0,창고시설,철근콘크리트구조,1992,1,지하층은 있으나 옥내주차 근거 없음
1989316402213188132700000000,4725033022107210000,128.297739,36.3631371,198.0,47250,경상북도 상주시 낙동면 낙동리,721,,제1종근린생활시설,1,3,UNDERGROUND_FLOOR_ONLY,0,1.0,3.0,0.0,528.65,164.28,281.0,10.9,0.0,제1종근린생활시설,철근콘크리트구조,1989,2,지하층은 있으나 옥내주차 근거 없음
0000305319983414240900000000,4725025021101630001,128.1773591,36.5681286,105.2,47250,경상북도 상주시 함창읍 구향리,163-1,,단독주택,1,1,UNDERGROUND_FLOOR_ONLY,0,1.0,1.0,0.0,90.72,79.92,0.0,0.0,0.0,단독주택,벽돌구조,,2,지하층은 있으나 옥내주차 근거 없음
2000286037973176853900000000,4725039026102090000,127.9593498,36.3561656,134.7,47250,경상북도 상주시 모서면 가막리,209,,단독주택,1,1,UNDERGROUND_FLOOR_ONLY,0,1.0,1.0,0.0,124.66,124.66,298.0,3.0,0.0,단독주택,벽돌구조,2000,4,지하층은 있으나 옥내주차 근거 없음
2000303433993246514700000000,4725010800100700008,128.1540528,36.4172186,152.0,47250,경상북도 상주시 서문동,70-8,,단독주택,1,2,UNDERGROUND_FLOOR_ONLY,0,1.0,2.0,0.0,212.48,124.89,271.0,7.8,0.0,단독주택,벽돌구조,2000,1,지하층은 있으나 옥내주차 근거 없음
1998295119953247705700000000,4725037023104460000,128.0613836,36.4191502,112.8,47250,경상북도 상주시 내서면 북장리,446,,단독주택,1,1,UNDERGROUND_FLOOR_ONLY,0,1.0,1.0,0.0,91.44,80.64,301.0,0.0,0.0,단독주택,벽돌구조,1998,1,지하층은 있으나 옥내주차 근거 없음
1993303877103243983500000000,4725010700100120010,128.1589586,36.4148901,1415.2,47250,경상북도 상주시 남성동,12-10,,근린생활시설,1,4,PROBABLE_NOT_CONFIRMED_IN_FLOOR_ROWS,0,1.0,4.0,24.0,3990.33,1372.0,1983.0,0.0,0.0,근린생활시설,철근콘크리트구조,1993,2,지하층과 옥내주차는 있으나 수집된 지하층 용도에서 주차장 미확인
2004303906273242232700000000,4725010700100840049,128.1592604,36.4133095,447.2,47250,경상북도 상주시 남성동,84-49,,제1종근린생활시설,1,4,PROBABLE_NOT_CONFIRMED_IN_FLOOR_ROWS,0,1.0,4.0,6.0,1563.36,396.0,610.0,16.05,0.0,제1종근린생활시설,철근콘크리트구조,2004,1,지하층과 옥내주차는 있으나 수집된 지하층 용도에서 주차장 미확인
2009413980573996373900000000,4793037022106950001,129.4068775,37.07409,920.9,47930,경상북도 울진군 죽변면 후정리,695-1,한국해양과학기술원 동해연구소,교육연구시설,1,4,UNDERGROUND_FLOOR_ONLY,0,1.0,4.0,0.0,5229.02,2043.66,0.0,13.25,0.0,교육연구시설,철근콘크리트구조,2009,8,지하층은 있으나 옥내주차 근거 없음
1977304187333243423300000000,4725010700100020004,128.1624093,36.4143518,239.2,47250,경상북도 상주시 남성동,2-4,,단독주택,1,3,UNDERGROUND_FLOOR_ONLY,0,1.0,3.0,0.0,680.66,211.24,0.0,0.0,0.0,단독주택,철근콘크리트구조,,1,지하층은 있으나 옥내주차 근거 없음
1989305417093416944800000000,4725025021102150005,128.1784808,36.5705541,145.8,47250,경상북도 상주시 함창읍 구향리,215-5,,단독주택,1,2,UNDERGROUND_FLOOR_ONLY,0,1.0,2.0,0.0,167.04,99.84,0.0,0.0,0.0,단독주택,벽돌구조,1979,3,지하층은 있으나 옥내주차 근거 없음
1997304554143245466100000000,4725010200101630001,128.1665258,36.4161526,232.4,47250,경상북도 상주시 성동동,163-1,,제1종근린생활시설,1,3,UNDERGROUND_FLOOR_ONLY,0,1.0,3.0,0.0,778.46,235.56,351.06,12.2,0.0,제1종근린생활시설,철근콘크리트구조,1997,1,지하층은 있으나 옥내주차 근거 없음
1993303824303241409100000000,4725010700101200005,128.1583356,36.4125763,761.3,47250,경상북도 상주시 남성동,120-5,무지개타운,공동주택,1,6,CONFIRMED_BASEMENT_PARKING_USE,1,1.0,6.0,21.0,4666.41,708.85,2019.0,21.85,18.0,공동주택,철근콘크리트구조,1993,1,층별개요 지하층(flrGbCd=10)의 용도에 주차장 포함
1976305955543416126800000000,4725025022106350000,128.1844838,36.5697577,2112.1,47250,경상북도 상주시 함창읍 오동리,635,,교육연구시설,1,5,UNDERGROUND_FLOOR_ONLY,0,1.0,5.0,0.0,6828.58,1775.7,0.0,14.95,0.0,교육연구시설,철근콘크리트구조,1984,6,지하층은 있으나 옥내주차 근거 없음
1987304038613242467900000000,4725010700100850009,128.1607387,36.4135071,438.3,47250,경상북도 상주시 남성동,85-9,중앙시장 N동,판매시설,1,2,UNDERGROUND_FLOOR_ONLY,0,1.0,2.0,0.0,1482.5,570.95,0.0,4.2,0.0,판매시설,철근콘크리트구조,1987,4,지하층은 있으나 옥내주차 근거 없음
1987304032023242726000000000,4725010700100850009,128.1606688,36.4137404,636.4,47250,경상북도 상주시 남성동,85-9,중앙시장 M동,판매시설,1,2,UNDERGROUND_FLOOR_ONLY,0,1.0,2.0,0.0,1482.5,570.95,0.0,4.2,0.0,판매시설,철근콘크리트구조,1987,4,지하층은 있으나 옥내주차 근거 없음
1987304039393242156500000000,4725010700100850009,128.1607432,36.4132264,432.7,47250,경상북도 상주시 남성동,85-9,중앙시장 O동,판매시설,1,2,UNDERGROUND_FLOOR_ONLY,0,1.0,2.0,0.0,1482.5,570.95,0.0,4.2,0.0,판매시설,철근콘크리트구조,1987,4,지하층은 있으나 옥내주차 근거 없음
1985303669853242263100000000,4725010700100740005,128.1566254,36.4133624,124.6,47250,경상북도 상주시 남성동,74-5,,단독주택,1,1,UNDERGROUND_FLOOR_ONLY,0,1.0,1.0,0.0,112.01,112.01,0.0,0.0,0.0,단독주택,벽돌구조,1985,1,지하층은 있으나 옥내주차 근거 없음
1979413066582822222500000000,4711110200101050009,129.3641983,36.0171313,369.4,47111,경상북도 포항시 남구 대도동,105-9,동백연립주택,공동주택,1,2,UNDERGROUND_FLOOR_ONLY,0,1.0,2.0,0.0,721.96,325.5,0.0,0.0,12.0,공동주택,벽돌구조,1979,2,지하층은 있으나 옥내주차 근거 없음
1976304167693242992700000000,4725010700100860001,128.1621846,36.413966,76.6,47250,경상북도 상주시 남성동,86-1,,제1종근린생활시설,1,3,UNDERGROUND_FLOOR_ONLY,0,1.0,3.0,0.0,196.2,72.0,0.0,0.0,0.0,제1종근린생활시설,철근콘크리트구조,1976,2,지하층은 있으나 옥내주차 근거 없음
1992412854782827928900000000,4711110200100740001,129.362004,36.0223159,920.6,47111,경상북도 포항시 남구 대도동,74-1,상대초등학교,교육연구시설,1,3,UNDERGROUND_FLOOR_ONLY,0,1.0,4.0,0.0,4279.5,1268.86,0.0,14.3,0.0,교육연구시설,철근콘크리트구조,1992,5,지하층은 있으나 옥내주차 근거 없음
1986303549733245621900000000,4725010800101370005,128.1553312,36.4164017,139.2,47250,경상북도 상주시 서문동,137-5,,단독주택,1,2,UNDERGROUND_FLOOR_ONLY,0,1.0,2.0,0.0,149.73,112.23,0.0,0.0,0.0,단독주택,벽돌구조,1986,1,지하층은 있으나 옥내주차 근거 없음
2019101633183449136500000000,4725042024103600034,127.9012735,36.6003082,1716.7,47250,경상북도 상주시 화북면 입석리,360-34,,관광휴게시설,1,4,UNDERGROUND_FLOOR_ONLY,0,1.0,4.0,0.0,5247.39,2001.74,5374.0,19.95,0.0,관광휴게시설,일반철골구조,2019,1,지하층은 있으나 옥내주차 근거 없음
1994412836632827575600000000,4711110200100740001,129.3617933,36.0220018,958.4,47111,경상북도 포항시 남구 대도동,74-1,상대초등학교,교육연구시설,1,4,UNDERGROUND_FLOOR_ONLY,0,1.0,4.0,0.0,4279.5,1268.86,0.0,14.3,0.0,교육연구시설,철근콘크리트구조,1992,5,지하층은 있으나 옥내주차 근거 없음
0000413058502822092500000000,4711110200101050009,129.3641052,36.017016,373.5,47111,경상북도 포항시 남구 대도동,105-9,동백연립주택,공동주택,1,2,UNDERGROUND_FLOOR_ONLY,0,1.0,2.0,0.0,721.96,325.5,0.0,0.0,12.0,공동주택,벽돌구조,1979,2,지하층은 있으나 옥내주차 근거 없음
2012282558923384512800000000,4725042023105670001,127.9228041,36.5435796,63.5,47250,경상북도 상주시 화북면 상오리,567-1,,단독주택,1,1,UNDERGROUND_FLOOR_ONLY,0,1.0,1.0,0.0,190.0,203.34,990.0,7.7,0.0,단독주택,블록구조,2012,1,지하층은 있으나 옥내주차 근거 없음
1980304242113243176500000000,4725010100100050004,128.1630166,36.4141235,354.8,47250,경상북도 상주시 성하동,5-4,,단독주택,1,3,UNDERGROUND_FLOOR_ONLY,0,1.0,3.0,0.0,267.02,127.33,0.0,0.0,0.0,단독주택,철근콘크리트구조,1980,1,지하층은 있으나 옥내주차 근거 없음
1980304261243243178800000000,4725010100100050001,128.1632299,36.4141235,218.9,47250,경상북도 상주시 성하동,5-1,,제1종근린생활시설,1,4,UNDERGROUND_FLOOR_ONLY,0,1.0,4.0,0.0,743.355,183.48,291.0,14.0,0.0,제1종근린생활시설,철근콘크리트구조,1980,2,지하층은 있으나 옥내주차 근거 없음
1984303479073245716100000000,4725010800101420013,128.1545448,36.4164941,119.9,47250,경상북도 상주시 서문동,142-13,,단독주택,1,1,UNDERGROUND_FLOOR_ONLY,0,1.0,1.0,0.0,99.23,83.24,0.0,0.0,0.0,단독주택,벽돌구조,1984,1,지하층은 있으나 옥내주차 근거 없음
1984304240683244918700000000,4725010100100100001,128.1630241,36.4156934,568.2,47250,경상북도 상주시 성하동,10-1,,업무시설,1,2,PROBABLE_NOT_CONFIRMED_IN_FLOOR_ROWS,0,1.0,2.0,2.0,1307.18,543.45,0.0,0.0,0.0,업무시설,철근콘크리트구조,1984,1,지하층과 옥내주차는 있으나 수집된 지하층 용도에서 주차장 미확인
1988292564213206194800000000,4725037029103680001,128.0323972,36.3819976,222.5,47250,경상북도 상주시 내서면 노류리,368-1,,창고시설,1,2,UNDERGROUND_FLOOR_ONLY,0,1.0,2.0,0.0,369.41,369.41,600.0,0.0,0.0,제2종근린생활시설,벽돌구조,1988,1,지하층은 있으나 옥내주차 근거 없음
1992303256793244010500000000,4725011000100080005,128.1520441,36.4149811,151.2,47250,경상북도 상주시 낙양동,8-5,,단독주택,1,2,UNDERGROUND_FLOOR_ONLY,0,1.0,2.0,0.0,216.7,141.67,281.0,4.25,0.0,단독주택,벽돌구조,1992,1,지하층은 있으나 옥내주차 근거 없음
2009325516452554704400000000,4783034040110400004,128.3891982,35.7913056,212.6,47830,경상북도 고령군 다산면 송곡리,1040-4,,,1,4,UNDERGROUND_FLOOR_ONLY,0,1.0,4.0,0.0,3084.0,1870.64,5449.0,35.9,0.0,자원순환관련시설,일반철골구조,2009,1,지하층은 있으나 옥내주차 근거 없음
1991300239503098874500000000,4725035028110890000,128.1165428,36.2845326,309.7,47250,경상북도 상주시 공성면 평천리,1089,,공장,1,2,UNDERGROUND_FLOOR_ONLY,0,1.0,2.0,0.0,1784.46,1007.22,0.0,11.0,0.0,공장,철근콘크리트구조,1990,6,지하층은 있으나 옥내주차 근거 없음
2008284008003269489100000000,4725041023100540010,127.9377372,36.4398134,156.0,47250,경상북도 상주시 화서면 달천리,54-10,,단독주택,1,1,UNDERGROUND_FLOOR_ONLY,0,1.0,1.0,0.0,154.56,146.15,404.0,5.0,0.0,단독주택,철근콘크리트구조,2008,2,지하층은 있으나 옥내주차 근거 없음
1990300191733099079300000000,4725035028110890000,128.1160139,36.284722,367.2,47250,경상북도 상주시 공성면 평천리,1089,,공장,1,2,UNDERGROUND_FLOOR_ONLY,0,1.0,2.0,0.0,1784.46,1007.22,0.0,11.0,0.0,공장,철근콘크리트구조,1990,6,지하층은 있으나 옥내주차 근거 없음
1986301396603160876800000000,4725034021108290005,128.130225,36.3402761,79.1,47250,경상북도 상주시 청리면 원장리,829-5,,제2종근린생활시설,1,3,GIS_ONLY_NO_REGISTER_ROW,0,,,,,,,,,,,,0,
2020124102143242315500000000,4725010800101400002,128.1543905,36.4160052,1180.9,47250,경상북도 상주시 서문동,140-2,상주시네마,문화및집회시설,1,4,UNDERGROUND_FLOOR_ONLY,0,1.0,4.0,0.0,2529.93,1152.76,1922.0,19.1,0.0,문화및집회시설,철골철근콘크리트구조,2020,1,지하층은 있으나 옥내주차 근거 없음
2003322035802881687800000000,4719011600100730001,128.3557237,36.0863509,286.6,47190,경상북도 구미시 상모동,73-1,미성빌라23차,공동주택,1,12,UNDERGROUND_FLOOR_ONLY,0,1.0,12.0,0.0,3031.37,374.75,780.6,35.4,18.0,공동주택,철근콘크리트구조,2003,1,지하층은 있으나 옥내주차 근거 없음
2018124466693234076900000000,4725010700102120000,128.158535,36.4086104,248.5,47250,경상북도 상주시 남성동,212,안다미로,제2종근린생활시설,1,4,CONFIRMED_BASEMENT_PARKING_USE,1,1.0,4.0,5.0,979.91,235.88,403.0,17.6,0.0,제2종근린생활시설,철근콘크리트구조,2018,1,층별개요 지하층(flrGbCd=10)의 용도에 주차장 포함
2013126640593234313400000000,4725012000100650005,128.1827663,36.4089922,555.9,47250,경상북도 상주시 서곡동,65-5,,운동시설,1,3,UNDERGROUND_FLOOR_ONLY,0,1.0,3.0,0.0,1665.53,587.47,10337.0,13.65,0.0,운동시설,일반철골구조,2013,1,지하층은 있으나 옥내주차 근거 없음
2019121883553152299400000000,4725034023107590002,128.1305614,36.3347167,188.4,47250,경상북도 상주시 청리면 청하리,759-2,,제2종근린생활시설,1,1,UNDERGROUND_FLOOR_ONLY,0,1.0,1.0,0.0,311.128,259.613,679.0,4.96,0.0,제2종근린생활시설,철근콘크리트구조,2019,1,지하층은 있으나 옥내주차 근거 없음
2018123417703232974300000000,4725011000103800005,128.1468522,36.4075338,260.9,47250,경상북도 상주시 낙양동,380-5,,제2종근린생활시설,1,1,UNDERGROUND_FLOOR_ONLY,0,1.0,1.0,0.0,458.73,202.44,1421.0,6.2,0.0,제2종근린생활시설,철근콘크리트구조,2018,1,지하층은 있으나 옥내주차 근거 없음
2021119012943127876000000000,4725034027104620000,128.0988458,36.3124722,84.1,47250,경상북도 상주시 청리면 하초리,462,,단독주택,1,1,UNDERGROUND_FLOOR_ONLY,0,1.0,1.0,0.0,98.0,81.9,304.0,6.2,0.0,제2종근린생활시설,경량철골구조,2021,1,지하층은 있으나 옥내주차 근거 없음
2021101481813416534900000000,4725042022109900002,127.8999995,36.5709195,305.6,47250,경상북도 상주시 화북면 장암리,990-2,속리산시어동 휴양체험단지 관리센터,업무시설,1,1,UNDERGROUND_FLOOR_ONLY,0,1.0,1.0,0.0,685.68,342.84,1354.0,6.47,0.0,업무시설,철근콘크리트구조,2021,1,지하층은 있으나 옥내주차 근거 없음
2024123898253253664900000000,4725013300106970001,128.152006,36.4262156,1339.6,47250,경상북도 상주시 만산동,697-1,,제1종근린생활시설,1,2,CONFIRMED_BASEMENT_PARKING_USE,1,1.0,2.0,15.0,1430.64,511.79,1323.0,11.84,0.0,제1종근린생활시설,일반철골구조,2024,1,층별개요 지하층(flrGbCd=10)의 용도에 주차장 포함
0000124317593196022500000000,4725011500101020002,128.1572435,36.3743088,102.1,47250,경상북도 상주시 지천동,102-2,,단독주택,1,1,UNDERGROUND_FLOOR_ONLY,0,1.0,1.0,0.0,92.01,98.38,431.0,4.5,1.0,단독주택,철근콘크리트구조,,1,지하층은 있으나 옥내주차 근거 없음
1992306700993441404800000000,4728011000100270006,128.1931601,36.5924489,96.6,47280,경상북도 문경시 모전동,27-6,,단독주택,1,2,UNDERGROUND_FLOOR_ONLY,0,1.0,2.0,0.0,186.52,83.59,204.0,0.0,0.0,단독주택,벽돌구조,1992,1,지하층은 있으나 옥내주차 근거 없음
1996286270623362441300000000,4728037025105080000,127.9640044,36.5233654,155.7,47280,경상북도 문경시 농암면 내서리,508,,단독주택,1,2,UNDERGROUND_FLOOR_ONLY,0,1.0,2.0,0.0,191.77,103.33,234.0,0.0,0.0,단독주택,철근콘크리트구조,1996,1,지하층은 있으나 옥내주차 근거 없음
2020131397923644377900000000,4728034031103640000,128.2321404,36.7788355,116.4,47280,경상북도 문경시 산북면 가좌리,364,,단독주택,1,1,UNDERGROUND_FLOOR_ONLY,0,1.0,1.0,0.0,147.6,95.2,660.0,9.5,0.0,단독주택,경량철골구조,2020,1,지하층은 있으나 옥내주차 근거 없음
1987305208883464305600000000,4728010900102250000,128.1768019,36.6132465,95.4,47280,경상북도 문경시 공평동,225,,단독주택,1,1,UNDERGROUND_FLOOR_ONLY,0,1.0,1.0,0.0,116.63,105.74,0.0,0.0,0.0,단독주택,벽돌구조,1987,1,지하층은 있으나 옥내주차 근거 없음
1982307285933439686400000000,4728010100100910002,128.1996714,36.5908352,125.5,47280,경상북도 문경시 점촌동,91-2,,단독주택,1,2,UNDERGROUND_FLOOR_ONLY,0,1.0,2.0,0.0,139.54,75.82,204.0,0.0,0.0,단독주택,벽돌구조,1982,1,지하층은 있으나 옥내주차 근거 없음
2016124632003663698500000000,4728025036107390001,128.1561646,36.795729,164.7,47280,경상북도 문경시 문경읍 갈평리,739-1,관음권역활성화센터,제1종근린생활시설,1,2,UNDERGROUND_FLOOR_ONLY,0,1.0,2.0,0.0,349.47,190.17,510.0,9.55,0.0,제1종근린생활시설,철근콘크리트구조,2016,1,지하층은 있으나 옥내주차 근거 없음
1984307011653440314800000000,4728010100101800019,128.1966157,36.5914319,85.4,47280,경상북도 문경시 점촌동,180-19,,단독주택,1,1,UNDERGROUND_FLOOR_ONLY,0,1.0,1.0,0.0,75.63,63.75,107.3,0.0,0.0,단독주택,벽돌구조,1984,1,지하층은 있으나 옥내주차 근거 없음
1987306424763439746200000000,4728011000100830025,128.1900512,36.5909857,101.8,47280,경상북도 문경시 모전동,83-25,,단독주택,1,1,UNDERGROUND_FLOOR_ONLY,0,1.0,1.0,0.0,97.77,81.36,0.0,0.0,0.0,단독주택,벽돌구조,1987,1,지하층은 있으나 옥내주차 근거 없음
1999306361093435368200000000,4728011000108590005,128.1892791,36.5870482,168.5,47280,경상북도 문경시 모전동,859-5,매봉목욕탕,제1종근린생활시설,1,3,UNDERGROUND_FLOOR_ONLY,0,1.0,3.0,0.0,534.04,170.4,340.7,13.55,1.0,제1종근린생활시설,철근콘크리트구조,1999,1,지하층은 있으나 옥내주차 근거 없음
2013130889953707234600000000,4728035029108630000,128.2258795,36.8354339,86.7,47280,경상북도 문경시 동로면 명전리,863,,창고시설,1,1,UNDERGROUND_FLOOR_ONLY,0,1.0,1.0,0.0,96.57,114.91,0.0,7.0,0.0,단독주택,일반목구조,2004,3,지하층은 있으나 옥내주차 근거 없음
1989317412183641452000000000,4728035026101880004,128.3158914,36.7714121,95.3,47280,경상북도 문경시 동로면 노은리,188-4,,제1종근린생활시설,1,1,UNDERGROUND_FLOOR_ONLY,0,1.0,1.0,0.0,123.06,69.79,145.0,0.0,0.0,제1종근린생활시설,철근콘크리트구조,,1,지하층은 있으나 옥내주차 근거 없음
1985307011893441663700000000,4728010100101870019,128.1966372,36.5926474,132.9,47280,경상북도 문경시 점촌동,187-19,,단독주택,1,1,UNDERGROUND_FLOOR_ONLY,0,1.0,1.0,0.0,105.225,88.85,0.0,0.0,0.0,단독주택,벽돌구조,1985,1,지하층은 있으나 옥내주차 근거 없음
1990307555483451911600000000,4728010300103220001,128.2028537,36.601819,92.9,47280,경상북도 문경시 흥덕동,322-1,,단독주택,1,2,UNDERGROUND_FLOOR_ONLY,0,1.0,2.0,0.0,160.98,76.57,0.0,0.0,0.0,단독주택,벽돌구조,1973,2,지하층은 있으나 옥내주차 근거 없음
2004302785593472301700000000,4728010800104600000,128.1498269,36.6207149,1623.5,47280,경상북도 문경시 유곡동,460,,관광휴게시설,1,2,UNDERGROUND_FLOOR_ONLY,0,1.0,2.0,0.0,5226.96,4165.0,74440.0,17.6,0.0,관광휴게시설,철골철근콘크리트구조,2004,13,지하층은 있으나 옥내주차 근거 없음
1996316547043640996100000000,4728035026102400000,128.3061966,36.7711081,129.2,47280,경상북도 문경시 동로면 노은리,240,,단독주택,1,1,UNDERGROUND_FLOOR_ONLY,0,1.0,1.0,0.0,183.79,93.03,380.0,0.0,0.0,단독주택,벽돌구조,1996,1,지하층은 있으나 옥내주차 근거 없음
2002299079123592864300000000,4728025022103950001,128.109957,36.7297287,334.7,47280,경상북도 문경시 문경읍 하리,395-1,휠모텔,숙박시설,1,5,UNDERGROUND_FLOOR_ONLY,0,1.0,5.0,0.0,2064.14,331.7,837.1,15.15,0.0,숙박시설,철근콘크리트구조,2002,1,지하층은 있으나 옥내주차 근거 없음
2021116541433600849800000000,4728025028102700006,128.0662131,36.7384243,73.0,47280,경상북도 문경시 문경읍 각서리,270-6,,창고시설,1,1,UNDERGROUND_FLOOR_ONLY,0,1.0,1.0,0.0,101.22,60.96,573.0,5.45,0.0,창고시설,경량철골구조,2021,1,지하층은 있으나 옥내주차 근거 없음
1997286769793527453500000000,4728025331104050004,127.9714361,36.6719975,231.9,47280,경상북도 문경시 가은읍 완장리,405-4,,숙박시설,1,2,PROBABLE_NOT_CONFIRMED_IN_FLOOR_ROWS,0,1.0,2.0,8.0,602.79,333.05,1654.51,11.9,0.0,근린생활시설,경량철골구조,1997,1,지하층과 옥내주차는 있으나 수집된 지하층 용도에서 주차장 미확인
2010134260093655019800000000,4728035028101470001,128.2641076,36.7886269,346.1,47280,경상북도 문경시 동로면 생달리,147-1,,공장,1,2,UNDERGROUND_FLOOR_ONLY,0,1.0,2.0,0.0,872.72,486.95,1692.0,11.05,0.0,공장,일반철골구조,2010,5,지하층은 있으나 옥내주차 근거 없음
1984306618753440763600000000,4728011000100410004,128.1922324,36.5918805,116.3,47280,경상북도 문경시 모전동,41-4,,단독주택,1,1,UNDERGROUND_FLOOR_ONLY,0,1.0,1.0,0.0,97.65,81.09,166.0,0.0,0.0,단독주택,벽돌구조,1984,1,지하층은 있으나 옥내주차 근거 없음
1986307350793440421100000000,4728010100101280038,128.2004064,36.5914899,94.4,47280,경상북도 문경시 점촌동,128-38,,단독주택,1,1,UNDERGROUND_FLOOR_ONLY,0,1.0,1.0,0.0,96.08,73.4,162.0,0.0,0.0,단독주택,벽돌구조,1986,1,지하층은 있으나 옥내주차 근거 없음
1986307368843444208500000000,4728010100102450026,128.2006608,36.5949,165.4,47280,경상북도 문경시 점촌동,245-26,,숙박시설,1,3,UNDERGROUND_FLOOR_ONLY,0,1.0,3.0,0.0,489.52,158.3,0.0,0.0,0.0,숙박시설,철근콘크리트구조,1986,2,지하층은 있으나 옥내주차 근거 없음
2013126471773509790300000000,4728033022100150001,128.1782579,36.6571991,173.0,47280,경상북도 문경시 호계면 별암리,15-1,,단독주택,1,1,UNDERGROUND_FLOOR_ONLY,0,1.0,1.0,0.0,163.98,174.91,507.0,5.66,0.0,단독주택,경량철골구조,2013,1,지하층은 있으나 옥내주차 근거 없음
1997303250903657826700000000,4728025036107370012,128.1575283,36.787811,181.9,47280,경상북도 문경시 문경읍 갈평리,737-12,,단독주택,1,1,UNDERGROUND_FLOOR_ONLY,0,1.0,1.0,0.0,141.32,124.2,415.0,6.9,0.0,단독주택,벽돌구조,1997,1,지하층은 있으나 옥내주차 근거 없음
1998303246493657708300000000,4728025036105640013,128.1574774,36.7877049,165.0,47280,경상북도 문경시 문경읍 갈평리,564-13,,단독주택,1,1,UNDERGROUND_FLOOR_ONLY,0,1.0,1.0,0.0,127.22,114.21,351.0,4.6,0.0,단독주택,벽돌구조,1998,1,지하층은 있으나 옥내주차 근거 없음
1985296940463617154600000000,4728025029102050000,128.0863272,36.7518336,81.7,47280,경상북도 문경시 문경읍 하초리,205,,단독주택,1,1,UNDERGROUND_FLOOR_ONLY,0,1.0,1.0,0.0,160.44,150.3,1405.0,0.0,0.0,단독주택,벽돌구조,1985,3,지하층은 있으나 옥내주차 근거 없음
2019111112793558621300000000,4728025332104850000,128.0059342,36.6998852,6.5,47280,경상북도 문경시 가은읍 원북리,485,봉암사,종교시설,1,0,UNDERGROUND_FLOOR_ONLY,0,1.0,2.0,0.0,793.63,583.03,35624.0,12.19,0.0,종교시설,철근콘크리트구조,1986,27,지하층은 있으나 옥내주차 근거 없음
1980297182853616554700000000,4728025029100280002,128.0890334,36.7512683,351.6,47280,경상북도 문경시 문경읍 하초리,28-2,,종교시설,1,3,UNDERGROUND_FLOOR_ONLY,0,1.0,3.0,0.0,747.0,0.0,944.0,0.0,0.0,문화및집회시설,철근콘크리트구조,1980,1,지하층은 있으나 옥내주차 근거 없음
1988302883683624853100000000,4728025033108080000,128.1529708,36.7581443,97.3,47280,경상북도 문경시 문경읍 당포리,808,,단독주택,1,1,UNDERGROUND_FLOOR_ONLY,0,1.0,1.0,0.0,140.15,140.15,509.0,4.9,0.0,단독주택,벽돌구조,1988,2,지하층은 있으나 옥내주차 근거 없음
1998292933363616028900000000,4728025028200390004,128.0414492,36.7512199,474.9,47280,경상북도 문경시 문경읍 각서리,39-4,,업무시설,1,1,UNDERGROUND_FLOOR_ONLY,0,1.0,1.0,0.0,561.15,437.05,4384.0,6.55,0.0,업무시설,철근콘크리트구조,1998,1,지하층은 있으나 옥내주차 근거 없음
2004302308813677420400000000,4728025038103440000,128.1472389,36.8055657,551.9,47280,경상북도 문경시 문경읍 관음리,344,석산도예공장,공장,1,3,UNDERGROUND_FLOOR_ONLY,0,1.0,3.0,0.0,1680.33,538.15,2718.0,14.8,0.0,공장,일반철골구조,2004,1,지하층은 있으나 옥내주차 근거 없음
1987317433973641124600000000,4728035026101880019,128.3161307,36.7711148,96.5,47280,경상북도 문경시 동로면 노은리,188-19,,단독주택,1,1,UNDERGROUND_FLOOR_ONLY,0,1.0,1.0,0.0,94.78,67.35,349.0,0.0,0.0,단독주택,벽돌구조,,1,지하층은 있으나 옥내주차 근거 없음
1990306662083441782500000000,4728011000100390020,128.1927306,36.5927935,106.8,47280,경상북도 문경시 모전동,39-20,,단독주택,1,2,UNDERGROUND_FLOOR_ONLY,0,1.0,2.0,0.0,176.23,92.77,163.0,0.0,0.0,단독주택,벽돌구조,1990,1,지하층은 있으나 옥내주차 근거 없음
1986306667233440027100000000,4728011000100420017,128.1927638,36.5912115,126.9,47280,경상북도 문경시 모전동,42-17,,단독주택,1,1,UNDERGROUND_FLOOR_ONLY,0,1.0,1.0,0.0,101.76,85.44,176.0,0.0,0.0,단독주택,벽돌구조,1986,1,지하층은 있으나 옥내주차 근거 없음
1986306648183439881000000000,4728011000100420023,128.1925489,36.5910818,119.1,47280,경상북도 문경시 모전동,42-23,,단독주택,1,1,UNDERGROUND_FLOOR_ONLY,0,1.0,1.0,0.0,110.96,92.66,176.0,0.0,0.0,단독주택,벽돌구조,1986,1,지하층은 있으나 옥내주차 근거 없음
1990308112033457714000000000,4728010300104400002,128.2091539,36.6069836,150.0,47280,경상북도 문경시 흥덕동,440-2,,단독주택,1,1,UNDERGROUND_FLOOR_ONLY,0,1.0,1.0,0.0,101.67,84.12,0.0,0.0,0.0,단독주택,벽돌구조,1990,2,지하층은 있으나 옥내주차 근거 없음
1983306632983440786200000000,4728011000100410012,128.1923917,36.5918992,118.6,47280,경상북도 문경시 모전동,41-12,,단독주택,1,1,UNDERGROUND_FLOOR_ONLY,0,1.0,1.0,0.0,100.1,82.82,165.0,0.0,0.0,단독주택,벽돌구조,1983,1,지하층은 있으나 옥내주차 근거 없음
1984306393953440038100000000,4728011000101170030,128.1897106,36.5912516,111.5,47280,경상북도 문경시 모전동,117-30,,단독주택,1,1,UNDERGROUND_FLOOR_ONLY,0,1.0,1.0,0.0,74.73,63.18,0.0,0.0,0.0,단독주택,벽돌구조,1984,1,지하층은 있으나 옥내주차 근거 없음
1989306394793439880500000000,4728011000101170026,128.1897179,36.5911097,98.9,47280,경상북도 문경시 모전동,117-26,,단독주택,1,2,UNDERGROUND_FLOOR_ONLY,0,1.0,2.0,0.0,198.03,85.77,0.0,0.0,0.0,단독주택,벽돌구조,1989,1,지하층은 있으나 옥내주차 근거 없음
1982306667513438054200000000,4728011000100810074,128.1927396,36.5894339,82.7,47280,경상북도 문경시 모전동,81-74,,단독주택,1,2,UNDERGROUND_FLOOR_ONLY,0,1.0,2.0,0.0,146.94,86.1,0.0,0.0,0.0,단독주택,벽돌구조,1982,1,지하층은 있으나 옥내주차 근거 없음
1998289456263446253300000000,4728037022100010013,128.0005388,36.5985881,179.0,47280,경상북도 문경시 농암면 종곡리,1-13,,단독주택,1,1,UNDERGROUND_FLOOR_ONLY,0,1.0,1.0,0.0,159.15,111.53,398.0,8.0,0.0,단독주택,벽돌구조,1998,1,지하층은 있으나 옥내주차 근거 없음
1989307239113439103900000000,4728010100100910020,128.1991402,36.5903156,132.8,47280,경상북도 문경시 점촌동,91-20,,단독주택,1,2,UNDERGROUND_FLOOR_ONLY,0,1.0,2.0,0.0,167.68,90.72,171.0,6.4,0.0,단독주택,벽돌구조,1989,1,지하층은 있으나 옥내주차 근거 없음
1986306641073441541300000000,4728011000100400002,128.1924925,36.5925786,141.2,47280,경상북도 문경시 모전동,40-2,,단독주택,1,1,UNDERGROUND_FLOOR_ONLY,0,1.0,1.0,0.0,101.4,83.55,153.0,0.0,0.0,단독주택,벽돌구조,,1,지하층은 있으나 옥내주차 근거 없음
1998306231183436292900000000,4728011000102570000,128.1878405,36.5878956,483.8,47280,경상북도 문경시 모전동,257,,업무시설,1,3,GIS_BASEMENT_CANDIDATE_NOT_CONFIRMED_BY_TITLE,0,0.0,2.0,0.0,452.8,369.0,5132.91,9.0,0.0,노유자시설,철근콘크리트구조,2007,1,GIS에는 지하층이 있으나 건축물대장 표제부에서 확인되지 않음
1993306849743447587200000000,4728010100104360015,128.1949079,36.5980023,83.1,47280,경상북도 문경시 점촌동,436-15,,단독주택,1,3,UNDERGROUND_FLOOR_ONLY,0,1.0,3.0,0.0,161.92,60.72,102.48,0.0,0.0,단독주택,벽돌구조,1993,1,지하층은 있으나 옥내주차 근거 없음
2003306760063435086000000000,4728011000100770006,128.1937324,36.5867494,288.3,47280,경상북도 문경시 모전동,77-6,,숙박시설,1,6,UNDERGROUND_FLOOR_ONLY,0,1.0,6.0,0.0,1543.02,503.06,661.2,0.0,1.0,숙박시설,철근콘크리트구조,2003,1,지하층은 있으나 옥내주차 근거 없음
2007305623173436539500000000,4728011000109160000,128.1810511,36.5881852,32.0,47280,경상북도 문경시 모전동,916,문경경찰서,업무시설,1,4,GIS_ONLY_NO_REGISTER_ROW,0,,,,,,,,,,,,0,
1987300888243511945900000000,4728036025101100003,128.1291409,36.6566352,154.9,47280,경상북도 문경시 마성면 신현리,110-3,,숙박시설,1,3,UNDERGROUND_FLOOR_ONLY,0,1.0,3.0,0.0,445.355,134.73,340.0,0.0,0.0,숙박시설,벽돌구조,1987,2,지하층은 있으나 옥내주차 근거 없음
1983306542613446268700000000,4728011000105510029,128.1914578,36.5968486,112.8,47280,경상북도 문경시 모전동,551-29,,단독주택,1,1,UNDERGROUND_FLOOR_ONLY,0,1.0,1.0,0.0,100.43,84.17,0.0,0.0,0.0,단독주택,벽돌구조,1983,1,지하층은 있으나 옥내주차 근거 없음
2002306334213445007000000000,4728011000105130000,128.1891119,36.5957351,1126.7,47280,경상북도 문경시 모전동,513,문경여자중학교,교육연구시설,1,2,UNDERGROUND_FLOOR_ONLY,0,1.0,3.0,0.0,3511.27,1195.22,0.0,12.5,0.0,교육연구시설,철근콘크리트구조,2002,8,지하층은 있으나 옥내주차 근거 없음
1982306419113439903500000000,4728011000100830019,128.18999,36.5911276,113.9,47280,경상북도 문경시 모전동,83-19,,단독주택,1,1,UNDERGROUND_FLOOR_ONLY,0,1.0,1.0,0.0,83.5,83.5,0.0,0.0,0.0,단독주택,벽돌구조,1982,1,지하층은 있으나 옥내주차 근거 없음
1987306971293437950000000000,4728011000100600041,128.196132,36.589306,102.7,47280,경상북도 문경시 모전동,60-41,,단독주택,1,2,UNDERGROUND_FLOOR_ONLY,0,1.0,2.0,0.0,173.92,89.1,162.0,0.0,0.0,단독주택,벽돌구조,1987,1,지하층은 있으나 옥내주차 근거 없음
1996306318903435791700000000,4728011000102700010,128.1888136,36.5874343,137.0,47280,경상북도 문경시 모전동,270-10,,제1종근린생활시설,1,2,UNDERGROUND_FLOOR_ONLY,0,1.0,2.0,0.0,404.625,134.875,256.0,8.3,0.0,제1종근린생활시설,철근콘크리트구조,1996,1,지하층은 있으나 옥내주차 근거 없음
1986306564713444542400000000,4728011000100270026,128.191681,36.595291,93.1,47280,경상북도 문경시 모전동,27-26,,단독주택,1,1,UNDERGROUND_FLOOR_ONLY,0,1.0,1.0,0.0,95.05,80.01,149.0,0.0,0.0,단독주택,벽돌구조,1986,1,지하층은 있으나 옥내주차 근거 없음
2016119204843592561300000000,4728025026107890002,128.096117,36.7311869,48.9,47280,경상북도 문경시 문경읍 마원리,789-2,,단독주택,1,2,UNDERGROUND_FLOOR_ONLY,0,1.0,2.0,0.0,90.93,43.47,131.0,6.4,0.0,단독주택,철근콘크리트구조,2016,1,지하층은 있으나 옥내주차 근거 없음
2016119196953592308200000000,4728025026107890006,128.0960316,36.7309586,49.9,47280,경상북도 문경시 문경읍 마원리,789-6,,단독주택,1,2,UNDERGROUND_FLOOR_ONLY,0,1.0,2.0,0.0,77.48,43.85,139.0,6.2,0.0,단독주택,철근콘크리트구조,2016,1,지하층은 있으나 옥내주차 근거 없음
1983307293293446370700000000,4728010100102660004,128.1998468,36.5968565,363.5,47280,경상북도 문경시 점촌동,266-4,,제1종근린생활시설,1,1,UNDERGROUND_FLOOR_ONLY,0,1.0,1.0,0.0,448.13,342.51,0.0,0.0,0.0,제1종근린생활시설,철근콘크리트구조,1983,1,지하층은 있으나 옥내주차 근거 없음
1988306653413440457900000000,4728011000100410030,128.1926154,36.5916011,134.8,47280,경상북도 문경시 모전동,41-30,,단독주택,1,2,UNDERGROUND_FLOOR_ONLY,0,1.0,2.0,0.0,202.8,105.96,194.0,0.0,0.0,단독주택,벽돌구조,1988,1,지하층은 있으나 옥내주차 근거 없음
1987306717153439864900000000,4728011000100420034,128.1933193,36.5910597,104.4,47280,경상북도 문경시 모전동,42-34,,단독주택,1,2,UNDERGROUND_FLOOR_ONLY,0,1.0,2.0,0.0,168.77,81.89,160.0,0.0,0.0,단독주택,벽돌구조,1987,1,지하층은 있으나 옥내주차 근거 없음
1986306676473440280700000000,4728011000100420010,128.1928704,36.5914388,137.6,47280,경상북도 문경시 모전동,42-10,,단독주택,1,1,UNDERGROUND_FLOOR_ONLY,0,1.0,1.0,0.0,102.33,86.01,178.0,0.0,0.0,단독주택,벽돌구조,1986,1,지하층은 있으나 옥내주차 근거 없음
1984306948993445717000000000,4728010100104550005,128.1959907,36.5963061,164.5,47280,경상북도 문경시 점촌동,455-5,,단독주택,1,1,UNDERGROUND_FLOOR_ONLY,0,1.0,1.0,0.0,116.83,95.77,343.0,0.0,0.0,단독주택,벽돌구조,1984,1,지하층은 있으나 옥내주차 근거 없음
0000115850883503486100000000,4728025321105340002,128.0595536,36.6506387,262.0,47280,경상북도 문경시 가은읍 왕능리,534-2,석촌그린빌,노유자시설,1,2,UNDERGROUND_FLOOR_ONLY,0,1.0,2.0,0.0,564.16,262.5,700.0,7.35,0.0,노유자시설,철근콘크리트구조,,1,지하층은 있으나 옥내주차 근거 없음
1991307328693440537600000000,4728010100101280040,128.2001609,36.5915972,100.8,47280,경상북도 문경시 점촌동,128-40,,단독주택,1,2,UNDERGROUND_FLOOR_ONLY,0,1.0,2.0,0.0,236.67,107.85,188.0,0.0,0.0,단독주택,철근콘크리트구조,1991,1,지하층은 있으나 옥내주차 근거 없음
1982127972003433017200000000,4728011000100630005,128.1957554,36.5881376,96.3,47280,경상북도 문경시 모전동,63-5,,제2종근린생활시설,1,2,UNDERGROUND_FLOOR_ONLY,0,1.0,2.0,0.0,176.18,89.21,396.7,0.0,0.0,제2종근린생활시설,벽돌구조,1982,1,지하층은 있으나 옥내주차 근거 없음
1983307198943441412600000000,4728010100101740004,128.1987237,36.5924003,74.6,47280,경상북도 문경시 점촌동,174-4,,단독주택,1,2,GIS_ONLY_NO_REGISTER_ROW,0,,,,,,,,,,,,0,
1976128471553440054900000000,4728010100102650020,128.2012716,36.5945166,171.9,47280,경상북도 문경시 점촌동,265-20,,제2종근린생활시설,1,3,UNDERGROUND_FLOOR_ONLY,0,1.0,3.0,0.0,0.0,0.0,415.5,11.5,0.0,제2종근린생활시설,철근콘크리트구조,1976,1,지하층은 있으나 옥내주차 근거 없음
1986308262973457940300000000,4728010300104810001,128.210844,36.6071706,117.9,47280,경상북도 문경시 흥덕동,481-1,,단독주택,1,1,UNDERGROUND_FLOOR_ONLY,0,1.0,1.0,0.0,139.48,139.48,0.0,0.0,0.0,단독주택,블록구조,1986,2,지하층은 있으나 옥내주차 근거 없음
1985307152983450332000000000,4728010100104010041,128.1983341,36.600441,109.1,47280,경상북도 문경시 점촌동,401-41,,단독주택,1,2,UNDERGROUND_FLOOR_ONLY,0,1.0,2.0,0.0,149.85,85.5,0.0,0.0,0.0,단독주택,벽돌구조,1985,1,지하층은 있으나 옥내주차 근거 없음
1978307221293441941700000000,4728010100102800020,128.1989805,36.5928741,103.7,47280,경상북도 문경시 점촌동,280-20,,단독주택,1,2,UNDERGROUND_FLOOR_ONLY,0,1.0,2.0,0.0,140.82,97.85,0.0,0.0,0.0,단독주택,벽돌구조,1978,1,지하층은 있으나 옥내주차 근거 없음
1997305659903440583300000000,4728011000106700000,128.1815171,36.5918244,1945.4,47280,경상북도 문경시 모전동,670,모전초등학교,교육연구시설,1,3,UNDERGROUND_FLOOR_ONLY,0,1.0,4.0,0.0,5330.94,1919.01,0.0,14.85,0.0,교육연구시설,철근콘크리트구조,1997,4,지하층은 있으나 옥내주차 근거 없음
2000307180723446090300000000,4728010100102500006,128.1985851,36.5966165,438.9,47280,경상북도 문경시 점촌동,250-6,거장프라자,제1종근린생활시설,2,9,CONFIRMED_BASEMENT_PARKING_USE,1,2.0,9.0,21.0,3914.78,513.51,668.0,30.5,9.0,제1종근린생활시설,철근콘크리트구조,2000,1,층별개요 지하층(flrGbCd=10)의 용도에 주차장 포함
1990306578293437536100000000,4728011000100850022,128.1917356,36.588977,118.2,47280,경상북도 문경시 모전동,85-22,,단독주택,1,1,UNDERGROUND_FLOOR_ONLY,0,1.0,1.0,0.0,115.13,95.33,0.0,0.0,0.0,단독주택,벽돌구조,1990,1,지하층은 있으나 옥내주차 근거 없음
