{"type": "FeatureCollection", "features": [{"id": "5f4996f8-8b3e-4d59-b153-f46546754e88", "type": "Feature", "geometry": {"type": "MultiPolygon", "coordinates": [[[[128.7119289, 37.0421082], [128.7115161, 37.0419028], [128.7110101, 37.0411789], [128.7104451, 37.0406248], [128.7097999, 37.0401086], [128.7090987, 37.0393558], [128.7081325, 37.0394739], [128.7063227, 37.0400855], [128.705064, 37.0401219], [128.7045805, 37.040427], [128.7041307, 37.0409177], [128.7023825, 37.0407978], [128.7004033, 37.0408276], [128.6987884, 37.0423744], [128.6971103, 37.0440821], [128.6968353, 37.044242], [128.6967075, 37.0452878], [128.6952714, 37.0461941], [128.6945878, 37.0469331], [128.6944987, 37.0474113], [128.693224, 37.0484394], [128.6921677, 37.0494672], [128.691529, 37.0503961], [128.690277, 37.0516446], [128.6897506, 37.0524601], [128.6890732, 37.0530546], [128.687799, 37.0526208], [128.6871003, 37.0525575], [128.6866686, 37.0521754], [128.6853895, 37.0521539], [128.6840359, 37.0514661], [128.6837321, 37.0514352], [128.6831387, 37.0525138], [128.68288, 37.0531445], [128.6823254, 37.0533531], [128.6817687, 37.0536569], [128.6806147, 37.0538312], [128.6804835, 37.054161], [128.6798438, 37.0550843], [128.6797579, 37.0557944], [128.6792284, 37.0560128], [128.6788402, 37.0563449], [128.6783021, 37.0564606], [128.6775238, 37.0570116], [128.6768846, 37.0580582], [128.6763194, 37.0581523], [128.6756507, 37.0588476], [128.6746389, 37.0587217], [128.674249, 37.05904], [128.6731332, 37.058976], [128.6719174, 37.0585939], [128.6703093, 37.0594367], [128.6692732, 37.0593995], [128.6673083, 37.0602642], [128.6668945, 37.0602052], [128.6660825, 37.0605176], [128.664275, 37.0609033], [128.6633129, 37.0609438], [128.6623716, 37.0608911], [128.6619056, 37.0610415], [128.6594099, 37.0603495], [128.6581462, 37.06085], [128.6578566, 37.0608301], [128.6573974, 37.0611668], [128.6566737, 37.0630745], [128.6560061, 37.0644629], [128.6548394, 37.065147], [128.6533036, 37.065515], [128.6530789, 37.0657144], [128.652245, 37.0655787], [128.652096, 37.06544], [128.6518562, 37.0648513], [128.651545, 37.0643527], [128.6518061, 37.0639017], [128.6518738, 37.0634931], [128.6515794, 37.0632204], [128.6509392, 37.0630052], [128.6508764, 37.062894], [128.6504303, 37.0625396], [128.6495471, 37.0627712], [128.6479816, 37.0620516], [128.6461339, 37.0610879], [128.6460014, 37.0608906], [128.6450657, 37.0600539], [128.644691, 37.0596525], [128.6444752, 37.0589311], [128.6443649, 37.0587231], [128.6439241, 37.0583483], [128.6437424, 37.0579558], [128.6426698, 37.0568453], [128.6422099, 37.0562393], [128.6417372, 37.0552807], [128.641061, 37.0548263], [128.6404728, 37.0544937], [128.6404817, 37.0544643], [128.6404387, 37.0544908], [128.6401749, 37.0542774], [128.6399511, 37.0541988], [128.6395232, 37.0541149], [128.6393485, 37.053996], [128.6391598, 37.0533516], [128.639265, 37.0530829], [128.6391327, 37.052875], [128.6391003, 37.0526108], [128.6390379, 37.0525019], [128.6389246, 37.0524761], [128.6387802, 37.0524947], [128.6381265, 37.0527746], [128.6377579, 37.0529948], [128.6375777, 37.0530449], [128.6374733, 37.0530263], [128.6371752, 37.0526875], [128.6369658, 37.0526031], [128.6367415, 37.0524313], [128.6367084, 37.0523653], [128.6370686, 37.0518806], [128.6371719, 37.0517987], [128.6377715, 37.0516651], [128.6378558, 37.0515536], [128.6378721, 37.0514419], [128.637754, 37.0510335], [128.6376159, 37.0507514], [128.6375881, 37.0506194], [128.6374034, 37.0505541], [128.6370905, 37.0502163], [128.636633, 37.0500104], [128.6364772, 37.0498379], [128.6363596, 37.0495966], [128.6365913, 37.0493141], [128.6365903, 37.0492195], [128.6364257, 37.048914], [128.6360018, 37.0484238], [128.635881, 37.0481977], [128.6358302, 37.0477107], [128.6345264, 37.0465526], [128.6340849, 37.0456676], [128.633305, 37.0420832], [128.6328086, 37.041715], [128.6329245, 37.0405019], [128.6310911, 37.0409632], [128.6282651, 37.0421434], [128.6260764, 37.0438146], [128.6246677, 37.04547], [128.6228317, 37.0453371], [128.6217373, 37.0466787], [128.6220846, 37.0479117], [128.6217141, 37.0490751], [128.617743, 37.0506623], [128.6137479, 37.0514022], [128.6129932, 37.051662], [128.6122806, 37.0517006], [128.6117928, 37.0515899], [128.6111526, 37.0517137], [128.6109419, 37.0518145], [128.6107799, 37.0518449], [128.6103097, 37.0521365], [128.6102128, 37.0521375], [128.6098582, 37.0520156], [128.6097595, 37.0520324], [128.6088352, 37.0526954], [128.6084366, 37.0528145], [128.6082395, 37.0518793], [128.6081668, 37.0516832], [128.608074, 37.0515127], [128.6077216, 37.0511233], [128.6074341, 37.0503853], [128.6070954, 37.049748], [128.6071078, 37.049569], [128.6072669, 37.0492155], [128.6076038, 37.0487191], [128.607892, 37.0477618], [128.6079214, 37.0474053], [128.6078392, 37.0472225], [128.607433, 37.0467328], [128.6069846, 37.0463883], [128.6067576, 37.0462861], [128.6066621, 37.0461699], [128.606609, 37.0458162], [128.6066949, 37.045659], [128.6066979, 37.0449518], [128.607082, 37.0445763], [128.6071257, 37.0443643], [128.6071256, 37.0438465], [128.6070749, 37.043723], [128.6067881, 37.0433958], [128.6058467, 37.0433902], [128.6058476, 37.0433694], [128.6051605, 37.0433314], [128.6042394, 37.0438059], [128.6031045, 37.0440036], [128.6016389, 37.0440972], [128.6004838, 37.0437318], [128.5980563, 37.0431059], [128.5979637, 37.0422417], [128.5968308, 37.0417659], [128.5941214, 37.0420473], [128.5924805, 37.0418851], [128.5920461, 37.0421717], [128.5918259, 37.0424449], [128.5907424, 37.0431036], [128.5905241, 37.0431277], [128.5896134, 37.0430793], [128.587456, 37.0431265], [128.5866643, 37.0435662], [128.586032, 37.0429535], [128.5835256, 37.0437336], [128.5821346, 37.0426434], [128.5808827, 37.0402635], [128.5805636, 37.0392024], [128.5788566, 37.0383677], [128.5783785, 37.0373295], [128.5777284, 37.0365459], [128.5777338, 37.0355671], [128.577149, 37.035411], [128.5757394, 37.0357071], [128.5743277, 37.0354259], [128.5729711, 37.0359386], [128.5715839, 37.0356515], [128.5710632, 37.0352673], [128.5704791, 37.0350782], [128.5699505, 37.0347859], [128.5692909, 37.0348847], [128.5690702, 37.0345706], [128.5685881, 37.0342138], [128.5683719, 37.0342194], [128.5678608, 37.0338731], [128.5676744, 37.0334837], [128.5673272, 37.0331166], [128.5666811, 37.0326208], [128.5661752, 37.031827], [128.5656407, 37.0315173], [128.5654132, 37.0307176], [128.5661813, 37.0303446], [128.5666872, 37.0297359], [128.5668683, 37.0293737], [128.5667238, 37.0284949], [128.5668296, 37.0281706], [128.5666218, 37.0279374], [128.5666552, 37.0268073], [128.5669258, 37.0259957], [128.5682821, 37.024826], [128.5688235, 37.0245671], [128.5690181, 37.0242934], [128.5691263, 37.0237322], [128.5697733, 37.023399], [128.5710174, 37.0228552], [128.5714177, 37.0228705], [128.5718597, 37.0224395], [128.5726077, 37.0219667], [128.5729057, 37.0207997], [128.5720649, 37.0194807], [128.5719373, 37.0185516], [128.5714051, 37.018129], [128.5716503, 37.0176065], [128.5714254, 37.0174414], [128.5715388, 37.0167946], [128.5712725, 37.0159335], [128.5708768, 37.0154212], [128.570344, 37.0139951], [128.5694232, 37.0131629], [128.5691433, 37.0127713], [128.5681661, 37.0124244], [128.5674136, 37.0115102], [128.5665207, 37.0112999], [128.5661571, 37.0110499], [128.564257, 37.0104318], [128.5634633, 37.0101286], [128.5633314, 37.009139], [128.5629222, 37.007894], [128.5623442, 37.0077521], [128.5614989, 37.007719], [128.5607403, 37.0071732], [128.5596058, 37.0066143], [128.5575567, 37.0057754], [128.5559396, 37.0057031], [128.5556215, 37.0048716], [128.5555971, 37.0041401], [128.5550818, 37.0035722], [128.5557505, 37.0028306], [128.5557443, 37.002129], [128.5558211, 37.0019512], [128.5554704, 37.0007254], [128.5556058, 37.0000847], [128.5547058, 36.9988982], [128.5547309, 36.9982861], [128.553969, 36.9978948], [128.5533856, 36.9974632], [128.5526937, 36.9972225], [128.5494639, 36.9954568], [128.5478536, 36.994543], [128.5476331, 36.9944037], [128.5472989, 36.9938128], [128.5457034, 36.9943427], [128.5444521, 36.9927825], [128.5443565, 36.9927604], [128.5442067, 36.9925717], [128.5430271, 36.9920923], [128.541953, 36.9921936], [128.5417127, 36.991994], [128.5410732, 36.9918874], [128.5404714, 36.9917246], [128.5403521, 36.991549], [128.5393354, 36.9912288], [128.5387006, 36.9909043], [128.5380738, 36.991081], [128.5379118, 36.9913864], [128.5355336, 36.990225], [128.5350088, 36.990205], [128.5342202, 36.9903836], [128.5335704, 36.9901679], [128.532454, 36.9904714], [128.5305248, 36.9904118], [128.5296834, 36.9908107], [128.5287392, 36.9905308], [128.5273497, 36.9901832], [128.5271955, 36.9900712], [128.5263436, 36.9900374], [128.5260267, 36.9900724], [128.5251505, 36.9895943], [128.5244707, 36.989404], [128.5242323, 36.9892077], [128.523231, 36.9891386], [128.5232221, 36.9891001], [128.5227423, 36.9886397], [128.5222546, 36.9886471], [128.5213212, 36.98815], [128.5201128, 36.988065], [128.5183473, 36.9874794], [128.5177147, 36.9873999], [128.5169251, 36.9869108], [128.5163028, 36.986908], [128.5154745, 36.9868234], [128.5154746, 36.9867958], [128.51548, 36.985275], [128.5156228, 36.9835754], [128.5152134, 36.9832802], [128.5146153, 36.9825167], [128.5146419, 36.9820686], [128.5141113, 36.9811865], [128.5138676, 36.9803976], [128.5140282, 36.9793453], [128.5144123, 36.9785743], [128.5145827, 36.9779485], [128.5146141, 36.9775815], [128.5131105, 36.9764375], [128.5113036, 36.9755528], [128.509745, 36.9746206], [128.5076043, 36.9736407], [128.5064182, 36.9731925], [128.5066192, 36.9708198], [128.5067278, 36.9700824], [128.5064967, 36.970053], [128.5051326, 36.9692067], [128.5039798, 36.9686683], [128.5027851, 36.9683659], [128.502258, 36.9678851], [128.5000733, 36.9675211], [128.4998678, 36.9672782], [128.499209, 36.9667493], [128.4982373, 36.9663896], [128.4976527, 36.9660658], [128.4962821, 36.9657201], [128.4955649, 36.9651661], [128.4946996, 36.9648225], [128.4938515, 36.9644232], [128.4908657, 36.9636948], [128.489561, 36.9637267], [128.4890536, 36.963454], [128.4881918, 36.9628715], [128.4874432, 36.9627739], [128.4864202, 36.9621836], [128.4860153, 36.9619296], [128.4858336, 36.9616805], [128.48598, 36.9609609], [128.4857086, 36.9604806], [128.4855756, 36.9600811], [128.4848955, 36.9574713], [128.4814416, 36.9578987], [128.4799584, 36.9576703], [128.4770995, 36.9574448], [128.4770465, 36.9574404], [128.4764215, 36.9572567], [128.4754699, 36.9568665], [128.4750314, 36.9563589], [128.4741429, 36.9556204], [128.4731416, 36.9553459], [128.4723854, 36.9546852], [128.4722928, 36.9544873], [128.4696633, 36.9528197], [128.4671693, 36.9514503], [128.467073, 36.9507273], [128.4661466, 36.9502201], [128.464859, 36.9490399], [128.4644307, 36.9487865], [128.4627815, 36.9473843], [128.4634229, 36.9437575], [128.4628288, 36.9424412], [128.4623425, 36.941683], [128.4620422, 36.9414423], [128.4614358, 36.9395559], [128.4608662, 36.9392431], [128.4605629, 36.9382543], [128.4603747, 36.9379342], [128.46019, 36.9377208], [128.4603887, 36.937327], [128.4603969, 36.9366145], [128.4600834, 36.9360471], [128.4603952, 36.934005], [128.4594378, 36.93401], [128.4581995, 36.9342975], [128.4567953, 36.9341007], [128.4559806, 36.9340527], [128.4556334, 36.933591], [128.4541843, 36.9323969], [128.4542149, 36.932122], [128.4539707, 36.9319735], [128.4526678, 36.9307184], [128.4519818, 36.9305322], [128.4504358, 36.9307893], [128.4496463, 36.930329], [128.4484934, 36.9299545], [128.4477287, 36.9293531], [128.4475135, 36.92932], [128.4460682, 36.9287643], [128.4454589, 36.9281272], [128.4432095, 36.927517], [128.4419988, 36.9273909], [128.4417473, 36.9273647], [128.4415934, 36.9273486], [128.4418118, 36.9269337], [128.4422218, 36.9261539], [128.442316, 36.9253807], [128.4422577, 36.9249272], [128.4428212, 36.9238445], [128.4429926, 36.9233024], [128.4431356, 36.9228493], [128.4431099, 36.9227336], [128.4431197, 36.9222287], [128.4430259, 36.9219212], [128.4428273, 36.9198457], [128.443134, 36.9195409], [128.4437118, 36.9187532], [128.4447757, 36.9176937], [128.4448104, 36.9176693], [128.4451149, 36.9174553], [128.4451741, 36.9174137], [128.445116, 36.9173255], [128.4450142, 36.9171716], [128.4447684, 36.9168003], [128.4446581, 36.9155639], [128.4443841, 36.915106], [128.4445863, 36.9140959], [128.4447495, 36.9136935], [128.4441333, 36.9133164], [128.4439761, 36.9129387], [128.4430992, 36.9124015], [128.4431133, 36.9123298], [128.4431517, 36.9121344], [128.4432265, 36.9117526], [128.4429796, 36.9106293], [128.4430588, 36.9102167], [128.4430629, 36.9101958], [128.4430619, 36.910195], [128.4427907, 36.9099271], [128.4423764, 36.9082228], [128.4420431, 36.9073528], [128.4417408, 36.9069204], [128.4416763, 36.9063411], [128.4416256, 36.9062559], [128.4411437, 36.905444], [128.4411361, 36.9054143], [128.4408898, 36.9044315], [128.4410231, 36.9042125], [128.4409231, 36.9041146], [128.4405805, 36.90378], [128.4405729, 36.9037635], [128.4401614, 36.902874], [128.4402757, 36.9022041], [128.4401238, 36.9020103], [128.4402802, 36.9012496], [128.4397126, 36.9010788], [128.4391883, 36.9005668], [128.4385721, 36.9006305], [128.4381531, 36.899843], [128.4381003, 36.8997338], [128.4380459, 36.8996202], [128.4377218, 36.8993135], [128.4375384, 36.89914], [128.4373997, 36.8991122], [128.4370503, 36.8990415], [128.4365128, 36.8983303], [128.4365199, 36.8981629], [128.4365225, 36.8981007], [128.4365313, 36.8978947], [128.4361545, 36.8975259], [128.4361585, 36.8970819], [128.4355226, 36.8966131], [128.4350681, 36.8963432], [128.4344926, 36.8958628], [128.4336043, 36.8954357], [128.4329062, 36.8944124], [128.4325598, 36.8940162], [128.4324735, 36.893846], [128.432117, 36.8935099], [128.4318838, 36.8928657], [128.4305945, 36.8925673], [128.4293764, 36.8922288], [128.4290405, 36.892058], [128.4289695, 36.8914473], [128.4286249, 36.8912206], [128.4281361, 36.8910989], [128.4278443, 36.890789], [128.4278201, 36.8907482], [128.4273635, 36.8899833], [128.426786, 36.8892449], [128.4268284, 36.8886573], [128.4272374, 36.8882211], [128.4272416, 36.8874273], [128.4276129, 36.886695], [128.4279346, 36.8857684], [128.4278556, 36.8851795], [128.4278426, 36.8850814], [128.4279118, 36.8850127], [128.4281582, 36.8847676], [128.4278545, 36.884292], [128.4274812, 36.8837077], [128.427799, 36.8833227], [128.4274303, 36.8826634], [128.427557, 36.8822244], [128.4270509, 36.8812635], [128.4267237, 36.8810436], [128.4262735, 36.8807933], [128.4258691, 36.8805118], [128.4253923, 36.8799386], [128.4253588, 36.8799087], [128.4247835, 36.8793913], [128.4243384, 36.8781087], [128.4242397, 36.8776858], [128.4242314, 36.8776505], [128.4239695, 36.8765284], [128.4249021, 36.8764711], [128.4260578, 36.8758406], [128.4263842, 36.8755264], [128.427712, 36.8752137], [128.4282179, 36.8750565], [128.4292433, 36.8755411], [128.4317113, 36.8755376], [128.4331729, 36.8749079], [128.433543, 36.8748505], [128.4342313, 36.8744196], [128.4354911, 36.8740741], [128.4364429, 36.8736546], [128.438428, 36.8732708], [128.4387313, 36.8723208], [128.4390806, 36.8717174], [128.4395483, 36.871128], [128.4401985, 36.8705562], [128.4409629, 36.8697762], [128.4412931, 36.8695768], [128.4415781, 36.8691133], [128.4424805, 36.8682171], [128.4433382, 36.8684492], [128.4438784, 36.868029], [128.4453575, 36.866575], [128.446759, 36.8653118], [128.4479978, 36.8643884], [128.449126, 36.8628741], [128.4486429, 36.862193], [128.4478023, 36.8614717], [128.4478691, 36.8603655], [128.4477373, 36.8596409], [128.4478797, 36.8586408], [128.4476216, 36.8582055], [128.4475063, 36.8578324], [128.4475811, 36.8575415], [128.4472937, 36.8568123], [128.4479258, 36.8563282], [128.4477691, 36.8558948], [128.4479361, 36.8555203], [128.447681, 36.8549589], [128.4472114, 36.8543989], [128.4470378, 36.8539972], [128.4466588, 36.8533717], [128.4469799, 36.8526549], [128.4474463, 36.8523034], [128.4482439, 36.8514164], [128.4480227, 36.8509488], [128.4484755, 36.8501524], [128.4487298, 36.8497053], [128.448656, 36.8493413], [128.4489939, 36.8486065], [128.4489449, 36.8480569], [128.4490308, 36.8478421], [128.4487624, 36.8474184], [128.4482107, 36.8469266], [128.4475294, 36.846442], [128.4473556, 36.8463566], [128.4471603, 36.8461645], [128.4471424, 36.8458045], [128.4472316, 36.8445812], [128.4472306, 36.8445237], [128.4470291, 36.8436505], [128.4467155, 36.8432817], [128.4454396, 36.8425476], [128.4452141, 36.842464], [128.4449351, 36.8422215], [128.4443035, 36.8415657], [128.444194, 36.8414203], [128.4424488, 36.8402924], [128.4425434, 36.8400866], [128.442456, 36.8391062], [128.4421858, 36.8388422], [128.4415045, 36.837603], [128.4395244, 36.8364187], [128.4393529, 36.8363209], [128.4386655, 36.8360926], [128.4380606, 36.8358731], [128.4378051, 36.8358198], [128.4367077, 36.8352584], [128.4356778, 36.8347181], [128.4341524, 36.8341565], [128.4341128, 36.834144], [128.4341187, 36.8341014], [128.4341135, 36.8341001], [128.4341141, 36.8340894], [128.4341343, 36.8337357], [128.4343224, 36.8328991], [128.4338238, 36.8313461], [128.4338118, 36.8304205], [128.4335901, 36.8300071], [128.4331925, 36.8289127], [128.4333368, 36.8284377], [128.4336117, 36.8276206], [128.4335142, 36.8273324], [128.4325985, 36.8258154], [128.4326119, 36.8256011], [128.4321296, 36.8242871], [128.4320469, 36.8240656], [128.4313649, 36.8232578], [128.4312554, 36.8231529], [128.4311587, 36.8229493], [128.430891, 36.8229208], [128.4299625, 36.8224626], [128.4297001, 36.8220985], [128.4288388, 36.8214854], [128.4287405, 36.8212587], [128.4280085, 36.8208682], [128.4279015, 36.8206614], [128.4277788, 36.8202719], [128.4275724, 36.8195971], [128.4275668, 36.8195824], [128.4274808, 36.8192574], [128.4271115, 36.8190335], [128.4260366, 36.8183723], [128.4259938, 36.8178861], [128.425841, 36.8167676], [128.4259305, 36.8159024], [128.4256922, 36.8152848], [128.4252546, 36.8147793], [128.4246647, 36.8144186], [128.4238075, 36.8137672], [128.4231566, 36.8131676], [128.4229136, 36.8130652], [128.4226074, 36.8129172], [128.4211431, 36.8118067], [128.4204786, 36.8115137], [128.4204183, 36.8115351], [128.4203881, 36.8115662], [128.4203382, 36.8115795], [128.4189555, 36.8118296], [128.4187526, 36.811886], [128.4173512, 36.8119821], [128.4166995, 36.8122072], [128.4155287, 36.8122919], [128.4152766, 36.8122173], [128.4150949, 36.8121907], [128.4143771, 36.8118104], [128.4142261, 36.8117321], [128.413741, 36.8114479], [128.4132117, 36.8113338], [128.4129715, 36.8112749], [128.412097, 36.8113876], [128.4115008, 36.811395], [128.4102299, 36.8117672], [128.4081892, 36.8122653], [128.406066, 36.8119225], [128.4045168, 36.8122284], [128.4038248, 36.8121955], [128.4034072, 36.8121449], [128.4019921, 36.8126789], [128.4012753, 36.8127244], [128.3996347, 36.8128692], [128.3978288, 36.8135404], [128.3971191, 36.8138206], [128.396896, 36.8139812], [128.3967812, 36.8140291], [128.3959054, 36.8143753], [128.3945792, 36.8148119], [128.3943552, 36.8148742], [128.392101, 36.8144028], [128.3911874, 36.8144459], [128.3895364, 36.8143177], [128.3886692, 36.8142895], [128.3876288, 36.8143574], [128.3855092, 36.8139548], [128.3851079, 36.8138959], [128.3847952, 36.8138066], [128.3835657, 36.8137818], [128.3833388, 36.8137579], [128.3833479, 36.8139269], [128.3814602, 36.813899], [128.3812634, 36.8138813], [128.3793609, 36.8117287], [128.3786522, 36.8111044], [128.3777061, 36.8109717], [128.376378, 36.8095014], [128.3753945, 36.8092029], [128.3751417, 36.8090052], [128.3745494, 36.8082725], [128.3743216, 36.808131], [128.3733108, 36.8076695], [128.3727492, 36.8054074], [128.371043, 36.8040907], [128.3699063, 36.8033223], [128.3683986, 36.802076], [128.3673884, 36.8009407], [128.3670266, 36.8006088], [128.3661968, 36.800923], [128.3652585, 36.8010155], [128.3643339, 36.8010046], [128.3630455, 36.8007181], [128.3602841, 36.8017798], [128.3591374, 36.802019], [128.3586605, 36.8028137], [128.3562949, 36.8036171], [128.3554445, 36.8042038], [128.355591, 36.8059929], [128.3555872, 36.8076666], [128.3527685, 36.8099525], [128.347372, 36.8118824], [128.3383504, 36.8150087], [128.337262, 36.8156238], [128.3359275, 36.8163479], [128.3357371, 36.8165135], [128.3353212, 36.8166199], [128.3352315, 36.8167427], [128.3350439, 36.8167918], [128.3348946, 36.8168794], [128.3344595, 36.8169606], [128.3337246, 36.8168886], [128.3333749, 36.8170135], [128.3333636, 36.8170175], [128.3327878, 36.8169762], [128.3327824, 36.8169747], [128.330828, 36.8164054], [128.3296546, 36.8161679], [128.3289411, 36.8161931], [128.3286302, 36.8163243], [128.3284297, 36.8163772], [128.3282205, 36.8166114], [128.3280151, 36.816639], [128.3278551, 36.8167121], [128.3277303, 36.8166872], [128.3272482, 36.8167969], [128.3259695, 36.8163441], [128.3241814, 36.8159642], [128.3208488, 36.81564], [128.3200911, 36.8161627], [128.319638, 36.8162604], [128.3190764, 36.8166356], [128.3186813, 36.8167553], [128.3182559, 36.8169325], [128.3179738, 36.8168785], [128.317747, 36.8168552], [128.317768, 36.8168193], [128.3177005, 36.8167725], [128.3175426, 36.8167625], [128.3175059, 36.8167944], [128.3173767, 36.8167726], [128.3171537, 36.8167809], [128.3169769, 36.8168539], [128.316677, 36.8166449], [128.3164501, 36.8166616], [128.3164225, 36.8166778], [128.3163348, 36.8167319], [128.3161208, 36.8168639], [128.3160631, 36.8169348], [128.3159181, 36.8171145], [128.3158496, 36.8172782], [128.3157902, 36.8174204], [128.3158986, 36.8186549], [128.3159018, 36.8187718], [128.3159024, 36.8188785], [128.3159025, 36.8189171], [128.3159079, 36.8189864], [128.3159184, 36.8191236], [128.3158115, 36.8192266], [128.3157184, 36.8193173], [128.3154549, 36.8195726], [128.3153556, 36.8197483], [128.3153675, 36.8199235], [128.31553, 36.8200979], [128.3156094, 36.8201961], [128.315759, 36.8203803], [128.3160109, 36.8206906], [128.316096, 36.8208066], [128.3161857, 36.8209972], [128.3162389, 36.8211095], [128.3163112, 36.821262], [128.3162687, 36.8214195], [128.3158298, 36.8221262], [128.3157463, 36.8222584], [128.3158295, 36.8225771], [128.3157491, 36.8227557], [128.3153981, 36.8230845], [128.315043, 36.8233342], [128.3145256, 36.823282], [128.314292, 36.8232843], [128.3140349, 36.8233447], [128.3137687, 36.823553], [128.3135671, 36.8238317], [128.3133927, 36.8242838], [128.3133083, 36.8245548], [128.3132131, 36.8248563], [128.3130217, 36.8250571], [128.3128634, 36.8250686], [128.312353, 36.8249755], [128.3118475, 36.8249028], [128.3117264, 36.8249387], [128.3115968, 36.8250387], [128.3115116, 36.8251965], [128.3115165, 36.8258383], [128.3115166, 36.8258493], [128.3112693, 36.8259906], [128.3110554, 36.8259519], [128.3109811, 36.8259602], [128.3109165, 36.8260001], [128.3106701, 36.8263104], [128.3104169, 36.8267169], [128.3103054, 36.8270108], [128.3103479, 36.8272175], [128.3104517, 36.8273943], [128.3106287, 36.8275657], [128.3107369, 36.8279718], [128.3108188, 36.8282773], [128.3107074, 36.8284732], [128.3105188, 36.828627], [128.3101975, 36.8286502], [128.3097526, 36.8285805], [128.309474, 36.828651], [128.3092715, 36.828816], [128.3090556, 36.8289578], [128.3089278, 36.828999], [128.3086009, 36.8289309], [128.3083743, 36.8288085], [128.3079978, 36.8286278], [128.3076153, 36.828621], [128.3072459, 36.8286994], [128.3067079, 36.828841], [128.3063869, 36.828849], [128.305996, 36.8288644], [128.3058407, 36.8289165], [128.3056233, 36.8291833], [128.3050009, 36.8293218], [128.3046251, 36.8295849], [128.3045206, 36.8298366], [128.3043121, 36.830514], [128.3039669, 36.8307544], [128.3035803, 36.8310455], [128.3033677, 36.8311954], [128.3033605, 36.8312005], [128.3032206, 36.8313881], [128.3026182, 36.8317546], [128.3018738, 36.8323517], [128.301643, 36.8326631], [128.3000167, 36.8332001], [128.2988308, 36.8335158], [128.2978644, 36.8347373], [128.2968268, 36.8348485], [128.295624, 36.8353412], [128.2952203, 36.8357739], [128.2946281, 36.8366267], [128.293582, 36.8384454], [128.2933231, 36.8389904], [128.2929435, 36.8394666], [128.2925494, 36.8397487], [128.2913426, 36.8404632], [128.2906782, 36.8412336], [128.2903816, 36.8422078], [128.2901569, 36.8427516], [128.2894496, 36.8435558], [128.2889831, 36.8439109], [128.288037, 36.8443833], [128.2878306, 36.8444635], [128.2875044, 36.8444643], [128.2872481, 36.8445456], [128.2867543, 36.8448403], [128.2865554, 36.8450336], [128.2862375, 36.8457042], [128.2859337, 36.8461664], [128.2858276, 36.8466819], [128.2855089, 36.8473105], [128.2855374, 36.8476094], [128.2855199, 36.8481184], [128.2856537, 36.84978], [128.2855338, 36.8500237], [128.285225, 36.8504124], [128.2849522, 36.8509114], [128.2847968, 36.8513216], [128.2845426, 36.8518475], [128.2843991, 36.8524498], [128.2842267, 36.8529578], [128.2840152, 36.8533753], [128.2837449, 36.8537392], [128.2834836, 36.8542216], [128.283212, 36.8545052], [128.2826906, 36.855685], [128.2824755, 36.8559628], [128.2824335, 36.8561202], [128.2824339, 36.856399], [128.2823256, 36.8564558], [128.2821026, 36.8564888], [128.2817721, 36.8564766], [128.2814954, 36.8565076], [128.2803624, 36.8569617], [128.2802029, 36.8569917], [128.2800395, 36.8569967], [128.2794941, 36.856908], [128.2792373, 36.856791], [128.2790202, 36.8567339], [128.2782171, 36.8568239], [128.2776255, 36.857038], [128.2768375, 36.8570997], [128.2763326, 36.8571002], [128.2761763, 36.8571418], [128.2760731, 36.8571924], [128.2749437, 36.8580649], [128.27444, 36.8582342], [128.2737571, 36.8583477], [128.2731555, 36.8585901], [128.2719985, 36.8591327], [128.2713251, 36.8591784], [128.2709745, 36.8592996], [128.2708371, 36.859377], [128.2706789, 36.859565], [128.2706591, 36.8598557], [128.2704167, 36.859921], [128.2702, 36.8601018], [128.269949, 36.8601434], [128.2690664, 36.860132], [128.2687965, 36.8602148], [128.2685701, 36.8603289], [128.2683126, 36.8605402], [128.2680422, 36.8609513], [128.2678836, 36.8613015], [128.2678012, 36.8616197], [128.267739, 36.8620724], [128.2672681, 36.86262], [128.266711, 36.8628092], [128.2664752, 36.8628407], [128.2662873, 36.8629017], [128.2657352, 36.8632103], [128.2655837, 36.8633364], [128.2655107, 36.8634471], [128.2654223, 36.8638076], [128.265274, 36.8639844], [128.2650248, 36.8641425], [128.2648248, 36.864206], [128.2639774, 36.8642852], [128.2638248, 36.8642823], [128.263428, 36.8642049], [128.2631358, 36.8641192], [128.2629095, 36.8642172], [128.2625664, 36.8644964], [128.2615881, 36.864829], [128.2612089, 36.8649939], [128.2608505, 36.8650525], [128.2604442, 36.8651781], [128.2598153, 36.8650157], [128.2594237, 36.8650875], [128.2586477, 36.8655085], [128.2584312, 36.8655803], [128.257938, 36.8656375], [128.2573458, 36.8657628], [128.2571208, 36.8658757], [128.2566315, 36.8665436], [128.256383, 36.8666395], [128.2561759, 36.8666424], [128.255295, 36.8662804], [128.2547742, 36.8664289], [128.254292, 36.8664087], [128.2540615, 36.8664472], [128.2532549, 36.8667432], [128.2531316, 36.8668263], [128.2526081, 36.8668895], [128.251963, 36.8670169], [128.2517816, 36.8671326], [128.251618, 36.8675036], [128.2511599, 36.8676153], [128.2511457, 36.8676901], [128.2500781, 36.8681761], [128.2492778, 36.8687373], [128.2487735, 36.868809], [128.2482174, 36.8689928], [128.246851, 36.8693259], [128.2445181, 36.8705563], [128.2433837, 36.8713079], [128.2427798, 36.8718092], [128.2418254, 36.8723257], [128.2417447, 36.8721986], [128.2408829, 36.8721116], [128.2403673, 36.8713066], [128.2410204, 36.8702098], [128.2408044, 36.8694887], [128.2400754, 36.868878], [128.2397383, 36.8677932], [128.239671, 36.867746], [128.2394955, 36.865103], [128.237197, 36.864383], [128.2360406, 36.8633172], [128.2346556, 36.8628307], [128.2347812, 36.8620584], [128.2353503, 36.8609484], [128.2352287, 36.8593783], [128.2354601, 36.8589039], [128.2352351, 36.858249], [128.2345372, 36.8576436], [128.2346007, 36.8566034], [128.2346517, 36.8562886], [128.2342296, 36.8559911], [128.2344013, 36.8546789], [128.2345853, 36.8544219], [128.2345996, 36.8542015], [128.2355105, 36.8532105], [128.2362326, 36.8518391], [128.2377328, 36.8510066], [128.2387139, 36.8501832], [128.2379424, 36.848702], [128.2368413, 36.847599], [128.2370223, 36.8453459], [128.2330803, 36.8451993], [128.2301289, 36.8453692], [128.2261561, 36.8461505], [128.2237775, 36.8467094], [128.2221077, 36.8472573], [128.2203924, 36.8483226], [128.2182623, 36.8487021], [128.2166627, 36.8492861], [128.2140545, 36.8494794], [128.2125442, 36.8497291], [128.2127304, 36.8492294], [128.2127489, 36.8491793], [128.2122306, 36.8483161], [128.2119048, 36.8477736], [128.2115314, 36.8472751], [128.2112513, 36.8469012], [128.2107642, 36.8454932], [128.2107635, 36.8454909], [128.21067, 36.8438739], [128.210715, 36.8424349], [128.2109056, 36.8418371], [128.2109328, 36.8417517], [128.2109684, 36.84164], [128.211058, 36.8413593], [128.2111196, 36.8411662], [128.2112123, 36.8410508], [128.2116827, 36.840465], [128.2118574, 36.8402478], [128.2119126, 36.8401791], [128.2127516, 36.8393779], [128.2130073, 36.8391337], [128.2136038, 36.8379966], [128.2137041, 36.837538], [128.2140312, 36.8360457], [128.2140883, 36.8360459], [128.2145084, 36.8348514], [128.2142212, 36.8336068], [128.2142211, 36.8336067], [128.2143139, 36.833372], [128.2144785, 36.8329559], [128.2146225, 36.8325912], [128.2147183, 36.8323486], [128.2143405, 36.830808], [128.2151194, 36.8297148], [128.2154511, 36.8292491], [128.215598, 36.8287245], [128.2158361, 36.8278736], [128.2158369, 36.8261329], [128.2159359, 36.825544], [128.2160335, 36.8249632], [128.2159938, 36.824793], [128.2159663, 36.8246747], [128.2158862, 36.8243329], [128.2161896, 36.8232305], [128.2163023, 36.8228205], [128.2163874, 36.822511], [128.2163864, 36.8217473], [128.2163852, 36.8207315], [128.2168955, 36.8199871], [128.217316, 36.8193738], [128.2173233, 36.8184797], [128.2173249, 36.8182795], [128.2172571, 36.8180886], [128.2169236, 36.8171491], [128.2168214, 36.8161368], [128.216809, 36.8160928], [128.2164908, 36.8149629], [128.2164552, 36.8148362], [128.2163721, 36.8145411], [128.216342, 36.814435], [128.2164243, 36.8144356], [128.216705, 36.8133135], [128.2167218, 36.8132463], [128.2162121, 36.8124636], [128.2153693, 36.8120023], [128.2142221, 36.8116952], [128.2132739, 36.8117024], [128.2124403, 36.8117087], [128.2118596, 36.8117131], [128.2099011, 36.8119853], [128.2089881, 36.8122548], [128.2085249, 36.8123915], [128.2071653, 36.8124242], [128.2057727, 36.8128795], [128.2042061, 36.8132313], [128.2036649, 36.8133528], [128.2036648, 36.8133528], [128.201157, 36.8143338], [128.2013227, 36.8143349], [128.2000075, 36.8148173], [128.1992247, 36.8151045], [128.19881, 36.8152565], [128.1982619, 36.8154575], [128.1955973, 36.8164348], [128.1936757, 36.8171164], [128.1936757, 36.8171165], [128.1936757, 36.8171178], [128.1925167, 36.8168371], [128.1917472, 36.8166508], [128.19103, 36.8164771], [128.1907942, 36.8164199], [128.1895559, 36.8163493], [128.1882746, 36.8162761], [128.1847997, 36.8166326], [128.1843492, 36.8168425], [128.1831647, 36.8173942], [128.1803079, 36.8186426], [128.1786999, 36.8191603], [128.1782517, 36.8193047], [128.1778176, 36.8194982], [128.1770548, 36.8198381], [128.1760177, 36.8203002], [128.1757931, 36.8204554], [128.1752234, 36.8208487], [128.1726265, 36.8218176], [128.172281, 36.8218926], [128.171376, 36.822089], [128.1713191, 36.8221013], [128.1681468, 36.8218515], [128.1681467, 36.8218515], [128.1653497, 36.8211066], [128.1626262, 36.8209924], [128.1619595, 36.8212557], [128.1600004, 36.8220069], [128.1599999, 36.8220238], [128.1585622, 36.8222822], [128.1583366, 36.8223227], [128.1576592, 36.8221978], [128.1568717, 36.8220525], [128.1561806, 36.8220308], [128.155339, 36.8220044], [128.15405, 36.8222552], [128.1531249, 36.8224352], [128.1516206, 36.823153], [128.1514318, 36.8232431], [128.1514317, 36.8232431], [128.1509389, 36.8239092], [128.1506771, 36.824263], [128.1498441, 36.8275849], [128.1491171, 36.8284823], [128.1490893, 36.8285165], [128.1489988, 36.8286282], [128.1474489, 36.829362], [128.1442243, 36.8301674], [128.1439655, 36.8303702], [128.1437316, 36.8305534], [128.1435052, 36.8307306], [128.1433463, 36.830855], [128.1428293, 36.831944], [128.1426191, 36.8323864], [128.141781, 36.8333365], [128.1417809, 36.8333366], [128.1413916, 36.8334159], [128.1410646, 36.8334826], [128.1403616, 36.8332238], [128.1402739, 36.8331916], [128.1400316, 36.8331025], [128.1393833, 36.8329487], [128.1386916, 36.8327845], [128.1386856, 36.8327849], [128.13755, 36.832859], [128.1363322, 36.8328915], [128.1360955, 36.8328978], [128.1351504, 36.8329228], [128.1346388, 36.8329364], [128.1335708, 36.8327953], [128.1339831, 36.8307714], [128.1339346, 36.8305499], [128.1339984, 36.8299822], [128.1340438, 36.8296417], [128.1340379, 36.8290284], [128.1340368, 36.8289279], [128.1339753, 36.8284408], [128.1333331, 36.8276413], [128.1330507, 36.8273779], [128.1329049, 36.827276], [128.1318574, 36.8265437], [128.1308166, 36.8261504], [128.1298782, 36.8251492], [128.1296444, 36.8250642], [128.1289331, 36.8248048], [128.1272458, 36.8249672], [128.1271199, 36.8249794], [128.1263374, 36.8249981], [128.126272, 36.8249601], [128.1251568, 36.8243107], [128.1246142, 36.8239948], [128.1236592, 36.8236453], [128.1226622, 36.8232721], [128.1218631, 36.8231411], [128.1213132, 36.8230699], [128.1201729, 36.8232187], [128.1190212, 36.8230414], [128.1190182, 36.8225698], [128.1189573, 36.8223558], [128.1184555, 36.8214983], [128.1184498, 36.8214888], [128.1184368, 36.8214872], [128.115758, 36.8211866], [128.1129112, 36.8210144], [128.1105478, 36.8215934], [128.1103929, 36.8215374], [128.1098774, 36.8214704], [128.1098227, 36.8213178], [128.1097733, 36.8190149], [128.1095301, 36.8179798], [128.1092491, 36.8161961], [128.1096864, 36.8160439], [128.1098149, 36.8157738], [128.1097988, 36.8157055], [128.1097231, 36.8153875], [128.1095833, 36.815259], [128.1094293, 36.8151174], [128.1082739, 36.8135096], [128.1081064, 36.8119963], [128.1081807, 36.8104407], [128.1078555, 36.808944], [128.1072017, 36.8080606], [128.1070805, 36.8073091], [128.1058473, 36.8059478], [128.104436, 36.8060367], [128.1019503, 36.80629], [128.1017937, 36.8062371], [128.1011452, 36.8060181], [128.1008094, 36.8056994], [128.1005976, 36.8056065], [128.0994266, 36.8050921], [128.097682, 36.8048419], [128.0975922, 36.8047793], [128.0968916, 36.8042913], [128.0963407, 36.8037696], [128.0963065, 36.8037544], [128.0962516, 36.8037304], [128.0953738, 36.8039804], [128.0952773, 36.8038942], [128.0952599, 36.8038786], [128.0951266, 36.8037596], [128.0941386, 36.803624], [128.09296, 36.8028635], [128.0929589, 36.802807], [128.0929337, 36.801629], [128.0934366, 36.8004964], [128.0934526, 36.7997002], [128.0934958, 36.7967767], [128.0934534, 36.7967752], [128.0900675, 36.7966375], [128.0879877, 36.7972307], [128.0859487, 36.7981056], [128.0842351, 36.7990724], [128.0838331, 36.7992991], [128.0839416, 36.7997661], [128.0841006, 36.8000448], [128.084068, 36.8002597], [128.0841045, 36.8004443], [128.0840424, 36.8008101], [128.0841624, 36.8011756], [128.0839842, 36.8014217], [128.0838632, 36.8022303], [128.084099, 36.8026387], [128.084294, 36.8028577], [128.0845027, 36.8028603], [128.085055, 36.803118], [128.0851445, 36.8035835], [128.0852416, 36.8038366], [128.0853309, 36.8040864], [128.0853732, 36.804204], [128.0846563, 36.8047455], [128.0843979, 36.8048903], [128.0843353, 36.8049253], [128.0842586, 36.8051726], [128.0842154, 36.8053116], [128.0837838, 36.8056227], [128.0826714, 36.8068256], [128.0814243, 36.8074637], [128.0791036, 36.8085269], [128.0784973, 36.8089956], [128.0780425, 36.8094998], [128.0779818, 36.8100675], [128.0771608, 36.8109805], [128.07561, 36.8116241], [128.075215, 36.8121007], [128.0748856, 36.8123619], [128.0744275, 36.8128154], [128.0717955, 36.8145543], [128.070908, 36.8145473], [128.0706667, 36.8145475], [128.0697544, 36.8150772], [128.0697202, 36.8151626], [128.0673592, 36.8167668], [128.0669004, 36.8167132], [128.0663238, 36.8168034], [128.0656874, 36.8171808], [128.0641969, 36.8174382], [128.0634531, 36.8169591], [128.0621194, 36.8172332], [128.0610758, 36.8171586], [128.0596363, 36.8167727], [128.0595317, 36.8165774], [128.0592251, 36.8163849], [128.0592807, 36.8151189], [128.0592584, 36.8135913], [128.0586413, 36.8131491], [128.0582294, 36.8120696], [128.0576861, 36.8117528], [128.0575101, 36.8113702], [128.0573651, 36.8104668], [128.0578252, 36.8102405], [128.0578132, 36.8099196], [128.0575772, 36.8097381], [128.0569047, 36.8095586], [128.0568299, 36.8091268], [128.0577389, 36.8083116], [128.0579493, 36.8070126], [128.0550069, 36.8060967], [128.0540756, 36.8056075], [128.0539881, 36.8054919], [128.0540552, 36.8050479], [128.0549278, 36.8039803], [128.0551105, 36.8027921], [128.0552046, 36.8010557], [128.0555746, 36.8002916], [128.0555354, 36.7994417], [128.0560143, 36.7988575], [128.056127, 36.7984186], [128.0556836, 36.7977774], [128.0557363, 36.7973588], [128.0552597, 36.7968376], [128.0553552, 36.7962942], [128.0557265, 36.7959516], [128.055664, 36.795812], [128.0555724, 36.795316], [128.0555581, 36.7944337], [128.0549777, 36.7926627], [128.0541908, 36.7923277], [128.0537759, 36.7919845], [128.0532429, 36.7916842], [128.0511968, 36.7888435], [128.0505086, 36.7872429], [128.0500609, 36.7855997], [128.0487649, 36.7836249], [128.0483119, 36.7832193], [128.0467054, 36.7829687], [128.0455643, 36.7824412], [128.0456316, 36.7813042], [128.0462072, 36.7800649], [128.046299, 36.7799598], [128.0466644, 36.7793362], [128.0469075, 36.778607], [128.0457675, 36.7780014], [128.0458736, 36.7769465], [128.0453552, 36.7758736], [128.0446794, 36.7745965], [128.0448537, 36.7739778], [128.0447893, 36.7724217], [128.0449109, 36.7723897], [128.0447667, 36.7718964], [128.0448046, 36.7710512], [128.043789, 36.7698057], [128.0425719, 36.7689472], [128.0421488, 36.7684246], [128.0416271, 36.7684312], [128.0412267, 36.768341], [128.0412025, 36.7683355], [128.0410877, 36.7672599], [128.0406868, 36.7667007], [128.0406669, 36.7663977], [128.0405163, 36.7660331], [128.0400584, 36.765685], [128.0389293, 36.7640105], [128.0386623, 36.7632282], [128.038099, 36.7622686], [128.0375052, 36.7614753], [128.0373566, 36.7610355], [128.0362541, 36.7599128], [128.0357933, 36.759023], [128.0345163, 36.7581123], [128.0342235, 36.7573652], [128.0334838, 36.7567688], [128.0332504, 36.7564035], [128.0328956, 36.7556396], [128.0323668, 36.7551704], [128.0322978, 36.7543993], [128.0327276, 36.7526503], [128.0327144, 36.7525797], [128.0325823, 36.7518778], [128.0325956, 36.7517903], [128.0323581, 36.7505545], [128.0326174, 36.7493767], [128.0323244, 36.7475759], [128.0326266, 36.7473355], [128.0336304, 36.7466866], [128.0343819, 36.7455623], [128.0349785, 36.7453886], [128.0362985, 36.7444117], [128.0368599, 36.7442939], [128.0383948, 36.7436544], [128.0399259, 36.7422846], [128.0419594, 36.7409277], [128.0425049, 36.7405968], [128.0432931, 36.7401981], [128.0445048, 36.7396432], [128.0462716, 36.7391468], [128.0472784, 36.7384433], [128.0490022, 36.7374641], [128.0507196, 36.7367091], [128.0520727, 36.7351641], [128.052784, 36.7334007], [128.0539114, 36.7318989], [128.0555643, 36.7304195], [128.0561039, 36.7303], [128.0572508, 36.7310799], [128.0584595, 36.7301633], [128.0606422, 36.7268848], [128.0620009, 36.7260333], [128.0625968, 36.7261248], [128.0639555, 36.7248123], [128.0651053, 36.7240495], [128.0656772, 36.723797], [128.067407, 36.7226557], [128.0679877, 36.7222341], [128.0680129, 36.7220606], [128.0677927, 36.721268], [128.0682152, 36.7202946], [128.0688184, 36.7198395], [128.0690154, 36.7193172], [128.06933, 36.7188225], [128.0696763, 36.7185516], [128.0697314, 36.7183507], [128.0699442, 36.7182226], [128.0703966, 36.7173338], [128.0705749, 36.7164492], [128.0714859, 36.7156116], [128.0719948, 36.7138441], [128.0721219, 36.7135071], [128.0724862, 36.712873], [128.0724859, 36.7127281], [128.0726162, 36.7122544], [128.0726687, 36.7121995], [128.0727235, 36.7118863], [128.0724149, 36.7112862], [128.0723476, 36.7109652], [128.0710477, 36.7088478], [128.0710811, 36.7085249], [128.0703835, 36.7077046], [128.0684093, 36.7081653], [128.0672936, 36.7082875], [128.0668952, 36.7082983], [128.0638207, 36.7080275], [128.062451, 36.7083994], [128.0620099, 36.708441], [128.0618336, 36.7085371], [128.0600374, 36.7087952], [128.0586989, 36.7089525], [128.0566161, 36.7088356], [128.0552801, 36.7085851], [128.0538857, 36.7082398], [128.0531061, 36.707917], [128.0521668, 36.7077615], [128.0508439, 36.7077607], [128.0505911, 36.70773], [128.0496947, 36.7077554], [128.0494383, 36.7078739], [128.0490284, 36.7080065], [128.046456, 36.7094016], [128.0462455, 36.709866], [128.0456919, 36.7102207], [128.0455737, 36.7104676], [128.0456041, 36.7107211], [128.0442279, 36.7117582], [128.0434108, 36.7123165], [128.0408688, 36.7132836], [128.0393633, 36.7139603], [128.0379566, 36.7149974], [128.037441, 36.7149208], [128.0371165, 36.7149655], [128.0367648, 36.7149263], [128.0347276, 36.7161295], [128.0330867, 36.7172281], [128.0319093, 36.7187794], [128.0308629, 36.7192915], [128.0288055, 36.7194612], [128.0264852, 36.719222], [128.026305, 36.7191376], [128.0257797, 36.7190629], [128.0256319, 36.7193292], [128.0241203, 36.7203419], [128.0237249, 36.720538], [128.0223166, 36.721572], [128.0209298, 36.7219251], [128.0193869, 36.7237024], [128.0195455, 36.7250213], [128.018319, 36.7263794], [128.017268, 36.7276092], [128.0158065, 36.7287249], [128.0148419, 36.7301913], [128.0141173, 36.7301747], [128.0124263, 36.729804], [128.0112706, 36.7296088], [128.0093618, 36.728374], [128.008681, 36.7265677], [128.0065051, 36.7254479], [128.0069504, 36.7248317], [128.0059749, 36.7240387], [128.0060959, 36.723021], [128.0041673, 36.7211994], [128.0037018, 36.7199497], [128.0027282, 36.71882], [128.0019388, 36.7172568], [128.0010565, 36.7174527], [128.0008366, 36.7173721], [128.0004986, 36.7173576], [127.9993358, 36.7173969], [127.9977937, 36.7181027], [127.9974393, 36.7183209], [127.9959502, 36.718157], [127.9952907, 36.7181972], [127.9951425, 36.7181755], [127.9950584, 36.7180923], [127.9934643, 36.7175256], [127.9914636, 36.7180021], [127.9909898, 36.7174158], [127.9907253, 36.717278], [127.9901664, 36.7172183], [127.9893913, 36.7174675], [127.9885382, 36.7174747], [127.9884252, 36.7174388], [127.9880626, 36.7175079], [127.986848, 36.7175493], [127.9858745, 36.7179762], [127.9856659, 36.7181759], [127.9848056, 36.7186381], [127.984271, 36.7186445], [127.9836527, 36.7185133], [127.9834611, 36.7188265], [127.9824492, 36.7195515], [127.9811541, 36.720036], [127.9806135, 36.7201965], [127.9802525, 36.72008], [127.9800919, 36.7202973], [127.9790229, 36.7211833], [127.9789554, 36.7213861], [127.9781844, 36.72192], [127.9776694, 36.722187], [127.9766424, 36.7231715], [127.976364, 36.7235012], [127.9761901, 36.7236326], [127.9765133, 36.7242533], [127.975057, 36.7247808], [127.9738502, 36.7257056], [127.9734952, 36.726024], [127.9736175, 36.7261398], [127.97359, 36.7261544], [127.9734565, 36.7260334], [127.9731455, 36.726196], [127.9726683, 36.7268904], [127.9724204, 36.7275951], [127.9719251, 36.728618], [127.9718396, 36.7293685], [127.9717397, 36.7295433], [127.9707217, 36.730905], [127.970112, 36.731236], [127.9692695, 36.7314159], [127.9682385, 36.7312864], [127.9666039, 36.7318543], [127.965858, 36.7322616], [127.9643522, 36.7328586], [127.9631573, 36.7333859], [127.9628566, 36.7339881], [127.9624908, 36.7342195], [127.9616615, 36.7357085], [127.9608952, 36.7367203], [127.9605547, 36.7371886], [127.9600461, 36.7371139], [127.9599643, 36.7371019], [127.9598602, 36.7369876], [127.9584552, 36.7368449], [127.957761, 36.7361168], [127.9569724, 36.7355896], [127.956851, 36.7349546], [127.9566486, 36.733493], [127.9564998, 36.7332976], [127.9553987, 36.7321848], [127.9551567, 36.7319992], [127.954992, 36.7314191], [127.9552181, 36.7313229], [127.9553923, 36.7311113], [127.9554326, 36.7308335], [127.9553431, 36.7294911], [127.9542579, 36.7282233], [127.9542502, 36.7281083], [127.9548458, 36.7271606], [127.9544665, 36.7263767], [127.9539876, 36.7235903], [127.9536052, 36.7226771], [127.9532913, 36.7223476], [127.9514494, 36.7206153], [127.9512522, 36.72071], [127.9509569, 36.7206587], [127.9491833, 36.7198757], [127.949145, 36.7197219], [127.9492748, 36.7192422], [127.9493264, 36.7187432], [127.9492538, 36.7185401], [127.9487371, 36.717546], [127.9491531, 36.7173152], [127.949647, 36.7159888], [127.9493803, 36.7154498], [127.9490788, 36.7143313], [127.9488622, 36.7140144], [127.9496295, 36.7126375], [127.9493266, 36.7116659], [127.9495298, 36.7114573], [127.9493725, 36.7106085], [127.9494496, 36.7103683], [127.9493734, 36.7102392], [127.9491754, 36.7092498], [127.9491954, 36.7084722], [127.9492264, 36.7083869], [127.9495281, 36.7080502], [127.9477515, 36.7068342], [127.9471229, 36.7067463], [127.9464792, 36.7062125], [127.946219, 36.7062323], [127.9457154, 36.706401], [127.9448316, 36.7062022], [127.9446056, 36.7060373], [127.9433027, 36.7067218], [127.9429, 36.7068857], [127.9389755, 36.7065621], [127.9383911, 36.706807], [127.938087, 36.7068792], [127.9378257, 36.706866], [127.9360267, 36.7060956], [127.935458, 36.7060411], [127.9345877, 36.7057123], [127.9344592, 36.7057797], [127.9343146, 36.7059785], [127.9341843, 36.7060837], [127.9339855, 36.7061598], [127.9335689, 36.7064874], [127.9322962, 36.7040509], [127.931946, 36.7034399], [127.931228, 36.7021871], [127.930982, 36.7019125], [127.9309818, 36.7018894], [127.9308619, 36.7013574], [127.9309014, 36.7009998], [127.9309903, 36.7007271], [127.9310209, 36.7002074], [127.9310894, 36.6997286], [127.9313929, 36.6988685], [127.9313931, 36.6988668], [127.9314561, 36.6981821], [127.9316573, 36.6975605], [127.9316689, 36.6964981], [127.9318132, 36.6955705], [127.931587, 36.6944215], [127.9305892, 36.6925721], [127.929771, 36.6922251], [127.9289219, 36.6909462], [127.928867, 36.6909118], [127.9289189, 36.6908386], [127.9279458, 36.6905489], [127.9280608, 36.6906037], [127.928144, 36.6906911], [127.9287166, 36.6909118], [127.9286791, 36.6909282], [127.9281231, 36.6907485], [127.9280658, 36.6906841], [127.9280301, 36.6906497], [127.9279838, 36.6906223], [127.9279492, 36.6906051], [127.927918, 36.6905971], [127.9278983, 36.6905968], [127.9277745, 36.6905763], [127.9276561, 36.6905805], [127.9274833, 36.6905634], [127.9272031, 36.6904625], [127.9269102, 36.6904881], [127.9268175, 36.6904657], [127.9266294, 36.6903345], [127.9265719, 36.6903074], [127.9264567, 36.6903307], [127.9262073, 36.6903974], [127.9259717, 36.6905372], [127.9256224, 36.6908682], [127.9253042, 36.6911508], [127.9251581, 36.6912281], [127.9250285, 36.6912453], [127.9246562, 36.6912479], [127.9245525, 36.6912623], [127.9244893, 36.6912846], [127.9241887, 36.6914898], [127.9241461, 36.6915161], [127.9239144, 36.6916389], [127.9235534, 36.6917717], [127.9231651, 36.6919239], [127.9226072, 36.6921252], [127.9219274, 36.6921931], [127.9215524, 36.6923254], [127.9215299, 36.6923305], [127.9209206, 36.6923469], [127.9204339, 36.6923315], [127.9199195, 36.6923509], [127.9191638, 36.692266], [127.9189682, 36.692237], [127.9187169, 36.6922381], [127.9185409, 36.6922712], [127.9182612, 36.6923569], [127.9182001, 36.6923736], [127.9181364, 36.6924064], [127.9180696, 36.6924619], [127.9178625, 36.6927155], [127.9174923, 36.6931749], [127.9174646, 36.6932072], [127.9173146, 36.6933344], [127.9168534, 36.6935404], [127.9167067, 36.693609], [127.9164221, 36.6937689], [127.9162424, 36.6938645], [127.9161035, 36.6939189], [127.9158475, 36.6939923], [127.9153537, 36.6939692], [127.9153203, 36.6939568], [127.9152401, 36.6939143], [127.9151453, 36.693871], [127.9150031, 36.6937704], [127.9148666, 36.6935391], [127.9147671, 36.6933461], [127.9145212, 36.6931048], [127.9144946, 36.693084], [127.9143531, 36.6930122], [127.9142044, 36.6929585], [127.9137652, 36.6928384], [127.9134095, 36.6927664], [127.9131737, 36.6927351], [127.9127172, 36.6926481], [127.91225, 36.6926298], [127.9117527, 36.6926526], [127.9116415, 36.6926845], [127.9116132, 36.692692], [127.9111002, 36.6929652], [127.9110702, 36.6929793], [127.9109577, 36.6930152], [127.9108156, 36.6930436], [127.9103109, 36.6931871], [127.9101812, 36.6932209], [127.9095065, 36.6932678], [127.9094223, 36.6932702], [127.9092797, 36.6932744], [127.9091199, 36.6932569], [127.9088883, 36.6931989], [127.9086017, 36.6930585], [127.9083332, 36.6929003], [127.9081668, 36.6928149], [127.9079434, 36.6926925], [127.9078489, 36.6926574], [127.9076523, 36.6926038], [127.9073882, 36.69259], [127.9068191, 36.6926531], [127.9066107, 36.6927047], [127.9062994, 36.6928149], [127.9061499, 36.6928677], [127.9058054, 36.6930229], [127.9054605, 36.6931295], [127.9054357, 36.6931364], [127.9049548, 36.6932869], [127.9048885, 36.6933072], [127.9044102, 36.693478], [127.9043666, 36.6934943], [127.9041451, 36.6935457], [127.9040672, 36.6935554], [127.9038151, 36.6935998], [127.9037641, 36.693605], [127.9034271, 36.6936232], [127.9033009, 36.693618], [127.9030943, 36.6935937], [127.902949, 36.6935409], [127.9026959, 36.6934048], [127.9026163, 36.6933604], [127.9024917, 36.6933226], [127.9020265, 36.6932572], [127.9017848, 36.6931884], [127.901551, 36.6931662], [127.9013144, 36.6931237], [127.9011683, 36.693122], [127.900848, 36.6931623], [127.900514, 36.6931984], [127.9001355, 36.6932083], [127.8993566, 36.6931531], [127.8990881, 36.6931373], [127.8985502, 36.6930968], [127.8984399, 36.6931007], [127.8981713, 36.693121], [127.8981148, 36.6931321], [127.8978459, 36.6932509], [127.897539, 36.6934458], [127.8972525, 36.6936681], [127.8970627, 36.6937896], [127.8965673, 36.6940615], [127.8960657, 36.6943883], [127.8959754, 36.6944149], [127.8954071, 36.6946927], [127.895018, 36.6948585], [127.8947905, 36.6949279], [127.8945458, 36.694954], [127.894192, 36.6949146], [127.8940336, 36.6948596], [127.8938177, 36.6947184], [127.8938015, 36.6946489], [127.8938179, 36.6945449], [127.8938898, 36.6943825], [127.8939531, 36.6942707], [127.8940825, 36.6940735], [127.8941654, 36.6939187], [127.8942665, 36.6937429], [127.8943581, 36.6935972], [127.8944186, 36.6934697], [127.8944677, 36.6933088], [127.8944911, 36.6931199], [127.8944874, 36.6929525], [127.8944824, 36.6927207], [127.8944797, 36.6926495], [127.8944689, 36.6925864], [127.8944316, 36.692454], [127.8943737, 36.6923252], [127.8943123, 36.6922539], [127.8941793, 36.6921573], [127.8941074, 36.6921433], [127.8937386, 36.6921235], [127.8937241, 36.6921228], [127.8935211, 36.6921259], [127.8932431, 36.6921666], [127.8928649, 36.6922889], [127.8928569, 36.6922915], [127.8926803, 36.69233], [127.8924157, 36.6923596], [127.8920797, 36.6923394], [127.891819, 36.6923193], [127.8915421, 36.6923046], [127.8911121, 36.6923082], [127.8908776, 36.692315], [127.8908421, 36.6923145], [127.8905939, 36.6922943], [127.8903778, 36.6922464], [127.8900254, 36.6921584], [127.8893671, 36.6919686], [127.8885751, 36.6918581], [127.8882314, 36.6917175], [127.8877578, 36.6915047], [127.8875126, 36.6913529], [127.8872988, 36.6911685], [127.8872917, 36.6911621], [127.8870416, 36.6908701], [127.8868567, 36.6906463], [127.8864646, 36.6901123], [127.8864122, 36.6899087], [127.8864054, 36.6898812], [127.8863862, 36.689715], [127.88638, 36.6895965], [127.8863915, 36.6894631], [127.8863604, 36.6892396], [127.8863582, 36.689234], [127.8862877, 36.6890247], [127.8862009, 36.688789], [127.8861697, 36.6887019], [127.886035, 36.6884482], [127.8859629, 36.6883599], [127.8859308, 36.6883269], [127.8858315, 36.6882483], [127.8853696, 36.6880524], [127.8851336, 36.687961], [127.8846548, 36.6877816], [127.8844033, 36.6876834], [127.8841992, 36.6875966], [127.8841136, 36.6875716], [127.8840211, 36.6875826], [127.8839032, 36.6876003], [127.883703, 36.6876376], [127.8836628, 36.6876472], [127.8834878, 36.6876871], [127.8829845, 36.6878193], [127.8827963, 36.6878409], [127.8826261, 36.6878421], [127.8824562, 36.6878188], [127.8821484, 36.6877669], [127.8821076, 36.6877595], [127.8817525, 36.6877535], [127.8816985, 36.6877497], [127.8816, 36.6877403], [127.8814085, 36.6876864], [127.8812608, 36.6876137], [127.8811023, 36.687487], [127.8809135, 36.6873169], [127.8807311, 36.6871191], [127.8806857, 36.6870478], [127.8806484, 36.6868584], [127.880652, 36.6866732], [127.8806726, 36.6866264], [127.8807634, 36.6865758], [127.8809117, 36.6865386], [127.8812628, 36.6864859], [127.8814387, 36.6864182], [127.8815482, 36.6863463], [127.8815828, 36.6863191], [127.8816694, 36.6862401], [127.8817342, 36.6861468], [127.8817552, 36.686116], [127.8818425, 36.6859305], [127.8818731, 36.6857489], [127.8818689, 36.6855824], [127.8818863, 36.68512], [127.8818835, 36.6849167], [127.8818614, 36.6848177], [127.8818583, 36.6846817], [127.8818749, 36.684544], [127.8820556, 36.6840165], [127.8820908, 36.6838133], [127.8820922, 36.6837632], [127.8820702, 36.6835703], [127.882022, 36.6834865], [127.8819764, 36.6834463], [127.881931, 36.6834205], [127.8818489, 36.6834015], [127.881804, 36.6834021], [127.8813783, 36.6835092], [127.8811485, 36.6835788], [127.8808885, 36.6836854], [127.8808199, 36.6837111], [127.880766, 36.6837125], [127.8807165, 36.6836869], [127.8805978, 36.683532], [127.8804607, 36.683381], [127.8803447, 36.6832764], [127.8801891, 36.6832021], [127.8800141, 36.6831502], [127.879617, 36.6830668], [127.8790636, 36.6830264], [127.8788856, 36.6829273], [127.8788622, 36.6828822], [127.8788231, 36.6827564], [127.8787455, 36.6826362], [127.8785988, 36.6824609], [127.8783971, 36.6823619], [127.8781774, 36.6823618], [127.8780798, 36.6823663], [127.8776447, 36.6824775], [127.87759, 36.6823483], [127.8765127, 36.6827821], [127.8763094, 36.6828074], [127.8757443, 36.6830731], [127.8756388, 36.6830236], [127.8756179, 36.6830102], [127.8746662, 36.6825968], [127.8743445, 36.6820399], [127.8742926, 36.681961], [127.8746225, 36.6818293], [127.8758165, 36.6812989], [127.8764996, 36.6809128], [127.8766622, 36.6808953], [127.877072, 36.6807765], [127.8772497, 36.6802587], [127.8771965, 36.6801526], [127.8772628, 36.6797335], [127.8773802, 36.6797482], [127.8775628, 36.6796615], [127.8780989, 36.6795354], [127.8782222, 36.6795918], [127.8785384, 36.679343], [127.878849, 36.6790757], [127.8792532, 36.67894], [127.8797076, 36.678843], [127.8797302, 36.6788349], [127.8800097, 36.6787094], [127.8805324, 36.678735], [127.88056, 36.6788], [127.8810401, 36.6789618], [127.8812689, 36.6794786], [127.8814681, 36.6795831], [127.8817573, 36.6798493], [127.8819397, 36.6800182], [127.8827358, 36.6795318], [127.8829237, 36.6794292], [127.8843072, 36.6791624], [127.8844203, 36.6791747], [127.8845003, 36.6791834], [127.8848111, 36.679311], [127.8848411, 36.6793322], [127.8850137, 36.6794423], [127.8851728, 36.6793362], [127.8858077, 36.6792986], [127.8865841, 36.6790803], [127.8876221, 36.6786315], [127.887828, 36.6788001], [127.8883371, 36.6791048], [127.8884075, 36.6792895], [127.8896451, 36.6805717], [127.8895714, 36.6811678], [127.8903241, 36.6814603], [127.8914499, 36.6824306], [127.8916693, 36.6824395], [127.8947378, 36.6811389], [127.8951725, 36.6810879], [127.8971588, 36.681289], [127.8989485, 36.6822437], [127.8992474, 36.6822375], [127.900367, 36.6822046], [127.9008008, 36.6811156], [127.9010926, 36.6808512], [127.9017087, 36.6805309], [127.9037613, 36.6805479], [127.9043183, 36.6803001], [127.9065574, 36.6799307], [127.9085677, 36.6794828], [127.9087814, 36.6793897], [127.9088282, 36.6793552], [127.9093667, 36.6788363], [127.909373, 36.678817], [127.9094726, 36.6787017], [127.9100307, 36.6779344], [127.9103392, 36.6778964], [127.9108819, 36.6778406], [127.9110455, 36.677854], [127.9125771, 36.6779006], [127.9129689, 36.6776706], [127.9133921, 36.6767916], [127.9145034, 36.6747775], [127.915071, 36.6723921], [127.9151627, 36.6723207], [127.9153732, 36.6722081], [127.9158587, 36.6718357], [127.9168094, 36.6699841], [127.9175511, 36.6684487], [127.9177091, 36.6678545], [127.9186231, 36.6679149], [127.9202793, 36.6685744], [127.9203422, 36.6685777], [127.9218748, 36.6686017], [127.923191, 36.6681248], [127.9277677, 36.6689544], [127.9283439, 36.6688938], [127.9295717, 36.6687651], [127.9298344, 36.6666039], [127.9322103, 36.6645243], [127.9322741, 36.6614053], [127.9320163, 36.6608895], [127.9318838, 36.6606469], [127.9315959, 36.6596339], [127.9317946, 36.6588722], [127.9317073, 36.6573482], [127.9317151, 36.6573122], [127.93166, 36.6567028], [127.9316247, 36.6565172], [127.9316368, 36.6553995], [127.934073, 36.6533236], [127.936569, 36.6529738], [127.9380709, 36.6528478], [127.9390822, 36.6527476], [127.9390221, 36.6523162], [127.9388856, 36.6506058], [127.938705, 36.6487677], [127.9389009, 36.6480227], [127.9392092, 36.6470615], [127.9390218, 36.6462583], [127.9389988, 36.6459896], [127.9383479, 36.6457174], [127.9376437, 36.6454494], [127.9363995, 36.6445916], [127.9357267, 36.6441818], [127.935464, 36.6428713], [127.9350564, 36.6422052], [127.9348194, 36.6419457], [127.934566, 36.6416667], [127.9343119, 36.641086], [127.9342945, 36.6405991], [127.9342394, 36.6401988], [127.9342605, 36.6397704], [127.9342539, 36.6392452], [127.9341507, 36.6386801], [127.9341171, 36.6383648], [127.9337252, 36.6368626], [127.9338067, 36.6360822], [127.9342128, 36.6356127], [127.9350393, 36.6351465], [127.9352176, 36.6349358], [127.9357914, 36.6334001], [127.9359563, 36.6330017], [127.9354029, 36.6324598], [127.9345983, 36.631434], [127.9341262, 36.6303937], [127.9334019, 36.6295181], [127.9328471, 36.6287445], [127.9327231, 36.6274191], [127.9324858, 36.6264085], [127.9319457, 36.6252271], [127.9315159, 36.6247336], [127.9313862, 36.6245852], [127.9314011, 36.6241076], [127.9317292, 36.6235737], [127.9320831, 36.6228163], [127.9324384, 36.6216154], [127.9325207, 36.6212708], [127.9328396, 36.6205027], [127.9328818, 36.6204078], [127.9323463, 36.6191975], [127.932377, 36.6187431], [127.9307969, 36.6180784], [127.929487, 36.6174854], [127.9285723, 36.6170618], [127.9275519, 36.616933], [127.9264446, 36.6167854], [127.9250959, 36.6164364], [127.9244055, 36.616006], [127.9242235, 36.615833], [127.9240888, 36.6154504], [127.9244254, 36.6134502], [127.923968, 36.61277], [127.9243804, 36.6109909], [127.9242583, 36.6101381], [127.9242386, 36.6098345], [127.9248912, 36.6078404], [127.9248285, 36.6073314], [127.9250872, 36.6047018], [127.9248637, 36.6040586], [127.9258622, 36.6031892], [127.9259891, 36.6030779], [127.9261988, 36.6029727], [127.9259221, 36.6029389], [127.9252414, 36.6028142], [127.9238632, 36.6025427], [127.9239468, 36.6020164], [127.9232109, 36.6018905], [127.9223464, 36.6017424], [127.9212155, 36.6016422], [127.9205973, 36.601377], [127.9199619, 36.6011183], [127.9189525, 36.6028982], [127.9187218, 36.6034315], [127.9184895, 36.6068464], [127.9188027, 36.6086813], [127.9181558, 36.6094032], [127.9171718, 36.6099844], [127.91503, 36.6115147], [127.9139172, 36.6122247], [127.9128179, 36.6132621], [127.9118022, 36.6145387], [127.9113812, 36.6153189], [127.9109872, 36.6174708], [127.9104417, 36.6191172], [127.9097121, 36.6204427], [127.9086342, 36.6221748], [127.9084944, 36.6227605], [127.9083694, 36.6235467], [127.9085649, 36.623913], [127.9091193, 36.6244888], [127.9092073, 36.6247115], [127.9090779, 36.6249493], [127.9088711, 36.6255351], [127.9085922, 36.6259266], [127.9083669, 36.6260407], [127.9079634, 36.6260124], [127.9071797, 36.6258127], [127.9068147, 36.6257847], [127.9061253, 36.6258494], [127.9057702, 36.6259141], [127.9052852, 36.6260857], [127.904462, 36.6267199], [127.9042455, 36.6269236], [127.904132, 36.6269982], [127.9038342, 36.6271059], [127.9034357, 36.6273475], [127.9030417, 36.6275176], [127.9022394, 36.6275919], [127.9018157, 36.6275995], [127.9014918, 36.6275497], [127.9012571, 36.6274362], [127.9010655, 36.627302], [127.9004468, 36.6267067], [127.9002822, 36.6266594], [127.8996978, 36.626664], [127.899062, 36.6266282], [127.8982044, 36.6265187], [127.8973048, 36.6262716], [127.8969094, 36.6262969], [127.8964009, 36.6264074], [127.8961754, 36.6264294], [127.8959847, 36.6265154], [127.8954218, 36.6266818], [127.8951081, 36.6268247], [127.8947294, 36.6270787], [127.8939816, 36.6274766], [127.893636, 36.627773], [127.892965, 36.6280941], [127.8927519, 36.6281657], [127.892371, 36.6282188], [127.8914536, 36.6282301], [127.890069, 36.6284436], [127.8893512, 36.6286589], [127.8891016, 36.6288524], [127.888541, 36.6295276], [127.8879992, 36.6305431], [127.8879024, 36.6307966], [127.8878467, 36.631073], [127.8878135, 36.6314208], [127.8878972, 36.6316438], [127.888015, 36.6323023], [127.8880844, 36.6329448], [127.8880454, 36.6332243], [127.8872394, 36.6344748], [127.8872346, 36.634718], [127.8872998, 36.6349826], [127.8874575, 36.6352885], [127.8882682, 36.6360657], [127.8886011, 36.6365616], [127.8886594, 36.6367332], [127.888667, 36.6372003], [127.8888211, 36.6378954], [127.8887696, 36.6386225], [127.888777, 36.6393482], [127.8887062, 36.6396454], [127.8884346, 36.6402153], [127.8882058, 36.6404529], [127.8877736, 36.6406562], [127.8875197, 36.640721], [127.8875215, 36.6408823], [127.8871577, 36.6412229], [127.8869719, 36.6412536], [127.8864045, 36.6414351], [127.8853724, 36.6419269], [127.8850871, 36.6420792], [127.8848987, 36.6422376], [127.884489, 36.6426556], [127.8842804, 36.643761], [127.8843874, 36.6440167], [127.8844819, 36.6441186], [127.8842324, 36.6442252], [127.8838415, 36.6447941], [127.8835676, 36.6446321], [127.8830215, 36.645021], [127.8828082, 36.6452084], [127.8823575, 36.6458789], [127.8822155, 36.6461779], [127.8819937, 36.6464204], [127.8819974, 36.6467428], [127.8818794, 36.6469372], [127.8818355, 36.6472626], [127.8820665, 36.6472881], [127.8820014, 36.6473424], [127.881919, 36.6476758], [127.8818915, 36.6479931], [127.8819272, 36.6484806], [127.8819056, 36.6487414], [127.8817875, 36.6491614], [127.8817441, 36.6494878], [127.8815888, 36.6494889], [127.8813843, 36.6502503], [127.8812386, 36.651045], [127.8810391, 36.6526391], [127.8809734, 36.652943], [127.8808095, 36.6532801], [127.8803922, 36.6543415], [127.8800741, 36.6548226], [127.879982, 36.6550466], [127.8799124, 36.6559776], [127.8799371, 36.6567568], [127.8795654, 36.6567642], [127.8789948, 36.6566396], [127.8773059, 36.6564759], [127.8771409, 36.6564674], [127.8771369, 36.6564904], [127.8766902, 36.656416], [127.8763204, 36.6563897], [127.8760727, 36.6562982], [127.876032, 36.6563076], [127.8757539, 36.6561982], [127.8754644, 36.6558925], [127.8749567, 36.6554567], [127.8739357, 36.6550455], [127.8738623, 36.6545985], [127.8736094, 36.6542178], [127.8736011, 36.6534189], [127.8733384, 36.6527328], [127.873435, 36.6521951], [127.8730263, 36.6514019], [127.8724789, 36.6507362], [127.8723305, 36.6502469], [127.8707603, 36.6491577], [127.8698702, 36.6488158], [127.8700464, 36.6485956], [127.8700018, 36.6479733], [127.8699013, 36.6472667], [127.8696972, 36.6469085], [127.8701647, 36.6460736], [127.8701321, 36.645524], [127.8674503, 36.6441591], [127.867112, 36.6441289], [127.8671434, 36.6434394], [127.8666392, 36.643117], [127.8654092, 36.6412858], [127.8635283, 36.6406961], [127.8632805, 36.6397566], [127.8632911, 36.6388018], [127.8631042, 36.6384618], [127.8630733, 36.6376793], [127.8628341, 36.6373979], [127.8622399, 36.6371097], [127.8622037, 36.6365544], [127.8619737, 36.6361016], [127.8616899, 36.6359307], [127.8615885, 36.635838], [127.8612894, 36.6355648], [127.860789, 36.635461], [127.8606261, 36.6353654], [127.8594441, 36.6354054], [127.8590072, 36.6352679], [127.8584011, 36.6350075], [127.8579257, 36.6349407], [127.8572876, 36.634783], [127.856577, 36.6344655], [127.8550738, 36.6349176], [127.8542615, 36.6346738], [127.8537616, 36.6346684], [127.8534068, 36.6347731], [127.8530291, 36.6348059], [127.8528412, 36.6351479], [127.852799, 36.6354464], [127.8521105, 36.6357882], [127.8518835, 36.6352671], [127.8513724, 36.634769], [127.8508197, 36.6345532], [127.8505524, 36.6345361], [127.8505529, 36.6345843], [127.8497209, 36.6344815], [127.8489085, 36.6346271], [127.8484741, 36.6344478], [127.8480848, 36.6341754], [127.8472579, 36.6341442], [127.8467529, 36.6339889], [127.8481416, 36.6329074], [127.8489509, 36.6324667], [127.849633, 36.6320861], [127.8505616, 36.6312549], [127.850459, 36.6303995], [127.8505972, 36.6291526], [127.8500883, 36.6284582], [127.8495337, 36.6278561], [127.8489415, 36.6263577], [127.8482274, 36.6257597], [127.8478426, 36.6249356], [127.847976, 36.6238973], [127.8484282, 36.6230878], [127.8488428, 36.6221793], [127.8498154, 36.6211686], [127.8498104, 36.61958], [127.8503805, 36.618865], [127.8511869, 36.6183525], [127.8521613, 36.6181806], [127.8525165, 36.6181106], [127.8530064, 36.6180268], [127.8537994, 36.6182093], [127.8550296, 36.6178164], [127.8557282, 36.6175782], [127.8567898, 36.6160337], [127.8569129, 36.6158212], [127.8574769, 36.6148162], [127.8582403, 36.6136185], [127.8583032, 36.6135328], [127.8561845, 36.6123406], [127.8551912, 36.611877], [127.8533581, 36.612683], [127.8516114, 36.6132481], [127.8508026, 36.6130623], [127.8503175, 36.6131181], [127.850198, 36.6131802], [127.8497989, 36.6131212], [127.8491134, 36.6128249], [127.8486934, 36.612312], [127.8475376, 36.611506], [127.8472609, 36.6111165], [127.846406, 36.611117], [127.8460409, 36.6110162], [127.8454194, 36.6109108], [127.845161, 36.61073], [127.8444867, 36.610459], [127.8435181, 36.6099668], [127.8432431, 36.6097124], [127.8422958, 36.6092723], [127.8412268, 36.6087877], [127.8406966, 36.6082949], [127.84029, 36.6085725], [127.8396365, 36.6089323], [127.8390716, 36.6088459], [127.8387942, 36.6090824], [127.8383864, 36.6091043], [127.837657, 36.6093727], [127.837446, 36.6100892], [127.836786, 36.6102175], [127.8363262, 36.6104724], [127.8358779, 36.6108468], [127.8352414, 36.6111795], [127.8343683, 36.6111584], [127.8339962, 36.6114984], [127.8333768, 36.6116848], [127.8329338, 36.6122614], [127.832287, 36.6127584], [127.8321611, 36.6126035], [127.8310778, 36.6124848], [127.8304096, 36.6125987], [127.8299353, 36.6126228], [127.829011, 36.6117766], [127.8290565, 36.6115628], [127.8284887, 36.6113449], [127.8283585, 36.6112284], [127.8275247, 36.6107674], [127.8266493, 36.6114185], [127.8256019, 36.6116319], [127.8248868, 36.6117767], [127.8244828, 36.6121904], [127.8239913, 36.6123653], [127.8227383, 36.6123369], [127.8220431, 36.6126643], [127.8221219, 36.612924], [127.8209975, 36.613307], [127.8212242, 36.6121963], [127.8213027, 36.6114303], [127.821165, 36.6111541], [127.8208604, 36.6105426], [127.8202516, 36.6098534], [127.8191158, 36.608993], [127.81884, 36.6086589], [127.8185695, 36.6083021], [127.8183386, 36.6083319], [127.8182602, 36.608329], [127.8182116, 36.6083439], [127.818176, 36.6083682], [127.8181071, 36.6083699], [127.8180596, 36.6084089], [127.8180233, 36.6084239], [127.8179871, 36.6084302], [127.8179438, 36.6083915], [127.8178743, 36.608361], [127.8178436, 36.6083475], [127.817792, 36.6083026], [127.817744, 36.6083022], [127.8177328, 36.6083284], [127.8176752, 36.6083077], [127.817589, 36.608274], [127.8175433, 36.6082363], [127.8175047, 36.6082156], [127.8174656, 36.6081947], [127.8174429, 36.608166], [127.8174126, 36.6081675], [127.8173636, 36.6082009], [127.8172961, 36.6082279], [127.8172456, 36.6082135], [127.8172392, 36.6081974], [127.8171886, 36.6081918], [127.8170287, 36.6081729], [127.8167663, 36.6081418], [127.815942, 36.6082411], [127.8157597, 36.6080201], [127.8148718, 36.6076305], [127.8145522, 36.6075619], [127.8143128, 36.60744], [127.8138192, 36.6074893], [127.8129944, 36.6076813], [127.8124258, 36.60747], [127.8120699, 36.6075816], [127.8119116, 36.6074063], [127.8109398, 36.6069326], [127.8108557, 36.6068114], [127.8105196, 36.6068109], [127.8099552, 36.6065028], [127.8093091, 36.6060738], [127.8083487, 36.6057959], [127.8079583, 36.6050344], [127.8074384, 36.6046118], [127.8072002, 36.6046056], [127.8064844, 36.6036533], [127.8057548, 36.6034427], [127.8046416, 36.603276], [127.8041355, 36.6029051], [127.8031896, 36.6021382], [127.8019818, 36.6018547], [127.7991821, 36.6023822], [127.7984984, 36.6020837], [127.7982341, 36.6016064], [127.7976687, 36.6008691], [127.7971322, 36.6001801], [127.7971612, 36.599367], [127.7969037, 36.5986779], [127.797011, 36.5976443], [127.7971108, 36.5963901], [127.7964241, 36.5949085], [127.7964166, 36.5939498], [127.7967138, 36.5924269], [127.7970893, 36.5916869], [127.7978618, 36.5911528], [127.7982341, 36.5909599], [127.7988564, 36.5903568], [127.7994282, 36.5894127], [127.7996642, 36.5886202], [127.7994572, 36.5877553], [127.799557, 36.587328], [127.7999507, 36.5860668], [127.8003723, 36.585381], [127.8008659, 36.5853293], [127.8014978, 36.5848951], [127.8025417, 36.5845497], [127.8032402, 36.5843257], [127.8034108, 36.5837726], [127.8041328, 36.5835753], [127.8042852, 36.5832066], [127.8045137, 36.5822451], [127.8047787, 36.5814663], [127.8055512, 36.581518], [127.8064663, 36.5809701], [127.8081615, 36.5803325], [127.8087623, 36.580367], [127.8093706, 36.5799672], [127.8103287, 36.5800051], [127.8113072, 36.5796527], [127.8123768, 36.5796571], [127.8128661, 36.5793047], [127.8135334, 36.5788127], [127.8138124, 36.5781235], [127.814513, 36.5780752], [127.8151138, 36.5777306], [127.8155429, 36.5777306], [127.8162296, 36.5777306], [127.8168948, 36.5772481], [127.8168733, 36.5767656], [127.817031, 36.5761591], [127.8173883, 36.5758351], [127.8176318, 36.5754698], [127.8176458, 36.5749563], [127.8179462, 36.5750941], [127.8182541, 36.5756421], [127.8186757, 36.5752837], [127.8191907, 36.5750769], [127.819563, 36.5749011], [127.8196199, 36.5744565], [127.8200565, 36.574074], [127.8208076, 36.5738499], [127.8209149, 36.5733502], [127.8213655, 36.5730745], [127.8219234, 36.572816], [127.822581, 36.5724575], [127.8235971, 36.5716959], [127.8240262, 36.571265], [127.8245197, 36.5706963], [127.8248845, 36.5707825], [127.8257997, 36.5711651], [127.8264863, 36.5714063], [127.8269584, 36.5717682], [127.8275163, 36.5724575], [127.8274734, 36.573233], [127.8277523, 36.5735604], [127.8286182, 36.5737982], [127.8294046, 36.5739396], [127.8303562, 36.5741946], [127.8309495, 36.5741291], [127.8314935, 36.5739189], [127.8316576, 36.5736466], [127.832223, 36.5731434], [127.8326522, 36.5731606], [127.833503, 36.5730262], [127.8338678, 36.572785], [127.8348763, 36.5721991], [127.8352486, 36.5718682], [127.8358419, 36.5710789], [127.8361283, 36.5705068], [127.837065, 36.5703551], [127.8375231, 36.5706274], [127.8381379, 36.5705447], [127.839111, 36.5703689], [127.8403265, 36.5705447], [127.8411065, 36.5705412], [127.841614, 36.5699415], [127.842115, 36.5694728], [127.8428875, 36.5695762], [127.8436814, 36.5695072], [127.8444464, 36.5695969], [127.8457199, 36.5701276], [127.8468143, 36.5705585], [127.847708, 36.5708032], [127.8483088, 36.5713374], [127.8490169, 36.5715614], [127.8502046, 36.5716269], [127.8510414, 36.5714718], [127.8516208, 36.5716959], [127.8528578, 36.5716821], [127.8532441, 36.57101], [127.8542172, 36.5705929], [127.8545315, 36.5699932], [127.8552257, 36.5693349], [127.8558404, 36.5697175], [127.8569133, 36.5696141], [127.8579293, 36.5690936], [127.8587801, 36.5692867], [127.8596889, 36.5690936], [127.8602253, 36.5684215], [127.8612252, 36.5681665], [127.8616201, 36.5678184], [127.8625857, 36.5672324], [127.8628861, 36.5666982], [127.863135, 36.5658744], [127.86368, 36.5658364], [127.8650876, 36.5652539], [127.8661605, 36.5642888], [127.8670617, 36.5636684], [127.8678771, 36.5633237], [127.868435, 36.562324], [127.8687225, 36.5613382], [127.8697225, 36.5601007], [127.8706494, 36.5590654], [127.8707396, 36.5589942], [127.8715764, 36.558839], [127.8721901, 36.5581703], [127.8728338, 36.5573602], [127.8733703, 36.5566707], [127.8734432, 36.5559434], [127.8736707, 36.5552056], [127.8730913, 36.5544472], [127.8729497, 36.553513], [127.8726493, 36.5528408], [127.8722759, 36.5519823], [127.871761, 36.5514307], [127.8724476, 36.5509309], [127.8719412, 36.5503758], [127.8717266, 36.5499966], [127.871791, 36.5490657], [127.8717824, 36.5484141], [127.8716837, 36.5476867], [127.8719755, 36.5470351], [127.8718983, 36.5465145], [127.8721343, 36.5459111], [127.8721043, 36.5454836], [127.8716622, 36.5451526], [127.8713404, 36.5447044], [127.8713103, 36.5439321], [127.8709327, 36.5434804], [127.8708168, 36.5429322], [127.8713533, 36.5427771], [127.8718253, 36.542484], [127.8722201, 36.5423426], [127.872748, 36.5421047], [127.8732844, 36.5416393], [127.8737136, 36.5412427], [127.8739496, 36.5403808], [127.874044, 36.5398429], [127.8739067, 36.5391395], [127.8732287, 36.5388085], [127.873027, 36.5385705], [127.8732072, 36.538274], [127.873778, 36.5377602], [127.8746449, 36.5369982], [127.8754603, 36.53655], [127.8762113, 36.5361362], [127.8768035, 36.5358638], [127.8769752, 36.5356569], [127.8775545, 36.5355017], [127.8787862, 36.5357569], [127.8794728, 36.5356017], [127.8800651, 36.5357086], [127.8805586, 36.5356052], [127.8813826, 36.5357396], [127.8819533, 36.5355534], [127.8828975, 36.5354845], [127.8833138, 36.5349638], [127.8837558, 36.5343638], [127.8846656, 36.5340155], [127.8853093, 36.5335328], [127.8861033, 36.5334293], [127.8870259, 36.5332397], [127.8873907, 36.5333259], [127.8880902, 36.5332604], [127.8887211, 36.5327224], [127.8897725, 36.5323259], [127.890266, 36.5318258], [127.8911029, 36.5313431], [127.8916393, 36.5307051], [127.892562, 36.5302568], [127.8931113, 36.5300361], [127.8936993, 36.5301016], [127.8941198, 36.5300361], [127.8946434, 36.5302568], [127.8950297, 36.5304292], [127.8956305, 36.5307396], [127.8960382, 36.5309293], [127.8970381, 36.5307086], [127.8976389, 36.5302603], [127.8985273, 36.5300844], [127.8991495, 36.5292568], [127.9001709, 36.5288809], [127.9011236, 36.5285671], [127.9018661, 36.5280877], [127.9020806, 36.5277256], [127.9021021, 36.5273118], [127.9016601, 36.5267221], [127.9009863, 36.5262428], [127.9007503, 36.5254496], [127.9006086, 36.5249978], [127.9009005, 36.5242425], [127.9008447, 36.5232734], [127.9012309, 36.5218939], [127.9017159, 36.5213628], [127.9019304, 36.5209317], [127.9016172, 36.5201178], [127.901394, 36.5194832], [127.9009305, 36.5191003], [127.9011451, 36.5185485], [127.901909, 36.5181726], [127.9021965, 36.5178932], [127.9027673, 36.5173448], [127.9029389, 36.5159307], [127.9027887, 36.5144649], [127.9024454, 36.5138268], [127.9022738, 36.5131542], [127.902733, 36.51184], [127.9030977, 36.5110639], [127.9035398, 36.5105155], [127.9037758, 36.5101533], [127.9042264, 36.5098429], [127.9052993, 36.5089805], [127.9054066, 36.5086011], [127.905943, 36.5083941], [127.9060589, 36.508063], [127.8978535, 36.4992872], [127.8958794, 36.4984592], [127.8915964, 36.4958338], [127.8894421, 36.4941813], [127.8891846, 36.4937673], [127.8784132, 36.4893427], [127.8781862, 36.4890348], [127.8759667, 36.4870411], [127.8758894, 36.4859318], [127.8756748, 36.4847932], [127.8761812, 36.4831421], [127.877134, 36.4824468], [127.8778978, 36.4818309], [127.8785931, 36.4812736], [127.8796402, 36.4809769], [127.8805586, 36.4807612], [127.8810736, 36.4801056], [127.8811594, 36.4794844], [127.8813311, 36.4787943], [127.881374, 36.4783457], [127.8818117, 36.4778919], [127.8819748, 36.4775175], [127.8817602, 36.4769999], [127.8817602, 36.4766548], [127.8822323, 36.4761027], [127.8819319, 36.4756196], [127.8812903, 36.4749872], [127.8807002, 36.4743816], [127.8808257, 36.4740865], [127.8810253, 36.4736879], [127.8813686, 36.4731703], [127.8816808, 36.4721911], [127.8815993, 36.4715518], [127.8811079, 36.4711014], [127.8808193, 36.4707848], [127.8807517, 36.4703215], [127.8807517, 36.4700626], [127.8807742, 36.4695035], [127.8808375, 36.469079], [127.8809459, 36.4684811], [127.8802496, 36.4682922], [127.8795136, 36.4678608], [127.8788677, 36.4674371], [127.8784751, 36.4670782], [127.8785416, 36.4668556], [127.8789793, 36.4661585], [127.8795715, 36.4654061], [127.8804299, 36.4647848], [127.8809448, 36.4638184], [127.8812882, 36.4630591], [127.8818976, 36.4620858], [127.8823267, 36.4612575], [127.8820692, 36.4604291], [127.8812495, 36.4601806], [127.8812023, 36.4590554], [127.880859, 36.458296], [127.88005, 36.4578749], [127.8796574, 36.4572605], [127.8793141, 36.4565702], [127.8793226, 36.4557349], [127.8792282, 36.4550514], [127.8797303, 36.4545198], [127.8793999, 36.4539468], [127.8790651, 36.4531805], [127.878636, 36.452283], [127.8778549, 36.4516686], [127.8778635, 36.4511094], [127.8776919, 36.4498667], [127.8770825, 36.4491141], [127.8758894, 36.448762], [127.8747554, 36.4489087], [127.8745934, 36.4482856], [127.8743445, 36.4475883], [127.8739925, 36.4464215], [127.8737349, 36.4448982], [127.8736491, 36.4435172], [127.8733573, 36.4425713], [127.8734345, 36.441722], [127.8736448, 36.4412024], [127.8742842, 36.440474], [127.8742585, 36.4396713], [127.8738207, 36.4385803], [127.8734345, 36.43751], [127.8735203, 36.4364397], [127.8740439, 36.4354246], [127.8745074, 36.4343681], [127.8748507, 36.4334359], [127.8750739, 36.4323862], [127.8750739, 36.4313849], [127.8749365, 36.430501], [127.8748507, 36.4292925], [127.8754365, 36.4290093], [127.8760523, 36.4292234], [127.8764815, 36.4296723], [127.8772969, 36.4297759], [127.8784985, 36.429327], [127.8793997, 36.4285328], [127.8803095, 36.4277939], [127.8812773, 36.4266285], [127.8820154, 36.4257186], [127.8827557, 36.4246861], [127.88279, 36.4238367], [127.8827471, 36.4228698], [127.8826699, 36.4216128], [127.8823695, 36.4209567], [127.8812108, 36.4205077], [127.8809533, 36.4198171], [127.8804812, 36.4190573], [127.8795285, 36.4178279], [127.8795285, 36.4170336], [127.8791422, 36.4163084], [127.8778205, 36.4159838], [127.8771338, 36.4154657], [127.8767905, 36.4149477], [127.8758378, 36.4142708], [127.875709, 36.4137528], [127.8759751, 36.4131173], [127.8759665, 36.4124058], [127.8758378, 36.4117151], [127.8754515, 36.4112661], [127.8745503, 36.4109553], [127.8740782, 36.4103681], [127.8742928, 36.4098501], [127.8737778, 36.4094702], [127.8735203, 36.4089866], [127.8735289, 36.4080403], [127.8734431, 36.407315], [127.8733916, 36.4067416], [127.8732199, 36.406258], [127.8727564, 36.4056916], [127.8724475, 36.4051528], [127.8717265, 36.4045518], [127.8712887, 36.4042202], [127.8706021, 36.4041857], [127.8701729, 36.4038057], [127.8692717, 36.4034258], [127.8680787, 36.4033083], [127.8675122, 36.4029076], [127.8665251, 36.4028386], [127.8661389, 36.4030113], [127.8651948, 36.4031149], [127.864345, 36.4033083], [127.8641648, 36.4030113], [127.8640875, 36.402203], [127.8642163, 36.4015122], [127.8639502, 36.4005243], [127.8639588, 36.3996814], [127.8642506, 36.3992462], [127.8648085, 36.3987626], [127.8650231, 36.3982445], [127.8649802, 36.3975536], [127.8647742, 36.396918], [127.8647656, 36.3963446], [127.8650231, 36.3954119], [127.8651604, 36.3949144], [127.8658042, 36.3942236], [127.8661475, 36.3936708], [127.8661818, 36.392821], [127.8661818, 36.3923028], [127.8667397, 36.3919228], [127.8672976, 36.3914046], [127.8679843, 36.3912319], [127.868628, 36.3914392], [127.8692717, 36.3916465], [127.8700013, 36.3916119], [127.8709969, 36.3912872], [127.8713746, 36.3907828], [127.8724045, 36.3907828], [127.8730053, 36.390921], [127.8737778, 36.3908519], [127.8742499, 36.3910246], [127.8750653, 36.3910592], [127.8755889, 36.3909417], [127.8760094, 36.3903337], [127.8769257, 36.3897119], [127.8772196, 36.3891798], [127.877563, 36.3885234], [127.8778977, 36.388019], [127.8780694, 36.3875354], [127.8783354, 36.3872106], [127.8786358, 36.3868306], [127.8787646, 36.3862778], [127.8787646, 36.3857941], [127.878756, 36.3854625], [127.8786702, 36.3848061], [127.879065, 36.3843776], [127.8791508, 36.3839285], [127.8791852, 36.3834586], [127.8796143, 36.3831477], [127.8801722, 36.3826985], [127.8808245, 36.3820974], [127.8815026, 36.3819039], [127.8823609, 36.3815929], [127.8828415, 36.381199], [127.8832192, 36.3807292], [127.8838629, 36.3801763], [127.8843865, 36.3797134], [127.8840432, 36.3788841], [127.88382, 36.3783106], [127.8835282, 36.3782276], [127.8832278, 36.3780549], [127.8831849, 36.3774675], [127.8832192, 36.3771358], [127.8832278, 36.3765691], [127.8834853, 36.3760508], [127.8833479, 36.375339], [127.8833479, 36.3747862], [127.8828415, 36.3738049], [127.8822407, 36.373252], [127.8814683, 36.3724572], [127.8805155, 36.3720564], [127.8796954, 36.3716214], [127.8803868, 36.3713999], [127.8820605, 36.3710543], [127.883305, 36.3707433], [127.8846869, 36.3706604], [127.8851075, 36.3700522], [127.8851161, 36.3693473], [127.8852791, 36.368359], [127.8854594, 36.3678268], [127.8854508, 36.3672532], [127.8855452, 36.3667555], [127.8855366, 36.3662856], [127.8858885, 36.3658225], [127.8858456, 36.3652005], [127.8861889, 36.3646475], [127.8861374, 36.3640393], [127.8865237, 36.3631408], [127.887382, 36.3624842], [127.8881116, 36.3621386], [127.8894419, 36.3616893], [127.8900857, 36.3611018], [127.8906436, 36.3605834], [127.8910614, 36.3599945], [127.8911585, 36.3598576], [127.8909955, 36.3592217], [127.8912015, 36.3586826], [127.8912015, 36.3581642], [127.8909955, 36.35739], [127.8909955, 36.3566297], [127.8902659, 36.3564568], [127.8894419, 36.3560905], [127.8885407, 36.3558486], [127.8877253, 36.3551228], [127.8868241, 36.3550191], [127.8859229, 36.3546043], [127.885674, 36.3539338], [127.885365, 36.3533946], [127.8852791, 36.3529799], [127.8850731, 36.3520674], [127.8850731, 36.3514798], [127.8854079, 36.3506641], [127.8855366, 36.3501111], [127.8853221, 36.3495926], [127.8851075, 36.3489704], [127.8842921, 36.3488322], [127.883614, 36.3487492], [127.8834424, 36.3482999], [127.8830475, 36.3477952], [127.8827471, 36.3473113], [127.8827042, 36.34662], [127.8827042, 36.3460669], [127.8821034, 36.345583], [127.881288, 36.3450991], [127.8808674, 36.3450507], [127.8803954, 36.3450507], [127.8800006, 36.3449262], [127.8792281, 36.3448225], [127.8784127, 36.3449954], [127.8773827, 36.3453756], [127.8766188, 36.3455], [127.875709, 36.345341], [127.8752369, 36.3454447], [127.8745932, 36.3449608], [127.8735632, 36.3451682], [127.8728766, 36.344788], [127.8725848, 36.3444285], [127.8716321, 36.3440275], [127.8707308, 36.3438201], [127.8698382, 36.3435643], [127.8700099, 36.3431149], [127.8702244, 36.3426655], [127.8705592, 36.3418843], [127.87013, 36.3409855], [127.8697867, 36.3401904], [127.8697438, 36.3395336], [127.8694434, 36.3391879], [127.8686366, 36.3390013], [127.8682417, 36.3384966], [127.8680272, 36.3378743], [127.8678126, 36.3372175], [127.8673834, 36.3368026], [127.8667397, 36.3364223], [127.8660101, 36.3364223], [127.8657527, 36.3360766], [127.8651948, 36.3357309], [127.8644223, 36.3354889], [127.864079, 36.3355235], [127.8634352, 36.3359038], [127.8624482, 36.3363532], [127.8621993, 36.3361665], [127.8617186, 36.3358692], [127.8617186, 36.3351778], [127.8617615, 36.3347975], [127.8612036, 36.3345209], [127.8604397, 36.3346108], [127.8600535, 36.3342305], [127.8596587, 36.3338641], [127.8592724, 36.3332764], [127.8586716, 36.3329998], [127.8581566, 36.3324812], [127.85747, 36.3323429], [127.8569979, 36.3321355], [127.8567061, 36.3316722], [127.8565688, 36.3312366], [127.8560538, 36.3308563], [127.8551097, 36.330718], [127.8543372, 36.3307526], [127.8538222, 36.3309946], [127.8536505, 36.3316515], [127.8534016, 36.3319488], [127.8528351, 36.3318935], [127.8525433, 36.3312573], [127.8520283, 36.3306696], [127.8524575, 36.3300127], [127.852406, 36.3295771], [127.8519854, 36.3291484], [127.8521571, 36.3286643], [127.8521571, 36.3279037], [127.8518052, 36.3272606], [127.8518052, 36.3268803], [127.8513417, 36.3258638], [127.8513417, 36.3251377], [127.8515133, 36.3245845], [127.8512559, 36.3239967], [127.8512044, 36.3232844], [127.8509898, 36.3223509], [127.8509554, 36.3217838], [127.8509554, 36.321196], [127.8506035, 36.3206566], [127.8500027, 36.3201725], [127.8495822, 36.3199512], [127.8491959, 36.3195708], [127.848844, 36.3192043], [127.8482432, 36.3187548], [127.847814, 36.3187548], [127.8473849, 36.3183744], [127.8467068, 36.3180148], [127.8457627, 36.3179802], [127.8457541, 36.31751], [127.8452048, 36.3168391], [127.8454966, 36.3162997], [127.8458056, 36.3155597], [127.845282, 36.3150894], [127.8452906, 36.3145569], [127.8451619, 36.313969], [127.8451533, 36.3133604], [127.8442092, 36.3131875], [127.8433594, 36.3125858], [127.8427586, 36.3122745], [127.8423209, 36.3115967], [127.8421149, 36.3108221], [127.8415055, 36.3101097], [127.8412995, 36.3093351], [127.8416342, 36.3085189], [127.8424925, 36.3077927], [127.8425355, 36.307101], [127.8432221, 36.3063402], [127.84378, 36.3058214], [127.8442092, 36.3050951], [127.8448529, 36.304611], [127.8456339, 36.3039054], [127.8456339, 36.3030408], [127.8460202, 36.3023837], [127.8466124, 36.3014637], [127.8472132, 36.3010141], [127.8474364, 36.3002048], [127.8472647, 36.2994784], [127.8472991, 36.2988697], [127.8471274, 36.2980396], [127.8464493, 36.2969535], [127.8457541, 36.2962756], [127.8456339, 36.2953625], [127.8458914, 36.2947053], [127.8458914, 36.2940827], [127.8460545, 36.2934047], [127.8466553, 36.2929205], [127.8469214, 36.292284], [127.8470501, 36.2915576], [127.8476853, 36.2908797], [127.8483719, 36.2903954], [127.8490586, 36.2898419], [127.8495822, 36.2893092], [127.8495736, 36.2885966], [127.8496594, 36.2880432], [127.8496594, 36.2874897], [127.8500456, 36.286867], [127.8498396, 36.2863689], [127.8497538, 36.2856424], [127.8499598, 36.285172], [127.8500456, 36.2846531], [127.8502259, 36.2838782], [127.8499169, 36.2833385], [127.8497881, 36.2826812], [127.8499598, 36.2820239], [127.8497109, 36.2815258], [127.8497109, 36.281076], [127.8497109, 36.2804533], [127.849874, 36.2799136], [127.8502688, 36.27945], [127.8507838, 36.2788965], [127.8507752, 36.2784606], [127.8508181, 36.277907], [127.8506035, 36.2775265], [127.8507752, 36.2767308], [127.8511614, 36.2763502], [127.8515563, 36.2759212], [127.8514189, 36.2754507], [127.8512044, 36.2747933], [127.8514618, 36.2742743], [127.8518481, 36.2739629], [127.8525776, 36.2739975], [127.8533072, 36.2745511], [127.8536505, 36.2751047], [127.8540368, 36.2752777], [127.8545088, 36.2757274], [127.8548951, 36.276108], [127.8554959, 36.2767308], [127.8565259, 36.2770767], [127.8578133, 36.2770767], [127.8593583, 36.2770421], [127.8607316, 36.2771805], [127.8620469, 36.2769972], [127.8634545, 36.2764211], [127.8647656, 36.2757759], [127.8657312, 36.276236], [127.8678555, 36.2768], [127.869658, 36.2772497], [127.8709454, 36.2772497], [127.872147, 36.2769383], [127.8728766, 36.2768345], [127.8738207, 36.276454], [127.8753228, 36.276281], [127.8760523, 36.2761426], [127.8773398, 36.2756928], [127.8786273, 36.2756236], [127.8794427, 36.2754161], [127.8805585, 36.2750701], [127.882318, 36.2745165], [127.8835625, 36.2741013], [127.884335, 36.27379], [127.8844208, 36.2744473], [127.8846354, 36.2747241], [127.8846354, 36.2752431], [127.8849873, 36.2754368], [127.8850646, 36.275762], [127.8850216, 36.2764194], [127.8857169, 36.2767169], [127.8859229, 36.2772843], [127.8861374, 36.2776995], [127.8863949, 36.2780454], [127.8869528, 36.2780454], [127.8874678, 36.2783404], [127.8876395, 36.2787209], [127.8877554, 36.2790349], [127.8876609, 36.2793955], [127.8878197, 36.2795192], [127.8878541, 36.2800702], [127.8880043, 36.2801221], [127.8880343, 36.2803841], [127.8883261, 36.280641], [127.8885192, 36.2808659], [127.888412, 36.2811253], [127.888442, 36.2815085], [127.8884205, 36.2819236], [127.8885622, 36.2821113], [127.8885407, 36.2827513], [127.8885064, 36.2831344], [127.8886351, 36.2833939], [127.8888411, 36.2835469], [127.8888926, 36.2839301], [127.888884, 36.2841696], [127.8892273, 36.2842734], [127.8893132, 36.284602], [127.8893861, 36.2848641], [127.8894419, 36.2852247], [127.8894505, 36.2856078], [127.8895793, 36.2857116], [127.8897209, 36.2859685], [127.8895149, 36.2863343], [127.889399, 36.2866776], [127.8892788, 36.2871991], [127.8894419, 36.2876116], [127.8895492, 36.2880786], [127.889678, 36.2884764], [127.8900427, 36.2885975], [127.8900427, 36.2888915], [127.8902788, 36.289151], [127.8903002, 36.2896179], [127.8903303, 36.2900529], [127.8908581, 36.2903444], [127.8909096, 36.2906064], [127.8912315, 36.2907447], [127.8913173, 36.2910215], [127.8915534, 36.2913155], [127.8917465, 36.2913847], [127.8917894, 36.2915403], [127.8918666, 36.2918145], [127.8918666, 36.2920912], [127.8922615, 36.2922321], [127.8926391, 36.2924198], [127.8931841, 36.2927337], [127.8937549, 36.2929386], [127.8940982, 36.2931116], [127.8944201, 36.2934921], [127.8948063, 36.2937861], [127.8950853, 36.2940974], [127.8952012, 36.2944978], [127.8953642, 36.294547], [127.8957591, 36.2948091], [127.8959522, 36.2948436], [127.8962655, 36.2949794], [127.8963728, 36.2952907], [127.8965745, 36.2956911], [127.8967032, 36.2959678], [127.8968663, 36.2960344], [127.8970036, 36.2962618], [127.8971023, 36.2965532], [127.8972826, 36.2967806], [127.8974971, 36.2970227], [127.8978405, 36.2971438], [127.8982825, 36.2972622], [127.8984112, 36.2975217], [127.8986129, 36.2978182], [127.8989348, 36.297922], [127.8989992, 36.2982852], [127.8992052, 36.2985939], [127.8994412, 36.2988533], [127.8998704, 36.2991646], [127.9001793, 36.299392], [127.9003639, 36.2996315], [127.9007802, 36.2998416], [127.9010377, 36.2999108], [127.9012651, 36.3000119], [127.9015312, 36.3002739], [127.9017801, 36.3005653], [127.9019818, 36.3007927], [127.9021878, 36.3010322], [127.9023809, 36.3011533], [127.9025311, 36.3013954], [127.9027028, 36.3016029], [127.9031405, 36.301813], [127.9034409, 36.3020032], [127.9038186, 36.3019661], [127.9041276, 36.3020378], [127.9043121, 36.3020352], [127.9047069, 36.3022799], [127.9050202, 36.3024157], [127.9052348, 36.3022427], [127.9053381, 36.3021626], [127.9055438, 36.3020032], [127.9055996, 36.3017067], [127.9055137, 36.3013089], [127.9052777, 36.3009458], [127.9052863, 36.300395], [127.9055781, 36.2999601], [127.9053635, 36.2994067], [127.9053506, 36.2990115], [127.9056854, 36.2985939], [127.9056425, 36.2981615], [127.9055652, 36.2976107], [127.9060072, 36.297245], [127.9059944, 36.2970227], [127.9060373, 36.2965904], [127.9062004, 36.29619], [127.9060931, 36.2958614], [127.9062862, 36.2954809], [127.9060716, 36.2949448], [127.9060716, 36.294547], [127.9061575, 36.2942357], [127.9061575, 36.2935785], [127.9062519, 36.2930623], [127.9062862, 36.2926273], [127.9060502, 36.2918663], [127.9058227, 36.291523], [127.9063935, 36.2909843], [127.9060287, 36.2903789], [127.9060587, 36.2901048], [127.9066596, 36.2895687], [127.9070243, 36.2889287], [127.9067797, 36.2883035], [127.9066081, 36.2878884], [127.9068441, 36.2872484], [127.9068441, 36.2867814], [127.9070673, 36.2860749], [127.9076166, 36.2856225], [127.9081316, 36.2850691], [127.908741, 36.2846219], [127.909492, 36.2841376], [127.9099855, 36.2837052], [127.9105863, 36.2833074], [127.9113717, 36.2828724], [127.9124231, 36.2822842], [127.9128308, 36.2820594], [127.9133114, 36.2818198], [127.9138479, 36.2817506], [127.9144401, 36.2815924], [127.9149637, 36.2813874], [127.9152984, 36.2812637], [127.9157362, 36.2810587], [127.9161782, 36.2809523], [127.9166803, 36.2810068], [127.9170022, 36.2808857], [127.9172167, 36.2807647], [127.917603, 36.2805571], [127.9181094, 36.2804161], [127.9185257, 36.2804014], [127.9187617, 36.2800901], [127.9189462, 36.2799145], [127.9193325, 36.2800183], [127.9197487, 36.2800036], [127.9200835, 36.2798453], [127.9205641, 36.2797268], [127.9209203, 36.2796377], [127.9214439, 36.2794154], [127.9218087, 36.2791906], [127.9222936, 36.279015], [127.9230446, 36.2788939], [127.923624, 36.2788939], [127.9241604, 36.2790842], [127.9248685, 36.2792918], [127.9249885, 36.2793724], [127.9252548, 36.2795512], [127.9253121, 36.2795155], [127.9255912, 36.2793417], [127.9257269, 36.2792572], [127.9259629, 36.2790496], [127.9263062, 36.2787555], [127.9269714, 36.2787728], [127.9273864, 36.2785966], [127.927495, 36.2785505], [127.9279456, 36.2785332], [127.9284176, 36.2783084], [127.9288811, 36.2782539], [127.9289338, 36.2782608], [127.9292974, 36.2783084], [127.9296536, 36.2783404], [127.9300398, 36.2782366], [127.9303703, 36.2780143], [127.9310569, 36.2776683], [127.9314432, 36.2772878], [127.9317779, 36.277043], [127.9320225, 36.2768726], [127.9323659, 36.2767515], [127.9326019, 36.2765439], [127.9330225, 36.276403], [127.9334817, 36.2762499], [127.9337091, 36.2761089], [127.9339666, 36.2758321], [127.9338679, 36.2755925], [127.9339966, 36.27516], [127.9341383, 36.274725], [127.9340396, 36.2743816], [127.934267, 36.2737735], [127.9344043, 36.2733955], [127.9344258, 36.2730323], [127.9346404, 36.2728766], [127.9347262, 36.2725825], [127.9349107, 36.2725799], [127.9354772, 36.2724614], [127.9357991, 36.2721154], [127.9361338, 36.2718187], [127.9365844, 36.2714381], [127.9368205, 36.2712651], [127.9370565, 36.2708326], [127.9370565, 36.2705212], [127.937035, 36.2701752], [127.9374299, 36.2698318], [127.9377431, 36.269587], [127.9377217, 36.2691891], [127.9381165, 36.2691398], [127.9384942, 36.2689123], [127.9389104, 36.2688111], [127.9392452, 36.268549], [127.9395456, 36.2682376], [127.9400391, 36.2681511], [127.9403052, 36.2680153], [127.9406399, 36.2678916], [127.9412493, 36.2676866], [127.9417429, 36.2675136], [127.9422149, 36.2673406], [127.9423222, 36.2671849], [127.9425711, 36.2668882], [127.9429359, 36.2668536], [127.9432449, 36.2669773], [127.9437084, 36.266992], [127.9442019, 36.266992], [127.9445324, 36.2672195], [127.9448971, 36.2672714], [127.945219, 36.2671676], [127.9459271, 36.2670984], [127.9465494, 36.2671676], [127.9471416, 36.2672861], [127.9473433, 36.2669946], [127.9475493, 36.2666805], [127.9476995, 36.2662826], [127.9476566, 36.2658674], [127.9476223, 36.2653856], [127.9476995, 36.2648813], [127.9479999, 36.2645525], [127.9480214, 36.2642411], [127.9482445, 36.263742], [127.9484291, 36.2633241], [127.9482145, 36.2629608], [127.9479355, 36.2625456], [127.9478283, 36.2622168], [127.9478926, 36.2618881], [127.9481287, 36.2613863], [127.9485149, 36.2610576], [127.9485578, 36.2607462], [127.9485364, 36.260452], [127.9484291, 36.2601406], [127.9485149, 36.2598811], [127.9485364, 36.2594831], [127.9484505, 36.2591544], [127.9482445, 36.2589147], [127.9483218, 36.2587045], [127.9482445, 36.2583264], [127.9483862, 36.2578913], [127.948266, 36.2575478], [127.9485235, 36.2573402], [127.9487595, 36.2572191], [127.9490513, 36.2568358], [127.9493088, 36.2566801], [127.9498753, 36.2567], [127.9504118, 36.2567346], [127.9510254, 36.2568531], [127.9513344, 36.2569768], [127.9518709, 36.2569076], [127.9524717, 36.2569422], [127.9528794, 36.257098], [127.9532141, 36.2571646], [127.9538021, 36.2571672], [127.9543299, 36.2571992], [127.954832, 36.2571672], [127.9549951, 36.2568877], [127.9551968, 36.2567519], [127.9554028, 36.2567493], [127.9556603, 36.2565071], [127.9558835, 36.256302], [127.9560465, 36.2559361], [127.9560766, 36.2556272], [127.9561753, 36.2554862], [127.9566774, 36.2555061], [127.9568276, 36.2554369], [127.9569993, 36.255333], [127.9572353, 36.2550908], [127.9574499, 36.2549697], [127.9576344, 36.254794], [127.9576859, 36.2546063], [127.9578361, 36.2543294], [127.9580507, 36.254191], [127.9582567, 36.25405], [127.9585657, 36.2539834], [127.9587802, 36.2538276], [127.9590807, 36.2535508], [127.9593296, 36.2533405], [127.9594154, 36.253081], [127.9595441, 36.2528214], [127.9598445, 36.2527522], [127.9601535, 36.2526337], [127.9603595, 36.2524061], [127.9606685, 36.2523568], [127.9610891, 36.2524581], [127.9613251, 36.2524061], [127.9617543, 36.2523888], [127.9623208, 36.2522876], [127.9626641, 36.252426], [127.9630718, 36.2525991], [127.9632864, 36.2527375], [127.9636726, 36.2528932], [127.9639859, 36.2530118], [127.9642863, 36.2530983], [127.9645652, 36.2534271], [127.964724, 36.2533777], [127.9650244, 36.2531009], [127.9652605, 36.2528932], [127.9653163, 36.2526138], [127.9654235, 36.2523715], [127.965681, 36.2520947], [127.9659385, 36.2519389], [127.9661617, 36.2517339], [127.9666767, 36.2515608], [127.96702, 36.2512148], [127.9676766, 36.2508834], [127.9682431, 36.250488], [127.9687795, 36.2505918], [127.9696507, 36.2506238], [127.9703803, 36.2507103], [127.9708824, 36.2509725], [127.9710755, 36.2513013], [127.9713888, 36.2514198], [127.9717321, 36.2517313], [127.9720411, 36.2522184], [127.9722557, 36.2525299], [127.9728694, 36.2525619], [127.97332, 36.2528733], [127.9735775, 36.252856], [127.9741225, 36.2530317], [127.97438, 36.2531182], [127.9751739, 36.2532566], [127.9753584, 36.2533059], [127.9758949, 36.2534963], [127.9763112, 36.2534643], [127.9768047, 36.2536027], [127.9770193, 36.2538276], [127.9777059, 36.2539661], [127.9781351, 36.2542256], [127.9785642, 36.2542948], [127.9787058, 36.2547767], [127.9787573, 36.2551081], [127.9789848, 36.255417], [127.9789204, 36.2557457], [127.9785771, 36.2561264], [127.978105, 36.2563167], [127.9781994, 36.2565616], [127.9781479, 36.2568531], [127.9778347, 36.2571153], [127.9778046, 36.2574068], [127.9777402, 36.2577356], [127.9772682, 36.258047], [127.9768819, 36.2581335], [127.976912, 36.258586], [127.9768047, 36.2590012], [127.9769764, 36.2592435], [127.9771695, 36.2594857], [127.9771695, 36.2597798], [127.9773626, 36.2601259], [127.9775772, 36.2605065], [127.9781136, 36.2605757], [127.9786415, 36.2606251], [127.978899, 36.2609884], [127.9791994, 36.2612306], [127.9795641, 36.2614036], [127.9795942, 36.2618388], [127.9799375, 36.2620637], [127.9800791, 36.2624245], [127.9800877, 36.2627385], [127.9805598, 36.2629461], [127.9810662, 36.2632376], [127.9813108, 36.2634997], [127.98174, 36.2634824], [127.9822249, 36.2632549], [127.9829974, 36.263203], [127.9833493, 36.2629461], [127.9841132, 36.2627359], [127.9845852, 36.2628051], [127.9852376, 36.2627904], [127.985774, 36.2629115], [127.9862246, 36.2629115], [127.9867181, 36.2632402], [127.9870743, 36.2635491], [127.987319, 36.2637939], [127.987761, 36.2637913], [127.9881343, 36.2636209], [127.9884262, 36.2634279], [127.9890484, 36.2631857], [127.9895205, 36.2632549], [127.9898209, 36.2635664], [127.990057, 36.2635144], [127.9904518, 36.2634132], [127.9909582, 36.2634798], [127.9912371, 36.2638951], [127.9914603, 36.263915], [127.9918465, 36.2640707], [127.9920182, 36.2643994], [127.9919023, 36.264812], [127.9918036, 36.2652818], [127.9920826, 36.2655759], [127.9923615, 36.2657662], [127.9928121, 36.2659911], [127.9929838, 36.2662333], [127.9931039, 36.266594], [127.9934129, 36.2668908], [127.9937563, 36.2670984], [127.9942283, 36.267306], [127.9944558, 36.2674418], [127.9945502, 36.2675309], [127.9948291, 36.2675309], [127.9950866, 36.2676001], [127.9953785, 36.2675802], [127.9955587, 36.2677039], [127.9957733, 36.2678423], [127.9958934, 36.2679435], [127.996108, 36.2680127], [127.9962668, 36.2680499], [127.9964728, 36.2680819], [127.9968462, 36.2681883], [127.9970307, 36.2682549], [127.9972667, 36.2681684], [127.9976744, 36.2682203], [127.9981551, 36.268344], [127.998404, 36.268203], [127.9986615, 36.2679262], [127.9989404, 36.2676667], [127.9992838, 36.2673726], [127.9994855, 36.2670119], [128.0004425, 36.2666459], [128.0006656, 36.2667177], [128.0009789, 36.2669055], [128.0013651, 36.2672688], [128.0015454, 36.2675655], [128.0021805, 36.2678397], [128.0026612, 36.267998], [128.0030818, 36.2682722], [128.0033607, 36.2687047], [128.0037899, 36.2690161], [128.0043907, 36.2695005], [128.0043048, 36.2698811], [128.0046782, 36.2699875], [128.0051074, 36.2700394], [128.005485, 36.2702444], [128.00603, 36.27042], [128.0061502, 36.2707115], [128.0064163, 36.2708525], [128.0068369, 36.2709883], [128.0072445, 36.2712478], [128.0075321, 36.2715964], [128.0078454, 36.2718706], [128.0082616, 36.2721154], [128.0085964, 36.2722685], [128.0089397, 36.2722166], [128.0094418, 36.2722711], [128.0099568, 36.2723922], [128.0106649, 36.2723403], [128.0111584, 36.2720289], [128.011579, 36.2717668], [128.0119009, 36.2715419], [128.0120811, 36.2713196], [128.01233, 36.2711786], [128.0126733, 36.271144], [128.0129737, 36.2709191], [128.0131969, 36.2706276], [128.0136818, 36.2704693], [128.0140552, 36.2700913], [128.0145273, 36.2698664], [128.0147547, 36.2694832], [128.0150852, 36.2691744], [128.0150981, 36.2688085], [128.0152783, 36.268344], [128.0155487, 36.2682722], [128.016128, 36.2682203], [128.0164499, 36.2681684], [128.0168662, 36.2680672], [128.0174799, 36.2681165], [128.017982, 36.2682229], [128.0185957, 36.2681165], [128.0189261, 36.2679115], [128.0193467, 36.2676494], [128.0200977, 36.267338], [128.0211148, 36.2673579], [128.0216426, 36.2676148], [128.0221362, 36.267857], [128.0226297, 36.2678051], [128.0233893, 36.2677558], [128.0240116, 36.2677731], [128.0245909, 36.2679807], [128.0250759, 36.2681511], [128.0255694, 36.2682203], [128.0260715, 36.2681537], [128.026299, 36.2679262], [128.0265135, 36.2674937], [128.0264492, 36.2670266], [128.0266637, 36.2665248], [128.0266079, 36.2660603], [128.0268011, 36.2656624], [128.0270285, 36.2651235], [128.0275092, 36.265005], [128.0283804, 36.2650197], [128.0290327, 36.2648492], [128.029818, 36.2643622], [128.0304489, 36.2637939], [128.030848, 36.2632203], [128.0312643, 36.2623924], [128.0315775, 36.2621303], [128.0322427, 36.2620611], [128.0326805, 36.2618907], [128.0334959, 36.2616658], [128.034131, 36.2610922], [128.0349335, 36.2608526], [128.0358347, 36.2606277], [128.0365772, 36.2601233], [128.0373153, 36.2598145], [128.0384225, 36.2596561], [128.0392594, 36.2595869], [128.0398388, 36.2596734], [128.0409202, 36.259676], [128.042036, 36.2595203], [128.0429158, 36.2594857], [128.0436582, 36.2592928], [128.0443749, 36.258932], [128.0451474, 36.2586206], [128.0461902, 36.2582719], [128.0470142, 36.2577901], [128.0477867, 36.2574786], [128.0476708, 36.2573376], [128.0471429, 36.2571672], [128.0466194, 36.2570261], [128.0465335, 36.2566109], [128.0464134, 36.2562674], [128.0460829, 36.2558149], [128.0461044, 36.255192], [128.0456967, 36.2546729], [128.0454907, 36.2542256], [128.0451603, 36.2537039], [128.0449028, 36.2535136], [128.0445809, 36.2530983], [128.0442676, 36.2526164], [128.0441623, 36.2524998], [128.0439372, 36.2522504], [128.0434436, 36.2519216], [128.0425424, 36.2518697], [128.0418558, 36.2518178], [128.0412764, 36.251714], [128.0405254, 36.251887], [128.0400104, 36.2515582], [128.039504, 36.2512321], [128.0389461, 36.2503322], [128.0384869, 36.2494817], [128.0384011, 36.2490318], [128.0379591, 36.2483076], [128.0371651, 36.2472866], [128.036663, 36.2468687], [128.0360837, 36.2466264], [128.035676, 36.2464188], [128.0353112, 36.2461073], [128.0352554, 36.2452965], [128.0354185, 36.2448959], [128.0352897, 36.2443248], [128.0352897, 36.2439614], [128.0352983, 36.2435313], [128.0348606, 36.243373], [128.0346245, 36.2430961], [128.0343027, 36.2427154], [128.0340023, 36.2424039], [128.0335388, 36.2420949], [128.0332298, 36.2417116], [128.032629, 36.2416078], [128.0319638, 36.2415212], [128.0314917, 36.2411578], [128.0309553, 36.241002], [128.0305476, 36.2407424], [128.0301184, 36.2404829], [128.0301613, 36.2400329], [128.0304617, 36.2398079], [128.0307064, 36.2389452], [128.0310196, 36.2382849], [128.0310282, 36.2375952], [128.0314359, 36.2371452], [128.0316419, 36.2363811], [128.0322213, 36.2359138], [128.0327792, 36.2353253], [128.0329165, 36.2347914], [128.0330796, 36.2338022], [128.0339465, 36.2331471], [128.0343027, 36.233058], [128.0350537, 36.2329541], [128.0354828, 36.2322964], [128.0360279, 36.2319009], [128.0366416, 36.2313964], [128.0366072, 36.2306893], [128.036736, 36.2303951], [128.0371136, 36.2299771], [128.0381522, 36.2297027], [128.038989, 36.2294604], [128.0393109, 36.2290104], [128.03971, 36.2283154], [128.0396671, 36.2273115], [128.0393238, 36.2266883], [128.0395169, 36.2261863], [128.0399031, 36.2255632], [128.0403108, 36.225217], [128.0405039, 36.2248362], [128.0400962, 36.2243861], [128.0399675, 36.2236764], [128.0394826, 36.2232636], [128.0391092, 36.222759], [128.0390534, 36.2221384], [128.0395383, 36.2213914], [128.0401048, 36.2210132], [128.0404181, 36.2204913], [128.0405898, 36.2201797], [128.0409545, 36.2196257], [128.0414052, 36.2192275], [128.0417485, 36.2189506], [128.0420703, 36.2185524], [128.0420274, 36.2182581], [128.0419631, 36.2178426], [128.0421004, 36.2173086], [128.0426154, 36.2172047], [128.0433878, 36.2170143], [128.044259, 36.2169251], [128.0447955, 36.216752], [128.0460486, 36.2165295], [128.0468425, 36.2162525], [128.0474433, 36.2160967], [128.0483574, 36.2163884], [128.0491814, 36.2164603], [128.0496664, 36.2162326], [128.0502457, 36.2158691], [128.0501384, 36.2152805], [128.0502243, 36.2146746], [128.0500097, 36.2141552], [128.0500086, 36.2133934], [128.0498176, 36.2123322], [128.0495677, 36.2116007], [128.0493595, 36.2105818], [128.0497919, 36.2095456], [128.0498927, 36.2086973], [128.0503873, 36.2085345], [128.0503584, 36.2078558], [128.0503262, 36.2072507], [128.0506182, 36.2061954], [128.0505483, 36.2061703], [128.0514344, 36.2053796], [128.051501, 36.2053202], [128.0520491, 36.2049671], [128.0525814, 36.2046242], [128.0530577, 36.2041662], [128.0540081, 36.2036196], [128.0541628, 36.2034675], [128.0547304, 36.2026416], [128.0553183, 36.2023845], [128.0556402, 36.2020209], [128.0560523, 36.2015721], [128.0561037, 36.2015161], [128.0570135, 36.2014148], [128.0578632, 36.2012737], [128.0584726, 36.2009127], [128.0591936, 36.2006677], [128.0597729, 36.1999058], [128.0608973, 36.1995621], [128.0614037, 36.1992478], [128.0609188, 36.1989214], [128.0599532, 36.1993197], [128.0590434, 36.1995595], [128.0586571, 36.1995595], [128.0580563, 36.1998539], [128.0572838, 36.2001309], [128.0566916, 36.1998911], [128.0559964, 36.1999751], [128.0552024, 36.2002002], [128.0545587, 36.2006157], [128.0540223, 36.2007716], [128.0532584, 36.2007915], [128.0526919, 36.2009794], [128.0520482, 36.2008235], [128.0513186, 36.2003387], [128.049838, 36.199369], [128.0489797, 36.199092], [128.0482716, 36.1990747], [128.0475206, 36.198711], [128.0471429, 36.1982461], [128.0467267, 36.1976721], [128.0461473, 36.1970833], [128.045525, 36.196789], [128.0449242, 36.1965465], [128.044538, 36.1963387], [128.0438728, 36.1962522], [128.0433793, 36.1962175], [128.0425853, 36.1963214], [128.0422635, 36.1965119], [128.0418644, 36.1964626], [128.0415983, 36.196079], [128.041049, 36.1953024], [128.0405469, 36.1948668], [128.0398602, 36.1946244], [128.0390663, 36.1948149], [128.0387659, 36.1947283], [128.0384311, 36.1944538], [128.0381307, 36.1944192], [128.0378303, 36.1948521], [128.0375943, 36.1953197], [128.0373368, 36.1959431], [128.0368132, 36.1961136], [128.0365429, 36.1962721], [128.0364484, 36.1969621], [128.0364055, 36.1974989], [128.0359764, 36.1976894], [128.0356116, 36.1977067], [128.0350966, 36.1980357], [128.034676, 36.1984712], [128.0345902, 36.1989734], [128.0341181, 36.1994063], [128.033689, 36.1998738], [128.0332813, 36.2002374], [128.0327234, 36.2002374], [128.0318651, 36.2004625], [128.0317063, 36.2009447], [128.0311913, 36.2013776], [128.0307493, 36.2019516], [128.0303974, 36.2020529], [128.0297322, 36.2023126], [128.0292601, 36.2023473], [128.0289812, 36.2023126], [128.0282387, 36.2025057], [128.0280885, 36.2026962], [128.0279812, 36.2031983], [128.0277366, 36.2036805], [128.0276079, 36.2040787], [128.0273933, 36.2046155], [128.0271658, 36.2048432], [128.026771, 36.2053081], [128.0261702, 36.2055678], [128.0257711, 36.2058994], [128.0254836, 36.2059487], [128.0246896, 36.2062084], [128.0242819, 36.2064162], [128.0231661, 36.2065893], [128.0217499, 36.2072646], [128.0209775, 36.2075416], [128.0196256, 36.2079571], [128.0186171, 36.2081822], [128.0181236, 36.2081995], [128.0176301, 36.2082514], [128.0170378, 36.2084791], [128.0164284, 36.208667], [128.0159134, 36.208667], [128.0156989, 36.2084938], [128.0152912, 36.2084592], [128.01442, 36.2086696], [128.0137462, 36.2089094], [128.0132398, 36.2091544], [128.0128665, 36.2091691], [128.0123086, 36.2090132], [128.0119309, 36.2089985], [128.0111284, 36.2091171], [128.0105705, 36.2092903], [128.0098195, 36.2093768], [128.0094547, 36.2092037], [128.0090255, 36.2089786], [128.0083174, 36.2086323], [128.0080599, 36.2082688], [128.0075879, 36.2080437], [128.0071888, 36.2077866], [128.0064377, 36.2075096], [128.0061287, 36.2071261], [128.0055567, 36.2070587], [128.0048198, 36.2071261], [128.0040141, 36.2073953], [128.0032813, 36.207603], [128.0025968, 36.2078809], [128.0026097, 36.2072299], [128.0023522, 36.2071434], [128.001966, 36.2074377], [128.0013222, 36.2074204], [128.0013008, 36.2070741], [128.0007643, 36.2070568], [128.0002149, 36.2070075], [127.9999919, 36.2069875], [127.9997773, 36.2071261], [127.9994983, 36.2071087], [127.999185, 36.2070075], [127.9987988, 36.2070594], [127.9985327, 36.2068317], [127.9980692, 36.2066612], [127.9978675, 36.2064854], [127.9977388, 36.206243], [127.997374, 36.2062777], [127.9971165, 36.2061392], [127.9967303, 36.2060353], [127.9965801, 36.2058102], [127.9962239, 36.205605], [127.995872, 36.2054293], [127.9958552, 36.2053886], [127.9957432, 36.2051176], [127.9952712, 36.2048925], [127.9949493, 36.2045809], [127.9947776, 36.2043211], [127.9947562, 36.2040614], [127.9946274, 36.2036978], [127.9944987, 36.2031957], [127.9944772, 36.2027282], [127.9944177, 36.2026982], [127.9941339, 36.202555], [127.9936061, 36.2023672], [127.9933486, 36.2020555], [127.9930396, 36.2015854], [127.9930052, 36.2011551], [127.9931898, 36.2008235], [127.9930396, 36.2005119], [127.9928894, 36.2001829], [127.9921383, 36.2000443], [127.9918809, 36.1999058], [127.991074, 36.1999604], [127.9907307, 36.1998911], [127.9901943, 36.1997872], [127.9896922, 36.1996115], [127.989027, 36.1997153], [127.9882116, 36.2002002], [127.9878254, 36.2002868], [127.9872031, 36.2004599], [127.9867739, 36.2004599], [127.9861302, 36.2004772], [127.9859027, 36.2004106], [127.9855508, 36.2001655], [127.9850659, 36.1998218], [127.9846067, 36.1997327], [127.9841432, 36.1994236], [127.9838128, 36.1991612], [127.9834137, 36.1989387], [127.9827399, 36.1987284], [127.9822335, 36.1985232], [127.9816026, 36.1984167], [127.980946, 36.198402], [127.9805727, 36.1984859], [127.980401, 36.1983647], [127.9801864, 36.1979665], [127.9802723, 36.1975855], [127.9805383, 36.1971552], [127.9810662, 36.1969102], [127.9814095, 36.1965119], [127.9816026, 36.196079], [127.9813881, 36.1959058], [127.980916, 36.195698], [127.9806799, 36.1951266], [127.9800362, 36.1947803], [127.9798216, 36.1946071], [127.9794354, 36.1942954], [127.9790063, 36.1939664], [127.9788131, 36.1937239], [127.9783625, 36.1934469], [127.9779548, 36.1931525], [127.977633, 36.1928408], [127.9770751, 36.1927022], [127.976367, 36.1925291], [127.9760151, 36.1924719], [127.9759957, 36.1916442], [127.9760365, 36.1909852], [127.975852, 36.1904683], [127.9759163, 36.1900527], [127.9757876, 36.1895331], [127.9756803, 36.1890482], [127.9757018, 36.188598], [127.9756031, 36.1881157], [127.9757661, 36.1875589], [127.9760236, 36.1871952], [127.9762597, 36.1868315], [127.9762683, 36.1865743], [127.9767317, 36.186312], [127.9770536, 36.1859136], [127.9772896, 36.1855673], [127.9775042, 36.1852728], [127.9779334, 36.1849784], [127.9782552, 36.1846667], [127.9786415, 36.1843896], [127.9789848, 36.1840086], [127.9792208, 36.1835063], [127.97965, 36.1829348], [127.9799504, 36.1828309], [127.9803366, 36.1827096], [127.9805512, 36.1823459], [127.9804225, 36.1820515], [127.9804868, 36.181809], [127.9806156, 36.1811336], [127.9807529, 36.1808937], [127.9810447, 36.1805966], [127.9810748, 36.1801316], [127.9813108, 36.1798025], [127.9815383, 36.1793842], [127.9815468, 36.1791963], [127.9818043, 36.1789885], [127.9823322, 36.1788473], [127.9828257, 36.1785875], [127.9830489, 36.1784169], [127.9836626, 36.1783624], [127.9840488, 36.1782238], [127.9843921, 36.1779294], [127.9844994, 36.1776003], [127.9846711, 36.1773751], [127.984714, 36.1770287], [127.9844565, 36.1767862], [127.9845209, 36.1764744], [127.984435, 36.1760241], [127.9841775, 36.1756777], [127.9840273, 36.1753659], [127.9836196, 36.1750714], [127.9833192, 36.1748809], [127.9833407, 36.1746038], [127.9835124, 36.1741361], [127.9835124, 36.1737897], [127.9834351, 36.1733592], [127.983169, 36.1730968], [127.9829974, 36.1726638], [127.9829845, 36.1724239], [127.9830832, 36.1717804], [127.983169, 36.1713127], [127.9831776, 36.1709169], [127.9833407, 36.1707064], [127.9834694, 36.1703946], [127.9834566, 36.1700508], [127.9839415, 36.1698576], [127.9843707, 36.1696498], [127.9846496, 36.1693033], [127.9849929, 36.1690955], [127.9852075, 36.168801], [127.9855594, 36.168613], [127.9860315, 36.1683878], [127.9863104, 36.1683012], [127.9865594, 36.1680041], [127.9865164, 36.1676923], [127.9865164, 36.1674498], [127.9867739, 36.16719], [127.9871902, 36.1668635], [127.9875464, 36.1668609], [127.9878683, 36.1666357], [127.988276, 36.1665144], [127.9887266, 36.1663238], [127.9891343, 36.1660986], [127.9896493, 36.1660986], [127.9901213, 36.1658215], [127.9900355, 36.1655963], [127.9897008, 36.1652871], [127.9897351, 36.16499], [127.9897565, 36.1646435], [127.9896063, 36.164349], [127.9895634, 36.1640372], [127.9896278, 36.1636907], [127.9899153, 36.1632083], [127.990057, 36.1627899], [127.9902072, 36.1624781], [127.9899926, 36.161941], [127.990087, 36.1615452], [127.990293, 36.1610575], [127.990293, 36.160711], [127.9902501, 36.1602952], [127.9903445, 36.160038], [127.9905076, 36.1597582], [127.9902372, 36.1595182], [127.9907307, 36.1590331], [127.9911298, 36.15884], [127.9914732, 36.158788], [127.9919324, 36.1586347], [127.9925675, 36.1586148], [127.9929323, 36.1583202], [127.9933829, 36.1579044], [127.9938764, 36.1578871], [127.9943356, 36.158011], [127.9947562, 36.1578698], [127.9949793, 36.1576818], [127.9952712, 36.157506], [127.9956231, 36.1572487], [127.995902, 36.1570408], [127.9959793, 36.1566744], [127.9959364, 36.1564145], [127.996108, 36.1561893], [127.9965157, 36.1561546], [127.9968805, 36.1558081], [127.9970522, 36.1553403], [127.9969073, 36.1549956], [127.9965007, 36.1548327], [127.996387, 36.1542315], [127.9961295, 36.1539716], [127.9956574, 36.1536251], [127.9953785, 36.1532959], [127.995121, 36.1530187], [127.9948635, 36.1529321], [127.9943356, 36.153004], [127.9937133, 36.1529], [127.9934687, 36.1524989], [127.9934687, 36.1521351], [127.9931125, 36.1519991], [127.9925546, 36.1520684], [127.9922027, 36.1518232], [127.991589, 36.1516352], [127.9912157, 36.1512168], [127.9911513, 36.1507317], [127.9909367, 36.1501945], [127.9904003, 36.1496574], [127.9899282, 36.1491549], [127.9894433, 36.1488283], [127.9886193, 36.1483752], [127.9881472, 36.1479594], [127.987482, 36.1476128], [127.9873962, 36.1471104], [127.9875249, 36.1465039], [127.9876537, 36.1459668], [127.9877824, 36.1457068], [127.9878468, 36.1452563], [127.9879841, 36.144947], [127.9883189, 36.1444246], [127.9888768, 36.1440954], [127.9888768, 36.1438701], [127.988748, 36.1436275], [127.988585, 36.1434048], [127.9881687, 36.1428478], [127.9878683, 36.1425012], [127.9878683, 36.1418254], [127.9876322, 36.1413229], [127.9872031, 36.1410109], [127.9871816, 36.1403178], [127.9873104, 36.1399886], [127.9872975, 36.1396273], [127.987555, 36.1390901], [127.9877395, 36.1387582], [127.9877481, 36.1383622], [127.9873533, 36.1379437], [127.9872117, 36.1375304], [127.9872889, 36.1370253], [127.9875121, 36.1365773], [127.9876966, 36.1361588], [127.9878897, 36.1358469], [127.9879326, 36.135223], [127.9881258, 36.1347204], [127.9881258, 36.1344432], [127.9884691, 36.1341659], [127.9884691, 36.13375], [127.9884777, 36.1334579], [127.9884905, 36.1332301], [127.9885978, 36.1328315], [127.9885549, 36.1325368], [127.9881258, 36.1322942], [127.9880828, 36.1320689], [127.9878468, 36.131601], [127.9875679, 36.131393], [127.9873833, 36.1310837], [127.9876194, 36.1306677], [127.9877395, 36.1303185], [127.9876537, 36.1299546], [127.9875679, 36.1294693], [127.9873533, 36.129244], [127.9872331, 36.129004], [127.9870615, 36.1287613], [127.9867525, 36.1285854], [127.986731, 36.1283601], [127.9862804, 36.1282215], [127.9858813, 36.1277734], [127.9856581, 36.1275109], [127.9851431, 36.1272509], [127.9846582, 36.1271322], [127.9841561, 36.1269216], [127.983757, 36.1265949], [127.9834051, 36.1260897], [127.9830403, 36.125691], [127.9825253, 36.1251537], [127.9820747, 36.1248071], [127.9817528, 36.1247031], [127.980916, 36.1246684], [127.9805512, 36.1246338], [127.9799718, 36.1246684], [127.9794139, 36.1244258], [127.9790277, 36.1240965], [127.9785642, 36.1237871], [127.9783067, 36.1233191], [127.9780836, 36.1228312], [127.9777832, 36.1225886], [127.977633, 36.1222592], [127.9773755, 36.1221206], [127.9769078, 36.1218571], [127.9762382, 36.1216526], [127.9757447, 36.1213926], [127.9754314, 36.1211179], [127.9747147, 36.1209939], [127.9742941, 36.1207539], [127.973792, 36.1205433], [127.9731912, 36.1205086], [127.9725346, 36.1206152], [127.9720754, 36.1205086], [127.9713759, 36.1205632], [127.9708309, 36.1204393], [127.9702515, 36.120474], [127.9699812, 36.1203206], [127.9694361, 36.1198153], [127.9690284, 36.1197113], [127.9683933, 36.1192806], [127.9677839, 36.118966], [127.9672474, 36.1188273], [127.9667968, 36.1186886], [127.966711, 36.1185153], [127.9668827, 36.118134], [127.9669041, 36.1176659], [127.9668397, 36.1171459], [127.9670329, 36.1166433], [127.9671402, 36.1163139], [127.96699, 36.1158459], [127.967226, 36.1153259], [127.967256, 36.1147218], [127.9670114, 36.1143205], [127.9669256, 36.1140431], [127.9668827, 36.1136098], [127.966711, 36.1132111], [127.9666767, 36.112763], [127.9667625, 36.1124856], [127.9671273, 36.1121562], [127.967226, 36.1114602], [127.9672904, 36.1111135], [127.9673762, 36.1107148], [127.9672131, 36.1103361], [127.96699, 36.1100041], [127.9671831, 36.109432], [127.9672904, 36.1090506], [127.9675264, 36.1088426], [127.9676981, 36.1085479], [127.9680285, 36.1080651], [127.9682989, 36.1076811], [127.9684094, 36.1073812], [127.9681444, 36.107148], [127.9679341, 36.106797], [127.9676122, 36.1065543], [127.9671402, 36.1060862], [127.9669685, 36.1056701], [127.9670114, 36.1052714], [127.9668612, 36.1050287], [127.9668183, 36.1047513], [127.9667325, 36.1044392], [127.9665479, 36.1040084], [127.9663462, 36.1035897], [127.9657883, 36.1028789], [127.9658184, 36.1026388], [127.9652304, 36.1020988], [127.9650802, 36.1017694], [127.964724, 36.1014946], [127.9644794, 36.1011799], [127.9641146, 36.1008852], [127.9639945, 36.1005583], [127.9636855, 36.100209], [127.963428, 36.1000009], [127.9632002, 36.0999234], [127.9630203, 36.0998622], [127.9628894, 36.0997815], [127.9627714, 36.0997088], [127.9626212, 36.0994834], [127.9628915, 36.0991861], [127.9628486, 36.098874], [127.9629988, 36.0985619], [127.9631061, 36.0982325], [127.9631061, 36.0979204], [127.9630203, 36.0975563], [127.9628701, 36.0970362], [127.9624624, 36.0968281], [127.9622049, 36.0964987], [127.9619474, 36.0961692], [127.961411, 36.0961346], [127.9609174, 36.0959092], [127.9604883, 36.0956144], [127.959866, 36.0954237], [127.9592652, 36.0954237], [127.9587159, 36.0952876], [127.9582567, 36.0952156], [127.9578061, 36.0951983], [127.9578147, 36.0946287], [127.9579134, 36.0940713], [127.9581065, 36.0934124], [127.9579992, 36.0926668], [127.9578576, 36.0919065], [127.9576344, 36.0914184], [127.95757, 36.0909329], [127.9578361, 36.0904326], [127.9581151, 36.0899818], [127.9582438, 36.0895656], [127.9584584, 36.0890281], [127.9584713, 36.0885226], [127.9585228, 36.0879703], [127.9588146, 36.0877076], [127.9590077, 36.0872741], [127.9592309, 36.0869126], [127.9593725, 36.0866152], [127.9598445, 36.0862164], [127.9603252, 36.0859762], [127.960381, 36.0856788], [127.960381, 36.0851065], [127.9604325, 36.0849357], [127.9605097, 36.0847771], [127.9607887, 36.0844302], [127.9609818, 36.0840487], [127.9609046, 36.0836005], [127.9609689, 36.0834271], [127.9611835, 36.0831149], [127.9615912, 36.0829762], [127.9616899, 36.0827655], [127.9615612, 36.0823146], [127.9613251, 36.0818464], [127.9611749, 36.0815342], [127.9610247, 36.081014], [127.9610676, 36.0805978], [127.9609389, 36.0801296], [127.9607114, 36.0795946], [127.9607887, 36.079089], [127.9608616, 36.0786407], [127.9612908, 36.0783979], [127.961647, 36.0779791], [127.9619689, 36.0776496], [127.9619689, 36.0772681], [127.9617972, 36.0764877], [127.9614539, 36.0756032], [127.961205, 36.0748947], [127.9612264, 36.0743918], [127.9612822, 36.0738168], [127.9613895, 36.0730884], [127.9612178, 36.0725508], [127.9613895, 36.0719784], [127.9613037, 36.0715101], [127.961132, 36.0708164], [127.9612393, 36.0702787], [127.9610247, 36.0696543], [127.9610462, 36.0690299], [127.9609818, 36.0689432], [127.9609174, 36.0688565], [127.9604024, 36.0686483], [127.9599733, 36.0684402], [127.9594884, 36.0684081], [127.9591364, 36.0682668], [127.9583726, 36.0681133], [127.9577417, 36.0678852], [127.9570121, 36.0679199], [127.9564542, 36.0678852], [127.9558534, 36.0677985], [127.9553899, 36.0674889], [127.9544372, 36.0673301], [127.9541797, 36.0670353], [127.9534072, 36.0665323], [127.9528708, 36.0661507], [127.9522357, 36.0656676], [127.951991, 36.0654222], [127.9519696, 36.0650233], [127.9518408, 36.064659], [127.9516906, 36.0643468], [127.9515833, 36.0639131], [127.9516477, 36.0634622], [127.9514975, 36.0630979], [127.9511327, 36.0625428], [127.9507465, 36.0621612], [127.9504032, 36.0619357], [127.9504032, 36.061398], [127.9501886, 36.060895], [127.9499311, 36.0606348], [127.949738, 36.0602878], [127.9495878, 36.060045], [127.9492316, 36.0596833], [127.948987, 36.0593685], [127.9486651, 36.0592297], [127.947957, 36.0588654], [127.9472704, 36.0585705], [127.9468841, 36.0582236], [127.946764, 36.0576711], [127.9466481, 36.0573918], [127.9466137, 36.057064], [127.9462704, 36.0567344], [127.9457039, 36.0564898], [127.9452533, 36.0565765], [127.9448671, 36.0566806], [127.9444809, 36.0566806], [127.943923, 36.0564377], [127.943644, 36.0562816], [127.9433436, 36.0563163], [127.943129, 36.0562296], [127.9426441, 36.0561099], [127.9422578, 36.0556068], [127.9420776, 36.0552755], [127.941627, 36.0546856], [127.9413051, 36.0544948], [127.9407472, 36.054356], [127.9402408, 36.054219], [127.9396958, 36.0539917], [127.9391894, 36.0537333], [127.9389748, 36.0532475], [127.9388375, 36.0528988], [127.9383654, 36.0527427], [127.9381723, 36.052309], [127.9378075, 36.0521355], [127.9374084, 36.0517903], [127.9372341, 36.05164], [127.9370865, 36.0515127], [127.936593, 36.0513739], [127.9361553, 36.0512334], [127.9359407, 36.0510252], [127.9356188, 36.0510079], [127.9351468, 36.051112], [127.9344902, 36.051131], [127.9337821, 36.0510096], [127.9333314, 36.0509055], [127.9330439, 36.0508344], [127.9327092, 36.0506279], [127.9323358, 36.0503313], [127.9317779, 36.0502619], [127.9316921, 36.0504527], [127.9312415, 36.050713], [127.9306836, 36.0508864], [127.9302115, 36.0508691], [127.9301042, 36.0510599], [127.9293103, 36.0511814], [127.928967, 36.0517192], [127.9287953, 36.0518926], [127.9283447, 36.0520661], [127.9279584, 36.0523784], [127.927658, 36.0525172], [127.9271645, 36.0525866], [127.9268426, 36.0528815], [127.9265208, 36.0529509], [127.9260487, 36.0535407], [127.9258856, 36.0536292], [127.9254994, 36.0536118], [127.925126, 36.0535234], [127.9246325, 36.0536274], [127.9244179, 36.0536274], [127.9241175, 36.0537142], [127.9235682, 36.05382], [127.9233021, 36.0539397], [127.9229803, 36.0540264], [127.9226155, 36.0541999], [127.9221305, 36.0543578], [127.9219503, 36.0544428], [127.9217443, 36.0544966], [127.9214997, 36.054651], [127.9212422, 36.054703], [127.9204053, 36.054252], [127.920062, 36.0542346], [127.9193754, 36.0545122], [127.918869, 36.0545486], [127.9184827, 36.0547568], [127.918045, 36.0546336], [127.9175086, 36.0548071], [127.9171223, 36.0548938], [127.9166717, 36.0551193], [127.9164228, 36.0547047], [127.9162082, 36.0544445], [127.9160366, 36.0541149], [127.9154787, 36.0536639], [127.9153843, 36.0533672], [127.9150195, 36.0532458], [127.9147834, 36.0528815], [127.9145131, 36.0528312], [127.9142985, 36.0526056], [127.9140753, 36.0521355], [127.913732, 36.051962], [127.9134101, 36.0516498], [127.9131527, 36.0515457], [127.9127879, 36.051164], [127.9123587, 36.0509385], [127.9120369, 36.0507997], [127.9113931, 36.0509385], [127.9109211, 36.0508691], [127.9105563, 36.0506609], [127.9102215, 36.0504545], [127.9098053, 36.0501925], [127.9094491, 36.0498993], [127.9092044, 36.0494465], [127.9088397, 36.0491689], [127.9085693, 36.0488237], [127.908226, 36.04839], [127.9080028, 36.0481627], [127.9076681, 36.0477827], [127.907166, 36.0471911], [127.9064879, 36.0468459], [127.9061017, 36.0465509], [127.9056725, 36.0461866], [127.9055781, 36.0457511], [127.9054365, 36.0453018], [127.9052348, 36.0450398], [127.9050202, 36.0447622], [127.9045996, 36.0442434], [127.904428, 36.0439485], [127.9042692, 36.0437733], [127.9041276, 36.0434627], [127.9039902, 36.0430272], [127.9039259, 36.0426455], [127.9040546, 36.0423159], [127.9039688, 36.0417259], [127.9039044, 36.0412748], [127.903913, 36.0408081], [127.9038829, 36.040095], [127.9037842, 36.0398538], [127.9035911, 36.0396109], [127.9036126, 36.0392986], [127.903398, 36.0391424], [127.9028744, 36.0390713], [127.9023037, 36.0388822], [127.9017801, 36.0386202], [127.9011879, 36.0386739], [127.900836, 36.0385681], [127.9000849, 36.0385507], [127.8993554, 36.0384813], [127.8986344, 36.0380319], [127.8984198, 36.0378584], [127.8979477, 36.0375461], [127.8977246, 36.0372841], [127.8975315, 36.0371973], [127.8971109, 36.0373205], [127.8967375, 36.0372668], [127.8964157, 36.0371279], [127.8959436, 36.0373188], [127.8955874, 36.0373032], [127.8950638, 36.037475], [127.8946615, 36.0376225], [127.8943536, 36.0376268], [127.8941122, 36.0376294], [127.8938011, 36.03754], [127.893639, 36.0374064], [127.8932271, 36.0372164], [127.8929481, 36.0371123], [127.8927464, 36.0367809], [127.8923602, 36.0365553], [127.8917808, 36.0365033], [127.8915319, 36.036453], [127.8912444, 36.0362604], [127.8909225, 36.0361216], [127.8902573, 36.0360695], [127.8897423, 36.0358613], [127.8891844, 36.0356531], [127.8888197, 36.0352713], [127.8885922, 36.0349781], [127.8881545, 36.0349243], [127.8877039, 36.0349416], [127.887146, 36.0351151], [127.8867383, 36.0354101], [127.886631, 36.035896], [127.8865451, 36.0360868], [127.8860302, 36.0361389], [127.8857512, 36.036191], [127.8853521, 36.0361927], [127.8850431, 36.0360001], [127.8850431, 36.0355316], [127.8850088, 36.0349781], [127.8849015, 36.0344749], [127.8848929, 36.0340393], [127.8848714, 36.0337096], [127.8846783, 36.0333452], [127.884335, 36.0329461], [127.8839788, 36.0324967], [127.8839917, 36.0322173], [127.8838629, 36.03161], [127.8837556, 36.0306729], [127.8837556, 36.0299788], [127.8837986, 36.0293021], [127.8840217, 36.0288526], [127.8840217, 36.0283494], [127.8837771, 36.0280179], [127.8835411, 36.0277403], [127.8832063, 36.0275511], [127.882863, 36.0271867], [127.8827257, 36.026699], [127.8822622, 36.0264925], [127.8819832, 36.0264058], [127.881597, 36.0262322], [127.8816313, 36.0257966], [127.8815884, 36.0255537], [127.8812666, 36.0254148], [127.8809962, 36.0251736], [127.880846, 36.024948], [127.8804812, 36.0245315], [127.8802666, 36.0241324], [127.8800006, 36.0239397], [127.8794856, 36.0236274], [127.8792281, 36.0234885], [127.8790006, 36.0234556], [127.8784985, 36.0236447], [127.8780908, 36.0234365], [127.8776702, 36.0232299], [127.8774471, 36.0230026], [127.8771467, 36.0228291], [127.8767737, 36.0225118], [127.8767294, 36.0218908], [127.8763569, 36.0210906], [127.8763501, 36.020949], [127.8763566, 36.0207195], [127.8762903, 36.0205237], [127.8763155, 36.0203261], [127.8762732, 36.0201659], [127.8762683, 36.0197294], [127.8761113, 36.0195111], [127.8759601, 36.0193114], [127.8758803, 36.0191512], [127.8758739, 36.018886], [127.8759151, 36.0187266], [127.8759174, 36.0185553], [127.8758407, 36.0182002], [127.8758358, 36.0179822], [127.8755682, 36.0175775], [127.875454, 36.0172108], [127.8754069, 36.0169076], [127.8754021, 36.0165959], [127.8753776, 36.016482], [127.8752841, 36.0161709], [127.8752707, 36.015937], [127.8753601, 36.01574], [127.8753136, 36.0154545], [127.8753453, 36.0153152], [127.8754216, 36.0148438], [127.8755939, 36.0144381], [127.8757858, 36.014052], [127.8758005, 36.0140032], [127.8758019, 36.0138409], [127.8758494, 36.013715], [127.8758527, 36.0135767], [127.8758715, 36.0132682], [127.8758569, 36.013114], [127.8758846, 36.0126663], [127.8759393, 36.0124783], [127.8758638, 36.0121353], [127.8758718, 36.0119206], [127.875766, 36.0116262], [127.8757694, 36.0111227], [127.8758174, 36.010823], [127.8759092, 36.0104993], [127.87586, 36.0102811], [127.8757883, 36.0098513], [127.8757538, 36.009486], [127.8756816, 36.0093564], [127.8757214, 36.0091894], [127.8756969, 36.0089446], [127.8757255, 36.008812], [127.8758083, 36.0086176], [127.875959, 36.0083921], [127.8760312, 36.0080835], [127.8762076, 36.007771], [127.8763844, 36.0073337], [127.8766932, 36.0070808], [127.876821, 36.0068225], [127.8770753, 36.0067148], [127.8774219, 36.0066556], [127.8777563, 36.0064253], [127.8779463, 36.0063096], [127.8780845, 36.0059191], [127.8782114, 36.0057979], [127.8781487, 36.0056182], [127.8781541, 36.005354], [127.8781927, 36.0052033], [127.8781449, 36.0044281], [127.8781869, 36.0042151], [127.8782542, 36.0040628], [127.8783322, 36.0037778], [127.878331, 36.0035787], [127.8784799, 36.003251], [127.8785062, 36.0030057], [127.8786075, 36.0027251], [127.8786413, 36.0024959], [127.8785782, 36.0019612], [127.8785016, 36.0017407], [127.8784676, 36.0014281], [127.8783849, 36.001311], [127.8782687, 36.0010218], [127.8779565, 36.000899], [127.8773083, 36.0007336], [127.8768868, 36.000483], [127.8763243, 36.0001705], [127.8759876, 35.9996506], [127.8758589, 35.9991942], [127.8757798, 35.9984417], [127.8756472, 35.9977245], [127.8755723, 35.9972184], [127.8754868, 35.996978], [127.8755973, 35.9969127], [127.875869, 35.9967521], [127.8760251, 35.9965772], [127.8769479, 35.9958552], [127.877431, 35.995474], [127.8778112, 35.9954746], [127.8784454, 35.9951115], [127.8788363, 35.9948036], [127.8793462, 35.9944506], [127.8796851, 35.9941066], [127.8800246, 35.9940959], [127.8810716, 35.9941924], [127.8815406, 35.993893], [127.8820148, 35.9937439], [127.8823954, 35.9935347], [127.8826966, 35.9934818], [127.8829242, 35.9932529], [127.8832101, 35.9930671], [127.8834985, 35.9927623], [127.883753, 35.9926776], [127.8840165, 35.9925371], [127.8843779, 35.9924742], [127.8849119, 35.9924649], [127.8851802, 35.9923852], [127.885587, 35.9923191], [127.8861218, 35.9922957], [127.8864427, 35.9922345], [127.8865867, 35.9921216], [127.8867149, 35.9920297], [127.8868414, 35.9918407], [127.8869091, 35.9916653], [127.8869688, 35.991272], [127.8871457, 35.9910423], [127.8877126, 35.9906058], [127.8886409, 35.9901053], [127.8890779, 35.9897613], [127.8892746, 35.9895089], [127.8898936, 35.9890227], [127.8903907, 35.9885445], [127.8908914, 35.9881634], [127.8911282, 35.9879958], [127.8911951, 35.987937], [127.8913144, 35.9878161], [127.891664, 35.987664], [127.8920697, 35.9875602], [127.8922057, 35.9874541], [127.8923568, 35.9872116], [127.8925663, 35.9871002], [127.8928239, 35.9869555], [127.893218, 35.9867845], [127.8933961, 35.9864123], [127.893884, 35.9858921], [127.894155, 35.9854336], [127.894153, 35.9846352], [127.8939016, 35.9845644], [127.893573, 35.9845505], [127.8934521, 35.9845205], [127.8932871, 35.9844555], [127.8929943, 35.9843], [127.8925129, 35.9838946], [127.8921507, 35.9835425], [127.8917007, 35.983307], [127.8916109, 35.9831173], [127.8915352, 35.9829159], [127.8914112, 35.9827715], [127.8912163, 35.9825046], [127.8910137, 35.9822718], [127.8909596, 35.9821069], [127.8907895, 35.9817752], [127.8905001, 35.9815186], [127.889944, 35.9809656], [127.8898421, 35.9804043], [127.8895839, 35.9797846], [127.8896051, 35.9796609], [127.8911624, 35.9791221], [127.8913853, 35.9788898], [127.8914508, 35.9788009], [127.8916415, 35.9787158], [127.891874, 35.978686], [127.8923643, 35.9785638], [127.8930245, 35.9786047], [127.89346, 35.9785762], [127.8939526, 35.9784452], [127.8947852, 35.9783847], [127.8951148, 35.978423], [127.8958116, 35.9780827], [127.896138, 35.9779079], [127.8963459, 35.9776608], [127.8963999, 35.9773816], [127.8965414, 35.9768669], [127.8966053, 35.9766966], [127.8966385, 35.9764812], [127.8966821, 35.9763842], [127.8967955, 35.9759885], [127.89681, 35.9757674], [127.8968509, 35.975586], [127.8968119, 35.9754195], [127.8968246, 35.9752505], [127.8967777, 35.9749638], [127.896787, 35.9746537], [127.8967831, 35.9744918], [127.8967897, 35.9744033], [127.8969202, 35.9740596], [127.8967402, 35.9736667], [127.896473, 35.9731457], [127.8964315, 35.9729018], [127.8962992, 35.972628], [127.8963183, 35.9723563], [127.8962637, 35.9719132], [127.8964116, 35.9718141], [127.8964502, 35.971582], [127.8967002, 35.9713534], [127.897167, 35.9709968], [127.897516, 35.9707619], [127.8977759, 35.9704349], [127.8978816, 35.9701032], [127.8978486, 35.96985], [127.8981635, 35.9691737], [127.8983581, 35.9688557], [127.898473, 35.9685724], [127.89887, 35.9683498], [127.8990979, 35.9682272], [127.8996173, 35.9680195], [127.8995876, 35.9679408], [127.8998761, 35.9673166], [127.8999191, 35.9670754], [127.9000285, 35.966831], [127.9001044, 35.9667096], [127.9001478, 35.9665626], [127.9003757, 35.9663164], [127.9002144, 35.9660233], [127.9002816, 35.9655004], [127.9002048, 35.965085], [127.9002013, 35.9648603], [127.9002485, 35.9645386], [127.9002246, 35.9643197], [127.9000368, 35.9639497], [127.8999904, 35.9638289], [127.8998234, 35.9631585], [127.8998172, 35.9629704], [127.900014, 35.9627904], [127.9000909, 35.9625814], [127.9001145, 35.9622495], [127.9005026, 35.9620463], [127.9012331, 35.9617356], [127.9014495, 35.9615402], [127.9014998, 35.961301], [127.9015526, 35.9611573], [127.9016198, 35.9606121], [127.901834, 35.9602596], [127.9019296, 35.9601963], [127.9020163, 35.9600856], [127.9020426, 35.9598984], [127.9020218, 35.9596817], [127.9018696, 35.9592714], [127.9018486, 35.9590412], [127.9019369, 35.9587341], [127.9019254, 35.9586348], [127.9018056, 35.9582704], [127.9017949, 35.9581263], [127.9019864, 35.9576937], [127.9020873, 35.9575518], [127.9022736, 35.9569049], [127.9024406, 35.9567882], [127.9025454, 35.9567683], [127.9034643, 35.956308], [127.9034294, 35.9558543], [127.9034437, 35.9557108], [127.9034365, 35.9555965], [127.9035481, 35.9551752], [127.9035232, 35.9549087], [127.9035759, 35.9546053], [127.9039541, 35.9540873], [127.9047325, 35.9540336], [127.905593, 35.9539179], [127.9060633, 35.9540042], [127.9064837, 35.9536636], [127.9065699, 35.9534498], [127.9068676, 35.9530938], [127.9071874, 35.9525557], [127.9077127, 35.9521851], [127.9077605, 35.952178], [127.9089107, 35.9516899], [127.9091553, 35.9515746], [127.9094248, 35.9514884], [127.9098555, 35.9514065], [127.9100751, 35.9512289], [127.9100886, 35.9511122], [127.9102762, 35.9508581], [127.9103914, 35.9505432], [127.9104218, 35.9502332], [127.9107306, 35.94992], [127.9111289, 35.9495477], [127.9113344, 35.9492916], [127.9113671, 35.9491815], [127.911157, 35.9485016], [127.9110621, 35.9482601], [127.910945, 35.9479827], [127.9107581, 35.9476862], [127.9107028, 35.9475162], [127.9106356, 35.9471529], [127.9104959, 35.9468112], [127.9103741, 35.9466384], [127.9102858, 35.9464638], [127.9102197, 35.9462793], [127.9101708, 35.9460665], [127.9101168, 35.9459224], [127.9098664, 35.945554], [127.9096059, 35.9452772], [127.9094629, 35.9451329], [127.9089508, 35.9448656], [127.9082482, 35.9444834], [127.9081295, 35.9442764], [127.9080132, 35.9439844], [127.9079794, 35.943816], [127.9080051, 35.9436094], [127.9080887, 35.943351], [127.9081337, 35.9430702], [127.9082032, 35.9429401], [127.9082195, 35.9427032], [127.908379, 35.9424406], [127.9085182, 35.9419278], [127.9085927, 35.9415992], [127.9084847, 35.9414513], [127.9083636, 35.9413376], [127.9081046, 35.9411934], [127.9079061, 35.9410901], [127.9077833, 35.9410164], [127.9073546, 35.9409287], [127.9071566, 35.9409043], [127.9067874, 35.9408471], [127.9063304, 35.9407686], [127.9061034, 35.9406323], [127.9059335, 35.940522], [127.9057192, 35.9404361], [127.9054329, 35.9404103], [127.9049066, 35.9402391], [127.9042045, 35.9400501], [127.90361, 35.9397789], [127.9028612, 35.9394096], [127.9022594, 35.9390804], [127.9019741, 35.9388775], [127.9017803, 35.9388261], [127.9015151, 35.9386791], [127.9013079, 35.9386082], [127.9010969, 35.9385955], [127.9009103, 35.9385467], [127.9006372, 35.9384347], [127.9005531, 35.9383731], [127.9005374, 35.938371], [127.9004688, 35.9383036], [127.9001814, 35.9380624], [127.8999424, 35.9378691], [127.8998158, 35.9377965], [127.8995598, 35.9376925], [127.8991987, 35.9376082], [127.8989554, 35.9375954], [127.8986343, 35.937373], [127.8981102, 35.9369948], [127.8980072, 35.9369519], [127.8977986, 35.9367851], [127.897263, 35.9364235], [127.8970226, 35.936144], [127.8967543, 35.9359387], [127.8966699, 35.9358526], [127.8965637, 35.9357092], [127.8963878, 35.9353413], [127.8962656, 35.9350986], [127.8961752, 35.9349731], [127.8961438, 35.9349226], [127.896022, 35.9346864], [127.8960267, 35.9346078], [127.8959544, 35.9344968], [127.8956788, 35.9341902], [127.8954504, 35.9341784], [127.895248, 35.9341005], [127.8947657, 35.9340097], [127.8944966, 35.9338236], [127.8933201, 35.9331066], [127.8926298, 35.9328081], [127.8918345, 35.9323561], [127.8911815, 35.9322103], [127.890891, 35.9320575], [127.8899593, 35.9318524], [127.8892035, 35.931776], [127.8886726, 35.931707], [127.8878183, 35.9317668], [127.8872396, 35.9316936], [127.8860727, 35.9315792], [127.8853088, 35.9312978], [127.8832061, 35.9300082], [127.8822365, 35.928884], [127.8823177, 35.9285184], [127.8822546, 35.9282038], [127.8822875, 35.9277312], [127.8823652, 35.9275256], [127.8822761, 35.9273038], [127.8824292, 35.927052], [127.882622, 35.926704], [127.8826818, 35.926601], [127.8827226, 35.9265035], [127.8829598, 35.9261309], [127.8830029, 35.9260241], [127.8832114, 35.9253996], [127.8836372, 35.9247992], [127.8834607, 35.9238474], [127.8831091, 35.9222402], [127.8828633, 35.9213642], [127.8827643, 35.9211478], [127.882206, 35.9204442], [127.8822096, 35.9204295], [127.8822196, 35.92039], [127.8824009, 35.9194745], [127.8825313, 35.9192449], [127.8829917, 35.918774], [127.8837919, 35.91797], [127.8843767, 35.9174083], [127.8846952, 35.9171599], [127.8856972, 35.9164496], [127.8862172, 35.9161041], [127.8867194, 35.9157793], [127.8880707, 35.9149479], [127.8881568, 35.9148166], [127.8881195, 35.9143905], [127.8878209, 35.9132842], [127.8878074, 35.913166], [127.887856, 35.9120622], [127.8857445, 35.9108096], [127.8855954, 35.9106651], [127.8852103, 35.9099673], [127.8850585, 35.9096056], [127.885061, 35.9080327], [127.8847263, 35.9070907], [127.8839409, 35.9065415], [127.8827565, 35.9053718], [127.8822329, 35.9044628], [127.8822694, 35.9039657], [127.8832757, 35.9033], [127.8833744, 35.9023892], [127.8837607, 35.9016314], [127.8839452, 35.9004547], [127.8831727, 35.8994813], [127.8830676, 35.89866], [127.8836212, 35.8983289], [127.8843883, 35.8983532], [127.8847306, 35.8968497], [127.8845675, 35.8961961], [127.884855, 35.895413], [127.8846447, 35.8946943], [127.8847606, 35.8940172], [127.8847306, 35.8932341], [127.8864, 35.8932115], [127.8875769, 35.8921233], [127.8892796, 35.8913567], [127.8903825, 35.8904423], [127.891082, 35.8891316], [127.8923695, 35.8880885], [127.8932278, 35.8867673], [127.8943436, 35.8869759], [127.8957169, 35.8875322], [127.8967469, 35.888019], [127.8980343, 35.8875322], [127.8987081, 35.8876609], [127.8993947, 35.8871046], [127.9008539, 35.8873132], [127.9013688, 35.8882172], [127.9019697, 35.8891211], [127.9022244, 35.8897535], [127.9027425, 35.8907331], [127.9034288, 35.8905814], [127.9042667, 35.8903028], [127.9052844, 35.8899945], [127.9063518, 35.8896729], [127.9071195, 35.8893297], [127.9085436, 35.889538], [127.9096797, 35.8896563], [127.9108102, 35.889886], [127.9119117, 35.8901307], [127.9131215, 35.8903618], [127.9145317, 35.8909533], [127.9154081, 35.8912254], [127.9161654, 35.89156], [127.9169003, 35.8917919], [127.9173974, 35.8920436], [127.9180385, 35.8922848], [127.9186208, 35.8927369], [127.9198038, 35.8928278], [127.9202454, 35.8928553], [127.9189881, 35.8916756], [127.9189526, 35.8893875], [127.9216034, 35.8870871], [127.9222815, 35.8848376], [127.9233543, 35.8820386], [127.9258735, 35.8814544], [127.9275258, 35.8813345], [127.9288153, 35.8804652], [127.930047, 35.8788639], [127.9304998, 35.8781702], [127.9304547, 35.8778382], [127.9293496, 35.8774208], [127.9294355, 35.8744825], [127.9298848, 35.8731573], [127.9295254, 35.8720815], [127.9295556, 35.8714153], [127.9295683, 35.8701601], [127.930517, 35.8688465], [127.9312165, 35.8685184], [127.9312808, 35.8683967], [127.9319374, 35.867642], [127.9326112, 35.8656145], [127.933152, 35.8642355], [127.9331112, 35.8630426], [127.9327464, 35.8621348], [127.9323666, 35.860488], [127.9322722, 35.8595245], [127.9308753, 35.8585507], [127.9289245, 35.8577875], [127.9282167, 35.8580777], [127.9273581, 35.8582744], [127.9257512, 35.8569768], [127.9255602, 35.8557907], [127.9257448, 35.8551803], [127.9280836, 35.8555351], [127.929182, 35.8563614], [127.9311006, 35.8560899], [127.933403, 35.855302], [127.9345982, 35.8548603], [127.9357891, 35.8544394], [127.9368062, 35.854509], [127.9395849, 35.8543281], [127.9410998, 35.8543333], [127.9424216, 35.8543768], [127.9448056, 35.8557803], [127.9454451, 35.856949], [127.9468291, 35.8580533], [127.9478183, 35.8589263], [127.9484813, 35.8593907], [127.9491379, 35.8602915], [127.9510498, 35.861248], [127.9517171, 35.8610915], [127.9524745, 35.8607645], [127.9537148, 35.8603976], [127.9552512, 35.8603124], [127.9570064, 35.8599524], [127.9588368, 35.8601019], [127.9601199, 35.8591159], [127.960547, 35.8575681], [127.9609997, 35.8561664], [127.963875, 35.8550638], [127.9663791, 35.854509], [127.9672954, 35.8539733], [127.9680829, 35.8527176], [127.9701149, 35.8514967], [127.97032, 35.8514203], [127.972147, 35.8507401], [127.9743292, 35.850474], [127.9769921, 35.853422], [127.9786787, 35.8559785], [127.9810326, 35.8582707], [127.9815932, 35.8590955], [127.9831033, 35.8584603], [127.9835478, 35.8580275], [127.9843846, 35.8579919], [127.9854915, 35.8558864], [127.9861009, 35.8546238], [127.9869635, 35.8539577], [127.9880986, 35.8512515], [127.9900276, 35.848853], [127.9912915, 35.8459727], [127.9931176, 35.8428697], [127.9952547, 35.8413042], [127.9960465, 35.8399561], [127.9965873, 35.8382949], [127.997098, 35.837813], [127.9984004, 35.8377261], [127.9993768, 35.8369694], [128.0017629, 35.8362527], [128.0037777, 35.8354873], [128.0058205, 35.8345201], [128.0067539, 35.8337929], [128.0070972, 35.8325734], [128.0080821, 35.8313122], [128.0095713, 35.8305432], [128.0110648, 35.8296177], [128.0119874, 35.8299239], [128.0125153, 35.8306215], [128.0137105, 35.8309034], [128.0146568, 35.8316462], [128.0169978, 35.8322325], [128.0178389, 35.8328135], [128.0201478, 35.833271], [128.0216584, 35.833692], [128.0228407, 35.8330831], [128.0245681, 35.8329944], [128.025907, 35.8336242], [128.0269542, 35.8345444], [128.0285399, 35.8352576], [128.0301707, 35.8358839], [128.0319731, 35.8352229], [128.0335502, 35.834621], [128.0352239, 35.8345862], [128.0366831, 35.834273], [128.0384855, 35.8340295], [128.0393009, 35.8335076], [128.0399554, 35.8329614], [128.0403738, 35.8323594], [128.0412428, 35.8320915], [128.0423479, 35.8312809], [128.0437641, 35.8313157], [128.0452769, 35.8308042], [128.0460815, 35.8305154], [128.0466072, 35.8300387], [128.0475406, 35.8299587], [128.0486243, 35.8297604], [128.0494289, 35.8297499], [128.0498688, 35.829482], [128.0508988, 35.829656], [128.0512314, 35.8301327], [128.0515854, 35.8305258], [128.0517464, 35.8313504], [128.0524759, 35.8319071], [128.0526047, 35.8324638], [128.0529158, 35.8330309], [128.0536775, 35.8332293], [128.0540638, 35.8336816], [128.0550937, 35.8335772], [128.0556946, 35.8333684], [128.0562095, 35.8334728], [128.0576258, 35.8333336], [128.0581837, 35.8335424], [128.0587523, 35.8337268], [128.0601148, 35.8343078], [128.0607264, 35.8343878], [128.0614881, 35.834621], [128.0624323, 35.8348993], [128.0630331, 35.8348993], [128.0635588, 35.8355012], [128.0637626, 35.8364649], [128.0640631, 35.8371955], [128.0656509, 35.8379609], [128.0664663, 35.838448], [128.0671637, 35.8389803], [128.0673675, 35.8391786], [128.0679254, 35.8393873], [128.0687408, 35.8398396], [128.0692665, 35.8400935], [128.0696957, 35.8406154], [128.0699961, 35.8408241], [128.0704253, 35.8413459], [128.0708544, 35.8413459], [128.0714016, 35.8410572], [128.0719273, 35.8407893], [128.0720882, 35.8402918], [128.0727427, 35.8399544], [128.0731182, 35.8396656], [128.0738907, 35.8395613], [128.0747919, 35.8389698], [128.0755215, 35.8388655], [128.0758219, 35.838935], [128.0764227, 35.8392134], [128.0768947, 35.8392134], [128.0771522, 35.8393525], [128.0775385, 35.8393525], [128.077796, 35.8394569], [128.0782788, 35.8392586], [128.0789654, 35.8394325], [128.0794375, 35.8389803], [128.0794267, 35.8386219], [128.0800705, 35.838448], [128.0807571, 35.8383436], [128.0815832, 35.8379713], [128.0824737, 35.8375434], [128.0831282, 35.837206], [128.0837719, 35.8369972], [128.0847161, 35.8365449], [128.0851699, 35.8364953], [128.0856098, 35.836284], [128.0858265, 35.8359787], [128.0860936, 35.835629], [128.0864734, 35.8352837], [128.0866119, 35.834861], [128.0868511, 35.8344592], [128.0868189, 35.8338312], [128.0868726, 35.8333406], [128.0872567, 35.8329422], [128.0883059, 35.8326743], [128.0893853, 35.8323568], [128.0903938, 35.8318132], [128.0906752, 35.8308137], [128.0914001, 35.8305154], [128.0922155, 35.830411], [128.0930416, 35.8308042], [128.09345, 35.8311905], [128.0935566, 35.8312913], [128.0943001, 35.8317793], [128.0952196, 35.8320811], [128.0962914, 35.8319741], [128.0967849, 35.8320515], [128.0973332, 35.8315696], [128.098052, 35.8310373], [128.0986528, 35.8305502], [128.0992107, 35.8300283], [128.0996506, 35.8297256], [128.1001119, 35.8297847], [128.1007557, 35.8297847], [128.101614, 35.8293672], [128.1022588, 35.8290706], [128.1026665, 35.8287574], [128.1035033, 35.8287574], [128.104028, 35.8288557], [128.1046835, 35.8283573], [128.1049625, 35.8279398], [128.1053058, 35.8276788], [128.1058637, 35.8273482], [128.1063357, 35.8270351], [128.1066791, 35.8265653], [128.1070438, 35.8259042], [128.1076232, 35.8254345], [128.107988, 35.8249821], [128.108503, 35.824495], [128.1089107, 35.8240948], [128.109769, 35.8239209], [128.1108633, 35.8237643], [128.1117431, 35.8237295], [128.1125231, 35.824167], [128.1137118, 35.8247064], [128.1143813, 35.8251622], [128.1151366, 35.8255867], [128.1156366, 35.8259799], [128.1160915, 35.8263053], [128.1168382, 35.8263157], [128.1173221, 35.8260956], [128.1179658, 35.8256955], [128.1186192, 35.8253414], [128.1192651, 35.8248995], [128.1198948, 35.8241801], [128.1202285, 35.823679], [128.1209559, 35.8230535], [128.1216233, 35.8228361], [128.1222241, 35.8228013], [128.1228453, 35.8226403], [128.1232047, 35.8226412], [128.1231725, 35.8220566], [128.1233452, 35.8213833], [128.1230824, 35.8205742], [128.1232862, 35.8197982], [128.1233828, 35.8187647], [128.1230395, 35.8176511], [128.1228142, 35.8161443], [128.1224387, 35.8150063], [128.1222992, 35.8143695], [128.1227689, 35.8141075], [128.1231575, 35.8137431], [128.1224893, 35.813413], [128.12187, 35.813221], [128.1216125, 35.8128034], [128.1215803, 35.8116654], [128.1215267, 35.8109937], [128.1212692, 35.8100541], [128.1207971, 35.8089752], [128.1211941, 35.8082895], [128.1218378, 35.8074195], [128.1225245, 35.8066886], [128.122267, 35.8056792], [128.1219559, 35.8049031], [128.1211834, 35.8041722], [128.1213229, 35.8035909], [128.1220953, 35.8029296], [128.1225674, 35.8021639], [128.1232862, 35.8017706], [128.1233721, 35.800796], [128.1237583, 35.7999258], [128.1244128, 35.7988921], [128.1252282, 35.7979174], [128.1256573, 35.7973953], [128.1266165, 35.7968314], [128.1271057, 35.7959508], [128.127758, 35.7950161], [128.1283663, 35.7943348], [128.1284361, 35.7924768], [128.1282215, 35.7911192], [128.1283932, 35.7897963], [128.1294339, 35.7894935], [128.1306248, 35.7889957], [128.131408, 35.7881706], [128.1323854, 35.7876371], [128.1333724, 35.7869583], [128.1342307, 35.7863142], [128.1347886, 35.7858094], [128.1354323, 35.7854787], [128.1357328, 35.7849043], [128.1365911, 35.7848172], [128.1375395, 35.7846528], [128.1380824, 35.7844212], [128.1386456, 35.7843838], [128.1392411, 35.7844552], [128.139843, 35.7844735], [128.1407946, 35.7849678], [128.1419405, 35.7850844], [128.1429189, 35.7849913], [128.1436957, 35.7850879], [128.1438845, 35.7848395], [128.1441066, 35.7845474], [128.14473, 35.7843211], [128.1451409, 35.7843342], [128.1455331, 35.7843689], [128.1462041, 35.7842254], [128.1469337, 35.784591], [128.1475656, 35.7850897], [128.1484454, 35.7858051], [128.1492865, 35.7862281], [128.1503014, 35.7863586], [128.1512606, 35.7865449], [128.1521125, 35.786651], [128.1525127, 35.7862098], [128.1527701, 35.7855309], [128.1528345, 35.7849217], [128.1533066, 35.7845561], [128.153843, 35.7844169], [128.1545082, 35.784295], [128.1550661, 35.7842254], [128.1558171, 35.7841036], [128.1562677, 35.7837728], [128.1565381, 35.783342], [128.156654, 35.7829025], [128.1566851, 35.7821827], [128.1568889, 35.7814759], [128.1574898, 35.7808144], [128.1583545, 35.7797264], [128.1594596, 35.7788439], [128.1610045, 35.7781249], [128.1622512, 35.7778394], [128.1630473, 35.7776044], [128.163252, 35.7756542], [128.1626791, 35.7748377], [128.162574, 35.7737775], [128.1622092, 35.7729627], [128.1619624, 35.7719321], [128.1618036, 35.7710651], [128.1614861, 35.7696027], [128.1610998, 35.7683839], [128.1621298, 35.768175], [128.1626984, 35.7675935], [128.162516, 35.7666428], [128.1630739, 35.7659812], [128.1635889, 35.7652848], [128.1637305, 35.7645013], [128.163767, 35.763756], [128.1634602, 35.7630213], [128.1633379, 35.7622761], [128.1638035, 35.7612801], [128.1651446, 35.7608379], [128.1669041, 35.7598976], [128.1687495, 35.7589922], [128.1704554, 35.7583897], [128.1712278, 35.7581807], [128.1723866, 35.7578324], [128.1733736, 35.7575887], [128.1743177, 35.7572752], [128.1755194, 35.7570315], [128.1764742, 35.756415], [128.177751, 35.7556733], [128.1790813, 35.7554643], [128.1803237, 35.7556036], [128.1829362, 35.755201], [128.1859798, 35.7545375], [128.1879014, 35.7532526], [128.1893426, 35.7523528], [128.188748, 35.7500416], [128.1884777, 35.7493346], [128.1880614, 35.7487181], [128.189263, 35.7480912], [128.1904518, 35.7475931], [128.1910526, 35.7461302], [128.1915392, 35.744868], [128.1916663, 35.7445384], [128.1914946, 35.7427969], [128.1920954, 35.7407765], [128.1926104, 35.7393136], [128.1933331, 35.7382906], [128.1946495, 35.7378812], [128.1979056, 35.736676], [128.1971733, 35.7331078], [128.1956016, 35.7324058], [128.1944, 35.731082], [128.1937992, 35.7305943], [128.1940695, 35.7296292], [128.1937927, 35.7287217], [128.1938979, 35.727957], [128.1943141, 35.7269014], [128.195357, 35.7260757], [128.1963741, 35.7243929], [128.1967517, 35.7224627], [128.1980757, 35.7215813], [128.1993546, 35.7210639], [128.1999661, 35.7207172], [128.1989533, 35.7191144], [128.1977066, 35.718043], [128.1988632, 35.7158915], [128.1995498, 35.7147068], [128.2002365, 35.7127554], [128.2016977, 35.7109539], [128.2019531, 35.7101072], [128.2011806, 35.7083649], [128.2011076, 35.7071207], [128.2010218, 35.7054481], [128.201554, 35.7041866], [128.2033392, 35.7021025], [128.2035388, 35.7005256], [128.2035088, 35.6982725], [128.204189, 35.6958362], [128.2037941, 35.694843], [128.2021891, 35.693177], [128.2015368, 35.6921349], [128.201451, 35.6907406], [128.201966, 35.6896253], [128.2024681, 35.6889874], [128.2034251, 35.6884402], [128.2035967, 35.6872551], [128.2035967, 35.6850242], [128.2021376, 35.6837694], [128.1996485, 35.6836299], [128.1976615, 35.6836892], [128.1951853, 35.6833511], [128.1927821, 35.6821659], [128.190808, 35.6809807], [128.1880485, 35.6793667], [128.1856581, 35.6779827], [128.1838557, 35.6770067], [128.1830832, 35.6759608], [128.182727, 35.6751834], [128.1803366, 35.6737296], [128.1783496, 35.6719761], [128.1760322, 35.6725339], [128.1748306, 35.6723247], [128.1735431, 35.6720458], [128.1718394, 35.6722654], [128.1695091, 35.6721852], [128.1666895, 35.6723351], [128.1652304, 35.6725443], [128.1634988, 35.672302], [128.163119, 35.6718192], [128.1623873, 35.6714061], [128.1623851, 35.669187], [128.1617843, 35.6677226], [128.1601535, 35.6666767], [128.1597244, 35.6650729], [128.1597287, 35.6645028], [128.1603381, 35.6639676], [128.1611105, 35.6623637], [128.160926, 35.6606796], [128.160926, 35.6592849], [128.1599518, 35.658598], [128.1591686, 35.6576809], [128.1584927, 35.6572032], [128.1576151, 35.6565546], [128.1565935, 35.656564], [128.1565506, 35.6560061], [128.1568682, 35.6554273], [128.157027, 35.655049], [128.1575377, 35.6542975], [128.158293, 35.6537483], [128.1592242, 35.6531973], [128.1605847, 35.6527632], [128.1615889, 35.6523936], [128.1625588, 35.6528329], [128.1634171, 35.6523447], [128.1644041, 35.6523447], [128.1661207, 35.6527981], [128.1683952, 35.6530422], [128.1697428, 35.6537535], [128.1708843, 35.6535304], [128.172601, 35.654158], [128.1746609, 35.655239], [128.1759226, 35.6563339], [128.1770641, 35.6560759], [128.1784117, 35.655776], [128.1802141, 35.6558457], [128.1828148, 35.6560759], [128.1835873, 35.6573312], [128.1847889, 35.6564246], [128.1861622, 35.6557969], [128.1883938, 35.655239], [128.1898529, 35.6546113], [128.1905396, 35.6540534], [128.1914837, 35.6539837], [128.1919987, 35.653077], [128.1924278, 35.6521006], [128.1930287, 35.6515426], [128.1944019, 35.650636], [128.1952345, 35.6497084], [128.196007, 35.6499176], [128.1968052, 35.6493806], [128.197406, 35.6486831], [128.1983502, 35.6479159], [128.198951, 35.6467301], [128.1993801, 35.6451957], [128.1992085, 35.6442192], [128.2002384, 35.6434519], [128.2011826, 35.6425452], [128.2027275, 35.6424057], [128.2039034, 35.6426638], [128.2049334, 35.6428033], [128.2061607, 35.6429637], [128.2076199, 35.6422662], [128.2083065, 35.6420569], [128.2094223, 35.6427544], [128.210684, 35.6432915], [128.2106239, 35.6415687], [128.2100231, 35.6401735], [128.2107098, 35.6396853], [128.2118857, 35.6395248], [128.2133448, 35.6396643], [128.2151472, 35.6399433], [128.2162029, 35.640034], [128.2173187, 35.6392667], [128.2186062, 35.6387785], [128.2196962, 35.638897], [128.220752, 35.6396853], [128.2219278, 35.6400131], [128.2228977, 35.639755], [128.2239878, 35.6402224], [128.2247002, 35.6408013], [128.2261593, 35.6405223], [128.2271893, 35.640034], [128.2277901, 35.638918], [128.2285626, 35.6383599], [128.2300818, 35.6385483], [128.2311375, 35.639197], [128.2324249, 35.6387785], [128.2339441, 35.6388273], [128.2347166, 35.6394551], [128.2359182, 35.6406409], [128.2368624, 35.6416873], [128.2371542, 35.6430474], [128.2366564, 35.644139], [128.2360599, 35.6464755], [128.2357723, 35.6476369], [128.2355148, 35.649799], [128.2364332, 35.6504058], [128.2377593, 35.6507336], [128.239094, 35.650615], [128.240699, 35.6508556], [128.2413299, 35.6520482], [128.2409222, 35.6530073], [128.2408964, 35.653614], [128.2420981, 35.6543812], [128.2436688, 35.6541232], [128.244158, 35.6532653], [128.2453854, 35.65224], [128.2470162, 35.6514031], [128.247617, 35.6511242], [128.2480461, 35.6504965], [128.2492478, 35.649799], [128.2504236, 35.6498478], [128.251651, 35.6493108], [128.2530243, 35.6485436], [128.2544834, 35.6481251], [128.2553417, 35.6474277], [128.2565434, 35.6469395], [128.2575733, 35.6465209], [128.2584316, 35.6458932], [128.2591183, 35.6449864], [128.2601483, 35.6432427], [128.2611782, 35.6421964], [128.261779, 35.6415687], [128.262809, 35.6421964], [128.2634699, 35.6430125], [128.2651865, 35.643431], [128.2663281, 35.6440099], [128.267358, 35.6441494], [128.2690746, 35.6443587], [128.270508, 35.6444075], [128.2706797, 35.6452445], [128.2715637, 35.6455444], [128.2728512, 35.6454049], [128.2740528, 35.6451259], [128.2753403, 35.6451259], [128.2766277, 35.6459629], [128.2775719, 35.6474277], [128.2771427, 35.6485436], [128.2776577, 35.649799], [128.2784903, 35.6504755], [128.2796318, 35.6511242], [128.2812626, 35.6508452], [128.282696, 35.6509637], [128.2842409, 35.6510335], [128.2858975, 35.6508452], [128.2875282, 35.6507754], [128.2890732, 35.6511242], [128.291794, 35.6500571], [128.2932789, 35.6491713], [128.2958538, 35.6491713], [128.2968838, 35.6505662], [128.2973988, 35.65224], [128.2971421, 35.6561941], [128.3028061, 35.6543742], [128.3064453, 35.6550438], [128.3086941, 35.6540115], [128.3130285, 35.6526655], [128.3162987, 35.6513195], [128.318496, 35.6509149], [128.3206074, 35.6488087], [128.3238603, 35.6463046], [128.3245814, 35.6444773], [128.3267529, 35.6458234], [128.3291561, 35.6455444], [128.3317911, 35.6444773], [128.333791, 35.6444284], [128.3351643, 35.6433124], [128.3362543, 35.6418268], [128.3387692, 35.6410803], [128.3408291, 35.6409408], [128.3428976, 35.6407246], [128.3440649, 35.6397132], [128.3475153, 35.6393435], [128.3479616, 35.6406967], [128.3506653, 35.6398945], [128.3527338, 35.6401526], [128.3542187, 35.6392667], [128.3573086, 35.6373973], [128.3600638, 35.6327723], [128.3620894, 35.6276866], [128.3628618, 35.6235494], [128.3636858, 35.6189586], [128.3640034, 35.6142907], [128.3635437, 35.6118615], [128.3688369, 35.6113913], [128.3707193, 35.611162], [128.3803575, 35.6114093], [128.3859623, 35.6136561], [128.3898333, 35.617738], [128.3934982, 35.6233057], [128.3976868, 35.6288103], [128.4004763, 35.63271], [128.4004848, 35.6368257], [128.399472, 35.6423782], [128.3970259, 35.6462493], [128.3922108, 35.6504481], [128.38846, 35.6539492], [128.3815935, 35.6578547], [128.3748987, 35.6627362], [128.3692081, 35.66669], [128.3632858, 35.6725472], [128.3588226, 35.6783342], [128.3551319, 35.6839814], [128.3530472, 35.6897585], [128.3522137, 35.692068], [128.3511837, 35.6990386], [128.3514412, 35.701966], [128.3513554, 35.7032903], [128.3537586, 35.7060782], [128.3565052, 35.7077509], [128.358136, 35.7077509], [128.3647449, 35.706357], [128.3716972, 35.7036388], [128.3775337, 35.7014781], [128.3847435, 35.700572], [128.3909233, 35.6996659], [128.4001072, 35.697296], [128.4089735, 35.6947343], [128.4147199, 35.6942499], [128.4196423, 35.6946646], [128.4234789, 35.6965467], [128.4284313, 35.6998053], [128.4319504, 35.7027327], [128.4336069, 35.7051199], [128.4344652, 35.7071411], [128.4349802, 35.7124378], [128.4347715, 35.7168418], [128.434697, 35.7184135], [128.4338644, 35.721288], [128.4325163, 35.722668], [128.4318903, 35.7233088], [128.4277704, 35.7263747], [128.4237364, 35.7300676], [128.4180715, 35.7332726], [128.414962, 35.7348724], [128.4119776, 35.7364078], [128.402107, 35.7417722], [128.3934381, 35.745952], [128.3903482, 35.7487384], [128.3881166, 35.7526392], [128.3868292, 35.7548682], [128.3842543, 35.7575846], [128.3837393, 35.7586294], [128.3868292, 35.7625993], [128.3894642, 35.7665517], [128.3947857, 35.7730283], [128.3975323, 35.7756048], [128.3992489, 35.7785295], [128.4015062, 35.7839781], [128.4021588, 35.7851429], [128.4042271, 35.7888345], [128.4063728, 35.7927333], [128.4110935, 35.7996255], [128.4154709, 35.8042895], [128.4195049, 35.8074915], [128.4234789, 35.8091795], [128.4330662, 35.810415], [128.4361561, 35.8117375], [128.437701, 35.8117375], [128.4400442, 35.8102932], [128.4436491, 35.808205], [128.447254, 35.8075785], [128.4509447, 35.8077874], [128.4556654, 35.8081354], [128.4654243, 35.8077003], [128.4703167, 35.808466], [128.4714512, 35.8090794], [128.4744366, 35.8106934], [128.4783247, 35.8137734], [128.4801014, 35.8153568], [128.4815004, 35.8180886], [128.4814747, 35.8212726], [128.480728, 35.8251177], [128.4778955, 35.828806], [128.4730032, 35.8335379], [128.46854, 35.8368779], [128.4652784, 35.8380608], [128.4489706, 35.8437662], [128.4348944, 35.8464796], [128.4157541, 35.8503061], [128.4115458, 35.8518896], [128.4001595, 35.8518645], [128.3931745, 35.8519932], [128.388531, 35.8520897], [128.38743, 35.8528801], [128.3854559, 35.8521844], [128.3844259, 35.8536453], [128.3837994, 35.8607235], [128.3840568, 35.865523], [128.3869751, 35.8693486], [128.3904941, 35.8742867], [128.391464, 35.8802851], [128.3941248, 35.8863352], [128.3973005, 35.8921066], [128.3987596, 35.89753], [128.3983906, 35.9006414], [128.404742, 35.90085], [128.4068878, 35.9007109], [128.4101494, 35.9065509], [128.4114368, 35.9078718], [128.4133251, 35.9092621], [128.4144667, 35.9115041], [128.4166983, 35.9127553], [128.4162434, 35.9144758], [128.4168699, 35.916092], [128.4173592, 35.9167002], [128.4176424, 35.9182469], [128.4178999, 35.9201236], [128.4178999, 35.9217223], [128.4199341, 35.9223305], [128.4213331, 35.9222089], [128.423024, 35.922678], [128.4244681, 35.9243896], [128.4251955, 35.9259691], [128.425144, 35.9275503], [128.4252727, 35.9288187], [128.4264958, 35.9281376], [128.4276674, 35.9278022], [128.4278949, 35.9286745], [128.4289892, 35.9294233], [128.4309912, 35.9304745], [128.4313474, 35.9310045], [128.4321778, 35.9314128], [128.4331198, 35.930961], [128.4346991, 35.9308516], [128.4362677, 35.9313137], [128.4390743, 35.9317134], [128.440645, 35.9331902], [128.4406137, 35.9333593], [128.4403875, 35.9345801], [128.4413059, 35.9356052], [128.4426191, 35.9351361], [128.4441641, 35.935692], [128.4469107, 35.9349971], [128.4505928, 35.9348199], [128.4518631, 35.9360221], [128.4529789, 35.937829], [128.4529789, 35.9396358], [128.4529789, 35.9408866], [128.4536655, 35.9431103], [128.4555796, 35.9423633], [128.4580687, 35.941182], [128.4602745, 35.9412341], [128.4633043, 35.9388888], [128.4648235, 35.9390104], [128.4658792, 35.9378464], [128.4682568, 35.9385934], [128.4697416, 35.9379159], [128.4721191, 35.9365086], [128.4742907, 35.93597], [128.4758099, 35.9358832], [128.4770372, 35.9350666], [128.4763506, 35.9337462], [128.4763506, 35.9322172], [128.4756639, 35.9304797], [128.4760931, 35.9285337], [128.4742907, 35.9270742], [128.4740332, 35.9261011], [128.4740332, 35.9249891], [128.473604, 35.92346], [128.4728315, 35.9228344], [128.4729174, 35.9209577], [128.4734323, 35.9185944], [128.4727457, 35.9155359], [128.4712866, 35.9137286], [128.4692266, 35.9117126], [128.4678533, 35.9099747], [128.4666517, 35.9098357], [128.4652784, 35.9087929], [128.4661367, 35.9075415], [128.4673384, 35.9063597], [128.4673536, 35.9060398], [128.4674242, 35.9045521], [128.4679392, 35.9025359], [128.4681967, 35.9003111], [128.4693125, 35.898573], [128.4709175, 35.8978603], [128.4720591, 35.8966262], [128.4732607, 35.8953746], [128.4742907, 35.8946793], [128.476239, 35.8959135], [128.4773806, 35.8973215], [128.4788397, 35.8981558], [128.4798439, 35.8975822], [128.4803846, 35.8965566], [128.4817579, 35.8957918], [128.483217, 35.895027], [128.4840753, 35.8938449], [128.4846762, 35.8933582], [128.4851053, 35.8946098], [128.4872854, 35.8956979], [128.4876545, 35.897026], [128.488427, 35.8977908], [128.4904526, 35.8976309], [128.492358, 35.8969495], [128.4941347, 35.8954129], [128.4950359, 35.8935425], [128.4957998, 35.8916303], [128.4964006, 35.8889845], [128.4993446, 35.8895964], [128.5003242, 35.8878236], [128.5010698, 35.8864742], [128.5021599, 35.8869436], [128.5039623, 35.8888211], [128.5045031, 35.8906464], [128.5046089, 35.8914288], [128.5048206, 35.8929932], [128.5047348, 35.8941752], [128.5052498, 35.8972345], [128.5045031, 35.8990597], [128.5054214, 35.9009195], [128.5050781, 35.9023795], [128.5056789, 35.9041176], [128.5059622, 35.9056645], [128.5070522, 35.9071766], [128.5091379, 35.9085843], [128.5099962, 35.9097661], [128.5112579, 35.9109305], [128.5125454, 35.9114172], [128.5140045, 35.9116257], [128.5148027, 35.9114345], [128.5163477, 35.9119212], [128.5171202, 35.9128249], [128.5181244, 35.9139892], [128.5193518, 35.9149103], [128.5200384, 35.9158835], [128.5219009, 35.9168393], [128.5224417, 35.9181773], [128.5233601, 35.9195502], [128.5246475, 35.9208708], [128.52542, 35.9219134], [128.5261925, 35.922678], [128.5273083, 35.922956], [128.5283382, 35.9237901], [128.5291965, 35.9238596], [128.5301664, 35.9261706], [128.5305698, 35.9285164], [128.5311964, 35.9297152], [128.5319525, 35.9302903], [128.5320412, 35.9303578], [128.5331791, 35.9312234], [128.5340159, 35.9326307], [128.5340031, 35.9338678], [128.5342005, 35.9348581], [128.5341747, 35.9360221], [128.5348013, 35.9379159], [128.535239, 35.9395524], [128.5344751, 35.942742], [128.5345867, 35.9445695], [128.534518, 35.9465221], [128.5339945, 35.9483843], [128.5336001, 35.9489386], [128.5335265, 35.9491622], [128.5327413, 35.9501457], [128.5327156, 35.9521433], [128.5331705, 35.9537587], [128.5341404, 35.9555408], [128.5344408, 35.957639], [128.5333078, 35.958959], [128.5311578, 35.9596503], [128.5301235, 35.961738], [128.5297373, 35.9642459], [128.5297201, 35.9670107], [128.5296984, 35.9679604], [128.52966, 35.96964], [128.5283983, 35.9711717], [128.5286773, 35.9727729], [128.5282741, 35.9733232], [128.5280973, 35.9735646], [128.5276773, 35.9741378], [128.5270765, 35.9755965], [128.5288489, 35.9767321], [128.5287073, 35.9789721], [128.5295656, 35.9805002], [128.5314539, 35.9803613], [128.5325439, 35.9793055], [128.5343721, 35.9788332], [128.5354021, 35.9778261], [128.5366037, 35.9782776], [128.5375221, 35.9768051], [128.5391701, 35.9763605], [128.5405519, 35.9764716], [128.5430153, 35.9749991], [128.5443886, 35.9722206], [128.5460451, 35.9692476], [128.5461052, 35.9668023], [128.5478218, 35.9641625], [128.54862, 35.9631344], [128.5502508, 35.9616095], [128.5515984, 35.9602026], [128.5528286, 35.9602018], [128.5531433, 35.9625647], [128.5540372, 35.963943], [128.5545166, 35.9646488], [128.5561474, 35.9663161], [128.5565165, 35.9684174], [128.5563319, 35.970491], [128.5580614, 35.9716094], [128.5596064, 35.9717483], [128.5606363, 35.9710536], [128.5635546, 35.9711926], [128.5647562, 35.9718872], [128.5659578, 35.9731375], [128.5677345, 35.9745823], [128.569906, 35.9760549], [128.5726526, 35.9766106], [128.5778025, 35.9767495], [128.5800941, 35.9763883], [128.5834673, 35.9764716], [128.5855873, 35.9772218], [128.5867289, 35.9781387], [128.5882738, 35.9778608], [128.5901621, 35.9782776], [128.5919388, 35.9797223], [128.5930803, 35.9799445], [128.5938271, 35.9823616], [128.5959986, 35.9832784], [128.5980585, 35.9834173], [128.5999468, 35.9841118], [128.6025217, 35.9846674], [128.6027534, 35.9858342], [128.6032083, 35.9876573], [128.6037834, 35.9888205], [128.6058433, 35.9907651], [128.6072166, 35.9924318], [128.609989, 35.9952963], [128.6110189, 35.9979351], [128.6107357, 35.9994454], [128.6127098, 36.0006953], [128.6141689, 36.0020146], [128.614023, 36.003879], [128.6158941, 36.0047226], [128.6159757, 36.0058439], [128.616246, 36.0069063], [128.618718, 36.0062501], [128.6211212, 36.0058335], [128.6239107, 36.0067431], [128.6249836, 36.0075659], [128.6274727, 36.0081977], [128.6305025, 36.0070278], [128.6317041, 36.0071666], [128.6337641, 36.0082775], [128.6351374, 36.0091142], [128.6373625, 36.009135], [128.6388624, 36.0091801], [128.6396778, 36.0096644], [128.6402722, 36.0101626], [128.6413386, 36.0103309], [128.6406975, 36.0104715], [128.6370308, 36.0166897], [128.6324963, 36.019555], [128.626899, 36.021704], [128.6245255, 36.0234231], [128.6226833, 36.0240535], [128.6213371, 36.0251422], [128.6217268, 36.026231], [128.6211246, 36.0280646], [128.6219039, 36.0299268], [128.6212663, 36.0324766], [128.6224707, 36.0348257], [128.6231438, 36.0362581], [128.6225062, 36.0381488], [128.624242, 36.0398102], [128.6263322, 36.0418154], [128.6259425, 36.0434482], [128.6278909, 36.0453387], [128.6271824, 36.0473437], [128.6295914, 36.0522988], [128.6287412, 36.0535304], [128.6287412, 36.0557357], [128.6286349, 36.0579409], [128.6284577, 36.0597165], [128.6308667, 36.0598597], [128.6301582, 36.0610625], [128.6319649, 36.0634681], [128.6328505, 36.0669331], [128.62782, 36.0689949], [128.6281386, 36.0699514], [128.628812, 36.0719729], [128.6317169, 36.0764397], [128.6290245, 36.0784439], [128.6276783, 36.0801618], [128.62449, 36.0802764], [128.6247025, 36.0793029], [128.6237815, 36.0780431], [128.6211599, 36.0772414], [128.6189635, 36.0769551], [128.6157752, 36.077814], [128.6118783, 36.0763252], [128.6078398, 36.0758098], [128.5980622, 36.0752371], [128.5969285, 36.0711139], [128.5975662, 36.0668759], [128.5945196, 36.0627522], [128.5876469, 36.0636686], [128.5833958, 36.0677349], [128.5805617, 36.0668186], [128.5796406, 36.0642986], [128.574681, 36.0620649], [128.5692254, 36.0581701], [128.5690837, 36.061664], [128.5664621, 36.0669331], [128.5637698, 36.0712284], [128.5655411, 36.0742636], [128.5653285, 36.0771269], [128.5675958, 36.0796465], [128.5666039, 36.0817079], [128.5678083, 36.0835402], [128.5689928, 36.0883549], [128.5679407, 36.0909865], [128.567615, 36.0954599], [128.565085, 36.098152], [128.5637824, 36.09799], [128.5631561, 36.0985973], [128.5627804, 36.1003987], [128.564108, 36.1014511], [128.565085, 36.1037179], [128.5645589, 36.1064704], [128.5651601, 36.1092633], [128.563665, 36.1107651], [128.5628991, 36.1110148], [128.5627943, 36.1123325], [128.5639552, 36.1145055], [128.5635588, 36.117136], [128.5605827, 36.1200986], [128.5548164, 36.1217806], [128.5535351, 36.1288963], [128.5485697, 36.1313543], [128.5532147, 36.139116], [128.5484095, 36.1405388], [128.5504918, 36.1506276], [128.5429636, 36.1541196], [128.5400805, 36.1612324], [128.5447255, 36.1658877], [128.5508121, 36.1642067], [128.5530545, 36.1666636], [128.5560978, 36.1775247], [128.5501714, 36.177654], [128.5489927, 36.1778839], [128.5487673, 36.1799494], [128.5483894, 36.1806891], [128.5479622, 36.1807723], [128.5464045, 36.1813526], [128.546112, 36.1815222], [128.5457419, 36.1819752], [128.5456077, 36.1822566], [128.5431238, 36.186316], [128.5381603, 36.1934268], [128.5335166, 36.1965344], [128.527344, 36.1977226], [128.5226437, 36.2011957], [128.5159047, 36.1996877], [128.5137528, 36.1922842], [128.5118274, 36.1918272], [128.5090525, 36.1872568], [128.5063343, 36.1855199], [128.503163, 36.1846515], [128.5015774, 36.1856571], [128.5024268, 36.1898162], [128.4997652, 36.1922385], [128.4988025, 36.1960774], [128.4955746, 36.1962145], [128.4931395, 36.2003732], [128.4937624, 36.2037547], [128.4935359, 36.2084613], [128.4917238, 36.2123908], [128.4878587, 36.2147211], [128.4879958, 36.2162607], [128.489031, 36.2171261], [128.4886035, 36.2180578], [128.4894747, 36.2187987], [128.4891305, 36.2195599], [128.4871189, 36.2206345], [128.4867373, 36.2227824], [128.4862356, 36.2231133], [128.4856842, 36.2243405], [128.4840048, 36.2243618], [128.4820911, 36.224224], [128.4814914, 36.2239405], [128.4811296, 36.2237631], [128.4804989, 36.2239893], [128.4804717, 36.2235625], [128.4801974, 36.2236421], [128.4802007, 36.2242315], [128.4794373, 36.2245608], [128.4794174, 36.2249037], [128.4794917, 36.2254573], [128.4838522, 36.228518], [128.4862307, 36.2311675], [128.4836823, 36.2336341], [128.4802845, 36.2348674], [128.4763204, 36.2329946], [128.4711671, 36.2287921], [128.4677127, 36.230802], [128.4623895, 36.2272846], [128.4551408, 36.2248177], [128.4507803, 36.2217111], [128.4452872, 36.2213457], [128.4438149, 36.2203406], [128.44104, 36.2183304], [128.4379253, 36.2225792], [128.4378121, 36.2271018], [128.434924, 36.2300711], [128.4350372, 36.2339539], [128.4299613, 36.2364914], [128.4257968, 36.2356839], [128.4234742, 36.2376218], [128.424155, 36.2405931], [128.4239948, 36.2420465], [128.4217123, 36.2425309], [128.4174677, 36.2457604], [128.418669, 36.2517993], [128.4202307, 36.2518962], [128.4202307, 36.2538014], [128.4183887, 36.2556419], [128.4160662, 36.2577731], [128.4191496, 36.2584512], [128.4210316, 36.2604208], [128.4214721, 36.2629715], [128.4208314, 36.2655545], [128.4207913, 36.2674916], [128.4227935, 36.269913], [128.4247957, 36.2717209], [128.4262773, 36.2730768], [128.4268779, 36.2751429], [128.4254364, 36.2768216], [128.4217123, 36.2791136], [128.418629, 36.2800174], [128.4142643, 36.2824061], [128.4105015, 36.2870929], [128.4104339, 36.2872029], [128.4111542, 36.288258], [128.4135983, 36.2905402], [128.4138111, 36.2911919], [128.4139388, 36.2916721], [128.4132579, 36.2920151], [128.412577, 36.2938157], [128.4137685, 36.2947075], [128.4138962, 36.2960793], [128.4168749, 36.2989259], [128.4205345, 36.2989945], [128.4211303, 36.2983772], [128.4252579, 36.2989602], [128.4278962, 36.2989945], [128.4317686, 36.3025611], [128.4324069, 36.3049274], [128.4341941, 36.3057161], [128.4364494, 36.3046187], [128.4387899, 36.3054761], [128.4387899, 36.3094882], [128.4381516, 36.3141858], [128.4419813, 36.315866], [128.4452579, 36.3182661], [128.4467048, 36.3213518], [128.4485771, 36.3238546], [128.4511303, 36.3249175], [128.4518963, 36.3270087], [128.4550452, 36.3271116], [128.4555133, 36.3250889], [128.4601941, 36.3242661], [128.4644495, 36.3223118], [128.4690452, 36.3215918], [128.4701942, 36.3201176], [128.4709601, 36.3210433], [128.4722367, 36.3185061], [128.4733857, 36.3179232], [128.473258, 36.3119571], [128.4795559, 36.3108598], [128.4845346, 36.3073964], [128.486875, 36.3079794], [128.4886623, 36.3078422], [128.4909601, 36.3040015], [128.4930453, 36.3047559], [128.4972155, 36.303007], [128.5018112, 36.3037614], [128.508024, 36.3034185], [128.5109176, 36.3005035], [128.5117687, 36.3011551], [128.5135134, 36.3008121], [128.5148751, 36.3018753], [128.5178538, 36.3019096], [128.5201942, 36.3000577], [128.5220666, 36.3004349], [128.5234283, 36.299406], [128.5252155, 36.2998519], [128.5275134, 36.2962851], [128.5293857, 36.29361], [128.5357262, 36.2957364], [128.5362368, 36.2949476], [128.5389177, 36.2942616], [128.5397262, 36.2946389], [128.5430453, 36.2939872], [128.5458964, 36.2917922], [128.5458113, 36.2902144], [128.5481517, 36.2887395], [128.5481943, 36.2869559], [128.549173, 36.2847607], [128.5499815, 36.2842804], [128.5500241, 36.2793751], [128.5517687, 36.2780029], [128.5515134, 36.2748812], [128.5541092, 36.274298], [128.5549602, 36.2749841], [128.5562368, 36.2741264], [128.5583219, 36.2739892], [128.5602794, 36.2753271], [128.5646198, 36.2753271], [128.5658964, 36.2743666], [128.5718539, 36.2751556], [128.5727901, 36.2762877], [128.5758964, 36.2797868], [128.5815986, 36.2791007], [128.5876411, 36.2781059], [128.5899816, 36.2771453], [128.5946199, 36.2774198], [128.5969178, 36.2744352], [128.5975135, 36.2716564], [128.6017263, 36.269941], [128.606705, 36.2707644], [128.6100667, 36.2710388], [128.6138965, 36.269495], [128.6167476, 36.2669561], [128.6199816, 36.2680197], [128.6256412, 36.2662699], [128.6301518, 36.2625301], [128.6313433, 36.2627359], [128.6360667, 36.2612262], [128.6402795, 36.2579322], [128.6407051, 36.2532311], [128.639471, 36.2519958], [128.6384497, 36.2519271], [128.6389178, 36.2478091], [128.6412582, 36.2449264], [128.6387902, 36.2429702], [128.6395136, 36.2411512], [128.6329178, 36.2387144], [128.6346838, 36.2373415], [128.6341944, 36.2364319], [128.6367051, 36.2330339], [128.6345349, 36.2310774], [128.6354285, 36.229979], [128.6368966, 36.2298932], [128.6370029, 36.227456], [128.6328753, 36.2252591], [128.6362795, 36.2238859], [128.6355561, 36.2199724], [128.6320667, 36.216711], [128.6344923, 36.2126941], [128.6352157, 36.208986], [128.6395561, 36.2077156], [128.6410053, 36.2097202], [128.6425348, 36.2118358], [128.6464923, 36.2150974], [128.6487051, 36.2182216], [128.653471, 36.2171916], [128.6558966, 36.2184619], [128.6555987, 36.2204187], [128.6595136, 36.2201784], [128.6601093, 36.2214829], [128.6624498, 36.2202814], [128.6624498, 36.2190798], [128.6647051, 36.2187365], [128.6644072, 36.217535], [128.6655987, 36.2168827], [128.6654285, 36.2158184], [128.6676838, 36.2148914], [128.6674711, 36.2123851], [128.6690455, 36.209192], [128.6726625, 36.2084367], [128.6741094, 36.2121104], [128.6792157, 36.2141704], [128.6823221, 36.2152347], [128.688237, 36.2136211], [128.689769, 36.2121448], [128.6924498, 36.2133808], [128.6943222, 36.2141018], [128.6980243, 36.2112178], [128.6998541, 36.2087114], [128.6977264, 36.2058615], [128.6961094, 36.2020158], [128.7007902, 36.2010543], [128.7053009, 36.1989596], [128.709769, 36.1986162], [128.7143222, 36.2000241], [128.7187477, 36.2001271], [128.7191307, 36.1978951], [128.7215562, 36.1983415], [128.723003, 36.1992687], [128.7258541, 36.1994404], [128.7251307, 36.2006422], [128.7276414, 36.2009169], [128.7295563, 36.1989596], [128.7352158, 36.2004705], [128.7407903, 36.1992], [128.7434712, 36.1961781], [128.746152, 36.1942893], [128.7498116, 36.1958347], [128.7504499, 36.1980325], [128.7515563, 36.2006079], [128.7528754, 36.2028742], [128.7578967, 36.2026682], [128.7598967, 36.1999898], [128.7637265, 36.1992343], [128.7695989, 36.1937055], [128.7745776, 36.1949075], [128.7807904, 36.1939459], [128.787301, 36.1931904], [128.7901535, 36.192366], [128.79645, 36.1905461], [128.7995564, 36.1964528], [128.8019819, 36.1982385], [128.8038968, 36.2031489], [128.8032235, 36.2038733], [128.8012159, 36.2060332], [128.8045824, 36.2067845], [128.8052159, 36.2069259], [128.8043649, 36.2100504], [128.8121521, 36.2103594], [128.8151308, 36.2115268], [128.8190883, 36.2147541], [128.8261096, 36.2181529], [128.8310032, 36.2180499], [128.834833, 36.2144794], [128.8427054, 36.2162304], [128.8478117, 36.2147541], [128.8526933, 36.2120359], [128.8538543, 36.2113894], [128.8587054, 36.2077156], [128.8662373, 36.2052435], [128.8712586, 36.2050718], [128.8758543, 36.1987879], [128.8829245, 36.1989455], [128.8824075, 36.1922632], [128.8807054, 36.1899966], [128.8831735, 36.1886915], [128.8837692, 36.1839519], [128.8901948, 36.1821659], [128.891131, 36.1760863], [128.895421, 36.1729672], [128.8952815, 36.1721964], [128.894391, 36.1714083], [128.8938546, 36.1685934], [128.896805, 36.1648084], [128.8994336, 36.162002], [128.8947236, 36.1591261], [128.8927066, 36.1558084], [128.8911295, 36.1546216], [128.8914728, 36.1537554], [128.8914943, 36.1516849], [128.8906681, 36.1509052], [128.8905072, 36.1492592], [128.8898957, 36.1487481], [128.8901424, 36.1478731], [128.8895523, 36.1470327], [128.8893378, 36.1459324], [128.8903463, 36.1449447], [128.8907003, 36.1429867], [128.8897455, 36.1427961], [128.8886833, 36.1422069], [128.8863337, 36.1425188], [128.8844991, 36.1430647], [128.8826108, 36.1422502], [128.8804221, 36.1424149], [128.8794672, 36.1421289], [128.8782442, 36.1424322], [128.8737595, 36.1425102], [128.8700473, 36.1442343], [128.8682985, 36.1444855], [128.8672256, 36.1450834], [128.8662922, 36.1445635], [128.8645219, 36.1440784], [128.8625049, 36.144113], [128.8610244, 36.1448928], [128.8583421, 36.1445116], [128.8570762, 36.1416784], [128.8511753, 36.1378054], [128.8502955, 36.1377014], [128.8499737, 36.1357779], [128.8499093, 36.1342702], [128.8509178, 36.1325025], [128.8516259, 36.1319133], [128.8522696, 36.1303535], [128.8527846, 36.1277538], [128.8527202, 36.1266273], [128.8517761, 36.1265753], [128.8507461, 36.1246861], [128.8511431, 36.1239581], [128.8519693, 36.1214796], [128.8499951, 36.1176663], [128.8448238, 36.1161235], [128.8433432, 36.1147021], [128.8437509, 36.1136274], [128.8427424, 36.112674], [128.8407469, 36.1130727], [128.8397383, 36.1128647], [128.8377213, 36.1129687], [128.8362622, 36.1098484], [128.8365626, 36.1074214], [128.8350391, 36.1058785], [128.834095, 36.1037981], [128.8323355, 36.1020644], [128.8307905, 36.1023938], [128.8291168, 36.1026365], [128.8270354, 36.1013189], [128.8244176, 36.1006427], [128.8238597, 36.1000706], [128.8221216, 36.100348], [128.8191604, 36.0980768], [128.8180876, 36.096499], [128.8184738, 36.0951986], [128.8187313, 36.0942623], [128.8173151, 36.0936208], [128.816092, 36.0920602], [128.8141823, 36.0920776], [128.8113928, 36.0892512], [128.8096761, 36.0882975], [128.8051057, 36.0876212], [128.802917, 36.0855751], [128.8011789, 36.0851936], [128.7981105, 36.0849161], [128.7966728, 36.086286], [128.7950206, 36.0867369], [128.7917375, 36.0861993], [128.7887764, 36.0856791], [128.787725, 36.0889391], [128.7867594, 36.089598], [128.7849569, 36.0906557], [128.7825107, 36.0916614], [128.7811804, 36.0919909], [128.7796354, 36.0934821], [128.7762451, 36.0954413], [128.7753868, 36.095268], [128.7740779, 36.0954413], [128.772726, 36.0961869], [128.7692499, 36.0970191], [128.7684345, 36.0982155], [128.7673187, 36.0983022], [128.7668681, 36.0995852], [128.7647009, 36.1003133], [128.7618899, 36.0983888], [128.7595725, 36.0973312], [128.7577915, 36.0961175], [128.7569546, 36.0940889], [128.7559891, 36.0930833], [128.7545943, 36.0924244], [128.7540149, 36.0908465], [128.7527275, 36.0907424], [128.7519336, 36.0918175], [128.7503242, 36.0919042], [128.7501311, 36.0924764], [128.7511396, 36.0933433], [128.7524485, 36.0949905], [128.7526631, 36.0959095], [128.7518906, 36.0971925], [128.7526846, 36.0980594], [128.7526202, 36.0987876], [128.751204, 36.0991517], [128.7517404, 36.1022204], [128.7513327, 36.1032953], [128.7487582, 36.1056544], [128.7467193, 36.1074214], [128.7465906, 36.1084095], [128.7445307, 36.1093803], [128.7450671, 36.1083229], [128.7448096, 36.1059998], [128.7442946, 36.1055664], [128.7441873, 36.1041448], [128.7436294, 36.1020817], [128.7424278, 36.1018043], [128.7419987, 36.1010762], [128.7403035, 36.0996718], [128.7393594, 36.0998105], [128.7386083, 36.099169], [128.7359261, 36.0993424], [128.7355613, 36.0983542], [128.7358832, 36.096707], [128.7332225, 36.0941409], [128.7303901, 36.0930139], [128.7280297, 36.0928232], [128.7263989, 36.0931873], [128.7241673, 36.0919042], [128.7231159, 36.0904303], [128.7238025, 36.0897021], [128.7238669, 36.0887657], [128.7253904, 36.087916], [128.7259483, 36.0870664], [128.7273431, 36.0865115], [128.7275791, 36.0843439], [128.7285447, 36.0840491], [128.7288451, 36.0826444], [128.7291562, 36.0807889], [128.7267315, 36.0782743], [128.7267852, 36.0767394], [128.7256694, 36.0756989], [128.7246609, 36.0755861], [128.7244999, 36.0743114], [128.7235343, 36.0732795], [128.7213135, 36.07308], [128.7208521, 36.0736264], [128.7194145, 36.0739732], [128.7188029, 36.0745195], [128.7175798, 36.0745542], [128.7166786, 36.0748837], [128.7154341, 36.0749878], [128.7149084, 36.0752826], [128.7136531, 36.0752219], [128.7133956, 36.074112], [128.7127411, 36.0727158], [128.7131059, 36.0717359], [128.7121296, 36.0705912], [128.7121296, 36.0689869], [128.7114966, 36.068137], [128.7115073, 36.0665239], [128.7102628, 36.0663071], [128.7099516, 36.0657087], [128.7098336, 36.0643991], [128.7089324, 36.0639655], [128.7086963, 36.0631849], [128.7081814, 36.0621442], [128.707366, 36.0607218], [128.7058639, 36.0593341], [128.7047267, 36.0593341], [128.7036538, 36.0581719], [128.7041259, 36.057027], [128.7033963, 36.0562637], [128.703289, 36.0555178], [128.7034821, 36.0535228], [128.7038469, 36.0509553], [128.7044906, 36.0496715], [128.7047267, 36.0467742], [128.7041259, 36.0454556], [128.7041259, 36.0439115], [128.7030101, 36.0418989], [128.6998772, 36.0388625], [128.6974096, 36.0368498], [128.6964655, 36.0348717], [128.6970448, 36.0343511], [128.6975169, 36.0328068], [128.6986327, 36.031488], [128.6995768, 36.0286594], [128.6989331, 36.0248069], [128.6978602, 36.0227591], [128.6968946, 36.0205897], [128.696208, 36.0193228], [128.6941266, 36.0180906], [128.6955772, 36.0164926], [128.6962102, 36.0149774], [128.6967702, 36.0140436], [128.6970835, 36.0134031], [128.6987937, 36.0123635], [128.7003215, 36.01169], [128.7019222, 36.0112075], [128.7026926, 36.0108256], [128.7037504, 36.0105444], [128.7052675, 36.0102823], [128.7067588, 36.0100949], [128.7080849, 36.0095742], [128.7092715, 36.0094978], [128.7103336, 36.0088972], [128.7114022, 36.0087427], [128.7119644, 36.008859], [128.7130437, 36.0086837], [128.7144556, 36.0078245], [128.7163289, 36.0082185], [128.717419, 36.0080936], [128.7187128, 36.0079044], [128.7197063, 36.0071979], [128.7207642, 36.006875], [128.7215989, 36.0067796], [128.7221311, 36.0062085], [128.7234378, 36.0057884], [128.7239442, 36.0054273], [128.7251566, 36.0048233], [128.7259527, 36.0043719], [128.7264719, 36.0036464], [128.7273281, 36.0030631], [128.7277744, 36.002426], [128.7286907, 36.0018636], [128.7292335, 36.0011258], [128.7291391, 35.9999853], [128.7291649, 35.9990253], [128.7290061, 35.9980514], [128.7305038, 35.9976747], [128.7322398, 35.9972042], [128.7327848, 35.9962043], [128.7336281, 35.9953553], [128.7340508, 35.9946262], [128.7339821, 35.99368], [128.7347031, 35.993397], [128.7350185, 35.9928641], [128.7350786, 35.9921193], [128.733274, 35.990338], [128.7325166, 35.9898744], [128.7320917, 35.9892303], [128.7318685, 35.9884212], [128.7316926, 35.9874975], [128.7319158, 35.9864957], [128.7319308, 35.9855303], [128.7326131, 35.9847855], [128.7333126, 35.9834433], [128.7350421, 35.9825856], [128.7368467, 35.9819466], [128.7367673, 35.9810749], [128.7363897, 35.9802883], [128.7364905, 35.9793924], [128.7376492, 35.9781317], [128.7385633, 35.9773746], [128.7392242, 35.9764977], [128.7404602, 35.9761817], [128.7411576, 35.9757024], [128.7419537, 35.9753481], [128.7432261, 35.9751971], [128.7444814, 35.9745163], [128.7452131, 35.9743566], [128.7457323, 35.9738339], [128.7454298, 35.9718212], [128.7450865, 35.9710571], [128.7449363, 35.970392], [128.7449234, 35.9695845], [128.7449363, 35.9684869], [128.745153, 35.9678617], [128.7454255, 35.9671063], [128.7450307, 35.9666773], [128.744726, 35.9653939], [128.7442668, 35.9645585], [128.74455, 35.9636953], [128.744314, 35.9625126], [128.7442604, 35.9609825], [128.7433677, 35.9595704], [128.7424407, 35.958134], [128.741752, 35.9575643], [128.7408379, 35.957547], [128.7398079, 35.9568522], [128.7386921, 35.9562616], [128.737808, 35.9553741], [128.7384775, 35.9549416], [128.7396791, 35.9544552], [128.7405374, 35.9537604], [128.7408379, 35.9531004], [128.7409237, 35.9521624], [128.7413099, 35.9514328], [128.7414558, 35.950441], [128.7420824, 35.9500432], [128.7419708, 35.9494335], [128.7420395, 35.9485146], [128.7420824, 35.9478545], [128.7427261, 35.9469164], [128.743284, 35.946569], [128.7434804, 35.9456678], [128.7435415, 35.9453877], [128.7450178, 35.9444653], [128.7452753, 35.9436315], [128.7446745, 35.9425544], [128.7435844, 35.9417049], [128.7426832, 35.9403846], [128.7425287, 35.9397053], [128.7420566, 35.9390451], [128.74137, 35.9381765], [128.7412522, 35.937933], [128.7411536, 35.9377291], [128.7410727, 35.9375618], [128.7410095, 35.9374311], [128.7409758, 35.9374038], [128.74028, 35.9368404], [128.7399109, 35.9363349], [128.7396362, 35.9353811], [128.7391835, 35.9334942], [128.738868, 35.9317151], [128.7386831, 35.9305737], [128.7382155, 35.9301333], [128.7377103, 35.9296575], [128.7382218, 35.9282699], [128.7396723, 35.9269546], [128.7413554, 35.9255475], [128.7419463, 35.9239984], [128.7422385, 35.9238888], [128.7426898, 35.9237231], [128.7430523, 35.9235837], [128.7437295, 35.9232475], [128.7439931, 35.923078], [128.7446158, 35.9224177], [128.7448522, 35.9220135], [128.7450851, 35.9214024], [128.745115, 35.9213383], [128.7461952, 35.9202598], [128.7468846, 35.9195502], [128.7478717, 35.9191279], [128.7492385, 35.9187647], [128.7500389, 35.918299], [128.7513028, 35.9179427], [128.7525001, 35.9171573], [128.7534743, 35.9172407], [128.7541342, 35.9167512], [128.7547982, 35.9166255], [128.7559548, 35.9155846], [128.7564547, 35.9147504], [128.7573431, 35.9133115], [128.7578667, 35.9122375], [128.758622, 35.9099573], [128.7599352, 35.9082333], [128.7603386, 35.9071766], [128.7603772, 35.9067994], [128.7586284, 35.906205], [128.7571564, 35.9048893], [128.7569483, 35.9030122], [128.757077, 35.9016147], [128.7571886, 35.8985], [128.7577637, 35.8978603], [128.7577036, 35.8958579], [128.7580855, 35.8946932], [128.7589653, 35.8928541], [128.7599953, 35.8913244], [128.7607334, 35.8894209], [128.7612033, 35.887898], [128.7619951, 35.8875886], [128.7623985, 35.8864916], [128.7620981, 35.8854833], [128.7610081, 35.884807], [128.7608536, 35.8839534], [128.7611368, 35.882999], [128.7605896, 35.8817942], [128.7594288, 35.8801929], [128.758107, 35.8789811], [128.7573603, 35.8786525], [128.7578388, 35.8777606], [128.7586906, 35.8766009], [128.7595747, 35.8769452], [128.7609527, 35.8747376], [128.7612656, 35.8742363], [128.7604502, 35.8737842], [128.7599094, 35.873626], [128.7594803, 35.8726871], [128.759506, 35.8717325], [128.7590769, 35.8708631], [128.7582786, 35.8703223], [128.7576349, 35.8700441], [128.7583645, 35.8696268], [128.7594851, 35.8691425], [128.7596519, 35.8690704], [128.7602785, 35.8683939], [128.7605532, 35.8675402], [128.760536, 35.8663073], [128.7584074, 35.8653491], [128.7567766, 35.8645145], [128.7551458, 35.8632624], [128.7540558, 35.8622729], [128.7537725, 35.8614191], [128.7532146, 35.8608626], [128.7526396, 35.8596992], [128.7517984, 35.8573845], [128.7491634, 35.8568123], [128.7461594, 35.8562558], [128.7445457, 35.8549497], [128.7420137, 35.8536627], [128.74028, 35.8521166], [128.7389925, 35.8514557], [128.7371214, 35.8511931], [128.7346151, 35.8513861], [128.7329414, 35.8526036], [128.7308386, 35.8544819], [128.7291649, 35.8560819], [128.7270191, 35.8572645], [128.7259462, 35.8579253], [128.7238605, 35.8581497], [128.7227705, 35.857821], [128.7226417, 35.8569862], [128.7219294, 35.8561323], [128.7226417, 35.8554558], [128.724015, 35.8541688], [128.725148, 35.8530714], [128.7231444, 35.8520784], [128.7245925, 35.8516843], [128.7249753, 35.8513709], [128.7256907, 35.8494567], [128.7259687, 35.8482211], [128.7260594, 35.8460919], [128.7260439, 35.8434126], [128.7251753, 35.8424056], [128.7245305, 35.8411808], [128.7238818, 35.840896], [128.7232641, 35.8398344], [128.7236098, 35.8392501], [128.7245784, 35.837481], [128.7251109, 35.8364445], [128.7250137, 35.8359788], [128.7248234, 35.835978], [128.7247097, 35.8359406], [128.7245913, 35.835835], [128.724439, 35.8356514], [128.7234046, 35.8353336], [128.7228699, 35.8352738], [128.7219875, 35.8347272], [128.7216833, 35.8346404], [128.7214897, 35.8346721], [128.7209133, 35.8357236], [128.7196097, 35.836021], [128.7194482, 35.8359393], [128.7193551, 35.8358922], [128.7183502, 35.8353836], [128.7178352, 35.8350705], [128.717964, 35.8345486], [128.7177065, 35.8341311], [128.7169139, 35.8337823], [128.7159454, 35.8332491], [128.7145679, 35.8327159], [128.7140796, 35.8317417], [128.713408, 35.83119], [128.7125374, 35.8307153], [128.7119906, 35.8301018], [128.7114056, 35.829735], [128.7112401, 35.8295088], [128.7109195, 35.82918], [128.7104534, 35.8286432], [128.7103018, 35.8284685], [128.7102646, 35.82785], [128.7099372, 35.827913], [128.709441, 35.8274316], [128.7087801, 35.8264765], [128.7082222, 35.8253282], [128.707939, 35.824474], [128.7075355, 35.8234144], [128.7078531, 35.8229081], [128.7089088, 35.8224749], [128.7096556, 35.8215162], [128.710368, 35.8204566], [128.7111576, 35.8200199], [128.7119987, 35.8191343], [128.7131145, 35.8183339], [128.7136724, 35.8172203], [128.7139299, 35.8160023], [128.7144621, 35.8152176], [128.7148741, 35.8147843], [128.7147882, 35.8136707], [128.7149771, 35.8128163], [128.7158611, 35.8116522], [128.715904, 35.810991], [128.7163074, 35.8099974], [128.7168224, 35.8093709], [128.7176636, 35.8087984], [128.717964, 35.8088332], [128.7179811, 35.807944], [128.7179211, 35.8070234], [128.7172516, 35.806691], [128.7163761, 35.8060141], [128.7153204, 35.8057861], [128.7139728, 35.8056312], [128.7130716, 35.8055268], [128.7119301, 35.8051944], [128.7110289, 35.805264], [128.7101276, 35.8043939], [128.7092951, 35.8039258], [128.7090977, 35.8033846], [128.7079218, 35.8028468], [128.7079218, 35.8023247], [128.7081106, 35.801157], [128.707939, 35.8004608], [128.7071922, 35.8001319], [128.7061365, 35.8001476], [128.7053211, 35.7999039], [128.7045486, 35.7995559], [128.703862, 35.799347], [128.7028749, 35.7989293], [128.7024092, 35.7983541], [128.702214, 35.7981131], [128.7018021, 35.7976066], [128.7011841, 35.7971733], [128.7003859, 35.7967712], [128.7002829, 35.7962682], [128.7004288, 35.7952396], [128.6995705, 35.7951004], [128.6986521, 35.7948411], [128.69818, 35.7947366], [128.6978796, 35.7945974], [128.6975964, 35.7942302], [128.6968496, 35.7945278], [128.6960943, 35.7949264], [128.6955622, 35.7951892], [128.6954077, 35.7956573], [128.6949184, 35.7957809], [128.6947897, 35.7966859], [128.6946352, 35.7970149], [128.6938627, 35.7967364], [128.6935451, 35.79686], [128.6929615, 35.7968408], [128.6924894, 35.7965276], [128.6919315, 35.7961795], [128.6914595, 35.7958662], [128.6909445, 35.7954833], [128.6910303, 35.7949264], [128.6906269, 35.7945626], [128.6900261, 35.7939012], [128.6895283, 35.7933251], [128.689039, 35.7926132], [128.6883953, 35.7925088], [128.6874512, 35.7923696], [128.6869104, 35.7923852], [128.6861809, 35.7917935], [128.6856916, 35.7912904], [128.6850479, 35.7908727], [128.6838205, 35.7906795], [128.6827476, 35.7900877], [128.6827476, 35.7894959], [128.6826189, 35.7889041], [128.6821726, 35.7882966], [128.6820342, 35.7877848], [128.6820156, 35.7877214], [128.681958, 35.7876352], [128.6818661, 35.7874009], [128.6816576, 35.7868693], [128.6816748, 35.7861539], [128.6816147, 35.7854768], [128.6817321, 35.7850669], [128.6818893, 35.7845177], [128.6818722, 35.7838754], [128.6828764, 35.7829162], [128.68346, 35.7824828], [128.684078, 35.7817325], [128.6846359, 35.7811059], [128.6847046, 35.7804635], [128.6848333, 35.779802], [128.6849422, 35.7795322], [128.685108, 35.7791214], [128.6855447, 35.778344], [128.6856058, 35.7782353], [128.6861637, 35.7778175], [128.6867388, 35.7770672], [128.6869104, 35.7761967], [128.6868235, 35.7755082], [128.6868074, 35.7753803], [128.6870392, 35.7745255], [128.6874083, 35.773326], [128.6876829, 35.7720882], [128.6863525, 35.7706606], [128.6871508, 35.7686549], [128.6886442, 35.7673839], [128.690142, 35.7666283], [128.6912921, 35.7659806], [128.6915024, 35.7649499], [128.6926439, 35.7636406], [128.693219, 35.7625819], [128.6933306, 35.7615512], [128.6929872, 35.7600189], [128.6935623, 35.7593781], [128.694249, 35.7582637], [128.6953905, 35.7576508], [128.6960707, 35.7569856], [128.6963145, 35.7565923], [128.6966243, 35.7560923], [128.6954506, 35.7554776], [128.6947039, 35.7540288], [128.6949356, 35.7521342], [128.6945322, 35.7506853], [128.6944013, 35.7497711], [128.6931289, 35.749543], [128.6927662, 35.748209], [128.6928156, 35.7467844], [128.6933906, 35.7457256], [128.694249, 35.7444717], [128.69462, 35.7437634], [128.6931417, 35.7425246], [128.6926804, 35.7419645], [128.6920259, 35.7411696], [128.6911376, 35.7403858], [128.6909688, 35.740369], [128.6893566, 35.7402082], [128.6893759, 35.7389942], [128.6890691, 35.738045], [128.689039, 35.7371707], [128.6899574, 35.7361117], [128.6911462, 35.7350597], [128.6917856, 35.7328511], [128.6915024, 35.7309559], [128.6904037, 35.7300415], [128.6887601, 35.729329], [128.6874061, 35.728472], [128.6857646, 35.7279512], [128.6840437, 35.7267022], [128.6829923, 35.7254758], [128.6829837, 35.7232739], [128.6833613, 35.7223245], [128.6835459, 35.7211451], [128.6811812, 35.721004], [128.6781021, 35.7211957], [128.6753984, 35.7211957], [128.6735316, 35.7208925], [128.6717356, 35.7205598], [128.6704224, 35.7194971], [128.6684719, 35.7192619], [128.6662574, 35.7191086], [128.6644764, 35.7197149], [128.6629122, 35.7211347], [128.6611333, 35.7201661], [128.6602085, 35.7187341], [128.6577108, 35.7185076], [128.6565371, 35.7169344], [128.6552947, 35.7153961], [128.6540029, 35.7143438], [128.6520975, 35.7132566], [128.651162, 35.7124203], [128.6503079, 35.7120092], [128.6486514, 35.7115736], [128.6473983, 35.7114551], [128.6468447, 35.7093574], [128.6461237, 35.7080436], [128.6447118, 35.7076464], [128.642051, 35.707155], [128.6398409, 35.7063117], [128.638356, 35.7058691], [128.6361502, 35.7060329], [128.6350258, 35.7061479], [128.6336525, 35.7057297], [128.6320475, 35.7066497], [128.6304165, 35.7070272], [128.6286895, 35.7057882], [128.6271794, 35.7053387], [128.6243971, 35.7037632], [128.62231, 35.7033635], [128.6200612, 35.7035099], [128.6196492, 35.7047226], [128.6190398, 35.7063953], [128.6177996, 35.7072073], [128.6166623, 35.7083329], [128.6144822, 35.7093887], [128.6139071, 35.7112286], [128.6140917, 35.712281], [128.6137526, 35.7133368], [128.6141003, 35.7147271], [128.6151216, 35.7161208], [128.6155085, 35.716407], [128.61604, 35.7168003], [128.6172331, 35.7180198], [128.6168554, 35.7196156], [128.6160829, 35.7210789], [128.6147097, 35.722821], [128.6138514, 35.7234481], [128.6125639, 35.7240056], [128.6115339, 35.7246327], [128.6099031, 35.726096], [128.6117914, 35.7278379], [128.6138256, 35.7290747], [128.6152847, 35.7309559], [128.6152118, 35.7332656], [128.6148384, 35.7357599], [128.6128686, 35.7373762], [128.6096242, 35.7386894], [128.6061781, 35.7386128], [128.6039551, 35.7373657], [128.6012085, 35.736251], [128.5991486, 35.735833], [128.5965736, 35.7366691], [128.5941103, 35.736892], [128.5933121, 35.735833], [128.5925353, 35.7338125], [128.591574, 35.732966], [128.5898531, 35.7323459], [128.588321, 35.7325515], [128.5868662, 35.7342375], [128.5852011, 35.7361883], [128.5834802, 35.7375539], [128.5824373, 35.7382854], [128.5800941, 35.7386198], [128.5786393, 35.7376549], [128.5761459, 35.7366691], [128.5737255, 35.735617], [128.571966, 35.7342445], [128.5711077, 35.7334084], [128.5688761, 35.7343839], [128.5669878, 35.7357773], [128.5655029, 35.7356937], [128.5641296, 35.7359724], [128.5627993, 35.734356], [128.5613831, 35.7319314], [128.5616663, 35.7302034], [128.5613316, 35.7294649], [128.5574863, 35.7279425], [128.5544007, 35.727392], [128.5522936, 35.7262946], [128.5505469, 35.7248801], [128.5484698, 35.7242495], [128.5466803, 35.7230649], [128.5457147, 35.7213228], [128.5443156, 35.7196713], [128.5427535, 35.7190302], [128.5412085, 35.719079], [128.5391486, 35.7180059], [128.5371702, 35.7171661], [128.5348528, 35.7164553], [128.5328014, 35.7157724], [128.5323743, 35.7155745], [128.5302265, 35.7145912], [128.528085, 35.713518], [128.5297974, 35.7113053], [128.5300806, 35.7092981], [128.5316256, 35.7076255], [128.5319689, 35.7060922], [128.5322282, 35.7056455], [128.5324924, 35.7052558], [128.5335524, 35.704395], [128.532677, 35.7023145], [128.5323894, 35.6999621], [128.5329988, 35.6970311], [128.5325439, 35.6961424], [128.5349729, 35.6944416], [128.5337885, 35.692441], [128.5328358, 35.6902137], [128.5315826, 35.6881886], [128.5316685, 35.6855848], [128.5319689, 35.6837862], [128.5264586, 35.6823849], [128.5270336, 35.6814054], [128.5286, 35.6793312], [128.5275915, 35.6785643], [128.5269907, 35.6767516], [128.5268576, 35.6755629], [128.5266474, 35.6738929], [128.527849, 35.6713828], [128.5285356, 35.6697093], [128.5296514, 35.6678266], [128.5301664, 35.6667807], [128.5309454, 35.6653389], [128.5306785, 35.6632012], [128.5317286, 35.6622097], [128.5343077, 35.6621086], [128.5354879, 35.6621783], [128.53596, 35.6617948], [128.5365608, 35.6614635], [128.5370544, 35.6608708], [128.5370758, 35.660156], [128.5373655, 35.6589617], [128.5376767, 35.6576978], [128.537977, 35.6565994], [128.537977, 35.6554138], [128.537977, 35.6538795], [128.5378054, 35.6531123], [128.5377195, 35.6514385], [128.5371348, 35.6492938], [128.5365463, 35.6477435], [128.5357454, 35.6462075], [128.5350588, 35.6448125], [128.5350588, 35.6433477], [128.5354879, 35.6417434], [128.5361746, 35.6399996], [128.5364803, 35.6393776], [128.5365522, 35.6392937], [128.5366098, 35.6391861], [128.5370329, 35.6383952], [128.537977, 35.635884], [128.5380629, 35.6340005], [128.538492, 35.6328146], [128.537462, 35.6311403], [128.5369471, 35.6299544], [128.5357454, 35.6283498], [128.5360029, 35.6266057], [128.5365179, 35.6249313], [128.5365179, 35.6237452], [128.5382345, 35.6232569], [128.5396078, 35.6229778], [128.5410669, 35.6219313], [128.5428694, 35.6209545], [128.5443285, 35.6207452], [128.5461309, 35.6198381], [128.5480192, 35.6187915], [128.5488988, 35.618417], [128.5498217, 35.618024], [128.5502508, 35.6169774], [128.5516241, 35.6168379], [128.5534008, 35.6173751], [128.5546282, 35.6166983], [128.5558899, 35.6173751], [128.5568598, 35.6165588], [128.5583189, 35.6154424], [128.5579756, 35.6136282], [128.5588339, 35.6122327], [128.5590055, 35.6102788], [128.5588339, 35.608325], [128.5585764, 35.6055337], [128.5595205, 35.6040682], [128.5608938, 35.6033005], [128.5626104, 35.6028818], [128.5638979, 35.6030912], [128.5655029, 35.6024422], [128.5665586, 35.6022537], [128.567992, 35.6027911], [128.5671938, 35.6015349], [128.5670736, 35.6002299], [128.5686315, 35.5989143], [128.5702279, 35.5983909], [128.5722492, 35.5981467], [128.5730946, 35.5972812], [128.5729015, 35.5960424], [128.5731547, 35.5952712], [128.5740216, 35.5945244], [128.575382, 35.5941336], [128.5758884, 35.5927726], [128.5762017, 35.5913627], [128.5782059, 35.5905391], [128.5794332, 35.5899005], [128.5812099, 35.5883509], [128.5829523, 35.5871085], [128.5838106, 35.5866199], [128.5864027, 35.5866897], [128.5878876, 35.5862639], [128.5898703, 35.5858067], [128.5908456, 35.5852051], [128.5931729, 35.5843118], [128.5955792, 35.5834374], [128.596665, 35.5822926], [128.5987403, 35.58195], [128.600955, 35.5808487], [128.6034449, 35.5801392], [128.6044884, 35.5805836], [128.6053584, 35.5810008], [128.6075514, 35.5816116], [128.6097486, 35.5817721], [128.6117485, 35.5823096], [128.614023, 35.5830146], [128.6146625, 35.5838627], [128.6154392, 35.5844561], [128.6166323, 35.5847108], [128.6185635, 35.5847841], [128.6196964, 35.5849691], [128.6209581, 35.5856252], [128.6230395, 35.586065], [128.6250093, 35.5854333], [128.6263826, 35.5853635], [128.6287601, 35.5858312], [128.6298829, 35.5861455], [128.6303308, 35.5862709], [128.6316183, 35.5860615], [128.6336782, 35.5850843], [128.63494, 35.5843653], [128.6359957, 35.583758], [128.637369, 35.5827808], [128.6391457, 35.5839465], [128.6397722, 35.5852937], [128.6401155, 35.5868293], [128.6418322, 35.5871085], [128.6438921, 35.5869689], [128.6448062, 35.5883754], [128.6466816, 35.5901832], [128.6473253, 35.592134], [128.6471022, 35.5938649], [128.6481579, 35.5941057], [128.6502436, 35.594507], [128.6525953, 35.5958226], [128.6551788, 35.5972603], [128.6579297, 35.597721], [128.6621011, 35.5957423], [128.6638049, 35.5941859], [128.6669548, 35.5945558], [128.669813, 35.594507], [128.6716111, 35.5952538], [128.6733921, 35.5960564], [128.6755379, 35.5945558], [128.6780527, 35.5940882], [128.680456, 35.5943674], [128.6837175, 35.5936695], [128.6868074, 35.5943674], [128.6904123, 35.5942278], [128.6921289, 35.5926923], [128.6938456, 35.5903193], [128.6947039, 35.5876669], [128.6955622, 35.5845957], [128.6957338, 35.5834788], [128.6989954, 35.5809659], [128.7034586, 35.578732], [128.7077501, 35.5785924], [128.7094667, 35.5785924], [128.7134149, 35.5795697], [128.71605, 35.5783621], [128.7197535, 35.580205], [128.7224958, 35.5807669], [128.7254312, 35.5802678], [128.7273195, 35.5781736], [128.7296584, 35.5771299], [128.7321775, 35.5766518], [128.735967, 35.5767216], [128.738117, 35.5758559], [128.7393272, 35.5754371], [128.7417992, 35.5741735], [128.7436231, 35.5734265], [128.7462023, 35.5730076], [128.747979, 35.5719395], [128.7493051, 35.5705607], [128.7522576, 35.5704071], [128.7540944, 35.5698974], [128.755987, 35.5681206], [128.7587078, 35.5678518], [128.7617977, 35.5683091], [128.7643984, 35.5690282], [128.7673767, 35.569845], [128.7684925, 35.5699149], [128.7690261, 35.5694477], [128.7700632, 35.5685395], [128.7716897, 35.5676354], [128.7733591, 35.5674818], [128.7763031, 35.5674713], [128.7790754, 35.5674224], [128.7830236, 35.5663752], [128.7866843, 35.5667347], [128.7888387, 35.5680682], [128.7933834, 35.571381], [128.7957867, 35.5735452], [128.7973574, 35.5753114], [128.7987307, 35.5781736], [128.7993915, 35.5804563], [128.7996748, 35.5825714], [128.8003996, 35.5843251], [128.8002499, 35.5853425], [128.8000221, 35.5858406], [128.7994537, 35.5863982], [128.8002977, 35.5876207], [128.8009844, 35.5888602], [128.8013852, 35.5892834], [128.8017399, 35.5896594], [128.8024815, 35.5898097], [128.8031316, 35.5899772], [128.8036708, 35.5901648], [128.8044237, 35.5901877], [128.8049059, 35.5901234], [128.806146, 35.5898732], [128.8072456, 35.5896378], [128.8078973, 35.589651], [128.8083764, 35.5894695], [128.809202, 35.5894119], [128.8115194, 35.5897609], [128.8126953, 35.5905775], [128.8152702, 35.5916245], [128.8161543, 35.5927621], [128.817931, 35.5930204], [128.8188751, 35.5934391], [128.8206175, 35.5934601], [128.8213041, 35.5944372], [128.8218191, 35.5954841], [128.8222483, 35.5962518], [128.8232525, 35.5966496], [128.8244799, 35.596531], [128.825424, 35.5964612], [128.8261965, 35.5969497], [128.8276298, 35.5969288], [128.8291748, 35.5969288], [128.8297155, 35.5973685], [128.8312347, 35.5973475], [128.8337238, 35.5979059], [128.835037, 35.5974383], [128.8359812, 35.5969497], [128.8368996, 35.5956027], [128.8379553, 35.594856], [128.8388994, 35.5935997], [128.8402727, 35.5925527], [128.8412168, 35.5912266], [128.8427618, 35.5899703], [128.8438776, 35.5893421], [128.8450792, 35.5898307], [128.845826, 35.5902285], [128.8471992, 35.5913453], [128.8480833, 35.5924829], [128.8492849, 35.5929715], [128.8507441, 35.5943674], [128.8516024, 35.5955539], [128.8535765, 35.5967404], [128.8538082, 35.5979757], [128.8542374, 35.5993715], [128.8552673, 35.600837], [128.8570698, 35.6017443], [128.8572672, 35.6033703], [128.8577564, 35.6045357], [128.858383, 35.6055337], [128.8585289, 35.606699], [128.860503, 35.6073271], [128.8629063, 35.6079551], [128.8644512, 35.6088623], [128.8652237, 35.609909], [128.8659103, 35.6115837], [128.8662537, 35.6130491], [128.8662537, 35.6137468], [128.8671377, 35.614954], [128.8679102, 35.6162099], [128.8687685, 35.6173961], [128.8692577, 35.6179333], [128.8714035, 35.6184217], [128.8722876, 35.6202568], [128.8724335, 35.6219801], [128.8726309, 35.6244429], [128.8729484, 35.6261662], [128.87306, 35.6275126], [128.8734634, 35.6295149], [128.8734634, 35.6301427], [128.8734634, 35.6316775], [128.8734634, 35.6334913], [128.87409, 35.6346981], [128.8757208, 35.635605], [128.8772657, 35.636163], [128.8787249, 35.6358142], [128.8791283, 35.6362816], [128.8810423, 35.6359538], [128.8815573, 35.6353957], [128.8829048, 35.6350957], [128.8834455, 35.63414], [128.8831022, 35.6330239], [128.8839605, 35.632117], [128.8848188, 35.6312799], [128.8855913, 35.6300939], [128.8873251, 35.6300729], [128.8891533, 35.6303032], [128.8910845, 35.6304427], [128.8932688, 35.6309973], [128.8946465, 35.6310532], [128.8967236, 35.6318868], [128.8971931, 35.6318774], [128.8991526, 35.631838], [128.8996024, 35.6321379], [128.9005859, 35.6327937], [128.9016617, 35.6332595], [128.90256, 35.6336308], [128.9045341, 35.6342586], [128.9057616, 35.6343668], [128.9058907, 35.6344337], [128.9074781, 35.6352562], [128.9078601, 35.6355143], [128.9099243, 35.6364769], [128.9113405, 35.6363375], [128.912113, 35.6367909], [128.9132385, 35.6368314], [128.913954, 35.6368571], [128.9141151, 35.6369828], [128.915027, 35.6376942], [128.9151546, 35.6378247], [128.9156921, 35.6383744], [128.9172628, 35.6388138], [128.9192369, 35.638744], [128.9209536, 35.638465], [128.9218977, 35.6380465], [128.9224985, 35.6383255], [128.9234426, 35.6376104], [128.9245369, 35.6366339], [128.9253858, 35.6363904], [128.9274522, 35.6357977], [128.92782, 35.6356922], [128.9292791, 35.6353957], [128.930588, 35.63489], [128.9316824, 35.6346981], [128.933914, 35.6342098], [128.9352873, 35.6340005], [128.9363172, 35.6346284], [128.9376047, 35.6347679], [128.938978, 35.6346981], [128.940008, 35.6340005], [128.9412096, 35.6332332], [128.9425829, 35.6327448], [128.9442995, 35.6317682], [128.9454153, 35.6308613], [128.9467886, 35.6305125], [128.9472177, 35.6297451], [128.9481619, 35.629187], [128.9492777, 35.6289777], [128.9498785, 35.6276522], [128.9503076, 35.6264662], [128.9515093, 35.6257685], [128.9527967, 35.6249313], [128.953655, 35.6240243], [128.95417, 35.6233266], [128.9550283, 35.6222103], [128.9562042, 35.6221894], [128.9569166, 35.6221406], [128.9583757, 35.6210242], [128.9598349, 35.6200474], [128.9603498, 35.6187218], [128.9603498, 35.6179543], [128.9596632, 35.6167681], [128.9594057, 35.6162797], [128.9613798, 35.6152331], [128.9622124, 35.6145841], [128.9645555, 35.6146749], [128.9669588, 35.6140469], [128.969508, 35.6140957], [128.9717396, 35.6142353], [128.9732244, 35.6139771], [128.9750011, 35.6129095], [128.9757994, 35.6120233], [128.9771727, 35.6109766], [128.9781168, 35.6098602], [128.9791468, 35.6090926], [128.9799707, 35.6081854], [128.9811638, 35.6079028], [128.9827559, 35.6074597], [128.9853867, 35.6074666], [128.9870432, 35.6083948], [128.9883478, 35.6093996], [128.9896782, 35.6099788], [128.990794, 35.6112348], [128.9930256, 35.6120722], [128.9941671, 35.6131398], [128.9968021, 35.6138864], [128.9983728, 35.6154424], [128.999892, 35.6163983], [129.0001495, 35.6175845], [129.0011795, 35.6180729], [129.001437, 35.6187008], [129.0022352, 35.6199079], [129.0030678, 35.6205149], [129.0046986, 35.6213522], [129.005707, 35.6218929], [129.0078142, 35.6233789], [129.0093591, 35.6245127], [129.0111359, 35.6254337], [129.0131958, 35.6262011], [129.0149982, 35.6267941], [129.0163715, 35.6275266], [129.0170581, 35.6278057], [129.0187147, 35.6291521], [129.0190151, 35.6301637], [129.0193971, 35.6314334], [129.0204271, 35.6326193], [129.0206245, 35.6338959], [129.0210279, 35.6347818], [129.0225986, 35.6346632], [129.0232852, 35.6345237], [129.0245727, 35.634733], [129.0256885, 35.6353608], [129.0274652, 35.6356887], [129.0288642, 35.6346632], [129.0302118, 35.6337354], [129.0325549, 35.6327797], [129.0334991, 35.6323612], [129.0343179, 35.6322669], [129.0357884, 35.6318831], [129.037251, 35.6324373], [129.0375456, 35.6336365], [129.0380868, 35.6345428], [129.0385405, 35.6351342], [129.0402442, 35.6359463], [129.0411503, 35.6373112], [129.0423335, 35.6395073], [129.0425623, 35.6403767], [129.0435691, 35.6414362], [129.0440819, 35.6426987], [129.0444521, 35.6438565], [129.0443787, 35.6454638], [129.0446036, 35.6464808], [129.0452104, 35.6474561], [129.0458227, 35.648512], [129.0465048, 35.6497462], [129.0471979, 35.6501599], [129.0485194, 35.6492066], [129.0494636, 35.6491718], [129.0499786, 35.648823], [129.0510514, 35.6484743], [129.0516093, 35.6481953], [129.0522531, 35.6480907], [129.0529397, 35.6477768], [129.053798, 35.6480907], [129.0543988, 35.6481953], [129.055961, 35.6478605], [129.0576776, 35.6475118], [129.0590337, 35.647463], [129.0600208, 35.6474979], [129.0606216, 35.647463], [129.0615657, 35.647184], [129.0623382, 35.6469399], [129.0632823, 35.646626], [129.0643724, 35.646047], [129.0656598, 35.6448264], [129.0663036, 35.6443382], [129.0672734, 35.6445683], [129.0684751, 35.6446381], [129.0697368, 35.6445125], [129.0710071, 35.644115], [129.0720113, 35.6438499], [129.0731958, 35.6433826], [129.0735391, 35.6427897], [129.0738824, 35.6420225], [129.0745433, 35.641304], [129.0754274, 35.6405577], [129.0760453, 35.6400485], [129.0770152, 35.6405925], [129.0779594, 35.6409064], [129.0788606, 35.6414993], [129.0802339, 35.6421271], [129.0814355, 35.6426851], [129.0816501, 35.6436267], [129.0818647, 35.6444288], [129.0816501, 35.6455099], [129.0816501, 35.6464516], [129.0813068, 35.6471142], [129.080663, 35.6479861], [129.0798476, 35.6490671], [129.0790065, 35.6494996], [129.0770152, 35.6499389], [129.0763715, 35.6504272], [129.074848, 35.6529379], [129.0742214, 35.6543119], [129.0736206, 35.655358], [129.0724447, 35.6561112], [129.0712431, 35.6570178], [129.0699556, 35.6576454], [129.0681961, 35.6584474], [129.0677412, 35.6591239], [129.0674665, 35.6601909], [129.0670803, 35.6614112], [129.0670803, 35.6621783], [129.0678699, 35.6630291], [129.0682819, 35.6639217], [129.0683248, 35.665142], [129.0684965, 35.6666412], [129.0684536, 35.6677569], [129.0686531, 35.6687802], [129.0691574, 35.6694723], [129.0689772, 35.6700301], [129.0679129, 35.6707413], [129.0672949, 35.6715065], [129.0676167, 35.6722317], [129.0684042, 35.6734223], [129.0692003, 35.6741509], [129.070256, 35.6752525], [129.0714148, 35.6759846], [129.0721443, 35.6767516], [129.0725928, 35.6773581], [129.0709985, 35.6781652], [129.0701487, 35.6792458], [129.0696896, 35.6805496], [129.0699749, 35.681808], [129.0714448, 35.6837182], [129.072949, 35.6849714], [129.0737493, 35.6865608], [129.0740755, 35.6874532], [129.0738609, 35.6878366], [129.0741184, 35.6883246], [129.0749767, 35.6888823], [129.0756805, 35.6897676], [129.0760925, 35.690625], [129.0766075, 35.6915313], [129.0769079, 35.692786], [129.0776804, 35.6936922], [129.0787104, 35.6942847], [129.0795258, 35.6944241], [129.0799292, 35.6948215], [129.080427, 35.6955046], [129.0805986, 35.6960622], [129.0803841, 35.6964107], [129.0812424, 35.6967244], [129.0815857, 35.6973169], [129.0822466, 35.6978885], [129.0824011, 35.6981533], [129.0833023, 35.6978397], [129.0842464, 35.6978397], [129.0856626, 35.6982579], [129.0870359, 35.6988155], [129.088023, 35.6993383], [129.0896409, 35.7001416], [129.0906322, 35.7005999], [129.0907267, 35.7014346], [129.0919004, 35.7016628], [129.0932458, 35.7018179], [129.0947392, 35.7025376], [129.0960117, 35.7028042], [129.0968893, 35.702792], [129.0976789, 35.7032398], [129.0985372, 35.7038671], [129.0990951, 35.7044247], [129.1002109, 35.704564], [129.1010263, 35.7056444], [129.1017988, 35.7061322], [129.1027859, 35.7065853], [129.1042021, 35.7066201], [129.1061333, 35.7062716], [129.1075924, 35.7062368], [129.1097811, 35.7070017], [129.1111544, 35.7068623], [129.1119869, 35.7069843], [129.1129568, 35.7077683], [129.1136177, 35.7085176], [129.1149309, 35.7083956], [129.1164501, 35.7083085], [129.1175058, 35.7070714], [129.1195658, 35.7067926], [129.121969, 35.7070714], [129.1249731, 35.707838], [129.126149, 35.7085176], [129.1263464, 35.7104864], [129.1269215, 35.7119325], [129.1272905, 35.7140406], [129.1278913, 35.7150163], [129.1290071, 35.7148769], [129.1305263, 35.7140232], [129.1324404, 35.7126468], [129.1345003, 35.7118802], [129.1354187, 35.7114447], [129.1372469, 35.7118071], [129.1381653, 35.712281], [129.1370752, 35.7134796], [129.1370752, 35.7152915], [129.1382769, 35.7166853], [129.1398476, 35.7181069], [129.1397703, 35.719525], [129.1389506, 35.7208142], [129.1398733, 35.7219082], [129.1417315, 35.7223855], [129.142783, 35.723706], [129.1451776, 35.7244899], [129.1475466, 35.7242111], [129.1505335, 35.7231694], [129.1530655, 35.7221555], [129.1553314, 35.7203647], [129.1577347, 35.7175773], [129.1599663, 35.7152079], [129.1609962, 35.7140929], [129.1623695, 35.7135354], [129.1638544, 35.7143159], [129.1662577, 35.7151522], [129.1678627, 35.7140929], [129.1694076, 35.7129779], [129.170266, 35.7125597], [129.1721542, 35.7136748], [129.1731241, 35.713619], [129.1736391, 35.7144553], [129.1748407, 35.7148734], [129.1758707, 35.7155703], [129.1764458, 35.7152079], [129.1779306, 35.7165459], [129.1785057, 35.7171592], [129.1795228, 35.7193125], [129.1804841, 35.7202323], [129.1810205, 35.7212845], [129.1811922, 35.7229569], [129.1837156, 35.7227339], [129.1853722, 35.7213403], [129.186857, 35.7194727], [129.1887453, 35.719194], [129.1906336, 35.7189153], [129.1921785, 35.7179397], [129.1937836, 35.7166017], [129.1954401, 35.7166853], [129.196985, 35.7164065], [129.1992767, 35.7150685], [129.1999033, 35.7151557], [129.2008217, 35.7161835], [129.201165, 35.7182045], [129.2020491, 35.7193368], [129.2037657, 35.7202427], [129.2053965, 35.7213577], [129.2064865, 35.7226642], [129.209379, 35.7204866], [129.2099069, 35.7191034], [129.211984, 35.7186539], [129.2143014, 35.7171696], [129.2153657, 35.717079], [129.2176745, 35.7158839], [129.2196014, 35.7166818], [129.221082, 35.7160511], [129.2232492, 35.7132009], [129.2250259, 35.7113053], [129.2269142, 35.712281], [129.228369, 35.7121764], [129.2305878, 35.7113645], [129.2330339, 35.7099567], [129.2334845, 35.707155], [129.234227, 35.7049317], [129.2370508, 35.7053603], [129.2397888, 35.7050328], [129.2421921, 35.7036388], [129.2435654, 35.7029418], [129.2464235, 35.7019103], [129.2481101, 35.7017813], [129.2500284, 35.7013527], [129.251745, 35.7014921], [129.2543199, 35.7009345], [129.2568949, 35.7002374], [129.2586716, 35.6990386], [129.2599419, 35.6972402], [129.2604139, 35.6958496], [129.2616156, 35.6938978], [129.2626455, 35.6918798], [129.2629888, 35.6901371], [129.262388, 35.6890217], [129.2623022, 35.6874183], [129.2623022, 35.6856755], [129.2605856, 35.68456], [129.2586973, 35.6835143], [129.2586973, 35.6828171], [129.2595556, 35.6810742], [129.2604998, 35.6802376], [129.2608431, 35.6793312], [129.2603281, 35.6777974], [129.2599848, 35.6753571], [129.2598131, 35.6729865], [129.2586973, 35.6725681], [129.257324, 35.6715222], [129.2567232, 35.6697093], [129.2562064, 35.6677573], [129.2553566, 35.6666207], [129.2540928, 35.6662999], [129.2548052, 35.6641957], [129.2549876, 35.6616226], [129.2551764, 35.6600866], [129.257099, 35.6591033], [129.2582663, 35.6567392], [129.2600172, 35.6547795], [129.2622145, 35.6538101], [129.2654761, 35.6535311], [129.2675703, 35.6519898], [129.269081, 35.6507414], [129.2716902, 35.6518503], [129.2744025, 35.6524152], [129.2759818, 35.6526872], [129.2764195, 35.6523804], [129.2781705, 35.6507518], [129.2808183, 35.6494511], [129.281947, 35.6504555], [129.2832045, 35.6511302], [129.2841786, 35.6503508], [129.2864188, 35.649765], [129.2887619, 35.6483805], [129.2903842, 35.6473395], [129.2903884, 35.645887], [129.2909249, 35.6457754], [129.2920836, 35.6450221], [129.293105, 35.6445374], [129.294931, 35.6441991], [129.2965532, 35.6434545], [129.2962606, 35.6449424], [129.2970332, 35.6459585], [129.2970786, 35.6465759], [129.2978449, 35.6470675], [129.2983655, 35.647584], [129.2997452, 35.6475488], [129.3006608, 35.6480335], [129.3022889, 35.6480789], [129.3029191, 35.6477087], [129.3030282, 35.6494247], [129.3034177, 35.6496511], [129.3033339, 35.6500468], [129.3021112, 35.6510124], [129.3025923, 35.6516534], [129.3040757, 35.6516091], [129.3038767, 35.6529836], [129.3038252, 35.6545863], [129.3041383, 35.6558963], [129.3040695, 35.6563325], [129.3044275, 35.6569593], [129.3050204, 35.6572675], [129.3058701, 35.6574174], [129.3073765, 35.6572779], [129.3090995, 35.6589377], [129.3101145, 35.6596159], [129.3104159, 35.6602307], [129.3111841, 35.6605068], [129.3129672, 35.6600355], [129.3135799, 35.6594207], [129.3143181, 35.6584356], [129.3148763, 35.6583745], [129.3155461, 35.659227], [129.3158965, 35.6594146], [129.3163479, 35.659391], [129.3168028, 35.6592498], [129.3178101, 35.6588719], [129.3182323, 35.6585728], [129.318673, 35.658064], [129.3189371, 35.6575859], [129.3187163, 35.6570417], [129.3187413, 35.6565928], [129.3190224, 35.6563615], [129.3195374, 35.6563622], [129.3206328, 35.6566246], [129.320812, 35.6571232], [129.3222468, 35.6580159], [129.3227722, 35.6580121], [129.3235814, 35.6585021], [129.3257177, 35.6576024], [129.3266272, 35.6579687], [129.3269211, 35.6582689], [129.3275252, 35.6586983], [129.3280593, 35.6587758], [129.3290341, 35.6581569], [129.3298683, 35.6587734], [129.3299286, 35.6597958], [129.3301169, 35.659924], [129.3300368, 35.6602525], [129.3293671, 35.6605646], [129.3287145, 35.6604397], [129.3286371, 35.662612], [129.3288494, 35.6628697], [129.3295121, 35.6634516], [129.3301876, 35.6636902], [129.3302093, 35.6639524], [129.3298529, 35.6642262], [129.3303172, 35.6650411], [129.3310681, 35.6655533], [129.3327402, 35.6649831], [129.3330088, 35.6653824], [129.3325534, 35.6658923], [129.3325635, 35.6665596], [129.3330469, 35.666824], [129.3331714, 35.6672329], [129.333087, 35.6679229], [129.3336447, 35.6686142], [129.3337434, 35.6690011], [129.3341086, 35.669762], [129.334123, 35.6697607], [129.3341367, 35.669766], [129.334795, 35.6695977], [129.3353502, 35.669395], [129.3357082, 35.6692135], [129.3361777, 35.6691793], [129.3366417, 35.6691946], [129.3368228, 35.6692229], [129.3370566, 35.669118], [129.337179, 35.6691091], [129.3380848, 35.6693057], [129.3387513, 35.6695617], [129.339526, 35.6696117], [129.3397866, 35.6696718], [129.3398981, 35.6696398], [129.3405099, 35.6698977], [129.3410619, 35.6704395], [129.3414831, 35.67066], [129.341854, 35.6707092], [129.3423285, 35.6711924], [129.3430343, 35.6715292], [129.3438702, 35.6725988], [129.3447123, 35.6735823], [129.3458734, 35.6739332], [129.3461582, 35.6738837], [129.3463393, 35.6739589], [129.3463566, 35.6741783], [129.3468663, 35.6747269], [129.3472639, 35.6753679], [129.3474457, 35.6754481], [129.3478212, 35.6755375], [129.3478958, 35.6757192], [129.3479901, 35.676263], [129.3483487, 35.6768534], [129.3503064, 35.6779341], [129.3513975, 35.6784696], [129.351941, 35.678651], [129.3524346, 35.6785878], [129.3531109, 35.6787612], [129.3535835, 35.6793987], [129.3550093, 35.6793569], [129.3562871, 35.6792479], [129.3593021, 35.6791391], [129.361452, 35.6788087], [129.3630935, 35.6786484], [129.3640388, 35.6789123], [129.3640888, 35.6786226], [129.3643248, 35.6782544], [129.3641429, 35.6767512], [129.3650558, 35.6757097], [129.3651751, 35.6757139], [129.3660278, 35.675459], [129.3668159, 35.6752895], [129.3672782, 35.674747], [129.3678683, 35.6731633], [129.3681822, 35.6729846], [129.369505, 35.6730056], [129.3705404, 35.6728909], [129.3715516, 35.672124], [129.3727572, 35.670189], [129.3726472, 35.6692718], [129.3744832, 35.6696988], [129.3761488, 35.6698226], [129.3783778, 35.6704], [129.3815535, 35.6711321], [129.3849116, 35.6703721], [129.3878299, 35.6698143], [129.3916923, 35.6686289], [129.394353, 35.6682105], [129.3974858, 35.6676876], [129.3999964, 35.6675743], [129.400683, 35.6672012], [129.4014984, 35.66577], [129.4023353, 35.6643928], [129.4028073, 35.6638174], [129.403097, 35.6630591], [129.4048458, 35.6629458], [129.4056933, 35.6627976], [129.4068414, 35.6628498], [129.4078714, 35.6635838], [129.4092661, 35.6635838], [129.4102252, 35.6638401], [129.410963, 35.663834], [129.4121199, 35.6634252], [129.4142443, 35.6627365], [129.4162291, 35.6618266], [129.417214, 35.6606515], [129.4188148, 35.6601912], [129.4200164, 35.6597728], [129.4209841, 35.6592951], [129.4234711, 35.6582038], [129.4255954, 35.6573494], [129.4268936, 35.657203], [129.428106, 35.6567567], [129.4284063, 35.6555885], [129.4296724, 35.6557977], [129.430756, 35.6562441], [129.4317215, 35.6566625], [129.4327515, 35.6566799], [129.432891, 35.6559895], [129.4331485, 35.6553619], [129.433127, 35.6542983], [129.4337922, 35.6533742], [129.434393, 35.6527466], [129.435144, 35.6524501], [129.4365817, 35.6533917], [129.4370002, 35.6542041], [129.4377083, 35.6546749], [129.4392425, 35.6551875], [129.4396287, 35.6550916], [129.4405836, 35.6546487], [129.4413453, 35.6545773], [129.4420105, 35.6549434], [129.4427615, 35.6544378], [129.4434911, 35.6540891], [129.4440061, 35.6537752], [129.4446498, 35.6537055], [129.4456368, 35.6531824], [129.4459694, 35.6528163], [129.4464755, 35.652641], [129.4472676, 35.6519968], [129.44770333512176, 35.65164272895067], [129.4777806, 35.6896919], [129.4732595, 35.7055741], [129.4788494, 35.7124243], [129.4818132, 35.7071622], [129.4837244, 35.7430626], [129.4949261, 35.7525578], [129.491578, 35.7879804], [129.5096069, 35.8038951], [129.5036631, 35.8074493], [129.5120157, 35.8063328], [129.5094591, 35.8242633], [129.5347824, 35.8707376], [129.5188862, 35.8735902], [129.5204928, 35.8817126], [129.5281276, 35.8755237], [129.5248074, 35.8944099], [129.533939, 35.8999022], [129.5190226, 35.9288259], [129.5487024, 35.9520022], [129.5518831, 35.9794517], [129.5605782, 35.9856017], [129.5541453, 35.9827164], [129.5525249, 35.9872969], [129.5672206, 35.989888], [129.5847177, 36.0168393], [129.5772413, 36.0246573], [129.5834525, 36.0462965], [129.5683606, 36.0678159], [129.5702782, 36.0776983], [129.5555902, 36.0860583], [129.5048289, 36.0370711], [129.5032229, 36.025643], [129.4586944, 36.0033923], [129.4504364, 35.9913713], [129.4175144, 36.0049653], [129.424474, 36.0103615], [129.4238015, 36.0198424], [129.4070564, 36.0089203], [129.3923237, 36.0122534], [129.4076589, 36.0297486], [129.4316268, 36.0303047], [129.4014177, 36.0386982], [129.3848761, 36.0280518], [129.3762187, 36.049944], [129.3850415, 36.0459485], [129.3787485, 36.0520963], [129.3831352, 36.0629481], [129.4182689, 36.0738522], [129.4272825, 36.096098], [129.4396573, 36.094537], [129.439745, 36.110645], [129.4321992, 36.1107182], [129.4312146, 36.112457], [129.4397655, 36.1124322], [129.4260819, 36.1136098], [129.3973876, 36.1350847], [129.40119, 36.1536663], [129.3934104, 36.1814786], [129.3724737, 36.1973772], [129.3865277, 36.2232506], [129.3809137, 36.2303266], [129.3852446, 36.2394906], [129.3726874, 36.2546813], [129.3812719, 36.2749457], [129.3746549, 36.2883638], [129.3882385, 36.3583986], [129.43584, 36.4254524], [129.432937, 36.4813262], [129.453253, 36.5080818], [129.4439589, 36.512434], [129.4405462, 36.5522415], [129.4116785, 36.5869007], [129.4120123, 36.6221172], [129.438368, 36.6711981], [129.4662249, 36.6793046], [129.476167, 36.6992055], [129.4718234, 36.7214528], [129.4776572, 36.726726], [129.4679644, 36.7574902], [129.4787698, 36.7679114], [129.4624566, 36.7887765], [129.4464462, 36.8319633], [129.4276954, 36.8509587], [129.4152708, 36.8893809], [129.4210852, 36.9406848], [129.4082208, 36.9798246], [129.4190495, 36.9929529], [129.4094811, 37.027213], [129.4173247, 37.0338935], [129.4158096, 37.0536375], [129.430059, 37.0582492], [129.3795758, 37.099028], [129.3746711, 37.1355122], [129.36523935944106, 37.14681293367205], [129.3639964, 37.1462727], [129.3638642, 37.1461899], [129.3627739, 37.1457664], [129.3626189, 37.1455311], [129.3620112, 37.1449369], [129.3615076, 37.1448334], [129.3611629, 37.1448586], [129.3606593, 37.1450129], [129.3601001, 37.1450106], [129.3591458, 37.1449553], [129.3589958, 37.1451288], [129.3588036, 37.1452247], [129.3582905, 37.1452279], [129.3579193, 37.144938], [129.3575036, 37.1450313], [129.3572125, 37.1448852], [129.3568217, 37.1449226], [129.3566374, 37.14483], [129.3563782, 37.1448648], [129.3560143, 37.1451365], [129.3551732, 37.1455681], [129.355014, 37.1455968], [129.3548491, 37.1457372], [129.3545701, 37.145787], [129.354248, 37.1458901], [129.3539639, 37.1458037], [129.3535766, 37.145923], [129.3534714, 37.1460988], [129.3532553, 37.1461726], [129.3530081, 37.1461058], [129.3527179, 37.1462281], [129.352072, 37.1463085], [129.3519922, 37.1462657], [129.3518292, 37.1462665], [129.3516517, 37.1461354], [129.3515236, 37.1461164], [129.3512034, 37.1462298], [129.3507441, 37.1462961], [129.3505256, 37.1462267], [129.3498514, 37.1456619], [129.3497402, 37.1454006], [129.3489948, 37.1452334], [129.3490061, 37.1457665], [129.3490858, 37.1464543], [129.3483509, 37.1464187], [129.3478356, 37.1464476], [129.3468476, 37.1461785], [129.3460565, 37.1457367], [129.3453557, 37.1458502], [129.3446108, 37.1460216], [129.3443357, 37.1459532], [129.343756, 37.1455327], [129.3434784, 37.1455166], [129.3432951, 37.1452964], [129.3427923, 37.1450805], [129.3422436, 37.1449906], [129.3416005, 37.145136], [129.3409945, 37.144603], [129.339956, 37.1453314], [129.3398638, 37.1456474], [129.3397464, 37.1466037], [129.3395057, 37.1468297], [129.3390129, 37.146056], [129.3389758, 37.1452027], [129.3386527, 37.1445305], [129.3386194, 37.1439429], [129.3383456, 37.143457], [129.3373447, 37.1428933], [129.3364351, 37.1419764], [129.3363304, 37.1420937], [129.3358385, 37.1421666], [129.3353053, 37.1423454], [129.3345761, 37.1426549], [129.3340792, 37.1426036], [129.3337518, 37.1421333], [129.3334733, 37.141486], [129.3332411, 37.1407073], [129.3325148, 37.1405229], [129.3319062, 37.1406326], [129.3309789, 37.1404819], [129.330569, 37.140497], [129.3299805, 37.1407656], [129.3296181, 37.1410156], [129.3291213, 37.1410311], [129.3287199, 37.1415237], [129.3278928, 37.1419479], [129.3270794, 37.1421578], [129.3256561, 37.1422082], [129.3248296, 37.1422862], [129.3240615, 37.1417737], [129.3236754, 37.1411198], [129.3235946, 37.1407209], [129.323189, 37.1402636], [129.3229871, 37.1399466], [129.3229925, 37.1396418], [129.3228104, 37.1391839], [129.3229507, 37.1381979], [129.3216992, 37.1376915], [129.3215614, 37.1375873], [129.321616, 37.1367658], [129.3206334, 37.1357685], [129.3203612, 37.135878], [129.3194632, 37.135784], [129.319156, 37.1354516], [129.3194146, 37.1350675], [129.3194014, 37.1344432], [129.3192402, 37.1343104], [129.3188849, 37.1338323], [129.3189688, 37.1336131], [129.3183989, 37.1332367], [129.318147, 37.1329523], [129.317076, 37.1328975], [129.3166138, 37.1327054], [129.3164649, 37.1325349], [129.3164066, 37.1323474], [129.315585, 37.1322985], [129.3149631, 37.1320031], [129.3149814, 37.1315242], [129.3144533, 37.1313396], [129.3131334, 37.131567], [129.3118009, 37.1322129], [129.3110445, 37.13167], [129.3110198, 37.1313234], [129.3111996, 37.1306533], [129.311164, 37.1302152], [129.3108792, 37.1299406], [129.3109832, 37.1295823], [129.3107662, 37.1292857], [129.3102665, 37.1288475], [129.3088853, 37.12794], [129.3084621, 37.1279787], [129.3074641, 37.1278194], [129.3061784, 37.1276831], [129.3052308, 37.1279678], [129.3045663, 37.1279999], [129.3038654, 37.1282406], [129.3030844, 37.1278462], [129.3022898, 37.1275362], [129.3020002, 37.1272642], [129.3011286, 37.126584], [129.3009536, 37.1256817], [129.3005538, 37.1249411], [129.2997818, 37.1244016], [129.299313, 37.1241143], [129.298811, 37.1243675], [129.2980036, 37.1245369], [129.2977757, 37.124432], [129.2978259, 37.1239882], [129.297628, 37.123508], [129.2975944, 37.1224842], [129.2970264, 37.1218202], [129.2965125, 37.1216037], [129.2960103, 37.12091], [129.2952303, 37.120298], [129.2952675, 37.11983], [129.2951838, 37.1193053], [129.2952796, 37.1189071], [129.2951081, 37.1184339], [129.2950803, 37.1180982], [129.2947641, 37.1175719], [129.2951243, 37.1170201], [129.2947917, 37.116292], [129.2949076, 37.1158768], [129.2945913, 37.1143651], [129.2934385, 37.1143687], [129.2932159, 37.114748], [129.2925498, 37.1143191], [129.2912683, 37.1148749], [129.2904499, 37.1151251], [129.2895488, 37.1151275], [129.2891134, 37.1152903], [129.2886498, 37.1152533], [129.2883137, 37.1154692], [129.2879162, 37.1156146], [129.2875355, 37.1156097], [129.2871145, 37.1159065], [129.286733, 37.1162555], [129.2862567, 37.1164301], [129.2853852, 37.1172484], [129.2846089, 37.1169947], [129.2838919, 37.1169436], [129.2830922, 37.1164354], [129.2819965, 37.1160983], [129.2811748, 37.116361], [129.2811172, 37.1167065], [129.2803938, 37.1167589], [129.2795145, 37.117107], [129.278487, 37.1170572], [129.2782415, 37.1175801], [129.2774751, 37.1179935], [129.2767385, 37.1185535], [129.2762862, 37.1179846], [129.2756673, 37.1177263], [129.2750539, 37.11756], [129.2745158, 37.1172653], [129.2734868, 37.1170647], [129.2727544, 37.1170955], [129.2720189, 37.1170081], [129.271238, 37.1163806], [129.2713132, 37.1159138], [129.2709796, 37.1153666], [129.2710769, 37.1148404], [129.271071, 37.1144532], [129.2708299, 37.1139679], [129.2697776, 37.1129794], [129.2699261, 37.1124485], [129.2703668, 37.1118151], [129.2705314, 37.1111716], [129.2697601, 37.110516], [129.269192, 37.1102121], [129.2694279, 37.1092114], [129.2692367, 37.1088218], [129.269355, 37.1086674], [129.2691409, 37.1085107], [129.2692297, 37.1083401], [129.2694288, 37.1083485], [129.2699503, 37.1076376], [129.2702429, 37.1069228], [129.2695486, 37.1065183], [129.2688616, 37.1062771], [129.2685377, 37.1057007], [129.2679836, 37.1052318], [129.267182, 37.1043613], [129.2669662, 37.1039315], [129.2668952, 37.1031857], [129.266353, 37.1027654], [129.2659924, 37.102324], [129.265658, 37.1021495], [129.2644433, 37.1021324], [129.2632891, 37.1019983], [129.2624258, 37.101503], [129.2612751, 37.101297], [129.2602297, 37.1009556], [129.2590749, 37.1010452], [129.2585359, 37.1007853], [129.2583133, 37.1004832], [129.2569514, 37.1001494], [129.25651, 37.099717], [129.25526, 37.0993529], [129.2551563, 37.0986849], [129.2552069, 37.0979989], [129.2539447, 37.0975968], [129.2531636, 37.0967894], [129.2517877, 37.0971238], [129.2513738, 37.0968993], [129.2504251, 37.0967034], [129.2490299, 37.0961514], [129.2488144, 37.0956463], [129.2483585, 37.0951884], [129.2480783, 37.0949565], [129.2477017, 37.0948678], [129.2467918, 37.0936972], [129.2462419, 37.0931673], [129.2461671, 37.0926134], [129.2455515, 37.0917929], [129.2452592, 37.0914904], [129.2449365, 37.0908848], [129.2444973, 37.0904507], [129.2443843, 37.0902164], [129.2438394, 37.0898322], [129.243606, 37.089335], [129.2437032, 37.0890024], [129.2435782, 37.0885408], [129.2434045, 37.0881612], [129.2419529, 37.087599], [129.2416067, 37.0868511], [129.2411193, 37.086233], [129.2408305, 37.0854627], [129.2404592, 37.0850351], [129.239858, 37.0849445], [129.2388224, 37.0846124], [129.2381798, 37.0843525], [129.2372524, 37.0838125], [129.236728, 37.0828682], [129.2361789, 37.0822829], [129.2357766, 37.0815453], [129.2359237, 37.0810643], [129.2353484, 37.0808408], [129.2346614, 37.0807785], [129.2341833, 37.0806587], [129.2339404, 37.0803791], [129.2332357, 37.0800973], [129.2328838, 37.0797684], [129.2324358, 37.0785822], [129.2321397, 37.0780664], [129.2313165, 37.077048], [129.2309926, 37.0769005], [129.2308591, 37.0766228], [129.2304984, 37.0765909], [129.2301476, 37.0764494], [129.2290974, 37.0758519], [129.2285088, 37.0753543], [129.2271167, 37.0750321], [129.2260369, 37.0741675], [129.2253774, 37.0737201], [129.2258849, 37.07326], [129.2258722, 37.0727302], [129.2264941, 37.0721633], [129.2276358, 37.0720947], [129.2285422, 37.0716148], [129.2288121, 37.0711928], [129.2299446, 37.0698366], [129.2308614, 37.0689021], [129.2304704, 37.0672189], [129.230926, 37.0669502], [129.2316329, 37.0659156], [129.2318996, 37.0657719], [129.2326162, 37.0645054], [129.2329257, 37.0642681], [129.2330747, 37.0638819], [129.2322252, 37.0621822], [129.2319789, 37.061244], [129.2316293, 37.0606711], [129.2316651, 37.0604051], [129.2308008, 37.0588447], [129.2293758, 37.0582085], [129.228799, 37.0582644], [129.2285205, 37.0572347], [129.2288468, 37.0561066], [129.2295009, 37.0550013], [129.229539, 37.0547383], [129.2306945, 37.0546783], [129.2313795, 37.0545026], [129.2317708, 37.0542552], [129.2320598, 37.0544278], [129.2317138, 37.0539834], [129.2311299, 37.0522194], [129.2320104, 37.0509661], [129.2328177, 37.050243], [129.2329277, 37.0496971], [129.2328278, 37.0491913], [129.2330647, 37.0487649], [129.2327175, 37.0468055], [129.2331194, 37.0463484], [129.2331161, 37.0454412], [129.2325163, 37.0446748], [129.2326668, 37.0442193], [129.2332568, 37.0440909], [129.2336931, 37.0435914], [129.2343391, 37.0434583], [129.2344734, 37.0430826], [129.2347053, 37.0428928], [129.2353707, 37.0429521], [129.2355895, 37.0424362], [129.2368091, 37.0415523], [129.2374992, 37.0413596], [129.238209, 37.040788], [129.2382075, 37.0403606], [129.2386963, 37.0400507], [129.238906, 37.0393696], [129.2380122, 37.0386653], [129.2378589, 37.0386848], [129.2372175, 37.0397968], [129.2364481, 37.0403572], [129.2355366, 37.040361], [129.2345423, 37.0401483], [129.2335918, 37.0404018], [129.2326017, 37.0411899], [129.2319529, 37.0412791], [129.2317247, 37.0417045], [129.2308611, 37.0418164], [129.2303397, 37.0424786], [129.2283528, 37.0429273], [129.2276844, 37.0431468], [129.2264167, 37.0437378], [129.2259541, 37.0442756], [129.2253139, 37.04456], [129.2241865, 37.044398], [129.2234425, 37.0439085], [129.2232909, 37.0439202], [129.2227664, 37.0442635], [129.2213116, 37.0441368], [129.2211422, 37.0444351], [129.2207357, 37.0442412], [129.2195943, 37.0439454], [129.2193287, 37.0436964], [129.2182437, 37.0436198], [129.2174177, 37.0437553], [129.2166486, 37.0440249], [129.2161222, 37.0440411], [129.2151129, 37.0439245], [129.2146523, 37.0437236], [129.213802, 37.0430348], [129.2134092, 37.0429872], [129.2118538, 37.0432766], [129.211452, 37.0432277], [129.211157, 37.0434687], [129.2105478, 37.0437169], [129.2093223, 37.0436743], [129.2084951, 37.0439095], [129.2080618, 37.0439453], [129.2074982, 37.0444138], [129.206781, 37.0444856], [129.2057239, 37.0448248], [129.2050458, 37.0449725], [129.2036665, 37.044786], [129.2029633, 37.0445659], [129.202149, 37.044432], [129.2011307, 37.0437727], [129.2005258, 37.0432678], [129.2000322, 37.0431365], [129.1996141, 37.0426805], [129.198891, 37.0425855], [129.1985568, 37.0424674], [129.1972659, 37.0426702], [129.1966647, 37.0426295], [129.1959384, 37.0424909], [129.1956043, 37.042137], [129.1954166, 37.0415852], [129.1949541, 37.0408391], [129.1947519, 37.0406298], [129.1940181, 37.0407339], [129.1933716, 37.0409417], [129.193043, 37.0407635], [129.1925919, 37.040638], [129.1922181, 37.0407433], [129.1914166, 37.0405756], [129.1906091, 37.0406507], [129.1899767, 37.0409215], [129.1895393, 37.0409384], [129.1885687, 37.0411083], [129.1875694, 37.0413477], [129.1869337, 37.0418613], [129.1864995, 37.0417424], [129.1854092, 37.0417191], [129.1850996, 37.0421797], [129.1848784, 37.0430769], [129.1844516, 37.0437809], [129.1849477, 37.0447033], [129.1849816, 37.045624], [129.185083, 37.0458054], [129.1850292, 37.0465796], [129.1846092, 37.046738], [129.1844085, 37.0467355], [129.1840104, 37.047027], [129.1837197, 37.0473494], [129.1839635, 37.0479753], [129.183681, 37.0488612], [129.1832213, 37.0492053], [129.1830602, 37.049499], [129.1825614, 37.0497909], [129.1823058, 37.0500296], [129.1820576, 37.0503693], [129.1816786, 37.050425], [129.1815188, 37.0507108], [129.1816254, 37.0510188], [129.1815484, 37.0513162], [129.1813327, 37.0516237], [129.1810571, 37.0516864], [129.1808396, 37.0518089], [129.1806992, 37.052101], [129.1804322, 37.0524396], [129.1804219, 37.0532211], [129.1797776, 37.0538186], [129.1793166, 37.0538828], [129.1791118, 37.0541192], [129.1791021, 37.0546138], [129.1782635, 37.05556], [129.1773846, 37.0562685], [129.1770535, 37.0567161], [129.1762793, 37.0568618], [129.1757056, 37.0578032], [129.1749356, 37.0579647], [129.1746041, 37.058148], [129.173976, 37.0587006], [129.1736626, 37.0585806], [129.1722545, 37.0592123], [129.1718019, 37.0595705], [129.1715509, 37.0599214], [129.1707856, 37.0602641], [129.1703974, 37.0603561], [129.1701339, 37.0611194], [129.1697314, 37.0615304], [129.1696579, 37.0621306], [129.1693449, 37.0627408], [129.1692151, 37.0634386], [129.1682283, 37.064448], [129.1673551, 37.0648845], [129.167314, 37.0650319], [129.1667783, 37.0652163], [129.1666332, 37.0658462], [129.16626, 37.0667174], [129.1658314, 37.0673765], [129.1659329, 37.0678568], [129.1661213, 37.0682784], [129.1661838, 37.0692163], [129.1645344, 37.0694324], [129.1637537, 37.0693041], [129.1635602, 37.0693292], [129.1632671, 37.0693024], [129.1616921, 37.0688836], [129.1606961, 37.0696127], [129.1602344, 37.0695689], [129.1594087, 37.0697184], [129.15923, 37.0707391], [129.158524, 37.0711559], [129.1579968, 37.071315], [129.157579, 37.0712098], [129.1566335, 37.0707428], [129.1556816, 37.0705053], [129.1551528, 37.0702396], [129.1550204, 37.0710245], [129.1547795, 37.0718075], [129.1545188, 37.0720097], [129.1542567, 37.0722885], [129.153594, 37.0725913], [129.1525931, 37.0734306], [129.1521153, 37.0732307], [129.1517965, 37.0737356], [129.1511763, 37.0741594], [129.149756, 37.0744839], [129.1491135, 37.0750222], [129.1485524, 37.0753909], [129.1484798, 37.0755217], [129.148282, 37.0758783], [129.1480453, 37.0761301], [129.1467397, 37.0763262], [129.1459646, 37.076236], [129.1457684, 37.0763782], [129.1453674, 37.0763207], [129.1451913, 37.0763624], [129.1442726, 37.0765801], [129.143839, 37.0770255], [129.1438766, 37.0778008], [129.1436751, 37.0778549], [129.143354, 37.0783637], [129.1423634, 37.0793907], [129.1421806, 37.080346], [129.141453, 37.0806045], [129.1412543, 37.0811368], [129.1404282, 37.0817599], [129.1396537, 37.0821115], [129.1394716, 37.0822732], [129.1392734, 37.082152], [129.1390571, 37.0818829], [129.1384706, 37.0815031], [129.1377616, 37.0813307], [129.1365838, 37.0817272], [129.1358505, 37.0817318], [129.1349526, 37.081641], [129.1345806, 37.081797], [129.1335489, 37.0817499], [129.1332796, 37.0818451], [129.1328959, 37.0821499], [129.1324121, 37.0824458], [129.131681, 37.0830879], [129.1307215, 37.0832671], [129.1294065, 37.0838052], [129.1284088, 37.0840948], [129.1278747, 37.08417], [129.127188, 37.0844436], [129.126487, 37.0850591], [129.1265042, 37.0861157], [129.1264684, 37.0864872], [129.1263848, 37.0869354], [129.1262001, 37.0875737], [129.1264204, 37.0880413], [129.1264794, 37.0884537], [129.1266896, 37.0886727], [129.1266892, 37.0889274], [129.1263383, 37.0891635], [129.1254524, 37.0894882], [129.1248735, 37.0895794], [129.1235221, 37.08955], [129.1225514, 37.0899511], [129.1229766, 37.0914166], [129.1221815, 37.0915619], [129.1209109, 37.0919048], [129.1202256, 37.0924781], [129.1199727, 37.0924031], [129.1193265, 37.092297], [129.1188797, 37.0923226], [129.1180733, 37.0927421], [129.117658, 37.0927622], [129.1161833, 37.0926194], [129.1156192, 37.092891], [129.1146613, 37.0923534], [129.1138151, 37.0924112], [129.1127101, 37.0924133], [129.1120027, 37.0924975], [129.111423, 37.0929207], [129.1107942, 37.0929312], [129.1105672, 37.0931629], [129.1093906, 37.0931592], [129.1087609, 37.0935907], [129.1077792, 37.0934974], [129.1073646, 37.0942651], [129.1077334, 37.0944007], [129.1070122, 37.0948133], [129.1064427, 37.0949743], [129.1060083, 37.0958189], [129.10498, 37.0969411], [129.1045756, 37.0977249], [129.1040231, 37.097908], [129.1033571, 37.0982502], [129.1030675, 37.0985611], [129.1025133, 37.0987075], [129.1023607, 37.0988975], [129.1018075, 37.0991939], [129.1011522, 37.0993722], [129.1004757, 37.0994775], [129.0994824, 37.0993457], [129.098724, 37.0990622], [129.098246, 37.0990075], [129.097749, 37.0999193], [129.0973215, 37.099811], [129.0967945, 37.0999986], [129.0962508, 37.1004147], [129.0957866, 37.1004011], [129.09566, 37.1003126], [129.094317, 37.0993129], [129.0923456, 37.0985605], [129.0912037, 37.0971542], [129.0904449, 37.0970625], [129.0884563, 37.0971516], [129.0873954, 37.097067], [129.084928, 37.0958029], [129.0838999, 37.0951332], [129.0837696, 37.0948019], [129.0825673, 37.0940164], [129.0807521, 37.093298], [129.0799271, 37.0934715], [129.0787771, 37.0929168], [129.078194, 37.0928617], [129.076858, 37.09292], [129.0756765, 37.0914798], [129.0749967, 37.0911387], [129.0741529, 37.0910217], [129.0728814, 37.0900535], [129.0725109, 37.0895475], [129.0715544, 37.0887734], [129.071319, 37.088583], [129.0703597, 37.0881983], [129.070264, 37.0875612], [129.0700149, 37.0873814], [129.0708685, 37.0850143], [129.0707944, 37.0838146], [129.0701992, 37.0837132], [129.069869, 37.0833693], [129.0685984, 37.0817552], [129.0670625, 37.0808371], [129.0656047, 37.0787522], [129.0658095, 37.07817], [129.0669188, 37.0771997], [129.0669076, 37.0766954], [129.0674179, 37.0761949], [129.0672024, 37.0747778], [129.067365, 37.0744537], [129.0662305, 37.0735456], [129.0656261, 37.0720533], [129.0652086, 37.0717523], [129.0651005, 37.0707705], [129.0646245, 37.0704111], [129.0639447, 37.0684404], [129.0639821, 37.0680701], [129.0628391, 37.0683112], [129.0621311, 37.0682692], [129.0606759, 37.0659569], [129.0596301, 37.0656603], [129.0593815, 37.065117], [129.0582386, 37.0651802], [129.0570774, 37.0649565], [129.0561194, 37.0652054], [129.0559607, 37.0656257], [129.0559297, 37.0658678], [129.0564169, 37.0675981], [129.0568002, 37.0680802], [129.0555459, 37.0689617], [129.0547296, 37.0693204], [129.0542017, 37.069898], [129.0532151, 37.0703683], [129.0526997, 37.0698989], [129.051674, 37.0690442], [129.0513317, 37.0690419], [129.0515333, 37.0688828], [129.051766, 37.0686121], [129.0521696, 37.0684785], [129.0524259, 37.0682255], [129.0523755, 37.0678941], [129.0513198, 37.067829], [129.0511255, 37.0680086], [129.0509146, 37.0679931], [129.0500212, 37.0683996], [129.0498075, 37.0688935], [129.0493723, 37.068999], [129.0483254, 37.0700863], [129.0471611, 37.0704175], [129.0462968, 37.0705315], [129.0455193, 37.0705221], [129.0452716, 37.0706908], [129.0437909, 37.0711028], [129.04188, 37.0710406], [129.0412844, 37.0719669], [129.0403534, 37.0724019], [129.0402405, 37.0727535], [129.0399721, 37.0730678], [129.0393707, 37.0739666], [129.0382775, 37.0742762], [129.0376723, 37.0745713], [129.0369897, 37.0747868], [129.0366896, 37.0761785], [129.0353005, 37.0756978], [129.0344415, 37.0756464], [129.0324078, 37.0749228], [129.0316789, 37.0755761], [129.0312867, 37.0759797], [129.0304363, 37.077032], [129.0295005, 37.0769737], [129.0287875, 37.077092], [129.0274201, 37.0774673], [129.0260181, 37.0777548], [129.0243494, 37.0783472], [129.0230754, 37.0781403], [129.0218789, 37.0768946], [129.0208541, 37.0765405], [129.0203823, 37.0765589], [129.0195253, 37.076955], [129.0186472, 37.0779747], [129.0173354, 37.0784621], [129.016933, 37.0787241], [129.0151728, 37.0795293], [129.0146058, 37.0792], [129.0138949, 37.0785487], [129.012712, 37.0785697], [129.0122545, 37.0783702], [129.0120143, 37.0783867], [129.0114545, 37.0785699], [129.0107888, 37.0784303], [129.0095811, 37.0785495], [129.0090773, 37.0787791], [129.0088708, 37.0789442], [129.0084632, 37.0790761], [129.0073139, 37.079091], [129.006789, 37.0793634], [129.0062368, 37.0793936], [129.0057188, 37.0795107], [129.0046962, 37.0795108], [129.0039068, 37.079623], [129.0036658, 37.0798779], [129.0032197, 37.0801121], [129.0006251, 37.0803645], [129.0003021, 37.0805788], [128.9994145, 37.080924], [128.9988012, 37.0814693], [128.9972656, 37.0817364], [128.9964352, 37.0812644], [128.9961342, 37.0814317], [128.9950713, 37.0816888], [128.9948242, 37.0817949], [128.9943366, 37.082068], [128.9923991, 37.0822467], [128.9923056, 37.0825146], [128.9921392, 37.0825056], [128.9920859, 37.082377], [128.9912427, 37.0825595], [128.9894032, 37.0838294], [128.9886136, 37.0843744], [128.9857045, 37.0843007], [128.9841738, 37.0846937], [128.9833964, 37.0846205], [128.9826582, 37.0841416], [128.9818931, 37.0829742], [128.9806523, 37.083058], [128.9794732, 37.0823614], [128.9777481, 37.0817061], [128.9775228, 37.0815423], [128.9767098, 37.0818056], [128.9755106, 37.0811437], [128.9742879, 37.0813676], [128.9737858, 37.0815443], [128.9718541, 37.0816516], [128.9712227, 37.0812316], [128.9709716, 37.0812383], [128.9709608, 37.0811343], [128.9708721, 37.081113], [128.9709577, 37.080591], [128.96997, 37.079807], [128.9685151, 37.0797177], [128.9668753, 37.0793296], [128.9662266, 37.0793381], [128.9659841, 37.0791766], [128.9655915, 37.0792267], [128.9647936, 37.0789139], [128.9639362, 37.0788059], [128.9637618, 37.0786641], [128.9628525, 37.0784198], [128.961361, 37.078304], [128.9610755, 37.0781454], [128.9610063, 37.077983], [128.9601325, 37.0778617], [128.9592741, 37.0775766], [128.958937, 37.0778567], [128.9588854, 37.0779961], [128.9584957, 37.0785034], [128.9578102, 37.0788472], [128.9574226, 37.0788446], [128.9572766, 37.0790159], [128.956308, 37.0793905], [128.955683, 37.0793003], [128.9548151, 37.0795883], [128.9547955, 37.079715], [128.9544398, 37.0801342], [128.9541554, 37.08054], [128.953923, 37.0806739], [128.953696, 37.0810138], [128.9533005, 37.0812549], [128.9530979, 37.0817667], [128.9530135, 37.0837388], [128.9534387, 37.0849587], [128.9533118, 37.0849845], [128.9523184, 37.0859187], [128.9511275, 37.0865345], [128.9506663, 37.0871474], [128.9506283, 37.0875433], [128.9502887, 37.0879802], [128.9502495, 37.0887126], [128.9495605, 37.0893627], [128.9495906, 37.0895649], [128.9493788, 37.0896771], [128.9489815, 37.0900564], [128.9486572, 37.0904992], [128.9479683, 37.0911141], [128.9474445, 37.091806], [128.9465638, 37.0924134], [128.9458129, 37.0928595], [128.9456994, 37.0938358], [128.945177, 37.0936656], [128.9442148, 37.0935856], [128.943738, 37.0933271], [128.9429386, 37.0933605], [128.9424408, 37.0932456], [128.9417163, 37.0932941], [128.9405518, 37.0933027], [128.939925, 37.0928262], [128.9393902, 37.0928862], [128.9378126, 37.0926808], [128.937447, 37.092263], [128.9368392, 37.0920066], [128.9364261, 37.092028], [128.9343557, 37.0918749], [128.9339849, 37.0916112], [128.9332005, 37.0917363], [128.9320869, 37.090869], [128.9310127, 37.0910264], [128.9294018, 37.0911852], [128.9286075, 37.0911537], [128.9275025, 37.0913177], [128.9266682, 37.0916247], [128.9263385, 37.091889], [128.9252284, 37.0917947], [128.9248774, 37.0918795], [128.9244988, 37.0918082], [128.9235408, 37.0921427], [128.9231979, 37.0921207], [128.9230735, 37.092068], [128.9219595, 37.0915952], [128.9216637, 37.0914879], [128.9212034, 37.0906257], [128.9209737, 37.0905354], [128.9200676, 37.0898504], [128.9197572, 37.0893715], [128.9193806, 37.0890555], [128.9186153, 37.0872761], [128.9179191, 37.0857826], [128.9174184, 37.0855336], [128.9161552, 37.08442], [128.9150113, 37.0836794], [128.9164088, 37.0821101], [128.9171465, 37.080077], [128.9168304, 37.0791218], [128.9168748, 37.0786078], [128.9162279, 37.078076], [128.9153022, 37.0774826], [128.9147662, 37.0769203], [128.9142165, 37.0759325], [128.9143389, 37.0749172], [128.9132072, 37.0730314], [128.9121825, 37.0719905], [128.9109146, 37.0711823], [128.9101885, 37.0702354], [128.9103678, 37.0696216], [128.9102974, 37.0683124], [128.9104163, 37.0661348], [128.9101219, 37.0659557], [128.9094418, 37.0657058], [128.9088757, 37.0653936], [128.9080462, 37.0653766], [128.9074434, 37.0650646], [128.9068565, 37.0648508], [128.906325, 37.0643259], [128.9059995, 37.0642517], [128.9055449, 37.0639727], [128.9050621, 37.062919], [128.9049713, 37.0623285], [128.9048605, 37.0620421], [128.9043618, 37.061706], [128.9034403, 37.0613086], [128.9031152, 37.0610393], [128.9019787, 37.060213], [128.9014141, 37.0597123], [128.900306, 37.0590617], [128.8992966, 37.058739], [128.8988979, 37.0584735], [128.8985397, 37.0581559], [128.8980742, 37.0576041], [128.8977668, 37.0565602], [128.8975571, 37.0563742], [128.8971962, 37.0555996], [128.8970206, 37.0553171], [128.8968024, 37.0550646], [128.8971141, 37.0542981], [128.897116, 37.0539022], [128.8969043, 37.0533097], [128.8969954, 37.0529217], [128.8970854, 37.0517296], [128.8970777, 37.0513613], [128.8969815, 37.0505654], [128.8976914, 37.0497477], [128.8973943, 37.0489038], [128.8974644, 37.0481867], [128.8974079, 37.0479648], [128.897566, 37.0471211], [128.8976141, 37.0464181], [128.897883, 37.0459668], [128.8976485, 37.0454605], [128.8971364, 37.0451174], [128.8964197, 37.0445155], [128.8953946, 37.0450341], [128.8947933, 37.0452511], [128.8944386, 37.0457082], [128.8942196, 37.0458902], [128.8939835, 37.045923], [128.8937444, 37.0461477], [128.8932546, 37.0467073], [128.8928371, 37.0474814], [128.8925554, 37.0474849], [128.8919636, 37.0476544], [128.8916766, 37.047695], [128.8909883, 37.0481973], [128.8904149, 37.0486991], [128.8892658, 37.0493914], [128.8891967, 37.0497534], [128.8887601, 37.049924], [128.8873409, 37.0503552], [128.8868806, 37.0502275], [128.886561, 37.0502534], [128.8851716, 37.0502443], [128.884807, 37.0507348], [128.8843087, 37.051183], [128.883451, 37.0512906], [128.8826079, 37.0516542], [128.8820087, 37.0517523], [128.8816799, 37.0519366], [128.8809697, 37.0518252], [128.8808402, 37.0519683], [128.8800873, 37.0524508], [128.8786596, 37.0531732], [128.8785439, 37.0532551], [128.8779028, 37.0518583], [128.8783517, 37.0508635], [128.8777819, 37.0502792], [128.8776359, 37.0496593], [128.8771206, 37.0490379], [128.8771231, 37.0487309], [128.8772497, 37.0478221], [128.8771907, 37.0476399], [128.8769515, 37.0472467], [128.8768419, 37.0460781], [128.8763628, 37.04562], [128.8756635, 37.0447459], [128.8743547, 37.0445456], [128.8734368, 37.0443392], [128.8732841, 37.0442033], [128.8724792, 37.0439453], [128.8713935, 37.0444212], [128.8703246, 37.0449538], [128.8697073, 37.0455526], [128.8694614, 37.0455976], [128.8689324, 37.0457747], [128.8684204, 37.0460521], [128.8673661, 37.0462073], [128.8671391, 37.0469131], [128.8666078, 37.0474273], [128.8659482, 37.0479427], [128.8654987, 37.0479931], [128.8650308, 37.04813], [128.8646273, 37.0480329], [128.8640491, 37.0483147], [128.8636539, 37.0486951], [128.863098, 37.0488307], [128.862558, 37.0489167], [128.8622084, 37.0488949], [128.8618903, 37.049007], [128.8616023, 37.0490019], [128.8612634, 37.0491247], [128.8605141, 37.0492505], [128.8600535, 37.0494294], [128.8596019, 37.0495504], [128.8589785, 37.0496574], [128.858134, 37.0492045], [128.8575166, 37.0492107], [128.8569851, 37.0489222], [128.8565156, 37.0491194], [128.8562093, 37.049349], [128.8553711, 37.0494941], [128.8553234, 37.0496262], [128.8534766, 37.0500578], [128.8527686, 37.0500644], [128.852515, 37.0503359], [128.8520366, 37.0503762], [128.8510811, 37.0501999], [128.850399, 37.0507282], [128.8488653, 37.0509619], [128.8482851, 37.0511336], [128.8480616, 37.0512809], [128.8481072, 37.0513132], [128.8480486, 37.0513503], [128.8475052, 37.0515745], [128.8468745, 37.0516066], [128.8461063, 37.0522817], [128.8460574, 37.0529252], [128.8445493, 37.0541683], [128.8439246, 37.0546227], [128.8437058, 37.0557471], [128.8440345, 37.0564786], [128.8440166, 37.0571689], [128.8438411, 37.0572308], [128.8420059, 37.0584106], [128.8416089, 37.0586349], [128.8409659, 37.0590585], [128.8406472, 37.0593565], [128.840669, 37.0604008], [128.8404045, 37.0608286], [128.8402879, 37.0612213], [128.8401091, 37.0613796], [128.839977, 37.0616711], [128.8390568, 37.0623906], [128.8384459, 37.0631271], [128.83811, 37.0633144], [128.8380704, 37.0634284], [128.8365706, 37.0650707], [128.8362379, 37.0656112], [128.8359524, 37.0659427], [128.8351193, 37.0662002], [128.8329624, 37.0673147], [128.8316657, 37.0674041], [128.8314179, 37.0681066], [128.8313259, 37.0687998], [128.8309308, 37.0701673], [128.8312632, 37.0741067], [128.8320816, 37.0750755], [128.829901, 37.0777216], [128.8293833, 37.0784591], [128.8284092, 37.0788978], [128.8276976, 37.0787228], [128.8266918, 37.0786816], [128.8263457, 37.0788305], [128.8258049, 37.0786986], [128.8243525, 37.0778518], [128.8236235, 37.0778754], [128.8230159, 37.0775696], [128.8211586, 37.0772296], [128.82081, 37.0774362], [128.8194278, 37.077031], [128.8176224, 37.0777699], [128.8159571, 37.078033], [128.8153098, 37.0780044], [128.8143706, 37.0784657], [128.8125693, 37.0787118], [128.8123256, 37.0786797], [128.8114089, 37.0781346], [128.8105201, 37.0777922], [128.8098656, 37.0772096], [128.8089765, 37.076712], [128.8080032, 37.0757568], [128.8078709, 37.0760046], [128.8069501, 37.076547], [128.806106, 37.0768838], [128.8056551, 37.0772104], [128.8052146, 37.077131], [128.8038125, 37.0779416], [128.8021854, 37.0777123], [128.8011076, 37.0782936], [128.8007696, 37.0783225], [128.7999653, 37.0789749], [128.8004797, 37.0800258], [128.8001134, 37.0812756], [128.8006652, 37.0820591], [128.801526, 37.084354], [128.8010925, 37.0856003], [128.7994231, 37.0869443], [128.7973653, 37.087159], [128.7950562, 37.0871722], [128.792574, 37.0873098], [128.7918783, 37.087542], [128.7913839, 37.0873236], [128.7907702, 37.0876159], [128.7877506, 37.0877263], [128.7871386, 37.0877641], [128.7867264, 37.0878216], [128.786346, 37.0878138], [128.7858061, 37.0878535], [128.7851807, 37.0885108], [128.7847615, 37.088789], [128.7844479, 37.0895315], [128.7840417, 37.0898154], [128.783203, 37.0909476], [128.7826909, 37.0914408], [128.7823818, 37.091506], [128.7816217, 37.0917715], [128.7812776, 37.0922698], [128.7806455, 37.092352], [128.780282, 37.0923427], [128.7800595, 37.0921211], [128.7798486, 37.0918439], [128.7787179, 37.0914512], [128.7782401, 37.0908166], [128.7780198, 37.0906238], [128.7776655, 37.0903682], [128.7764332, 37.0897755], [128.7764873, 37.0894244], [128.7766825, 37.0887888], [128.776239, 37.0886021], [128.7757837, 37.0882708], [128.775086, 37.08803], [128.7746633, 37.0878109], [128.7743969, 37.08782], [128.7735911, 37.0875081], [128.7739037, 37.0872131], [128.7741275, 37.0867802], [128.774932, 37.0859608], [128.7754495, 37.0857417], [128.7757672, 37.0852604], [128.7761796, 37.0848465], [128.7765712, 37.0843755], [128.7770021, 37.0840074], [128.7771047, 37.0837816], [128.7772353, 37.0836882], [128.777436, 37.0836335], [128.7776978, 37.0833751], [128.77784, 37.0832803], [128.7776887, 37.0827315], [128.7777739, 37.0813039], [128.7777539, 37.0803695], [128.777722, 37.0802509], [128.7778033, 37.0798993], [128.777807, 37.0797052], [128.7779675, 37.079294], [128.777928, 37.0789348], [128.7778824, 37.0788743], [128.777773, 37.078832], [128.7775796, 37.0788159], [128.776989, 37.0788485], [128.7754134, 37.0786531], [128.775018, 37.0781016], [128.7742315, 37.0773468], [128.7720523, 37.0765257], [128.7720238, 37.0765239], [128.7720168, 37.0765829], [128.7717341, 37.076522], [128.7713401, 37.0763493], [128.7711929, 37.0761639], [128.7709877, 37.0756322], [128.7706862, 37.0754091], [128.7704613, 37.0753076], [128.7700814, 37.0752336], [128.7700308, 37.0744854], [128.7698196, 37.0739629], [128.7694469, 37.0734036], [128.7692664, 37.0732344], [128.7688249, 37.0729635], [128.7685756, 37.0727062], [128.7684834, 37.0720277], [128.768515, 37.0718384], [128.7688272, 37.0710424], [128.7688266, 37.0707709], [128.768747, 37.0703877], [128.7684093, 37.0696052], [128.7683906, 37.0692486], [128.7685024, 37.0692371], [128.7685612, 37.0684097], [128.7683873, 37.0678097], [128.767807, 37.0672361], [128.7674142, 37.0668964], [128.7673611, 37.0669287], [128.7672262, 37.0668016], [128.7671824, 37.0661904], [128.7670803, 37.0659744], [128.7668726, 37.0657343], [128.7665215, 37.0654936], [128.7655902, 37.0642805], [128.7653558, 37.0640345], [128.7651349, 37.0639163], [128.7647519, 37.0635482], [128.7640639, 37.0639864], [128.7622973, 37.0654852], [128.7616655, 37.0658732], [128.7606423, 37.0664407], [128.7601511, 37.0667572], [128.7596775, 37.0671836], [128.759492, 37.0674003], [128.7588574, 37.0684965], [128.7580789, 37.0690809], [128.758148, 37.0697239], [128.7580095, 37.0698263], [128.7575096, 37.0700125], [128.7571784, 37.0700052], [128.7570352, 37.0691658], [128.7565518, 37.0686318], [128.756426, 37.0682921], [128.7563615, 37.067823], [128.7565748, 37.0675111], [128.756619, 37.0672192], [128.7565672, 37.0670779], [128.7563597, 37.0669278], [128.7558532, 37.0666718], [128.7553284, 37.0663089], [128.7552602, 37.0662181], [128.7552659, 37.0659784], [128.7553102, 37.0658702], [128.7557186, 37.0656392], [128.7558133, 37.0654719], [128.7558477, 37.0652341], [128.755815, 37.0649744], [128.7556866, 37.0648242], [128.7552515, 37.0644536], [128.7551649, 37.0641325], [128.7551543, 37.0638238], [128.7549738, 37.0635189], [128.754696, 37.0632439], [128.7547502, 37.0627938], [128.7544859, 37.0622439], [128.7541066, 37.0620074], [128.7540581, 37.0619424], [128.7541658, 37.0615975], [128.7546936, 37.0611384], [128.7545503, 37.0597458], [128.7539788, 37.0592697], [128.7535473, 37.0585911], [128.753171, 37.0581088], [128.7525846, 37.0578609], [128.7523449, 37.0569639], [128.7523663, 37.0561753], [128.7523199, 37.0559344], [128.7524306, 37.0555214], [128.7526124, 37.0551618], [128.7527591, 37.0546481], [128.7530169, 37.0543892], [128.7529318, 37.0539715], [128.753021, 37.0537179], [128.7531351, 37.0536108], [128.753478, 37.0534473], [128.7541488, 37.0529898], [128.7542715, 37.0529702], [128.7546399, 37.0527947], [128.7546983, 37.0526316], [128.7544756, 37.0523827], [128.754716, 37.0512511], [128.7550105, 37.0509073], [128.7551931, 37.0501646], [128.7562764, 37.0494476], [128.7566413, 37.0490935], [128.7568593, 37.0481837], [128.757251, 37.0475767], [128.759102, 37.0470013], [128.7595465, 37.0464304], [128.7600125, 37.04549], [128.7605227, 37.0454449], [128.7606774, 37.0453718], [128.7606067, 37.0450546], [128.7614201, 37.0444389], [128.7616667, 37.0438583], [128.76177, 37.0432266], [128.7616837, 37.0426925], [128.7619057, 37.0422437], [128.7621954, 37.041792], [128.7618656, 37.0402127], [128.7625443, 37.0378566], [128.762148, 37.0368534], [128.7621756, 37.0361554], [128.7609133, 37.0360289], [128.7597843, 37.035616], [128.7588528, 37.0350963], [128.7577638, 37.0344391], [128.7571001, 37.0339423], [128.7567547, 37.0334577], [128.7562808, 37.0330913], [128.7556966, 37.0328091], [128.7545499, 37.0319627], [128.7541893, 37.0311887], [128.7541387, 37.0295283], [128.7540192, 37.0287885], [128.7537725, 37.0282095], [128.7537647, 37.0278325], [128.7527978, 37.0282063], [128.7518718, 37.0281787], [128.7509756, 37.0281018], [128.7503967, 37.0283113], [128.7502296, 37.0285084], [128.7497272, 37.0288969], [128.7490787, 37.0288629], [128.7488894, 37.0292483], [128.7485678, 37.0295575], [128.748253, 37.0296122], [128.7477507, 37.0299953], [128.7471421, 37.0305641], [128.746502, 37.0313188], [128.745866, 37.0317665], [128.7455284, 37.032226], [128.7452069, 37.0323765], [128.7449781, 37.0330262], [128.7445097, 37.0334415], [128.7438117, 37.0337388], [128.7431124, 37.0339167], [128.7432186, 37.0344873], [128.7424916, 37.0349303], [128.7415486, 37.0357274], [128.7405719, 37.0367002], [128.7401759, 37.0369752], [128.7395333, 37.0371363], [128.7389361, 37.0379123], [128.7381904, 37.0379733], [128.737313, 37.0386277], [128.7367677, 37.0389839], [128.7358278, 37.0397539], [128.7346181, 37.0402278], [128.7337811, 37.0402967], [128.7331109, 37.0405209], [128.7327128, 37.0404939], [128.7320036, 37.0403831], [128.7311761, 37.0408493], [128.7308212, 37.0408303], [128.7301182, 37.0411286], [128.7290752, 37.0409847], [128.728517, 37.0411289], [128.7277045, 37.0410242], [128.7274559, 37.0410269], [128.7270401, 37.0414152], [128.7266322, 37.041919], [128.7258821, 37.0423519], [128.7251149, 37.0423339], [128.7239621, 37.0424167], [128.722945, 37.0425268], [128.7222523, 37.0424977], [128.7210399, 37.0430945], [128.7201254, 37.0434273], [128.7186686, 37.0437514], [128.7172626, 37.0432792], [128.7166446, 37.0433688], [128.7153167, 37.0429664], [128.715014, 37.042789], [128.7142191, 37.0426693], [128.7135712, 37.04265], [128.7132289, 37.0427055], [128.7127497, 37.0426525], [128.7123663, 37.0422025], [128.7119289, 37.0421082]]], [[[130.9179186, 37.5139583], [130.9078764, 37.5272841], [130.9186589, 37.541977], [130.902924, 37.5491021], [130.8020418, 37.5189451], [130.7929183, 37.5230924], [130.8101099, 37.4747885], [130.8749336, 37.4534904], [130.8866523, 37.4611904], [130.8761935, 37.4594919], [130.8838921, 37.4702841], [130.9202522, 37.4855375], [130.9135305, 37.486691], [130.9141669, 37.4916747], [130.9136438, 37.4967247], [130.9106947, 37.4921493], [130.9179186, 37.5139583]]], [[[130.9381328, 37.5255546], [130.9403174, 37.5309161], [130.9354502, 37.5290893], [130.9381328, 37.5255546]]]]}, "properties": {"country": "KR", "sources": [{"property": "", "dataset": "OpenStreetMap", "license": "ODbL-1.0", "record_id": "r2304454@145", "update_time": "2026-07-02T10:49:13Z", "confidence": null, "between": null, "provider": "osm", "resource": "planet", "version": "2026-07-23T00:00:00Z"}, {"property": "/properties/names/common/hu", "dataset": "OpenStreetMap", "license": "ODbL-1.0", "record_id": "n1897951352@34", "update_time": "2026-01-08T11:17:08Z", "confidence": null, "between": null, "provider": "osm", "resource": "planet", "version": "2026-07-23T00:00:00Z"}, {"property": "/properties/names/rules/25", "dataset": "OpenStreetMap", "license": "ODbL-1.0", "record_id": "n1897951352@34", "update_time": "2026-01-08T11:17:08Z", "confidence": null, "between": null, "provider": "osm", "resource": "planet", "version": "2026-07-23T00:00:00Z"}, {"property": "/properties/names/rules/26", "dataset": "OpenStreetMap", "license": "ODbL-1.0", "record_id": "n1897951352@34", "update_time": "2026-01-08T11:17:08Z", "confidence": null, "between": null, "provider": "osm", "resource": "planet", "version": "2026-07-23T00:00:00Z"}, {"property": "/properties/names/common/bs", "dataset": "Esri Community Maps", "license": "CC0-1.0", "record_id": "R2304454", "update_time": null, "confidence": null, "between": null, "provider": null, "resource": null, "version": null}, {"property": "/properties/names/common/hr", "dataset": "Esri Community Maps", "license": "CC0-1.0", "record_id": "R2304454", "update_time": null, "confidence": null, "between": null, "provider": null, "resource": null, "version": null}, {"property": "/properties/names/common/ar", "dataset": "Esri Community Maps", "license": "CC0-1.0", "record_id": "R2304454", "update_time": null, "confidence": null, "between": null, "provider": null, "resource": null, "version": null}, {"property": "/properties/names/common/lv", "dataset": "Esri Community Maps", "license": "CC0-1.0", "record_id": "R2304454", "update_time": null, "confidence": null, "between": null, "provider": null, "resource": null, "version": null}, {"property": "/properties/names/common/pt-PT", "dataset": "Esri Community Maps", "license": "CC0-1.0", "record_id": "R2304454", "update_time": null, "confidence": null, "between": null, "provider": null, "resource": null, "version": null}, {"property": "/properties/names/common/pt-BR", "dataset": "Esri Community Maps", "license": "CC0-1.0", "record_id": "R2304454", "update_time": null, "confidence": null, "between": null, "provider": null, "resource": null, "version": null}, {"property": "/properties/names/common/sr-Latn", "dataset": "Esri Community Maps", "license": "CC0-1.0", "record_id": "R2304454", "update_time": null, "confidence": null, "between": null, "provider": null, "resource": null, "version": null}, {"property": "/properties/names/common/he", "dataset": "Esri Community Maps", "license": "CC0-1.0", "record_id": "R2304454", "update_time": null, "confidence": null, "between": null, "provider": null, "resource": null, "version": null}, {"property": "/properties/names/common/sk", "dataset": "Esri Community Maps", "license": "CC0-1.0", "record_id": "R2304454", "update_time": null, "confidence": null, "between": null, "provider": null, "resource": null, "version": null}, {"property": "/properties/names/common/sl", "dataset": "Esri Community Maps", "license": "CC0-1.0", "record_id": "R2304454", "update_time": null, "confidence": null, "between": null, "provider": null, "resource": null, "version": null}, {"property": "/properties/names/rules/27", "dataset": "Esri Community Maps", "license": "CC0-1.0", "record_id": "R2304454", "update_time": null, "confidence": null, "between": null, "provider": null, "resource": null, "version": null}, {"property": "/properties/names/rules/28", "dataset": "Esri Community Maps", "license": "CC0-1.0", "record_id": "R2304454", "update_time": null, "confidence": null, "between": null, "provider": null, "resource": null, "version": null}, {"property": "/properties/names/rules/29", "dataset": "Esri Community Maps", "license": "CC0-1.0", "record_id": "R2304454", "update_time": null, "confidence": null, "between": null, "provider": null, "resource": null, "version": null}, {"property": "/properties/names/rules/30", "dataset": "Esri Community Maps", "license": "CC0-1.0", "record_id": "R2304454", "update_time": null, "confidence": null, "between": null, "provider": null, "resource": null, "version": null}, {"property": "/properties/names/rules/31", "dataset": "Esri Community Maps", "license": "CC0-1.0", "record_id": "R2304454", "update_time": null, "confidence": null, "between": null, "provider": null, "resource": null, "version": null}, {"property": "/properties/names/rules/32", "dataset": "Esri Community Maps", "license": "CC0-1.0", "record_id": "R2304454", "update_time": null, "confidence": null, "between": null, "provider": null, "resource": null, "version": null}, {"property": "/properties/names/rules/33", "dataset": "Esri Community Maps", "license": "CC0-1.0", "record_id": "R2304454", "update_time": null, "confidence": null, "between": null, "provider": null, "resource": null, "version": null}, {"property": "/properties/names/rules/34", "dataset": "Esri Community Maps", "license": "CC0-1.0", "record_id": "R2304454", "update_time": null, "confidence": null, "between": null, "provider": null, "resource": null, "version": null}, {"property": "/properties/names/rules/35", "dataset": "Esri Community Maps", "license": "CC0-1.0", "record_id": "R2304454", "update_time": null, "confidence": null, "between": null, "provider": null, "resource": null, "version": null}, {"property": "/properties/names/rules/36", "dataset": "Esri Community Maps", "license": "CC0-1.0", "record_id": "R2304454", "update_time": null, "confidence": null, "between": null, "provider": null, "resource": null, "version": null}, {"property": "/properties/names/rules/37", "dataset": "Esri Community Maps", "license": "CC0-1.0", "record_id": "R2304454", "update_time": null, "confidence": null, "between": null, "provider": null, "resource": null, "version": null}, {"property": "/properties/names/rules/38", "dataset": "Esri Community Maps", "license": "CC0-1.0", "record_id": "R2304454", "update_time": null, "confidence": null, "between": null, "provider": null, "resource": null, "version": null}, {"property": "/properties/names/rules/39", "dataset": "Esri Community Maps", "license": "CC0-1.0", "record_id": "R2304454", "update_time": null, "confidence": null, "between": null, "provider": null, "resource": null, "version": null}], "subtype": "region", "admin_level": 1, "class": "land", "names": {"primary": "경상북도", "common": [["bs", "Sjeverni Gyeongsang"], ["hr", "Sjeverni Gyeongsang"], ["ar", "شمال كيونغسانغ"], ["fr", "Gyeongsang du Nord"], ["lv", "Ziemeļkjonsana"], ["uk", "Північна провінція Кьонсан"], ["pt-PT", "Gyeongsang do Norte"], ["pt", "Gyeongsang do Norte"], ["cs", "Severní Kjongsang"], ["el", "Γκιόνγκσανγκμπουκ-ντο"], ["it", "Nord Gyeongsang"], ["ca", "Gyeongsangbuk-do"], ["pt-BR", "Gyeongsang do Norte"], ["ko-Kana", "キョンサンブクト"], ["vi", "Gyeongsang Bắc"], ["nl", "Gyeongsangbuk-do"], ["zh-Hans", "庆尚北道"], ["bg", "Кьонсан-Пукто"], ["ko", "경상북도"], ["et", "Põhja-Gyeongsangi provints"], ["de", "Gyeongsangbuk-do"], ["ru", "Кёнсан-Пукто"], ["th", "จังหวัดคย็องซังเหนือ"], ["id", "Gyeongsang Utara"], ["sr-Latn", "Severni Gjeongsang"], ["sv", "Nordgyeongsang"], ["tr", "Eyaleti North Gyeongsang"], ["da", "North Gyeongsang-provinsen"], ["zh-Hant", "慶尚北道"], ["en", "North Gyeongsang"], ["he", "צפון גיאונגסאנג"], ["sk", "Severný Gyeongsang"], ["es", "Gyeongsang del Norte"], ["sw", "Gyeongsangbuk-do"], ["ja", "慶尚北道"], ["ko-Hani", "慶尙北道"], ["fi", "Pohjois-Gyeongsang"], ["ro", "Gyeongsangbuk-do"], ["lt", "Šiaurės Kiongsango provincija"], ["no", "Nord-Gyeongsang"], ["sl", "Severni Gyeongsang"], ["fa", "جئونسانگبوک-دو"], ["zh", "庆尚北道"], ["ms", "Gyeongsang Utara"], ["hu", "Észak-Cshungcshong"], ["pl", "Gyeongsang Północny"]], "rules": [{"variant": "short", "language": "ko-Latn", "perspectives": null, "value": "Gyeongbuk", "between": null, "side": null}, {"variant": "official", "language": "en", "perspectives": null, "value": "Gyeongsangbuk-do", "between": null, "side": null}, {"variant": "short", "language": "ko-Hani", "perspectives": null, "value": "慶北", "between": null, "side": null}, {"variant": "short", "language": "en", "perspectives": null, "value": "Gyeongbuk", "between": null, "side": null}, {"variant": "alternate", "language": "en", "perspectives": null, "value": "North Gyeongsang Province", "between": null, "side": null}, {"variant": "alternate", "language": "ko-Hani", "perspectives": null, "value": "慶北道", "between": null, "side": null}, {"variant": "alternate", "language": "ko", "perspectives": null, "value": "경북도", "between": null, "side": null}, {"variant": "short", "language": "ko", "perspectives": null, "value": "경북", "between": null, "side": null}, {"variant": "short", "language": null, "perspectives": null, "value": "경북", "between": null, "side": null}, {"variant": "short", "language": "zh", "perspectives": null, "value": "慶北", "between": null, "side": null}, {"variant": "alternate", "language": "ko-Latn", "perspectives": null, "value": "Gyeongbuk-do", "between": null, "side": null}, {"variant": "alternate", "language": "es", "perspectives": null, "value": "Provincia North Gyeongsang", "between": null, "side": null}, {"variant": "alternate", "language": "pt", "perspectives": null, "value": "Província North Gyeongsang", "between": null, "side": null}, {"variant": "alternate", "language": "it", "perspectives": null, "value": "Provincia North Gyeongsang", "between": null, "side": null}, {"variant": "alternate", "language": "fr", "perspectives": null, "value": "Province North Gyeongsang", "between": null, "side": null}, {"variant": "alternate", "language": "de", "perspectives": null, "value": "Provinz North Gyeongsang", "between": null, "side": null}, {"variant": "alternate", "language": "nl", "perspectives": null, "value": "Provincie van North Gyeongsang", "between": null, "side": null}, {"variant": "alternate", "language": "sv", "perspectives": null, "value": "North Gyeongsang-provinsen", "between": null, "side": null}, {"variant": "alternate", "language": "no", "perspectives": null, "value": "North Gyeongsang-provinsen", "between": null, "side": null}, {"variant": "alternate", "language": "pl", "perspectives": null, "value": "Prowincja North Gyeongsang", "between": null, "side": null}, {"variant": "alternate", "language": "cs", "perspectives": null, "value": "Provincie North Gyeongsang", "between": null, "side": null}, {"variant": "alternate", "language": "ro", "perspectives": null, "value": "Provincia North Gyeongsang", "between": null, "side": null}, {"variant": "alternate", "language": "ms", "perspectives": null, "value": "Provinsi North Gyeongsang", "between": null, "side": null}, {"variant": "alternate", "language": "id", "perspectives": null, "value": "Provinsi North Gyeongsang", "between": null, "side": null}, {"variant": "alternate", "language": "en", "perspectives": null, "value": "North Gyeonsang", "between": null, "side": null}, {"variant": "alternate", "language": "fa", "perspectives": null, "value": "گیونگ‌سانگ شمالی", "between": null, "side": null}, {"variant": "alternate", "language": "el", "perspectives": null, "value": "Βόρειο Γκιονσάνγκ", "between": null, "side": null}, {"variant": "alternate", "language": "ca", "perspectives": null, "value": "Gyeongsang del Nord", "between": null, "side": null}, {"variant": "alternate", "language": "vi", "perspectives": null, "value": "Bắc Gyeongsang", "between": null, "side": null}, {"variant": "alternate", "language": "nl", "perspectives": null, "value": "Noord Gyeongsang", "between": null, "side": null}, {"variant": "alternate", "language": "bg", "perspectives": null, "value": "Северен Кьонсан", "between": null, "side": null}, {"variant": "alternate", "language": "et", "perspectives": null, "value": "Põhja-Gyeongsang", "between": null, "side": null}, {"variant": "alternate", "language": "th", "perspectives": null, "value": "กียองแซงเหนือ", "between": null, "side": null}, {"variant": "alternate", "language": "sv", "perspectives": null, "value": "Norra Gyeongsang", "between": null, "side": null}, {"variant": "alternate", "language": "tr", "perspectives": null, "value": "Kuzey Gyeongsang", "between": null, "side": null}, {"variant": "alternate", "language": "da", "perspectives": null, "value": "Nordgyeongsang", "between": null, "side": null}, {"variant": "alternate", "language": "ro", "perspectives": null, "value": "Gyeongsang de Nord", "between": null, "side": null}, {"variant": "alternate", "language": "lt", "perspectives": null, "value": "Šiaurės Kiongsangas", "between": null, "side": null}, {"variant": "alternate", "language": "hu", "perspectives": null, "value": "Észak-Gyeongsang", "between": null, "side": null}]}, "is_land": true, "is_territorial": false, "region": "KR-47", "division_id": "9bf52cd2-c413-4fe0-b3bd-50ba657b0b11", "version": 9}}]}