objectid,SHAPE__Area,SHAPE__Length,fldn_area,fldn_bgng_tm,fldn_bgng_ymd,fldn_cs_dtl_nm,fldn_dowa,fldn_dst_nm,fldn_end_tm,fldn_end_ymd,fldn_grade,fldn_yr,sn,stdg_ctpv_cd,stdg_sgg_cd
1,14144.746051215,712.9086269599154,111757,1600,20020831,"농경지 침수 및 농작물 피해, 하우스 파손",1.64,2002년도 제 15호태풍 루사 집중호우,0000,20020901,4,2002,261,47,47130
2,1289.913095285,199.67660606492103,111757,1600,20020831,"농경지 침수 및 농작물 피해, 하우스 파손",0.85,2002년도 제 15호태풍 루사 집중호우,0000,20020901,2,2002,304,47,47130
3,68158.575350865,1071.2693209577767,591725,1600,20020831,"농경지 침수 및 농작물 피해, 하우스 파손",2.13,2002년도 제 15호태풍 루사 집중호우,0000,20020901,5,2002,101,47,47130
4,12251.699377725,445.4178667202156,591725,1600,20020831,"농경지 침수 및 농작물 피해, 하우스 파손",1.77,2002년도 제 15호태풍 루사 집중호우,0000,20020901,4,2002,288,47,47130
5,1001.44533882,138.8910828740765,111757,1600,20020831,"농경지 침수 및 농작물 피해, 하우스 파손",0.85,2002년도 제 15호태풍 루사 집중호우,0000,20020901,2,2002,300,47,47130
6,1350.500536675,260.88201258168544,140736,1600,20020831,"농경지 침수 및 농작물 피해, 하우스 파손",0.75,2002년도 제 15호태풍 루사 집중호우,0000,20020901,2,2002,154,47,47130
7,8538.2348069,497.6848707986785,111757,1600,20020831,"농경지 침수 및 농작물 피해, 하우스 파손",1.26,2002년도 제 15호태풍 루사 집중호우,0000,20020901,3,2002,196,47,47130
8,4909.16863509,316.2980353870679,140736,1600,20020831,"농경지 침수 및 농작물 피해, 하우스 파손",0.21,2002년도 제 15호태풍 루사 집중호우,0000,20020901,1,2002,252,47,47130
9,36418.417177975,835.4046235550018,541340,1600,20020831,"농경지 침수 및 농작물 피해, 하우스 파손",2.15,2002년도 제 15호태풍 루사 집중호우,0000,20020901,5,2002,24,47,47130
10,7981.87494171,411.49087348635624,591725,1600,20020831,"농경지 침수 및 농작물 피해, 하우스 파손",2.88,2002년도 제 15호태풍 루사 집중호우,0000,20020901,5,2002,233,47,47130
11,1232.879562405,195.92369583355955,591725,1600,20020831,"농경지 침수 및 농작물 피해, 하우스 파손",0.95,2002년도 제 15호태풍 루사 집중호우,0000,20020901,2,2002,280,47,47130
12,6205.57881123,328.6469551501441,47274,1600,20020831,"농경지 침수 및 농작물 피해, 하우스 파손",2.11,2002년도 제 15호태풍 루사 집중호우,0000,20020901,5,2002,303,47,47130
13,3853.8126929,312.9098668529596,421755,1600,20020831,"농경지 침수 및 농작물 피해, 하우스 파손",1.75,2002년도 제 15호태풍 루사 집중호우,0000,20020901,4,2002,248,47,47130
14,29577.461597415,749.6835880429546,541340,1600,20020831,"농경지 침수 및 농작물 피해, 하우스 파손",1.24,2002년도 제 15호태풍 루사 집중호우,0000,20020901,3,2002,65,47,47130
15,446.377521815,84.07789137981847,591725,1600,20020831,"농경지 침수 및 농작물 피해, 하우스 파손",1.28,2002년도 제 15호태풍 루사 집중호우,0000,20020901,3,2002,205,47,47130
16,7025.12523329,344.36697237184507,591725,1600,20020831,"농경지 침수 및 농작물 피해, 하우스 파손",0.18,2002년도 제 15호태풍 루사 집중호우,0000,20020901,1,2002,53,47,47130
17,14497.36927297,509.3697297906925,140736,1600,20020831,"농경지 침수 및 농작물 피해, 하우스 파손",0.75,2002년도 제 15호태풍 루사 집중호우,0000,20020901,2,2002,193,47,47130
18,4699.528948325,328.09063006730804,421755,1600,20020831,"농경지 침수 및 농작물 피해, 하우스 파손",0.86,2002년도 제 15호태풍 루사 집중호우,0000,20020901,2,2002,138,47,47130
19,6094.930385455,345.5656886762956,140736,1600,20020831,"농경지 침수 및 농작물 피해, 하우스 파손",0.21,2002년도 제 15호태풍 루사 집중호우,0000,20020901,1,2002,62,47,47130
20,19303.27811599,569.121760071557,140736,1600,20020831,"농경지 침수 및 농작물 피해, 하우스 파손",0.21,2002년도 제 15호태풍 루사 집중호우,0000,20020901,1,2002,197,47,47130
21,33852.538715725,774.3046512250157,421755,1600,20020831,"농경지 침수 및 농작물 피해, 하우스 파손",1.28,2002년도 제 15호태풍 루사 집중호우,0000,20020901,3,2002,202,47,47130
22,12692.83291275,537.3802430851861,421755,1600,20020831,"농경지 침수 및 농작물 피해, 하우스 파손",1.75,2002년도 제 15호태풍 루사 집중호우,0000,20020901,4,2002,99,47,47130
23,14768.9929744,531.5630062311475,591725,1600,20020831,"농경지 침수 및 농작물 피해, 하우스 파손",2.88,2002년도 제 15호태풍 루사 집중호우,0000,20020901,5,2002,128,47,47130
24,3632.052624985,257.6009101023815,111757,1600,20020831,"농경지 침수 및 농작물 피해, 하우스 파손",1.26,2002년도 제 15호태풍 루사 집중호우,0000,20020901,3,2002,133,47,47130
25,4768.980120985,317.91241708069106,111757,1600,20020831,"농경지 침수 및 농작물 피해, 하우스 파손",0.28,2002년도 제 15호태풍 루사 집중호우,0000,20020901,1,2002,273,47,47130
26,7739.97110788,372.6677695872156,140736,1600,20020831,"농경지 침수 및 농작물 피해, 하우스 파손",0.21,2002년도 제 15호태풍 루사 집중호우,0000,20020901,1,2002,244,47,47130
27,2854.2849202,260.2135514688408,591725,1600,20020831,"농경지 침수 및 농작물 피해, 하우스 파손",1.21,2002년도 제 15호태풍 루사 집중호우,0000,20020901,3,2002,181,47,47130
28,25452.932234055,738.7759401447274,591725,1600,20020831,"농경지 침수 및 농작물 피해, 하우스 파손",1.28,2002년도 제 15호태풍 루사 집중호우,0000,20020901,3,2002,134,47,47130
29,2455.586977755,215.59552384046827,111757,1600,20020831,"농경지 침수 및 농작물 피해, 하우스 파손",1.26,2002년도 제 15호태풍 루사 집중호우,0000,20020901,3,2002,103,47,47130
30,3830.914196095,257.5863723271753,541340,1600,20020831,"농경지 침수 및 농작물 피해, 하우스 파손",0.2,2002년도 제 15호태풍 루사 집중호우,0000,20020901,1,2002,159,47,47130
31,407.334215345,80.42275035875042,591725,1600,20020831,"농경지 침수 및 농작물 피해, 하우스 파손",0.18,2002년도 제 15호태풍 루사 집중호우,0000,20020901,1,2002,287,47,47130
32,1052.26901674,216.82051930026273,591725,1600,20020831,"농경지 침수 및 농작물 피해, 하우스 파손",0.95,2002년도 제 15호태풍 루사 집중호우,0000,20020901,2,2002,222,47,47130
33,12980.842738355,552.3994810879852,541340,1600,20020831,"농경지 침수 및 농작물 피해, 하우스 파손",1.24,2002년도 제 15호태풍 루사 집중호우,0000,20020901,3,2002,257,47,47130
34,7401.38034105,382.3217031553857,421755,1600,20020831,"농경지 침수 및 농작물 피해, 하우스 파손",1.75,2002년도 제 15호태풍 루사 집중호우,0000,20020901,4,2002,266,47,47130
35,5394.76467659,324.9182577344031,140736,1600,20020831,"농경지 침수 및 농작물 피해, 하우스 파손",1.14,2002년도 제 15호태풍 루사 집중호우,0000,20020901,3,2002,267,47,47130
36,3323.41329188,386.22041100148056,421755,1600,20020831,"농경지 침수 및 농작물 피해, 하우스 파손",1.28,2002년도 제 15호태풍 루사 집중호우,0000,20020901,3,2002,49,47,47130
37,17186.985539395,543.1363914757264,591725,1600,20020831,"농경지 침수 및 농작물 피해, 하우스 파손",2.88,2002년도 제 15호태풍 루사 집중호우,0000,20020901,5,2002,150,47,47130
38,10480.246007165,440.26106358510145,421755,1600,20020831,"농경지 침수 및 농작물 피해, 하우스 파손",1.75,2002년도 제 15호태풍 루사 집중호우,0000,20020901,4,2002,269,47,47130
39,10250.794078795,454.6026943090043,591725,1600,20020831,"농경지 침수 및 농작물 피해, 하우스 파손",2.13,2002년도 제 15호태풍 루사 집중호우,0000,20020901,5,2002,216,47,47130
40,4161.355606465,385.4730505061574,111757,1600,20020831,"농경지 침수 및 농작물 피해, 하우스 파손",1.26,2002년도 제 15호태풍 루사 집중호우,0000,20020901,3,2002,165,47,47130
41,22470.315125795,637.47434065485,541340,1600,20020831,"농경지 침수 및 농작물 피해, 하우스 파손",1.84,2002년도 제 15호태풍 루사 집중호우,0000,20020901,4,2002,5,47,47130
42,3881.176441775,328.13470924817915,275165,1600,20020831,"농경지 침수 및 농작물 피해, 하우스 파손",0.32,2002년도 제 15호태풍 루사 집중호우,0000,20020901,1,2002,58,47,47130
43,341.0872028,77.48748933964814,591725,1600,20020831,"농경지 침수 및 농작물 피해, 하우스 파손",0.95,2002년도 제 15호태풍 루사 집중호우,0000,20020901,2,2002,238,47,47130
44,17654.748716575,684.8183801873015,591725,1600,20020831,"농경지 침수 및 농작물 피해, 하우스 파손",0.95,2002년도 제 15호태풍 루사 집중호우,0000,20020901,2,2002,90,47,47130
45,4233.84857231,297.9797141768568,591725,1600,20020831,"농경지 침수 및 농작물 피해, 하우스 파손",0.95,2002년도 제 15호태풍 루사 집중호우,0000,20020901,2,2002,256,47,47130
46,3022.224730675,296.49082847202436,541340,1600,20020831,"농경지 침수 및 농작물 피해, 하우스 파손",1.84,2002년도 제 15호태풍 루사 집중호우,0000,20020901,4,2002,109,47,47130
47,1417.934236705,189.39440990219907,421755,1600,20020831,"농경지 침수 및 농작물 피해, 하우스 파손",0.31,2002년도 제 15호태풍 루사 집중호우,0000,20020901,1,2002,289,47,47130
48,16905.851747885,670.5889828602116,591725,1600,20020831,"농경지 침수 및 농작물 피해, 하우스 파손",1.21,2002년도 제 15호태풍 루사 집중호우,0000,20020901,3,2002,94,47,47130
49,15879.09305765,518.2004751039572,591725,1600,20020831,"농경지 침수 및 농작물 피해, 하우스 파손",1.77,2002년도 제 15호태풍 루사 집중호우,0000,20020901,4,2002,107,47,47130
50,10597.067454515,748.887204076923,421755,1600,20020831,"농경지 침수 및 농작물 피해, 하우스 파손",2.09,2002년도 제 15호태풍 루사 집중호우,0000,20020901,5,2002,56,47,47130
51,11135.89739826,482.25379553188327,541340,1600,20020831,"농경지 침수 및 농작물 피해, 하우스 파손",1.84,2002년도 제 15호태풍 루사 집중호우,0000,20020901,4,2002,277,47,47130
52,6364.84055208,331.9125617947166,275165,1600,20020831,"농경지 침수 및 농작물 피해, 하우스 파손",1.71,2002년도 제 15호태풍 루사 집중호우,0000,20020901,4,2002,214,47,47130
53,24634.9136475,653.1867669544258,275165,1600,20020831,"농경지 침수 및 농작물 피해, 하우스 파손",1.71,2002년도 제 15호태풍 루사 집중호우,0000,20020901,4,2002,215,47,47130
54,15416.10631764,495.86928808464074,140736,1600,20020831,"농경지 침수 및 농작물 피해, 하우스 파손",1.14,2002년도 제 15호태풍 루사 집중호우,0000,20020901,3,2002,237,47,47130
55,2957.85096003,276.61778627423234,111757,1600,20020831,"농경지 침수 및 농작물 피해, 하우스 파손",0.85,2002년도 제 15호태풍 루사 집중호우,0000,20020901,2,2002,207,47,47130
56,9045.076346565,380.7990279423219,591725,1600,20020831,"농경지 침수 및 농작물 피해, 하우스 파손",2.13,2002년도 제 15호태풍 루사 집중호우,0000,20020901,5,2002,185,47,47130
57,5562.696812405,354.3825236723574,140736,1600,20020831,"농경지 침수 및 농작물 피해, 하우스 파손",1.14,2002년도 제 15호태풍 루사 집중호우,0000,20020901,3,2002,295,47,47130
58,10325.9357024,511.94220734287586,421755,1600,20020831,"농경지 침수 및 농작물 피해, 하우스 파손",1.75,2002년도 제 15호태풍 루사 집중호우,0000,20020901,4,2002,19,47,47130
59,22722.24905073,654.4680311332017,591725,1600,20020831,"농경지 침수 및 농작물 피해, 하우스 파손",2.88,2002년도 제 15호태풍 루사 집중호우,0000,20020901,5,2002,210,47,47130
60,13990.59568754,630.7011393226712,591725,1600,20020831,"농경지 침수 및 농작물 피해, 하우스 파손",2.13,2002년도 제 15호태풍 루사 집중호우,0000,20020901,5,2002,139,47,47130
61,3476.950992465,279.2723604918807,275165,1600,20020831,"농경지 침수 및 농작물 피해, 하우스 파손",1.38,2002년도 제 15호태풍 루사 집중호우,0000,20020901,3,2002,208,47,47130
62,5896.629361475,392.2293125254297,591725,1600,20020831,"농경지 침수 및 농작물 피해, 하우스 파손",0.18,2002년도 제 15호태풍 루사 집중호우,0000,20020901,1,2002,97,47,47130
63,10652.91715918,477.36264697512536,111757,1600,20020831,"농경지 침수 및 농작물 피해, 하우스 파손",1.26,2002년도 제 15호태풍 루사 집중호우,0000,20020901,3,2002,168,47,47130
64,1053.980121385,234.20281997508147,591725,1600,20020831,"농경지 침수 및 농작물 피해, 하우스 파손",1.28,2002년도 제 15호태풍 루사 집중호우,0000,20020901,3,2002,80,47,47130
65,13905.16828139,502.4682335620106,591725,1600,20020831,"농경지 침수 및 농작물 피해, 하우스 파손",2.13,2002년도 제 15호태풍 루사 집중호우,0000,20020901,5,2002,204,47,47130
66,3528.52724712,265.8328073822566,47274,1600,20020831,"농경지 침수 및 농작물 피해, 하우스 파손",2.11,2002년도 제 15호태풍 루사 집중호우,0000,20020901,5,2002,189,47,47130
67,4237.18215967,354.13954250126557,47274,1600,20020831,"농경지 침수 및 농작물 피해, 하우스 파손",0.72,2002년도 제 15호태풍 루사 집중호우,0000,20020901,2,2002,173,47,47130
68,18227.940548825,575.6376089940518,140736,1600,20020831,"농경지 침수 및 농작물 피해, 하우스 파손",1.14,2002년도 제 15호태풍 루사 집중호우,0000,20020901,3,2002,115,47,47130
69,3848.83323695,292.9628546242082,591725,1600,20020831,"농경지 침수 및 농작물 피해, 하우스 파손",1.77,2002년도 제 15호태풍 루사 집중호우,0000,20020901,4,2002,220,47,47130
70,692.564783785,133.68508945472132,591725,1600,20020831,"농경지 침수 및 농작물 피해, 하우스 파손",0.18,2002년도 제 15호태풍 루사 집중호우,0000,20020901,1,2002,264,47,47130
71,10946.322982315,493.83301516800253,140736,1600,20020831,"농경지 침수 및 농작물 피해, 하우스 파손",0.21,2002년도 제 15호태풍 루사 집중호우,0000,20020901,1,2002,140,47,47130
72,19318.554793385,654.3156830846995,541340,1600,20020831,"농경지 침수 및 농작물 피해, 하우스 파손",0.61,2002년도 제 15호태풍 루사 집중호우,0000,20020901,2,2002,145,47,47130
73,117.982524535,72.9681487120045,275165,1600,20020831,"농경지 침수 및 농작물 피해, 하우스 파손",1.38,2002년도 제 15호태풍 루사 집중호우,0000,20020901,3,2002,12,47,47130
74,36341.10668388,896.8973445247063,47274,1600,20020831,"농경지 침수 및 농작물 피해, 하우스 파손",0.72,2002년도 제 15호태풍 루사 집중호우,0000,20020901,2,2002,236,47,47130
75,12.087943275,70.98039109655465,591725,1600,20020831,"농경지 침수 및 농작물 피해, 하우스 파손",1.77,2002년도 제 15호태풍 루사 집중호우,0000,20020901,4,2002,47,47,47130
76,23139.016943605,663.2639969638897,421755,1600,20020831,"농경지 침수 및 농작물 피해, 하우스 파손",1.75,2002년도 제 15호태풍 루사 집중호우,0000,20020901,4,2002,294,47,47130
77,17938.611052855,560.3957142166536,591725,1600,20020831,"농경지 침수 및 농작물 피해, 하우스 파손",2.88,2002년도 제 15호태풍 루사 집중호우,0000,20020901,5,2002,251,47,47130
78,4497.35013197,299.51240745037614,591725,1600,20020831,"농경지 침수 및 농작물 피해, 하우스 파손",0.95,2002년도 제 15호태풍 루사 집중호우,0000,20020901,2,2002,105,47,47130
79,4947.87113556,347.5466605183608,421755,1600,20020831,"농경지 침수 및 농작물 피해, 하우스 파손",0.31,2002년도 제 15호태풍 루사 집중호우,0000,20020901,1,2002,199,47,47130
80,20837.062457685,584.6599179221157,140736,1600,20020831,"농경지 침수 및 농작물 피해, 하우스 파손",0.75,2002년도 제 15호태풍 루사 집중호우,0000,20020901,2,2002,156,47,47130
81,21076.184350745,587.1466584095748,140736,1600,20020831,"농경지 침수 및 농작물 피해, 하우스 파손",0.75,2002년도 제 15호태풍 루사 집중호우,0000,20020901,2,2002,250,47,47130
82,4300.495122455,288.46313865536365,591725,1600,20020831,"농경지 침수 및 농작물 피해, 하우스 파손",2.88,2002년도 제 15호태풍 루사 집중호우,0000,20020901,5,2002,183,47,47130
83,2566.755858395,271.40966828505185,591725,1600,20020831,"농경지 침수 및 농작물 피해, 하우스 파손",1.77,2002년도 제 15호태풍 루사 집중호우,0000,20020901,4,2002,272,47,47130
84,28103.793764805,706.9116079841317,541340,1600,20020831,"농경지 침수 및 농작물 피해, 하우스 파손",1.84,2002년도 제 15호태풍 루사 집중호우,0000,20020901,4,2002,74,47,47130
85,2739.03603451,228.30607710442357,111757,1600,20020831,"농경지 침수 및 농작물 피해, 하우스 파손",1.64,2002년도 제 15호태풍 루사 집중호우,0000,20020901,4,2002,176,47,47130
86,450.71918627,116.21916846929227,421755,1600,20020831,"농경지 침수 및 농작물 피해, 하우스 파손",1.28,2002년도 제 15호태풍 루사 집중호우,0000,20020901,3,2002,142,47,47130
87,9819.287880075,395.62225308686027,275165,1600,20020831,"농경지 침수 및 농작물 피해, 하우스 파손",1.71,2002년도 제 15호태풍 루사 집중호우,0000,20020901,4,2002,34,47,47130
88,10809.84340393,420.74818245631315,591725,1600,20020831,"농경지 침수 및 농작물 피해, 하우스 파손",0.18,2002년도 제 15호태풍 루사 집중호우,0000,20020901,1,2002,265,47,47130
89,30496.15567029,737.1840114599795,140736,1600,20020831,"농경지 침수 및 농작물 피해, 하우스 파손",0.75,2002년도 제 15호태풍 루사 집중호우,0000,20020901,2,2002,111,47,47130
90,3063.16162612,228.76364301082165,275165,1600,20020831,"농경지 침수 및 농작물 피해, 하우스 파손",0.32,2002년도 제 15호태풍 루사 집중호우,0000,20020901,1,2002,54,47,47130
91,8491.908344675,402.8652179368957,421755,1600,20020831,"농경지 침수 및 농작물 피해, 하우스 파손",0.86,2002년도 제 15호태풍 루사 집중호우,0000,20020901,2,2002,64,47,47130
92,7972.68510678,470.8237900124585,591725,1600,20020831,"농경지 침수 및 농작물 피해, 하우스 파손",1.77,2002년도 제 15호태풍 루사 집중호우,0000,20020901,4,2002,162,47,47130
93,31298.450218985,766.7151494919307,421755,1600,20020831,"농경지 침수 및 농작물 피해, 하우스 파손",0.86,2002년도 제 15호태풍 루사 집중호우,0000,20020901,2,2002,76,47,47130
94,12086.245202915,563.8962316934264,591725,1600,20020831,"농경지 침수 및 농작물 피해, 하우스 파손",0.18,2002년도 제 15호태풍 루사 집중호우,0000,20020901,1,2002,275,47,47130
95,8469.707984315,483.65768687052855,591725,1600,20020831,"농경지 침수 및 농작물 피해, 하우스 파손",0.95,2002년도 제 15호태풍 루사 집중호우,0000,20020901,2,2002,137,47,47130
96,2609.05651003,254.77438191511612,591725,1600,20020831,"농경지 침수 및 농작물 피해, 하우스 파손",2.13,2002년도 제 15호태풍 루사 집중호우,0000,20020901,5,2002,274,47,47130
97,9355.759187365,385.1920837746831,591725,1600,20020831,"농경지 침수 및 농작물 피해, 하우스 파손",2.13,2002년도 제 15호태풍 루사 집중호우,0000,20020901,5,2002,186,47,47130
98,2570.892293495,203.55026346114934,591725,1600,20020831,"농경지 침수 및 농작물 피해, 하우스 파손",0.95,2002년도 제 15호태풍 루사 집중호우,0000,20020901,2,2002,59,47,47130
99,9646.722275795,437.8341081618253,140736,1600,20020831,"농경지 침수 및 농작물 피해, 하우스 파손",1.14,2002년도 제 15호태풍 루사 집중호우,0000,20020901,3,2002,166,47,47130
100,8601.15820707,388.53778505661154,421755,1600,20020831,"농경지 침수 및 농작물 피해, 하우스 파손",2.09,2002년도 제 15호태풍 루사 집중호우,0000,20020901,5,2002,23,47,47130
101,12510.81996551,469.96412657309696,47274,1600,20020831,"농경지 침수 및 농작물 피해, 하우스 파손",1.77,2002년도 제 15호태풍 루사 집중호우,0000,20020901,4,2002,232,47,47130
102,17162.47178975,667.655572926196,541340,1600,20020831,"농경지 침수 및 농작물 피해, 하우스 파손",2.15,2002년도 제 15호태풍 루사 집중호우,0000,20020901,5,2002,108,47,47130
103,5914.977476575,386.4495460174727,111757,1600,20020831,"농경지 침수 및 농작물 피해, 하우스 파손",1.64,2002년도 제 15호태풍 루사 집중호우,0000,20020901,4,2002,299,47,47130
104,3126.292944745,297.25288032825443,140736,1600,20020831,"농경지 침수 및 농작물 피해, 하우스 파손",0.75,2002년도 제 15호태풍 루사 집중호우,0000,20020901,2,2002,239,47,47130
105,62970.142021375,1151.7451309568182,591725,1600,20020831,"농경지 침수 및 농작물 피해, 하우스 파손",2.13,2002년도 제 15호태풍 루사 집중호우,0000,20020901,5,2002,40,47,47130
106,17597.45490246,582.7558755028772,591725,1600,20020831,"농경지 침수 및 농작물 피해, 하우스 파손",2.88,2002년도 제 15호태풍 루사 집중호우,0000,20020901,5,2002,32,47,47130
107,11070.375328965,508.4604633631464,541340,1600,20020831,"농경지 침수 및 농작물 피해, 하우스 파손",0.61,2002년도 제 15호태풍 루사 집중호우,0000,20020901,2,2002,228,47,47130
108,5567.789293155,495.0761951416787,111757,1600,20020831,"농경지 침수 및 농작물 피해, 하우스 파손",1.26,2002년도 제 15호태풍 루사 집중호우,0000,20020901,3,2002,93,47,47130
109,7254.63934308,558.1084462722623,421755,1600,20020831,"농경지 침수 및 농작물 피해, 하우스 파손",1.75,2002년도 제 15호태풍 루사 집중호우,0000,20020901,4,2002,39,47,47130
110,3123.334535905,275.09042793535934,140736,1600,20020831,"농경지 침수 및 농작물 피해, 하우스 파손",1.14,2002년도 제 15호태풍 루사 집중호우,0000,20020901,3,2002,3,47,47130
111,8611.67252712,392.7284917418215,541340,1600,20020831,"농경지 침수 및 농작물 피해, 하우스 파손",1.84,2002년도 제 15호태풍 루사 집중호우,0000,20020901,4,2002,253,47,47130
112,57535.701238005,1091.8439992448255,275165,1600,20020831,"농경지 침수 및 농작물 피해, 하우스 파손",1.71,2002년도 제 15호태풍 루사 집중호우,0000,20020901,4,2002,254,47,47130
113,278.040922445,113.60769923348094,541340,1600,20020831,"농경지 침수 및 농작물 피해, 하우스 파손",0.61,2002년도 제 15호태풍 루사 집중호우,0000,20020901,2,2002,247,47,47130
114,4456.810631385,289.30956384069276,421755,1600,20020831,"농경지 침수 및 농작물 피해, 하우스 파손",1.28,2002년도 제 15호태풍 루사 집중호우,0000,20020901,3,2002,243,47,47130
115,34864.03933323,984.8703231507709,275165,1600,20020831,"농경지 침수 및 농작물 피해, 하우스 파손",2.12,2002년도 제 15호태풍 루사 집중호우,0000,20020901,5,2002,307,47,47130
116,11695.16808684,439.5114795398962,140736,1600,20020831,"농경지 침수 및 농작물 피해, 하우스 파손",1.14,2002년도 제 15호태풍 루사 집중호우,0000,20020901,3,2002,195,47,47130
117,12192.015650075,463.6178025682639,140736,1600,20020831,"농경지 침수 및 농작물 피해, 하우스 파손",1.14,2002년도 제 15호태풍 루사 집중호우,0000,20020901,3,2002,182,47,47130
156,151.65698889,87.20857692180498,591725,1600,20020831,"농경지 침수 및 농작물 피해, 하우스 파손",1.77,2002년도 제 15호태풍 루사 집중호우,0000,20020901,4,2002,174,47,47130
118,2279.084985165,239.15809562492035,275165,1600,20020831,"농경지 침수 및 농작물 피해, 하우스 파손",1.71,2002년도 제 15호태풍 루사 집중호우,0000,20020901,4,2002,297,47,47130
119,519.86295773,98.99611505959572,591725,1600,20020831,"농경지 침수 및 농작물 피해, 하우스 파손",0.18,2002년도 제 15호태풍 루사 집중호우,0000,20020901,1,2002,141,47,47130
120,1704.34307792,193.77475987289435,591725,1600,20020831,"농경지 침수 및 농작물 피해, 하우스 파손",0.18,2002년도 제 15호태풍 루사 집중호우,0000,20020901,1,2002,27,47,47130
121,4961.58008099,297.56209513384135,591725,1600,20020831,"농경지 침수 및 농작물 피해, 하우스 파손",1.28,2002년도 제 15호태풍 루사 집중호우,0000,20020901,3,2002,167,47,47130
122,14160.124406605,585.7590644577066,591725,1600,20020831,"농경지 침수 및 농작물 피해, 하우스 파손",2.13,2002년도 제 15호태풍 루사 집중호우,0000,20020901,5,2002,276,47,47130
123,1437.45039619,162.903707092643,111757,1600,20020831,"농경지 침수 및 농작물 피해, 하우스 파손",1.26,2002년도 제 15호태풍 루사 집중호우,0000,20020901,3,2002,235,47,47130
124,4049.17512811,494.44334421160545,111757,1600,20020831,"농경지 침수 및 농작물 피해, 하우스 파손",0.85,2002년도 제 15호태풍 루사 집중호우,0000,20020901,2,2002,33,47,47130
125,2229.279841835,334.28125319947486,591725,1600,20020831,"농경지 침수 및 농작물 피해, 하우스 파손",2.88,2002년도 제 15호태풍 루사 집중호우,0000,20020901,5,2002,30,47,47130
126,24210.23396337,718.5855782040386,591725,1600,20020831,"농경지 침수 및 농작물 피해, 하우스 파손",1.28,2002년도 제 15호태풍 루사 집중호우,0000,20020901,3,2002,123,47,47130
127,6668.06691099,489.5061287180119,421755,1600,20020831,"농경지 침수 및 농작물 피해, 하우스 파손",1.28,2002년도 제 15호태풍 루사 집중호우,0000,20020901,3,2002,113,47,47130
128,44356.770312515,990.7332576435789,541340,1600,20020831,"농경지 침수 및 농작물 피해, 하우스 파손",1.84,2002년도 제 15호태풍 루사 집중호우,0000,20020901,4,2002,298,47,47130
129,5557.420037405,322.8309682573523,47274,1600,20020831,"농경지 침수 및 농작물 피해, 하우스 파손",1.41,2002년도 제 15호태풍 루사 집중호우,0000,20020901,3,2002,61,47,47130
130,2512.10377682,341.68919902174343,421755,1600,20020831,"농경지 침수 및 농작물 피해, 하우스 파손",0.86,2002년도 제 15호태풍 루사 집중호우,0000,20020901,2,2002,122,47,47130
131,7949.73940151,465.29443792461257,47274,1600,20020831,"농경지 침수 및 농작물 피해, 하우스 파손",0.42,2002년도 제 15호태풍 루사 집중호우,0000,20020901,1,2002,224,47,47130
132,5514.986777295,340.64813779934735,421755,1600,20020831,"농경지 침수 및 농작물 피해, 하우스 파손",1.28,2002년도 제 15호태풍 루사 집중호우,0000,20020901,3,2002,155,47,47130
133,5832.09763491,455.0026207907424,541340,1600,20020831,"농경지 침수 및 농작물 피해, 하우스 파손",0.2,2002년도 제 15호태풍 루사 집중호우,0000,20020901,1,2002,63,47,47130
134,6011.99243837,345.9311694431695,541340,1600,20020831,"농경지 침수 및 농작물 피해, 하우스 파손",0.61,2002년도 제 15호태풍 루사 집중호우,0000,20020901,2,2002,225,47,47130
135,16379.907660995,543.9372351071663,591725,1600,20020831,"농경지 침수 및 농작물 피해, 하우스 파손",2.13,2002년도 제 15호태풍 루사 집중호우,0000,20020901,5,2002,234,47,47130
136,13690.771286025,511.6648586344035,591725,1600,20020831,"농경지 침수 및 농작물 피해, 하우스 파손",2.13,2002년도 제 15호태풍 루사 집중호우,0000,20020901,5,2002,121,47,47130
137,4373.48850859,347.09512471058173,541340,1600,20020831,"농경지 침수 및 농작물 피해, 하우스 파손",2.6,2002년도 제 15호태풍 루사 집중호우,0000,20020901,5,2002,104,47,47130
138,267.350583715,68.19180872101103,111757,1600,20020831,"농경지 침수 및 농작물 피해, 하우스 파손",1.26,2002년도 제 15호태풍 루사 집중호우,0000,20020901,3,2002,188,47,47130
139,21440.00576448,820.8636071349417,591725,1600,20020831,"농경지 침수 및 농작물 피해, 하우스 파손",0.95,2002년도 제 15호태풍 루사 집중호우,0000,20020901,2,2002,201,47,47130
140,7342.932357325,517.695052939572,421755,1600,20020831,"농경지 침수 및 농작물 피해, 하우스 파손",1.28,2002년도 제 15호태풍 루사 집중호우,0000,20020901,3,2002,151,47,47130
141,37161.418380045,846.4362212043559,541340,1600,20020831,"농경지 침수 및 농작물 피해, 하우스 파손",1.84,2002년도 제 15호태풍 루사 집중호우,0000,20020901,4,2002,29,47,47130
142,89315.34895692,1323.7614533289268,275165,1600,20020831,"농경지 침수 및 농작물 피해, 하우스 파손",1.71,2002년도 제 15호태풍 루사 집중호우,0000,20020901,4,2002,152,47,47130
143,27517.164762475,857.8203244265069,111757,1600,20020831,"농경지 침수 및 농작물 피해, 하우스 파손",1.64,2002년도 제 15호태풍 루사 집중호우,0000,20020901,4,2002,278,47,47130
144,17822.413070025,560.9910036687089,541340,1600,20020831,"농경지 침수 및 농작물 피해, 하우스 파손",1.84,2002년도 제 15호태풍 루사 집중호우,0000,20020901,4,2002,55,47,47130
145,7629.66290241,412.3114949483104,591725,1600,20020831,"농경지 침수 및 농작물 피해, 하우스 파손",2.88,2002년도 제 15호태풍 루사 집중호우,0000,20020901,5,2002,260,47,47130
146,966.43712904,143.67381617885536,111757,1600,20020831,"농경지 침수 및 농작물 피해, 하우스 파손",0.85,2002년도 제 15호태풍 루사 집중호우,0000,20020901,2,2002,258,47,47130
147,2506.166603365,264.1303678276478,541340,1600,20020831,"농경지 침수 및 농작물 피해, 하우스 파손",0.2,2002년도 제 15호태풍 루사 집중호우,0000,20020901,1,2002,88,47,47130
148,2205.126383525,238.7745023176816,111757,1600,20020831,"농경지 침수 및 농작물 피해, 하우스 파손",1.26,2002년도 제 15호태풍 루사 집중호우,0000,20020901,3,2002,241,47,47130
149,21256.087932115,752.1321761925361,421755,1600,20020831,"농경지 침수 및 농작물 피해, 하우스 파손",1.28,2002년도 제 15호태풍 루사 집중호우,0000,20020901,3,2002,309,47,47130
150,3896.037103555,369.8077621336441,275165,1600,20020831,"농경지 침수 및 농작물 피해, 하우스 파손",1.38,2002년도 제 15호태풍 루사 집중호우,0000,20020901,3,2002,206,47,47130
151,13725.51509781,494.4123503218885,421755,1600,20020831,"농경지 침수 및 농작물 피해, 하우스 파손",1.28,2002년도 제 15호태풍 루사 집중호우,0000,20020901,3,2002,8,47,47130
152,2024.500016895,210.39697552976307,47274,1600,20020831,"농경지 침수 및 농작물 피해, 하우스 파손",1.25,2002년도 제 15호태풍 루사 집중호우,0000,20020901,3,2002,72,47,47130
153,12688.8294416,624.6927336781015,47274,1600,20020831,"농경지 침수 및 농작물 피해, 하우스 파손",2.25,2002년도 제 15호태풍 루사 집중호우,0000,20020901,5,2002,262,47,47130
154,15788.18870625,551.6183474705466,47274,1600,20020831,"농경지 침수 및 농작물 피해, 하우스 파손",2.11,2002년도 제 15호태풍 루사 집중호우,0000,20020901,5,2002,119,47,47130
155,413.532283395,142.964787089501,275165,1600,20020831,"농경지 침수 및 농작물 피해, 하우스 파손",1.38,2002년도 제 15호태풍 루사 집중호우,0000,20020901,3,2002,180,47,47130
157,4924.857178025,329.64195530269313,541340,1600,20020831,"농경지 침수 및 농작물 피해, 하우스 파손",2.15,2002년도 제 15호태풍 루사 집중호우,0000,20020901,5,2002,21,47,47130
158,1003.808177295,220.06364313044693,591725,1600,20020831,"농경지 침수 및 농작물 피해, 하우스 파손",1.28,2002년도 제 15호태풍 루사 집중호우,0000,20020901,3,2002,305,47,47130
159,24023.804781585,627.1089662327764,140736,1600,20020831,"농경지 침수 및 농작물 피해, 하우스 파손",0.75,2002년도 제 15호태풍 루사 집중호우,0000,20020901,2,2002,46,47,47130
160,3891.596534685,256.46021970113935,47274,1600,20020831,"농경지 침수 및 농작물 피해, 하우스 파손",1.77,2002년도 제 15호태풍 루사 집중호우,0000,20020901,4,2002,218,47,47130
161,374.825736155,97.57626707222543,421755,1600,20020831,"농경지 침수 및 농작물 피해, 하우스 파손",0.31,2002년도 제 15호태풍 루사 집중호우,0000,20020901,1,2002,50,47,47130
162,32277.17911683,878.7030591881282,421755,1600,20020831,"농경지 침수 및 농작물 피해, 하우스 파손",1.28,2002년도 제 15호태풍 루사 집중호우,0000,20020901,3,2002,285,47,47130
163,9272.88558335,449.9584905480615,47274,1600,20020831,"농경지 침수 및 농작물 피해, 하우스 파손",1.41,2002년도 제 15호태풍 루사 집중호우,0000,20020901,3,2002,240,47,47130
164,12382.61619862,447.93684174488226,541340,1600,20020831,"농경지 침수 및 농작물 피해, 하우스 파손",0.2,2002년도 제 15호태풍 루사 집중호우,0000,20020901,1,2002,9,47,47130
165,2764.02917055,222.2701323362694,591725,1600,20020831,"농경지 침수 및 농작물 피해, 하우스 파손",2.88,2002년도 제 15호태풍 루사 집중호우,0000,20020901,5,2002,20,47,47130
166,38632.44082426,862.4651307515841,140736,1600,20020831,"농경지 침수 및 농작물 피해, 하우스 파손",0.21,2002년도 제 15호태풍 루사 집중호우,0000,20020901,1,2002,157,47,47130
167,21965.987745475,603.2755253693201,541340,1600,20020831,"농경지 침수 및 농작물 피해, 하우스 파손",2.15,2002년도 제 15호태풍 루사 집중호우,0000,20020901,5,2002,161,47,47130
168,20133.90312246,654.6011914991157,47274,1600,20020831,"농경지 침수 및 농작물 피해, 하우스 파손",1.68,2002년도 제 15호태풍 루사 집중호우,0000,20020901,4,2002,268,47,47130
169,2177.11127445,230.0238252449979,140736,1600,20020831,"농경지 침수 및 농작물 피해, 하우스 파손",0.75,2002년도 제 15호태풍 루사 집중호우,0000,20020901,2,2002,89,47,47130
170,8518.070532725,543.2192705493661,421755,1600,20020831,"농경지 침수 및 농작물 피해, 하우스 파손",1.75,2002년도 제 15호태풍 루사 집중호우,0000,20020901,4,2002,203,47,47130
171,2418.0058998,240.9305155626758,541340,1600,20020831,"농경지 침수 및 농작물 피해, 하우스 파손",1.84,2002년도 제 15호태풍 루사 집중호우,0000,20020901,4,2002,170,47,47130
172,4174.18403445,283.6605121857768,421755,1600,20020831,"농경지 침수 및 농작물 피해, 하우스 파손",1.28,2002년도 제 15호태풍 루사 집중호우,0000,20020901,3,2002,192,47,47130
173,6564.70762051,364.2189420614868,47274,1600,20020831,"농경지 침수 및 농작물 피해, 하우스 파손",1.25,2002년도 제 15호태풍 루사 집중호우,0000,20020901,3,2002,290,47,47130
174,3478.689956845,272.4449215914708,47274,1600,20020831,"농경지 침수 및 농작물 피해, 하우스 파손",2.25,2002년도 제 15호태풍 루사 집중호우,0000,20020901,5,2002,308,47,47130
175,1555.71020911,305.010041007306,591725,1600,20020831,"농경지 침수 및 농작물 피해, 하우스 파손",0.95,2002년도 제 15호태풍 루사 집중호우,0000,20020901,2,2002,13,47,47130
176,43024.407908835,829.8415641840267,591725,1600,20020831,"농경지 침수 및 농작물 피해, 하우스 파손",2.13,2002년도 제 15호태풍 루사 집중호우,0000,20020901,5,2002,71,47,47130
177,293.512669835,71.61468826351897,111757,1600,20020831,"농경지 침수 및 농작물 피해, 하우스 파손",0.28,2002년도 제 15호태풍 루사 집중호우,0000,20020901,1,2002,312,47,47130
178,18993.150562435,579.7143819240841,541340,1600,20020831,"농경지 침수 및 농작물 피해, 하우스 파손",1.24,2002년도 제 15호태풍 루사 집중호우,0000,20020901,3,2002,118,47,47130
179,7434.491105985,392.6540593625168,421755,1600,20020831,"농경지 침수 및 농작물 피해, 하우스 파손",1.28,2002년도 제 15호태풍 루사 집중호우,0000,20020901,3,2002,175,47,47130
180,3834.34760847,345.4533418976319,140736,1600,20020831,"농경지 침수 및 농작물 피해, 하우스 파손",0.75,2002년도 제 15호태풍 루사 집중호우,0000,20020901,2,2002,98,47,47130
181,4888.388121505,274.28501002810225,421755,1600,20020831,"농경지 침수 및 농작물 피해, 하우스 파손",0.31,2002년도 제 15호태풍 루사 집중호우,0000,20020901,1,2002,52,47,47130
182,6444.166908315,355.01576665147144,541340,1600,20020831,"농경지 침수 및 농작물 피해, 하우스 파손",2.15,2002년도 제 15호태풍 루사 집중호우,0000,20020901,5,2002,91,47,47130
183,7102.38238651,505.29544932095837,541340,1600,20020831,"농경지 침수 및 농작물 피해, 하우스 파손",1.84,2002년도 제 15호태풍 루사 집중호우,0000,20020901,4,2002,296,47,47130
184,6542.246989865,349.72297957176113,140736,1600,20020831,"농경지 침수 및 농작물 피해, 하우스 파손",0.75,2002년도 제 15호태풍 루사 집중호우,0000,20020901,2,2002,18,47,47130
185,7552.10856994,372.1737994765078,421755,1600,20020831,"농경지 침수 및 농작물 피해, 하우스 파손",0.86,2002년도 제 15호태풍 루사 집중호우,0000,20020901,2,2002,28,47,47130
186,3574.55635578,257.5879772800809,421755,1600,20020831,"농경지 침수 및 농작물 피해, 하우스 파손",1.28,2002년도 제 15호태풍 루사 집중호우,0000,20020901,3,2002,169,47,47130
187,14145.56342368,486.2306845014153,47274,1600,20020831,"농경지 침수 및 농작물 피해, 하우스 파손",1.77,2002년도 제 15호태풍 루사 집중호우,0000,20020901,4,2002,16,47,47130
188,5348.24992653,470.64073471156024,275165,1600,20020831,"농경지 침수 및 농작물 피해, 하우스 파손",1.38,2002년도 제 15호태풍 루사 집중호우,0000,20020901,3,2002,85,47,47130
189,6210.07601666,323.95791123562196,275165,1600,20020831,"농경지 침수 및 농작물 피해, 하우스 파손",2.12,2002년도 제 15호태풍 루사 집중호우,0000,20020901,5,2002,73,47,47130
190,7416.68094025,367.75949052305276,140736,1600,20020831,"농경지 침수 및 농작물 피해, 하우스 파손",0.75,2002년도 제 15호태풍 루사 집중호우,0000,20020901,2,2002,292,47,47130
191,4023.465508735,305.58945909113424,591725,1600,20020831,"농경지 침수 및 농작물 피해, 하우스 파손",2.13,2002년도 제 15호태풍 루사 집중호우,0000,20020901,5,2002,223,47,47130
192,8116.870370755,577.0828698425277,275165,1600,20020831,"농경지 침수 및 농작물 피해, 하우스 파손",1.38,2002년도 제 15호태풍 루사 집중호우,0000,20020901,3,2002,84,47,47130
193,18185.64193652,530.2711578261243,541340,1600,20020831,"농경지 침수 및 농작물 피해, 하우스 파손",1.24,2002년도 제 15호태풍 루사 집중호우,0000,20020901,3,2002,209,47,47130
194,3380.174780845,263.1722103018206,275165,1600,20020831,"농경지 침수 및 농작물 피해, 하우스 파손",0.61,2002년도 제 15호태풍 루사 집중호우,0000,20020901,2,2002,79,47,47130
195,4983.46531602,368.5131945672866,111757,1600,20020831,"농경지 침수 및 농작물 피해, 하우스 파손",0.85,2002년도 제 15호태풍 루사 집중호우,0000,20020901,2,2002,45,47,47130
208,3100.47772408,260.64386817185493,275165,1600,20020831,"농경지 침수 및 농작물 피해, 하우스 파손",1.71,2002년도 제 15호태풍 루사 집중호우,0000,20020901,4,2002,75,47,47130
200,13144.28158579,549.5911294760863,275165,1600,20020831,"농경지 침수 및 농작물 피해, 하우스 파손",1.71,2002년도 제 15호태풍 루사 집중호우,0000,20020901,4,2002,270,47,47130
201,664.42921014,160.51607616855895,275165,1600,20020831,"농경지 침수 및 농작물 피해, 하우스 파손",1.38,2002년도 제 15호태풍 루사 집중호우,0000,20020901,3,2002,282,47,47130
202,92032.467744565,1719.561693343861,541340,1600,20020831,"농경지 침수 및 농작물 피해, 하우스 파손",1.24,2002년도 제 15호태풍 루사 집중호우,0000,20020901,3,2002,95,47,47130
203,57982.253514665,1191.0440078880358,275165,1600,20020831,"농경지 침수 및 농작물 피해, 하우스 파손",1.71,2002년도 제 15호태풍 루사 집중호우,0000,20020901,4,2002,86,47,47130
204,4286.58131948,285.17938683860245,421755,1600,20020831,"농경지 침수 및 농작물 피해, 하우스 파손",0.86,2002년도 제 15호태풍 루사 집중호우,0000,20020901,2,2002,171,47,47130
205,11547.97319523,522.8882214064253,47274,1600,20020831,"농경지 침수 및 농작물 피해, 하우스 파손",0.72,2002년도 제 15호태풍 루사 집중호우,0000,20020901,2,2002,96,47,47130
206,94375.527796875,1464.9985261988377,421755,1600,20020831,"농경지 침수 및 농작물 피해, 하우스 파손",1.28,2002년도 제 15호태풍 루사 집중호우,0000,20020901,3,2002,69,47,47130
207,26169.453367575,733.1352247746439,275165,1600,20020831,"농경지 침수 및 농작물 피해, 하우스 파손",1.38,2002년도 제 15호태풍 루사 집중호우,0000,20020901,3,2002,43,47,47130
209,9868.345995545,431.2262811196834,140736,1600,20020831,"농경지 침수 및 농작물 피해, 하우스 파손",1.62,2002년도 제 15호태풍 루사 집중호우,0000,20020901,4,2002,249,47,47130
210,10017.857125335,443.27934633949866,47274,1600,20020831,"농경지 침수 및 농작물 피해, 하우스 파손",0.15,2002년도 제 15호태풍 루사 집중호우,0000,20020901,1,2002,172,47,47130
211,9875.74151178,557.1080807604465,591725,1600,20020831,"농경지 침수 및 농작물 피해, 하우스 파손",0.18,2002년도 제 15호태풍 루사 집중호우,0000,20020901,1,2002,198,47,47130
212,7183.630659105,405.0664046392726,421755,1600,20020831,"농경지 침수 및 농작물 피해, 하우스 파손",0.86,2002년도 제 15호태풍 루사 집중호우,0000,20020901,2,2002,132,47,47130
213,6187.73367027,334.2120203749226,275165,1600,20020831,"농경지 침수 및 농작물 피해, 하우스 파손",1.38,2002년도 제 15호태풍 루사 집중호우,0000,20020901,3,2002,302,47,47130
214,2860.15398557,254.8727518573505,47274,1600,20020831,"농경지 침수 및 농작물 피해, 하우스 파손",1.25,2002년도 제 15호태풍 루사 집중호우,0000,20020901,3,2002,26,47,47130
215,21549.440630805,585.4594093197065,541340,1600,20020831,"농경지 침수 및 농작물 피해, 하우스 파손",1.84,2002년도 제 15호태풍 루사 집중호우,0000,20020901,4,2002,221,47,47130
216,5578.46938988,334.8398727101174,591725,1600,20020831,"농경지 침수 및 농작물 피해, 하우스 파손",1.28,2002년도 제 15호태풍 루사 집중호우,0000,20020901,3,2002,130,47,47130
217,2100.47902957,188.48080439126008,47274,1600,20020831,"농경지 침수 및 농작물 피해, 하우스 파손",0.15,2002년도 제 15호태풍 루사 집중호우,0000,20020901,1,2002,11,47,47130
218,430.878595775,86.10586251858557,111757,1600,20020831,"농경지 침수 및 농작물 피해, 하우스 파손",0.85,2002년도 제 15호태풍 루사 집중호우,0000,20020901,2,2002,114,47,47130
219,5758.38505462,338.2760238942657,275165,1600,20020831,"농경지 침수 및 농작물 피해, 하우스 파손",1.38,2002년도 제 15호태풍 루사 집중호우,0000,20020901,3,2002,310,47,47130
220,1185.090832395,163.9285453374103,111757,1600,20020831,"농경지 침수 및 농작물 피해, 하우스 파손",0.28,2002년도 제 15호태풍 루사 집중호우,0000,20020901,1,2002,14,47,47130
221,3282.487713825,229.38531872210964,47274,1600,20020831,"농경지 침수 및 농작물 피해, 하우스 파손",0.72,2002년도 제 15호태풍 루사 집중호우,0000,20020901,2,2002,120,47,47130
222,8077.310267815,767.9363840128749,541340,1600,20020831,"농경지 침수 및 농작물 피해, 하우스 파손",0.61,2002년도 제 15호태풍 루사 집중호우,0000,20020901,2,2002,22,47,47130
223,450.11305543,128.77968852367778,111757,1600,20020831,"농경지 침수 및 농작물 피해, 하우스 파손",1.64,2002년도 제 15호태풍 루사 집중호우,0000,20020901,4,2002,117,47,47130
224,13296.734122455,488.4867893219072,47274,1600,20020831,"농경지 침수 및 농작물 피해, 하우스 파손",1.77,2002년도 제 15호태풍 루사 집중호우,0000,20020901,4,2002,200,47,47130
225,12205.532809345,467.07625364612767,541340,1600,20020831,"농경지 침수 및 농작물 피해, 하우스 파손",0.61,2002년도 제 15호태풍 루사 집중호우,0000,20020901,2,2002,255,47,47130
226,2504.4952848,204.28748987987115,541340,1600,20020831,"농경지 침수 및 농작물 피해, 하우스 파손",0.2,2002년도 제 15호태풍 루사 집중호우,0000,20020901,1,2002,279,47,47130
227,5363.682790465,315.28940335647997,421755,1600,20020831,"농경지 침수 및 농작물 피해, 하우스 파손",0.86,2002년도 제 15호태풍 루사 집중호우,0000,20020901,2,2002,213,47,47130
228,10685.0920629,649.3181616814416,591725,1600,20020831,"농경지 침수 및 농작물 피해, 하우스 파손",2.88,2002년도 제 15호태풍 루사 집중호우,0000,20020901,5,2002,160,47,47130
229,2402.940888035,285.4910634619618,140736,1600,20020831,"농경지 침수 및 농작물 피해, 하우스 파손",0.75,2002년도 제 15호태풍 루사 집중호우,0000,20020901,2,2002,219,47,47130
230,987.99223208,151.27917794787538,111757,1600,20020831,"농경지 침수 및 농작물 피해, 하우스 파손",0.85,2002년도 제 15호태풍 루사 집중호우,0000,20020901,2,2002,82,47,47130
231,5646.33363871,421.4448505659396,111757,1600,20020831,"농경지 침수 및 농작물 피해, 하우스 파손",0.28,2002년도 제 15호태풍 루사 집중호우,0000,20020901,1,2002,116,47,47130
232,1572.343890065,210.61629286250212,591725,1600,20020831,"농경지 침수 및 농작물 피해, 하우스 파손",1.21,2002년도 제 15호태풍 루사 집중호우,0000,20020901,3,2002,125,47,47130
233,3753.779538975,266.2924405020278,111757,1600,20020831,"농경지 침수 및 농작물 피해, 하우스 파손",0.28,2002년도 제 15호태풍 루사 집중호우,0000,20020901,1,2002,271,47,47130
234,17875.840623825,687.0051360694234,541340,1600,20020831,"농경지 침수 및 농작물 피해, 하우스 파손",2.15,2002년도 제 15호태풍 루사 집중호우,0000,20020901,5,2002,51,47,47130
235,3149.6185462,231.30835784946396,111757,1600,20020831,"농경지 침수 및 농작물 피해, 하우스 파손",0.85,2002년도 제 15호태풍 루사 집중호우,0000,20020901,2,2002,291,47,47130
236,17610.027159035,591.5120125828195,47274,1600,20020831,"농경지 침수 및 농작물 피해, 하우스 파손",2.11,2002년도 제 15호태풍 루사 집중호우,0000,20020901,5,2002,144,47,47130
237,31907.282541405,778.4710626192791,47274,1600,20020831,"농경지 침수 및 농작물 피해, 하우스 파손",1.77,2002년도 제 15호태풍 루사 집중호우,0000,20020901,4,2002,281,47,47130
238,8613.949140615,415.9093168345268,591725,1600,20020831,"농경지 침수 및 농작물 피해, 하우스 파손",1.77,2002년도 제 15호태풍 루사 집중호우,0000,20020901,4,2002,10,47,47130
239,6523.456260305,377.38953952281656,421755,1600,20020831,"농경지 침수 및 농작물 피해, 하우스 파손",0.31,2002년도 제 15호태풍 루사 집중호우,0000,20020901,1,2002,81,47,47130
240,8634.24154529,387.4262700839648,591725,1600,20020831,"농경지 침수 및 농작물 피해, 하우스 파손",2.13,2002년도 제 15호태풍 루사 집중호우,0000,20020901,5,2002,87,47,47130
241,2005.093376975,215.46476973758064,111757,1600,20020831,"농경지 침수 및 농작물 피해, 하우스 파손",1.26,2002년도 제 15호태풍 루사 집중호우,0000,20020901,3,2002,311,47,47130
242,5008.325279925,390.27844738655955,591725,1600,20020831,"농경지 침수 및 농작물 피해, 하우스 파손",1.77,2002년도 제 15호태풍 루사 집중호우,0000,20020901,4,2002,100,47,47130
243,17317.30683038,810.923545571483,421755,1600,20020831,"농경지 침수 및 농작물 피해, 하우스 파손",0.86,2002년도 제 15호태풍 루사 집중호우,0000,20020901,2,2002,1,47,47130
244,12433.19662812,448.65769361501464,140736,1600,20020831,"농경지 침수 및 농작물 피해, 하우스 파손",1.14,2002년도 제 15호태풍 루사 집중호우,0000,20020901,3,2002,217,47,47130
245,5036.468574455,315.94838170081385,47274,1600,20020831,"농경지 침수 및 농작물 피해, 하우스 파손",1.68,2002년도 제 15호태풍 루사 집중호우,0000,20020901,4,2002,131,47,47130
246,9844.954943385,515.9713625184792,47274,1600,20020831,"농경지 침수 및 농작물 피해, 하우스 파손",1.25,2002년도 제 15호태풍 루사 집중호우,0000,20020901,3,2002,178,47,47130
247,403.23307518,91.30997066126734,591725,1600,20020831,"농경지 침수 및 농작물 피해, 하우스 파손",2.88,2002년도 제 15호태풍 루사 집중호우,0000,20020901,5,2002,129,47,47130
248,6081.658753485,321.6347288020772,47274,1600,20020831,"농경지 침수 및 농작물 피해, 하우스 파손",0.72,2002년도 제 15호태풍 루사 집중호우,0000,20020901,2,2002,229,47,47130
249,9922.944061235,403.258486376094,140736,1600,20020831,"농경지 침수 및 농작물 피해, 하우스 파손",0.21,2002년도 제 15호태풍 루사 집중호우,0000,20020901,1,2002,177,47,47130
250,3064.182038595,259.36908637867776,275165,1600,20020831,"농경지 침수 및 농작물 피해, 하우스 파손",0.61,2002년도 제 15호태풍 루사 집중호우,0000,20020901,2,2002,242,47,47130
251,5730.551214425,363.8430209750617,111757,1600,20020831,"농경지 침수 및 농작물 피해, 하우스 파손",1.26,2002년도 제 15호태풍 루사 집중호우,0000,20020901,3,2002,246,47,47130
252,6077.80555497,349.7616708040762,541340,1600,20020831,"농경지 침수 및 농작물 피해, 하우스 파손",1.24,2002년도 제 15호태풍 루사 집중호우,0000,20020901,3,2002,35,47,47130
253,16847.10468998,728.6263083828563,421755,1600,20020831,"농경지 침수 및 농작물 피해, 하우스 파손",0.86,2002년도 제 15호태풍 루사 집중호우,0000,20020901,2,2002,83,47,47130
254,347.07718992,121.14110169588766,541340,1600,20020831,"농경지 침수 및 농작물 피해, 하우스 파손",0.61,2002년도 제 15호태풍 루사 집중호우,0000,20020901,2,2002,7,47,47130
255,2362.975291405,210.80049962573008,541340,1600,20020831,"농경지 침수 및 농작물 피해, 하우스 파손",0.61,2002년도 제 15호태풍 루사 집중호우,0000,20020901,2,2002,25,47,47130
256,3568.696625785,302.98605742480083,275165,1600,20020831,"농경지 침수 및 농작물 피해, 하우스 파손",0.61,2002년도 제 15호태풍 루사 집중호우,0000,20020901,2,2002,230,47,47130
287,1452.920137255,179.1537222331998,591725,1600,20020831,"농경지 침수 및 농작물 피해, 하우스 파손",2.13,2002년도 제 15호태풍 루사 집중호우,0000,20020901,5,2002,126,47,47130
288,3635.66551232,314.5613943790865,421755,1600,20020831,"농경지 침수 및 농작물 피해, 하우스 파손",1.75,2002년도 제 15호태풍 루사 집중호우,0000,20020901,4,2002,227,47,47130
277,8585.22080651,382.928861534636,47274,1600,20020831,"농경지 침수 및 농작물 피해, 하우스 파손",2.25,2002년도 제 15호태풍 루사 집중호우,0000,20020901,5,2002,31,47,47130
278,1578.0900989,308.59550569544,591725,1600,20020831,"농경지 침수 및 농작물 피해, 하우스 파손",0.95,2002년도 제 15호태풍 루사 집중호우,0000,20020901,2,2002,2,47,47130
279,1411.743505765,244.64093166652648,140736,1600,20020831,"농경지 침수 및 농작물 피해, 하우스 파손",0.75,2002년도 제 15호태풍 루사 집중호우,0000,20020901,2,2002,263,47,47130
280,4627.166960175,329.52706311936817,591725,1600,20020831,"농경지 침수 및 농작물 피해, 하우스 파손",2.13,2002년도 제 15호태풍 루사 집중호우,0000,20020901,5,2002,92,47,47130
281,8995.710869285,488.4904995243557,47274,1600,20020831,"농경지 침수 및 농작물 피해, 하우스 파손",0.72,2002년도 제 15호태풍 루사 집중호우,0000,20020901,2,2002,306,47,47130
282,1439.211523725,303.7657481181643,591725,1600,20020831,"농경지 침수 및 농작물 피해, 하우스 파손",0.95,2002년도 제 15호태풍 루사 집중호우,0000,20020901,2,2002,179,47,47130
283,39126.129898805,894.350411739929,541340,1600,20020831,"농경지 침수 및 농작물 피해, 하우스 파손",2.15,2002년도 제 15호태풍 루사 집중호우,0000,20020901,5,2002,106,47,47130
284,28998.11383721,771.1199922417603,541340,1600,20020831,"농경지 침수 및 농작물 피해, 하우스 파손",1.24,2002년도 제 15호태풍 루사 집중호우,0000,20020901,3,2002,143,47,47130
285,4564.91665402,328.70119353652314,47274,1600,20020831,"농경지 침수 및 농작물 피해, 하우스 파손",2.11,2002년도 제 15호태풍 루사 집중호우,0000,20020901,5,2002,127,47,47130
286,10536.061601705,544.3526714834072,47274,1600,20020831,"농경지 침수 및 농작물 피해, 하우스 파손",1.25,2002년도 제 15호태풍 루사 집중호우,0000,20020901,3,2002,226,47,47130
289,19548.356207335,616.6582310704873,591725,1600,20020831,"농경지 침수 및 농작물 피해, 하우스 파손",2.13,2002년도 제 15호태풍 루사 집중호우,0000,20020901,5,2002,124,47,47130
290,20708.383881415,684.5903707501639,111757,1600,20020831,"농경지 침수 및 농작물 피해, 하우스 파손",0.85,2002년도 제 15호태풍 루사 집중호우,0000,20020901,2,2002,136,47,47130
291,4920.989628015,309.3743269316454,275165,1600,20020831,"농경지 침수 및 농작물 피해, 하우스 파손",0.32,2002년도 제 15호태풍 루사 집중호우,0000,20020901,1,2002,102,47,47130
292,4684.742830885,346.93031134633935,541340,1600,20020831,"농경지 침수 및 농작물 피해, 하우스 파손",1.24,2002년도 제 15호태풍 루사 집중호우,0000,20020901,3,2002,41,47,47130
293,5860.18561554,339.6776484475562,541340,1600,20020831,"농경지 침수 및 농작물 피해, 하우스 파손",1.84,2002년도 제 15호태풍 루사 집중호우,0000,20020901,4,2002,245,47,47130
294,1123.593904495,154.07529202188235,591725,1600,20020831,"농경지 침수 및 농작물 피해, 하우스 파손",1.21,2002년도 제 15호태풍 루사 집중호우,0000,20020901,3,2002,194,47,47130
295,16539.161150235,639.2085159561539,47274,1600,20020831,"농경지 침수 및 농작물 피해, 하우스 파손",0.42,2002년도 제 15호태풍 루사 집중호우,0000,20020901,1,2002,38,47,47130
296,5213.75464898,372.866182477153,421755,1600,20020831,"농경지 침수 및 농작물 피해, 하우스 파손",1.75,2002년도 제 15호태풍 루사 집중호우,0000,20020901,4,2002,70,47,47130
297,4562.800019765,290.17775903469874,421755,1600,20020831,"농경지 침수 및 농작물 피해, 하우스 파손",0.86,2002년도 제 15호태풍 루사 집중호우,0000,20020901,2,2002,15,47,47130
298,6003.574607705,313.6438262335805,591725,1600,20020831,"농경지 침수 및 농작물 피해, 하우스 파손",0.18,2002년도 제 15호태풍 루사 집중호우,0000,20020901,1,2002,158,47,47130
299,524.740947175,112.30217900092732,591725,1600,20020831,"농경지 침수 및 농작물 피해, 하우스 파손",0.95,2002년도 제 15호태풍 루사 집중호우,0000,20020901,2,2002,48,47,47130
300,9322.299588755,414.6279758108994,140736,1600,20020831,"농경지 침수 및 농작물 피해, 하우스 파손",0.75,2002년도 제 15호태풍 루사 집중호우,0000,20020901,2,2002,293,47,47130
301,32486.254533455,797.8062676801746,541340,1600,20020831,"농경지 침수 및 농작물 피해, 하우스 파손",1.84,2002년도 제 15호태풍 루사 집중호우,0000,20020901,4,2002,36,47,47130
302,30007.444735385,1131.784844697558,591725,1600,20020831,"농경지 침수 및 농작물 피해, 하우스 파손",2.88,2002년도 제 15호태풍 루사 집중호우,0000,20020901,5,2002,4,47,47130
303,4628.98395994,271.6209573181624,591725,1600,20020831,"농경지 침수 및 농작물 피해, 하우스 파손",2.88,2002년도 제 15호태풍 루사 집중호우,0000,20020901,5,2002,259,47,47130
304,2324.12553084,239.6264122777437,541340,1600,20020831,"농경지 침수 및 농작물 피해, 하우스 파손",2.15,2002년도 제 15호태풍 루사 집중호우,0000,20020901,5,2002,184,47,47130
305,7647.4536858,352.2539614824805,47274,1600,20020831,"농경지 침수 및 농작물 피해, 하우스 파손",1.68,2002년도 제 15호태풍 루사 집중호우,0000,20020901,4,2002,286,47,47130
306,6926.82328591,422.7590705381345,591725,1600,20020831,"농경지 침수 및 농작물 피해, 하우스 파손",2.13,2002년도 제 15호태풍 루사 집중호우,0000,20020901,5,2002,112,47,47130
307,10279.70546742,561.6759954645335,591725,1600,20020831,"농경지 침수 및 농작물 피해, 하우스 파손",0.18,2002년도 제 15호태풍 루사 집중호우,0000,20020901,1,2002,135,47,47130
308,4771.746897025,334.5042082213615,591725,1600,20020831,"농경지 침수 및 농작물 피해, 하우스 파손",0.18,2002년도 제 15호태풍 루사 집중호우,0000,20020901,1,2002,44,47,47130
309,4558.43806873,321.804570611383,591725,1600,20020831,"농경지 침수 및 농작물 피해, 하우스 파손",1.77,2002년도 제 15호태풍 루사 집중호우,0000,20020901,4,2002,110,47,47130
310,4781.466386525,365.8525287901803,591725,1600,20020831,"농경지 침수 및 농작물 피해, 하우스 파손",0.95,2002년도 제 15호태풍 루사 집중호우,0000,20020901,2,2002,149,47,47130
311,4159.22264414,362.9765709639957,591725,1600,20020831,"농경지 침수 및 농작물 피해, 하우스 파손",2.13,2002년도 제 15호태풍 루사 집중호우,0000,20020901,5,2002,164,47,47130
312,8356.90670258,405.05154454466805,111757,1600,20020831,"농경지 침수 및 농작물 피해, 하우스 파손",0.28,2002년도 제 15호태풍 루사 집중호우,0000,20020901,1,2002,6,47,47130
313,24469.0581208,643.2605578649737,541340,1600,20020831,"농경지 침수 및 농작물 피해, 하우스 파손",1.24,2002년도 제 15호태풍 루사 집중호우,0000,20020901,3,2002,146,47,47130
314,768.264451495,174.69626084160527,421755,1600,20020831,"농경지 침수 및 농작물 피해, 하우스 파손",1.28,2002년도 제 15호태풍 루사 집중호우,0000,20020901,3,2002,211,47,47130
315,3184.39592616,247.93555530625386,541340,1600,20020831,"농경지 침수 및 농작물 피해, 하우스 파손",0.2,2002년도 제 15호태풍 루사 집중호우,0000,20020901,1,2002,283,47,47130
316,2657.48951818,226.68573331395592,47274,1600,20020831,"농경지 침수 및 농작물 피해, 하우스 파손",2.11,2002년도 제 15호태풍 루사 집중호우,0000,20020901,5,2002,231,47,47130
317,6075.382132505,320.189615937352,275165,1600,20020831,"농경지 침수 및 농작물 피해, 하우스 파손",0.32,2002년도 제 15호태풍 루사 집중호우,0000,20020901,1,2002,57,47,47130
318,25730.277267135,666.256970939952,541340,1600,20020831,"농경지 침수 및 농작물 피해, 하우스 파손",1.84,2002년도 제 15호태풍 루사 집중호우,0000,20020901,4,2002,284,47,47130
319,6259.439853405,373.3539740227447,111757,1600,20020831,"농경지 침수 및 농작물 피해, 하우스 파손",2.54,2002년도 제 15호태풍 루사 집중호우,0000,20020901,5,2002,42,47,47130
320,4172.15144675,270.017157911012,591725,1600,20020831,"농경지 침수 및 농작물 피해, 하우스 파손",2.13,2002년도 제 15호태풍 루사 집중호우,0000,20020901,5,2002,301,47,47130
321,19062.773106035,555.4496591317488,140736,1600,20020831,"농경지 침수 및 농작물 피해, 하우스 파손",0.21,2002년도 제 15호태풍 루사 집중호우,0000,20020901,1,2002,147,47,47130
322,16580.947574175,539.5842598205015,591725,1600,20020831,"농경지 침수 및 농작물 피해, 하우스 파손",2.88,2002년도 제 15호태풍 루사 집중호우,0000,20020901,5,2002,60,47,47130
323,1194.566002235,146.99572874473702,111757,1600,20020831,"농경지 침수 및 농작물 피해, 하우스 파손",1.26,2002년도 제 15호태풍 루사 집중호우,0000,20020901,3,2002,187,47,47130
324,28398.818342525,1163.1598272719712,421755,1600,20020831,"농경지 침수 및 농작물 피해, 하우스 파손",1.28,2002년도 제 15호태풍 루사 집중호우,0000,20020901,3,2002,153,47,47130
325,982.708594205,189.4106568564946,111757,1600,20020831,"농경지 침수 및 농작물 피해, 하우스 파손",0.28,2002년도 제 15호태풍 루사 집중호우,0000,20020901,1,2002,163,47,47130
326,1953.98169934,216.1455401003403,591725,1600,20020831,"농경지 침수 및 농작물 피해, 하우스 파손",1.28,2002년도 제 15호태풍 루사 집중호우,0000,20020901,3,2002,77,47,47130
327,19045.39267849,548.8379097296112,140736,1600,20020831,"농경지 침수 및 농작물 피해, 하우스 파손",1.14,2002년도 제 15호태풍 루사 집중호우,0000,20020901,3,2002,37,47,47130
328,27846.68143215,822.245686225264,275165,1600,20020831,"농경지 침수 및 농작물 피해, 하우스 파손",1.38,2002년도 제 15호태풍 루사 집중호우,0000,20020901,3,2002,148,47,47130
329,30316.098846365,793.0382919471516,421755,1600,20020831,"농경지 침수 및 농작물 피해, 하우스 파손",0.86,2002년도 제 15호태풍 루사 집중호우,0000,20020901,2,2002,67,47,47130
330,620.942730815,113.75957153108313,111757,1600,20020831,"농경지 침수 및 농작물 피해, 하우스 파손",0.28,2002년도 제 15호태풍 루사 집중호우,0000,20020901,1,2002,191,47,47130
331,13028.52008767,472.983880322158,140736,1600,20020831,"농경지 침수 및 농작물 피해, 하우스 파손",0.21,2002년도 제 15호태풍 루사 집중호우,0000,20020901,1,2002,66,47,47130
332,30067.6703602,951.5280645525552,591725,1600,20020831,"농경지 침수 및 농작물 피해, 하우스 파손",1.21,2002년도 제 15호태풍 루사 집중호우,0000,20020901,3,2002,17,47,47130
333,22269.61700706,647.523745308819,421755,1600,20020831,"농경지 침수 및 농작물 피해, 하우스 파손",1.28,2002년도 제 15호태풍 루사 집중호우,0000,20020901,3,2002,68,47,47130
334,2378.26320787,198.38577743566978,47274,1600,20020831,"농경지 침수 및 농작물 피해, 하우스 파손",1.68,2002년도 제 15호태풍 루사 집중호우,0000,20020901,4,2002,212,47,47130
335,2853.404676615,241.7724413023408,541340,1600,20020831,"농경지 침수 및 농작물 피해, 하우스 파손",0.61,2002년도 제 15호태풍 루사 집중호우,0000,20020901,2,2002,190,47,47130
336,5628.88326294,327.4551618041529,421755,1600,20020831,"농경지 침수 및 농작물 피해, 하우스 파손",1.28,2002년도 제 15호태풍 루사 집중호우,0000,20020901,3,2002,78,47,47130
1392,19434.0246628,587.8298240316418,197,0700,20210824,내수침수,0.5,12호 태풍 오마이스,1200,20210824,2,2021,9079,47,47900
1393,18372.655455825,542.7519231277488,12363,0700,20210824,내수침수,0.5,12호 태풍 오마이스,1200,20210824,2,2021,9080,47,47900
4795,7583.826950225,448.4118118584948,17616,1500,20120917,저지대침수,0.831,16호태풍산바,1900,20120917,2,2012,1091,47,47190
5352,25577.43664556,1895.0709316435498,212792,1600,20080724,집중호우로 인하여 급격히 늘어난 우수와 산사태로 운곡천의 수위상승으로,1.65,2008년도  집중호우,0000,20080726,4,2008,381,47,47920
5353,17996.425737105,699.0776173469814,99600,1600,20080724,집중호우로 인하여 급격히 늘어난 우수와 산사태로 운곡천의 수위상승으로,1.4,2008년도  집중호우,0000,20080726,3,2008,335,47,47920
5354,21851.643879885,1072.9446307519847,263190,1600,20080724,집중호우로 인하여 급격히 늘어난 우수와 산사태로 운곡천의 수위상승으로,1.21,2008년도  집중호우,0000,20080726,3,2008,325,47,47920
5355,3641.15975722,331.2870903214467,307379,1600,20080724,집중호우로 인하여 급격히 늘어난 우수와 산사태로 운곡천의 수위상승으로,1.7,2008년도  집중호우,0000,20080726,4,2008,322,47,47920
5356,4883.1878488,303.15149054756915,99600,1600,20080724,집중호우로 인하여 급격히 늘어난 우수와 산사태로 운곡천의 수위상승으로,1.5,2008년도  집중호우,0000,20080726,4,2008,266,47,47920
5357,7122.044042725,443.87751140378134,21670,1600,20080724,집중호우로 인하여 급격히 늘어난 우수와 산사태로 운곡천의 수위상승으로,1.14,2008년도  집중호우,0000,20080726,3,2008,392,47,47920
5358,10737.688792515,725.7910894119022,21670,1600,20080724,집중호우로 인하여 급격히 늘어난 우수와 산사태로 운곡천의 수위상승으로,0.76,2008년도  집중호우,0000,20080726,2,2008,389,47,47920
5359,17604.562908255,1110.6249388128422,11060,1600,20080724,집중호우로 인하여 급격히 늘어난 우수와 산사태로 운곡천의 수위상승으로,1.03,2008년도  집중호우,0000,20080726,3,2008,390,47,47920
5360,15552.87587189,835.010085123232,21670,1600,20080724,집중호우로 인하여 급격히 늘어난 우수와 산사태로 운곡천의 수위상승으로,0.45,2008년도  집중호우,0000,20080726,1,2008,391,47,47920
5565,10789.05731386,944.4303488759007,307379,1600,20080724,집중호우로 인하여 급격히 늘어난 우수와 산사태로 운곡천의 수위상승으로,0.53,2008년도  집중호우,0000,20080726,2,2008,298,47,47920
5566,2789.239212465,250.69049053444695,263190,1600,20080724,집중호우로 인하여 급격히 늘어난 우수와 산사태로 운곡천의 수위상승으로,0.75,2008년도  집중호우,0000,20080726,2,2008,373,47,47920
5567,3720.939148935,326.9221127765198,307379,1600,20080724,집중호우로 인하여 급격히 늘어난 우수와 산사태로 운곡천의 수위상승으로,1.13,2008년도  집중호우,0000,20080726,3,2008,349,47,47920
5568,7360.25264247,394.03281376514553,23963,1600,20080724,집중호우로 인하여 급격히 늘어난 우수와 산사태로 운곡천의 수위상승으로,1.24,2008년도  집중호우,0000,20080726,3,2008,360,47,47920
5569,2803.14573159,277.7725042953073,307379,1600,20080724,집중호우로 인하여 급격히 늘어난 우수와 산사태로 운곡천의 수위상승으로,0.55,2008년도  집중호우,0000,20080726,2,2008,363,47,47920
5570,16085.74479521,669.3565903679681,212792,1600,20080724,집중호우로 인하여 급격히 늘어난 우수와 산사태로 운곡천의 수위상승으로,0.73,2008년도  집중호우,0000,20080726,2,2008,284,47,47920
5571,12633.85462239,1198.9079772808263,112795,1600,20080724,집중호우로 인하여 급격히 늘어난 우수와 산사태로 운곡천의 수위상승으로,1.5,2008년도  집중호우,0000,20080726,4,2008,326,47,47920
5572,3072.249230475,317.23586487122003,263190,1600,20080724,집중호우로 인하여 급격히 늘어난 우수와 산사태로 운곡천의 수위상승으로,1.2,2008년도  집중호우,0000,20080726,3,2008,315,47,47920
5586,19862.350102155,716.1167264205352,212792,1600,20080724,집중호우로 인하여 급격히 늘어난 우수와 산사태로 운곡천의 수위상승으로,0.61,2008년도  집중호우,0000,20080726,2,2008,311,47,47920
5587,10346.465934645,737.815838395362,263190,1600,20080724,집중호우로 인하여 급격히 늘어난 우수와 산사태로 운곡천의 수위상승으로,2.96,2008년도  집중호우,0000,20080726,5,2008,290,47,47920
5588,59408.782689885,1109.1858665757409,212792,1600,20080724,집중호우로 인하여 급격히 늘어난 우수와 산사태로 운곡천의 수위상승으로,0.77,2008년도  집중호우,0000,20080726,2,2008,334,47,47920
5589,24736.89383758,1698.7340675426778,307379,1600,20080724,집중호우로 인하여 급격히 늘어난 우수와 산사태로 운곡천의 수위상승으로,0.75,2008년도  집중호우,0000,20080726,2,2008,300,47,47920
5590,16569.17989095,564.0288062018648,212792,1600,20080724,집중호우로 인하여 급격히 늘어난 우수와 산사태로 운곡천의 수위상승으로,0.87,2008년도  집중호우,0000,20080726,2,2008,351,47,47920
5633,48500.665560535,1331.0698915243106,21670,1600,20080724,집중호우로 인하여 급격히 늘어난 우수와 산사태로 운곡천의 수위상승으로,0.77,2008년도  집중호우,0000,20080726,2,2008,262,47,47920
5634,19136.116334725,1196.5195815374732,106110,1600,20080724,집중호우로 인하여 급격히 늘어난 우수와 산사태로 운곡천의 수위상승으로,0.95,2008년도  집중호우,0000,20080726,2,2008,264,47,47920
5635,11343.1310259,631.9031589471987,106110,1600,20080724,집중호우로 인하여 급격히 늘어난 우수와 산사태로 운곡천의 수위상승으로,0.83,2008년도  집중호우,0000,20080726,2,2008,261,47,47920
5636,10601.51933012,1068.7166008825307,307379,1600,20080724,집중호우로 인하여 급격히 늘어난 우수와 산사태로 운곡천의 수위상승으로,1.04,2008년도  집중호우,0000,20080726,3,2008,379,47,47920
5637,16328.68359276,513.398873523644,263190,1600,20080724,집중호우로 인하여 급격히 늘어난 우수와 산사태로 운곡천의 수위상승으로,1.17,2008년도  집중호우,0000,20080726,3,2008,388,47,47920
5638,6792.821277905,454.27084206352635,263190,1600,20080724,집중호우로 인하여 급격히 늘어난 우수와 산사태로 운곡천의 수위상승으로,1.5,2008년도  집중호우,0000,20080726,4,2008,345,47,47920
5639,2879.320497675,233.4931028948712,212792,1600,20080724,집중호우로 인하여 급격히 늘어난 우수와 산사태로 운곡천의 수위상승으로,0.44,2008년도  집중호우,0000,20080726,1,2008,303,47,47920
5640,7076.45445332,544.9162073606823,212792,1600,20080724,집중호우로 인하여 급격히 늘어난 우수와 산사태로 운곡천의 수위상승으로,0.55,2008년도  집중호우,0000,20080726,2,2008,321,47,47920
5641,143.2874763,70.8210981894774,263190,1600,20080724,집중호우로 인하여 급격히 늘어난 우수와 산사태로 운곡천의 수위상승으로,1.8,2008년도  집중호우,0000,20080726,4,2008,359,47,47920
5642,18263.916020245,1329.7631222742216,307379,1600,20080724,집중호우로 인하여 급격히 늘어난 우수와 산사태로 운곡천의 수위상승으로,0.85,2008년도  집중호우,0000,20080726,2,2008,302,47,47920
5643,3726.832257935,386.3781702171893,212792,1600,20080724,집중호우로 인하여 급격히 늘어난 우수와 산사태로 운곡천의 수위상승으로,0.65,2008년도  집중호우,0000,20080726,2,2008,367,47,47920
5671,62961.002400805,1850.3625414949,21670,1600,20080724,집중호우로 인하여 급격히 늘어난 우수와 산사태로 운곡천의 수위상승으로,1.56,2008년도  집중호우,0000,20080726,4,2008,259,47,47920
5672,23295.28864268,858.8225390547199,106110,1600,20080724,집중호우로 인하여 급격히 늘어난 우수와 산사태로 운곡천의 수위상승으로,0.75,2008년도  집중호우,0000,20080726,2,2008,265,47,47920
5673,17046.87497742,1391.9645514405495,106110,1600,20080724,집중호우로 인하여 급격히 늘어난 우수와 산사태로 운곡천의 수위상승으로,0.43,2008년도  집중호우,0000,20080726,1,2008,263,47,47920
5674,80046.53385238,1611.19151054689,106110,1600,20080724,집중호우로 인하여 급격히 늘어난 우수와 산사태로 운곡천의 수위상승으로,0.47,2008년도  집중호우,0000,20080726,1,2008,260,47,47920
5675,8338.033986355,659.2927968049805,307379,1600,20080724,집중호우로 인하여 급격히 늘어난 우수와 산사태로 운곡천의 수위상승으로,1.7,2008년도  집중호우,0000,20080726,4,2008,336,47,47920
5676,19068.94779628,1002.853235109285,263190,1600,20080724,집중호우로 인하여 급격히 늘어난 우수와 산사태로 운곡천의 수위상승으로,0.46,2008년도  집중호우,0000,20080726,1,2008,383,47,47920
5677,5332.076487425,415.5140687363747,30604,1600,20080724,집중호우로 인하여 급격히 늘어난 우수와 산사태로 운곡천의 수위상승으로,0.46,2008년도  집중호우,0000,20080726,1,2008,292,47,47920
5678,4878.28273093,376.53830382536717,263190,1600,20080724,집중호우로 인하여 급격히 늘어난 우수와 산사태로 운곡천의 수위상승으로,1.85,2008년도  집중호우,0000,20080726,4,2008,329,47,47920
5679,590.424270295,159.244380346276,307379,1600,20080724,집중호우로 인하여 급격히 늘어난 우수와 산사태로 운곡천의 수위상승으로,1.8,2008년도  집중호우,0000,20080726,4,2008,350,47,47920
5680,23738.027647125,1230.5594831604208,45906,1600,20080724,집중호우로 인하여 급격히 늘어난 우수와 산사태로 운곡천의 수위상승으로,0.72,2008년도  집중호우,0000,20080726,2,2008,361,47,47920
5681,5768.846783025,344.2525603435043,23963,1600,20080724,집중호우로 인하여 급격히 늘어난 우수와 산사태로 운곡천의 수위상승으로,1.3,2008년도  집중호우,0000,20080726,3,2008,283,47,47920
5682,8777.632457285,596.7807240599155,307379,1600,20080724,집중호우로 인하여 급격히 늘어난 우수와 산사태로 운곡천의 수위상승으로,1.25,2008년도  집중호우,0000,20080726,3,2008,353,47,47920
5705,24132.386937215,1500.2883930920862,212792,1600,20080724,집중호우로 인하여 급격히 늘어난 우수와 산사태로 운곡천의 수위상승으로,0.8,2008년도  집중호우,0000,20080726,2,2008,355,47,47920
5706,2881.96946796,250.19783128943868,99600,1600,20080724,집중호우로 인하여 급격히 늘어난 우수와 산사태로 운곡천의 수위상승으로,1.35,2008년도  집중호우,0000,20080726,3,2008,387,47,47920
5707,7079.50990784,629.2475334750143,263190,1600,20080724,집중호우로 인하여 급격히 늘어난 우수와 산사태로 운곡천의 수위상승으로,1.3,2008년도  집중호우,0000,20080726,3,2008,268,47,47920
5708,4617.087727775,371.0249296732951,257929,1600,20080724,집중호우로 인하여 급격히 늘어난 우수와 산사태로 운곡천의 수위상승으로,1.25,2008년도  집중호우,0000,20080726,3,2008,307,47,47920
5709,7379.988653725,369.46527571812624,307379,1600,20080724,집중호우로 인하여 급격히 늘어난 우수와 산사태로 운곡천의 수위상승으로,0.67,2008년도  집중호우,0000,20080726,2,2008,295,47,47920
5710,85401.09595858,2166.8068191985503,263190,1600,20080724,집중호우로 인하여 급격히 늘어난 우수와 산사태로 운곡천의 수위상승으로,0.68,2008년도  집중호우,0000,20080726,2,2008,327,47,47920
5711,23667.78206029,1950.5551477006413,263190,1600,20080724,집중호우로 인하여 급격히 늘어난 우수와 산사태로 운곡천의 수위상승으로,1.45,2008년도  집중호우,0000,20080726,3,2008,286,47,47920
5712,8607.60943743,696.2409711174452,212792,1600,20080724,집중호우로 인하여 급격히 늘어난 우수와 산사태로 운곡천의 수위상승으로,0.5,2008년도  집중호우,0000,20080726,2,2008,352,47,47920
5713,9185.09771702,470.84386871842656,307379,1600,20080724,집중호우로 인하여 급격히 늘어난 우수와 산사태로 운곡천의 수위상승으로,2.3,2008년도  집중호우,0000,20080726,5,2008,313,47,47920
5714,1056.577540875,162.81355763338945,263190,1600,20080724,집중호우로 인하여 급격히 늘어난 우수와 산사태로 운곡천의 수위상승으로,2.7,2008년도  집중호우,0000,20080726,5,2008,282,47,47920
5715,29021.03155481,1753.5109126285806,30604,1600,20080724,집중호우로 인하여 급격히 늘어난 우수와 산사태로 운곡천의 수위상승으로,1.39,2008년도  집중호우,0000,20080726,3,2008,320,47,47920
5735,16886.33127419,654.3292985707802,212792,1600,20080724,집중호우로 인하여 급격히 늘어난 우수와 산사태로 운곡천의 수위상승으로,0.76,2008년도  집중호우,0000,20080726,2,2008,340,47,47920
5736,781.138696895,179.63183844974708,112795,1600,20080724,집중호우로 인하여 급격히 늘어난 우수와 산사태로 운곡천의 수위상승으로,0.76,2008년도  집중호우,0000,20080726,2,2008,305,47,47920
5737,1391.464116655,152.43887142253,23963,1600,20080724,집중호우로 인하여 급격히 늘어난 우수와 산사태로 운곡천의 수위상승으로,0.55,2008년도  집중호우,0000,20080726,2,2008,314,47,47920
5738,3812.823580725,582.1751136792375,307379,1600,20080724,집중호우로 인하여 급격히 늘어난 우수와 산사태로 운곡천의 수위상승으로,1.16,2008년도  집중호우,0000,20080726,3,2008,276,47,47920
5739,3741.30898469,357.9213234751675,263190,1600,20080724,집중호우로 인하여 급격히 늘어난 우수와 산사태로 운곡천의 수위상승으로,2.34,2008년도  집중호우,0000,20080726,5,2008,377,47,47920
5740,145538.758200135,2168.9077923894265,263190,1600,20080724,집중호우로 인하여 급격히 늘어난 우수와 산사태로 운곡천의 수위상승으로,0.5,2008년도  집중호우,0000,20080726,2,2008,312,47,47920
5741,719.690621295,112.60872634612895,99600,1600,20080724,집중호우로 인하여 급격히 늘어난 우수와 산사태로 운곡천의 수위상승으로,0.37,2008년도  집중호우,0000,20080726,1,2008,310,47,47920
5742,2879.1421513,309.4514817348015,112795,1600,20080724,집중호우로 인하여 급격히 늘어난 우수와 산사태로 운곡천의 수위상승으로,2.64,2008년도  집중호우,0000,20080726,5,2008,293,47,47920
5743,1596.54769605,249.26332011701763,307379,1600,20080724,집중호우로 인하여 급격히 늘어난 우수와 산사태로 운곡천의 수위상승으로,2.75,2008년도  집중호우,0000,20080726,5,2008,330,47,47920
5744,11798.890015905,479.4099479336871,99600,1600,20080724,집중호우로 인하여 급격히 늘어난 우수와 산사태로 운곡천의 수위상승으로,0.35,2008년도  집중호우,0000,20080726,1,2008,357,47,47920
5745,5580.19755264,377.85703927185983,23963,1600,20080724,집중호우로 인하여 급격히 늘어난 우수와 산사태로 운곡천의 수위상승으로,0.42,2008년도  집중호우,0000,20080726,1,2008,337,47,47920
5746,6101.633802405,593.8672506415187,257929,1600,20080724,집중호우로 인하여 급격히 늘어난 우수와 산사태로 운곡천의 수위상승으로,0.82,2008년도  집중호우,0000,20080726,2,2008,386,47,47920
5747,587.20343817,148.5198317870827,307379,1600,20080724,집중호우로 인하여 급격히 늘어난 우수와 산사태로 운곡천의 수위상승으로,2.94,2008년도  집중호우,0000,20080726,5,2008,370,47,47920
5748,22372.989718655,1220.137864154895,307379,1600,20080724,집중호우로 인하여 급격히 늘어난 우수와 산사태로 운곡천의 수위상승으로,2,2008년도  집중호우,0000,20080726,5,2008,308,47,47920
5749,30461.370977385,1091.726061402663,263190,1600,20080724,집중호우로 인하여 급격히 늘어난 우수와 산사태로 운곡천의 수위상승으로,1.16,2008년도  집중호우,0000,20080726,3,2008,356,47,47920
5778,9248.699197115,1081.629957660756,30604,1600,20080724,집중호우로 인하여 급격히 늘어난 우수와 산사태로 운곡천의 수위상승으로,1.91,2008년도  집중호우,0000,20080726,4,2008,287,47,47920
5779,2078.107421385,221.58388882758427,307379,1600,20080724,집중호우로 인하여 급격히 늘어난 우수와 산사태로 운곡천의 수위상승으로,2.5,2008년도  집중호우,0000,20080726,5,2008,319,47,47920
5780,19601.420936935,1241.6940940029815,307379,1600,20080724,집중호우로 인하여 급격히 늘어난 우수와 산사태로 운곡천의 수위상승으로,1.78,2008년도  집중호우,0000,20080726,4,2008,277,47,47920
5781,4406.242562445,619.3840098509263,30604,1600,20080724,집중호우로 인하여 급격히 늘어난 우수와 산사태로 운곡천의 수위상승으로,1.12,2008년도  집중호우,0000,20080726,3,2008,318,47,47920
5782,9268.68969242,484.4385648905479,257929,1600,20080724,집중호우로 인하여 급격히 늘어난 우수와 산사태로 운곡천의 수위상승으로,0.98,2008년도  집중호우,0000,20080726,2,2008,374,47,47920
5783,17121.49171701,837.640451691894,263190,1600,20080724,집중호우로 인하여 급격히 늘어난 우수와 산사태로 운곡천의 수위상승으로,0.73,2008년도  집중호우,0000,20080726,2,2008,378,47,47920
5784,2998.819578575,313.3917578252526,307379,1600,20080724,집중호우로 인하여 급격히 늘어난 우수와 산사태로 운곡천의 수위상승으로,1.38,2008년도  집중호우,0000,20080726,3,2008,364,47,47920
5785,7461.08538497,580.3181807267563,23963,1600,20080724,집중호우로 인하여 급격히 늘어난 우수와 산사태로 운곡천의 수위상승으로,0.34,2008년도  집중호우,0000,20080726,1,2008,333,47,47920
5786,4730.1955984,309.1617726108219,99600,1600,20080724,집중호우로 인하여 급격히 늘어난 우수와 산사태로 운곡천의 수위상승으로,0.64,2008년도  집중호우,0000,20080726,2,2008,331,47,47920
5787,42872.81066969,2188.256585324624,212792,1600,20080724,집중호우로 인하여 급격히 늘어난 우수와 산사태로 운곡천의 수위상승으로,0.75,2008년도  집중호우,0000,20080726,2,2008,269,47,47920
5788,27211.226348945,1228.134692888403,307379,1600,20080724,집중호우로 인하여 급격히 늘어난 우수와 산사태로 운곡천의 수위상승으로,0.5,2008년도  집중호우,0000,20080726,2,2008,369,47,47920
5824,9467.44704092,511.43678305107227,212792,1600,20080724,집중호우로 인하여 급격히 늘어난 우수와 산사태로 운곡천의 수위상승으로,0.48,2008년도  집중호우,0000,20080726,1,2008,279,47,47920
5825,14473.63650138,1380.5609360968037,257929,1600,20080724,집중호우로 인하여 급격히 늘어난 우수와 산사태로 운곡천의 수위상승으로,0.36,2008년도  집중호우,0000,20080726,1,2008,281,47,47920
5826,34863.105738135,968.2976782484643,263190,1600,20080724,집중호우로 인하여 급격히 늘어난 우수와 산사태로 운곡천의 수위상승으로,0.79,2008년도  집중호우,0000,20080726,2,2008,354,47,47920
5827,3829.295772775,462.4246316182062,263190,1600,20080724,집중호우로 인하여 급격히 늘어난 우수와 산사태로 운곡천의 수위상승으로,0.85,2008년도  집중호우,0000,20080726,2,2008,291,47,47920
5828,25569.09640889,1015.69364087122,212792,1600,20080724,집중호우로 인하여 급격히 늘어난 우수와 산사태로 운곡천의 수위상승으로,0.66,2008년도  집중호우,0000,20080726,2,2008,288,47,47920
5829,53144.263146775,3321.256141130018,263190,1600,20080724,집중호우로 인하여 급격히 늘어난 우수와 산사태로 운곡천의 수위상승으로,0.83,2008년도  집중호우,0000,20080726,2,2008,294,47,47920
5830,31406.35112255,1201.1842602708978,263190,1600,20080724,집중호우로 인하여 급격히 늘어난 우수와 산사태로 운곡천의 수위상승으로,1.3,2008년도  집중호우,0000,20080726,3,2008,368,47,47920
5831,19772.566814625,806.495087864197,263190,1600,20080724,집중호우로 인하여 급격히 늘어난 우수와 산사태로 운곡천의 수위상승으로,0.72,2008년도  집중호우,0000,20080726,2,2008,301,47,47920
5857,59212.41497756,3237.353308536408,212792,1600,20080724,집중호우로 인하여 급격히 늘어난 우수와 산사태로 운곡천의 수위상승으로,1.54,2008년도  집중호우,0000,20080726,4,2008,365,47,47920
5858,9864.57715376,639.656039864055,112795,1600,20080724,집중호우로 인하여 급격히 늘어난 우수와 산사태로 운곡천의 수위상승으로,0.79,2008년도  집중호우,0000,20080726,2,2008,289,47,47920
5859,1437.12358426,270.3734397484524,45906,1600,20080724,집중호우로 인하여 급격히 늘어난 우수와 산사태로 운곡천의 수위상승으로,1.1,2008년도  집중호우,0000,20080726,3,2008,297,47,47920
5860,11466.318281775,1066.129255461977,257929,1600,20080724,집중호우로 인하여 급격히 늘어난 우수와 산사태로 운곡천의 수위상승으로,1.45,2008년도  집중호우,0000,20080726,3,2008,384,47,47920
5861,2085.84639295,222.18517806680742,263190,1600,20080724,집중호우로 인하여 급격히 늘어난 우수와 산사태로 운곡천의 수위상승으로,2.71,2008년도  집중호우,0000,20080726,5,2008,285,47,47920
5862,7779.833659325,531.9276529869394,112795,1600,20080724,집중호우로 인하여 급격히 늘어난 우수와 산사태로 운곡천의 수위상승으로,0.88,2008년도  집중호우,0000,20080726,2,2008,347,47,47920
5863,31428.86403615,887.1395521593116,212792,1600,20080724,집중호우로 인하여 급격히 늘어난 우수와 산사태로 운곡천의 수위상승으로,0.64,2008년도  집중호우,0000,20080726,2,2008,304,47,47920
5864,7320.876010005,517.470805117257,307379,1600,20080724,집중호우로 인하여 급격히 늘어난 우수와 산사태로 운곡천의 수위상승으로,1.2,2008년도  집중호우,0000,20080726,3,2008,380,47,47920
5865,5346.45443174,649.8716345191747,99600,1600,20080724,집중호우로 인하여 급격히 늘어난 우수와 산사태로 운곡천의 수위상승으로,1.48,2008년도  집중호우,0000,20080726,3,2008,267,47,47920
5866,25089.383574385,772.3365707565285,263190,1600,20080724,집중호우로 인하여 급격히 늘어난 우수와 산사태로 운곡천의 수위상승으로,0.46,2008년도  집중호우,0000,20080726,1,2008,358,47,47920
5867,33925.723504355,1156.711170888039,212792,1600,20080724,집중호우로 인하여 급격히 늘어난 우수와 산사태로 운곡천의 수위상승으로,1.79,2008년도  집중호우,0000,20080726,4,2008,323,47,47920
5988,26443.9466102,1043.8313479569274,212792,1600,20080724,집중호우로 인하여 급격히 늘어난 우수와 산사태로 운곡천의 수위상승으로,0.85,2008년도  집중호우,0000,20080726,2,2008,299,47,47920
5989,560.607122335,105.88652168018352,307379,1600,20080724,집중호우로 인하여 급격히 늘어난 우수와 산사태로 운곡천의 수위상승으로,0.85,2008년도  집중호우,0000,20080726,2,2008,274,47,47920
5990,16597.55147026,857.680777792287,307379,1600,20080724,집중호우로 인하여 급격히 늘어난 우수와 산사태로 운곡천의 수위상승으로,1.5,2008년도  집중호우,0000,20080726,4,2008,362,47,47920
6763,5186.53657127,458.9884885434729,307379,1600,20080724,집중호우로 인하여 급격히 늘어난 우수와 산사태로 운곡천의 수위상승으로,1.65,2008년도  집중호우,0000,20080726,4,2008,343,47,47920
6781,3761.09359528,413.7271110768273,112795,1600,20080724,집중호우로 인하여 급격히 늘어난 우수와 산사태로 운곡천의 수위상승으로,2.45,2008년도  집중호우,0000,20080726,5,2008,309,47,47920
6782,1194.04435919,297.0184164474474,112795,1600,20080724,집중호우로 인하여 급격히 늘어난 우수와 산사태로 운곡천의 수위상승으로,0.58,2008년도  집중호우,0000,20080726,2,2008,271,47,47920
6783,19438.94820493,1049.538027421035,112795,1600,20080724,집중호우로 인하여 급격히 늘어난 우수와 산사태로 운곡천의 수위상승으로,1.2,2008년도  집중호우,0000,20080726,3,2008,342,47,47920
6784,18505.778246935,605.6236248591592,45906,1600,20080724,집중호우로 인하여 급격히 늘어난 우수와 산사태로 운곡천의 수위상승으로,0.84,2008년도  집중호우,0000,20080726,2,2008,371,47,47920
6787,17760.44852013,842.5239967601357,45906,1600,20080724,집중호우로 인하여 급격히 늘어난 우수와 산사태로 운곡천의 수위상승으로,1.52,2008년도  집중호우,0000,20080726,4,2008,306,47,47920
6788,1570.02692315,244.47468851766317,263190,1600,20080724,집중호우로 인하여 급격히 늘어난 우수와 산사태로 운곡천의 수위상승으로,2.1,2008년도  집중호우,0000,20080726,5,2008,317,47,47920
6789,7501.68575754,607.3719615533424,112795,1600,20080724,집중호우로 인하여 급격히 늘어난 우수와 산사태로 운곡천의 수위상승으로,2.39,2008년도  집중호우,0000,20080726,5,2008,346,47,47920
6790,971.30582594,398.50987051567114,307379,1600,20080724,집중호우로 인하여 급격히 늘어난 우수와 산사태로 운곡천의 수위상승으로,1.18,2008년도  집중호우,0000,20080726,3,2008,296,47,47920
6791,160673.758846775,1961.7252358487726,257929,1600,20080724,집중호우로 인하여 급격히 늘어난 우수와 산사태로 운곡천의 수위상승으로,0.96,2008년도  집중호우,0000,20080726,2,2008,339,47,47920
6792,7400.382059115,494.00910476306564,99600,1600,20080724,집중호우로 인하여 급격히 늘어난 우수와 산사태로 운곡천의 수위상승으로,0.62,2008년도  집중호우,0000,20080726,2,2008,280,47,47920
6793,2225.50039434,349.44457583129963,307379,1600,20080724,집중호우로 인하여 급격히 늘어난 우수와 산사태로 운곡천의 수위상승으로,0.85,2008년도  집중호우,0000,20080726,2,2008,385,47,47920
6794,4946.355913795,341.12380119137043,212792,1600,20080724,집중호우로 인하여 급격히 늘어난 우수와 산사태로 운곡천의 수위상승으로,0.32,2008년도  집중호우,0000,20080726,1,2008,366,47,47920
6795,18823.77912407,759.115502517304,212792,1600,20080724,집중호우로 인하여 급격히 늘어난 우수와 산사태로 운곡천의 수위상승으로,0.54,2008년도  집중호우,0000,20080726,2,2008,372,47,47920
6796,1183.143103025,149.28707579658254,263190,1600,20080724,집중호우로 인하여 급격히 늘어난 우수와 산사태로 운곡천의 수위상승으로,2,2008년도  집중호우,0000,20080726,5,2008,332,47,47920
6797,2208.24028278,248.81324759662115,307379,1600,20080724,집중호우로 인하여 급격히 늘어난 우수와 산사태로 운곡천의 수위상승으로,1.3,2008년도  집중호우,0000,20080726,3,2008,344,47,47920
6819,32766.965538285,1358.6253295097385,307379,1600,20080724,집중호우로 인하여 급격히 늘어난 우수와 산사태로 운곡천의 수위상승으로,1.9,2008년도  집중호우,0000,20080726,4,2008,341,47,47920
6820,5891.11746221,365.2855579001001,212792,1600,20080724,집중호우로 인하여 급격히 늘어난 우수와 산사태로 운곡천의 수위상승으로,0.58,2008년도  집중호우,0000,20080726,2,2008,275,47,47920
6833,11231.070825555,767.9835777904218,99600,1600,20080724,집중호우로 인하여 급격히 늘어난 우수와 산사태로 운곡천의 수위상승으로,0.21,2008년도  집중호우,0000,20080726,1,2008,316,47,47920
6821,104952.678960815,2286.2384263283634,257929,1600,20080724,집중호우로 인하여 급격히 늘어난 우수와 산사태로 운곡천의 수위상승으로,0.41,2008년도  집중호우,0000,20080726,1,2008,376,47,47920
6822,44247.774567635,1267.1622505638925,99600,1600,20080724,집중호우로 인하여 급격히 늘어난 우수와 산사태로 운곡천의 수위상승으로,1.37,2008년도  집중호우,0000,20080726,3,2008,270,47,47920
6823,1938.66968208,249.93853772677528,263190,1600,20080724,집중호우로 인하여 급격히 늘어난 우수와 산사태로 운곡천의 수위상승으로,1.5,2008년도  집중호우,0000,20080726,4,2008,382,47,47920
6824,52136.025457535,2070.851983037998,212792,1600,20080724,집중호우로 인하여 급격히 늘어난 우수와 산사태로 운곡천의 수위상승으로,0.95,2008년도  집중호우,0000,20080726,2,2008,375,47,47920
6825,6061.15640602,639.9865662216669,307379,1600,20080724,집중호우로 인하여 급격히 늘어난 우수와 산사태로 운곡천의 수위상승으로,0.9,2008년도  집중호우,0000,20080726,2,2008,328,47,47920
6830,13706.65829511,825.20962224532,45906,1600,20080724,집중호우로 인하여 급격히 늘어난 우수와 산사태로 운곡천의 수위상승으로,0.76,2008년도  집중호우,0000,20080726,2,2008,348,47,47920
6834,1533.12774438,183.866859433779,307379,1600,20080724,집중호우로 인하여 급격히 늘어난 우수와 산사태로 운곡천의 수위상승으로,1.2,2008년도  집중호우,0000,20080726,3,2008,278,47,47920
6835,45594.49080982,1088.6547514451117,99600,1600,20080724,집중호우로 인하여 급격히 늘어난 우수와 산사태로 운곡천의 수위상승으로,0.47,2008년도  집중호우,0000,20080726,1,2008,272,47,47920
6836,10007.025983855,409.7117250665282,23963,1600,20080724,집중호우로 인하여 급격히 늘어난 우수와 산사태로 운곡천의 수위상승으로,1.28,2008년도  집중호우,0000,20080726,3,2008,273,47,47920
6837,900.378885595,146.04964988117356,263190,1600,20080724,집중호우로 인하여 급격히 늘어난 우수와 산사태로 운곡천의 수위상승으로,1.5,2008년도  집중호우,0000,20080726,4,2008,338,47,47920
6838,11351.4202319,767.0884314672976,212792,1600,20080724,집중호우로 인하여 급격히 늘어난 우수와 산사태로 운곡천의 수위상승으로,0.76,2008년도  집중호우,0000,20080726,2,2008,324,47,47920
8639,7532.62262821,369.78898330580427,104477,1500,20120917,태풍 산바에 따른 구거 역류,1.157,2012년 태풍 산바에 따른 침수,0800,20120919,3,2012,1133,47,47250
8022,34905.013617095,1373.2571925196094,139971,1900,20110709,집중호우로인한 하천 범람,0.524,2011년 집중호우,1000,20110710,2,2011,748,47,47820
8023,24400.13638277,1181.5457410630754,139971,1900,20110709,집중호우로인한 하천 범람,0.632,2011년 집중호우,1000,20110710,2,2011,746,47,47820
8024,263690.75695104,3895.890640502605,113194,1000,20110709,집중호우로인한 하천 범람,0.321,2011년 집중호우,1800,20110710,1,2011,749,47,47820
8025,2756.08121311,234.56833825566792,113194,1000,20110709,집중호우로 인한 하천 범람,1.242,2011년 집중호우,1800,20110710,3,2011,745,47,47820
8026,55652.693395665,1539.947918497265,113194,1000,20110709,집중호우로인한 하천 범람,0.515,2011년 집중호우,1800,20110710,2,2011,736,47,47820
8693,8732.714628695,448.1920546066759,615127,0800,20120917,저지대로인한 강물 역류,0.809,제16호태풍(산바),0500,20120918,2,2012,883,47,47130
8709,8574.61735929,467.42750695502076,252894,0800,20120917,형산강물 역류로인한 침수,0.419,제16호태풍(산바),0500,20120918,1,2012,879,47,47130
8194,4399.712739515,341.78958255720966,113194,1000,20110709,집중호우로 인한 하천 범람,0.47,2011년 집중호우,1800,20110710,1,2011,743,47,47820
8195,22516.11104848,1299.6668933822334,113194,1000,20110709,집중호우로 인한 하천 범람,0.358,2011년 집중호우,1800,20110710,1,2011,741,47,47820
8196,36814.48141363,950.86417804443,113194,1000,20110709,집중호우로인한 하천 범람,1.133,2011년 집중호우,1800,20110710,3,2011,740,47,47820
8710,10995.86091891,470.6300491045839,252894,0800,20120917,형산강물 역류로인한 침수,0.438,제16호태풍(산바),0500,20120918,1,2012,871,47,47130
8790,3845.592926945,258.3152563661535,93913,0500,20120917,형산강물 역류 및 농경지 배수로 협소,2.369,제16호태풍(산바),0800,20120918,5,2012,923,47,47130
8483,74541.542257065,2244.9122808101492,139971,1900,20110709,집중호우로인한 하천 범람,0.656,2011년 집중호우,1000,20110710,2,2011,747,47,47820
8488,701.36079176,106.6971319053087,113194,1000,20110709,집중호우로 인한 하천 범람,0.053,2011년 집중호우,1800,20110710,1,2011,751,47,47820
8489,32749.025252555,898.6745959221232,139971,1900,20110709,집중호우로인한 하천 범람,0.185,2011년 집중호우,1000,20110710,1,2011,737,47,47820
8490,8277.139324455,425.03823612797873,139971,1900,20110709,집중호우로인한 하천 범람,1.152,2011년 집중호우,1000,20110710,3,2011,738,47,47820
8491,4518.20766422,483.2691393735527,113194,1000,20110709,집중호우로 인한 하천 범람,1.139,2011년 집중호우,1800,20110710,3,2011,739,47,47820
8512,1645.583764865,169.15350591103098,113194,1000,20110709,집중호우로인한 하천 범람,0.075,2011년 집중호우,1800,20110710,1,2011,750,47,47820
8507,37698.726624335,1912.2235761985264,139971,1900,20110709,집중호우로인한 하천 범람,0.25,2011년 집중호우,1000,20110710,1,2011,744,47,47820
8511,110573.7349405,2571.412580782892,113194,1000,20110709,집중호우로 인한 하천 범람,0.735,2011년 집중호우,1800,20110710,2,2011,742,47,47820
8513,17202.321576835,583.7340780782029,113194,1000,20110709,집중호우로인한 하천 범람,0.975,2011년 집중호우,1800,20110710,2,2011,752,47,47820
8528,228856.139566875,2545.9297200876263,82825,0500,20120917,저지대로인한 침수,2.237,제16호태풍(산바),0800,20120918,5,2012,875,47,47130
8529,48897.03249122,1199.5267409761009,615127,0800,20120917,저지대로인한 강물 역류,0.548,제16호태풍(산바),0500,20120918,2,2012,837,47,47130
8530,133172.38629197,1655.8102187639727,147445,0800,20120917,저지대로인한 침수,0.918,제16호태풍(산바),0500,20120918,2,2012,861,47,47130
8531,134296.744483745,1914.9556452706083,82825,0500,20120917,저지대로인한 침수,0.822,제16호태풍(산바),0800,20120918,2,2012,887,47,47130
8532,5605.900984175,530.1194203926002,82825,0500,20120917,저지대로인한 침수,2.036,제16호태풍(산바),0800,20120918,5,2012,873,47,47130
8533,268914.667095855,3219.5133256062945,147445,0800,20120917,저지대로인한 침수,1.472,제16호태풍(산바),0500,20120918,3,2012,847,47,47130
8534,2129.36420106,210.74589858666008,143142,1400,20120917,제방붕괴로인한침수,3.175,16호태풍 산바로 인한침수,1500,20120918,6,2012,959,47,47150
8535,22237.313468875,904.7600590832766,143142,1400,20120917,제방붕괴로인한침수,1.582,16호태풍 산바로 인한침수,1500,20120918,4,2012,971,47,47150
8536,4187.886529075,299.6752378894038,143142,1400,20120917,제방붕괴로인한침수,1.926,16호태풍 산바로 인한침수,1500,20120918,4,2012,973,47,47150
8537,49584.06148619,1138.1974811460468,143142,1400,20120917,제방붕괴로인한침수,2.338,16호태풍 산바로 인한침수,1500,20120918,5,2012,969,47,47150
8538,4870.082535845,377.71332410481375,143142,1400,20120917,제방붕괴로인한침수,0.795,16호태풍 산바로 인한침수,1500,20120918,2,2012,967,47,47150
8539,4272.831064535,305.6087789377715,143142,1400,20120917,제방붕괴로인한침수,1.102,16호태풍 산바로 인한침수,1500,20120918,3,2012,960,47,47150
8540,3978.93866316,289.29845251932824,143142,1400,20120917,제방붕괴로인한침수,1.586,16호태풍 산바로 인한침수,1500,20120918,4,2012,975,47,47150
8541,1262.090247435,182.4610818664471,143142,1400,20120917,제방붕괴로인한침수,1.625,16호태풍 산바로 인한침수,1500,20120918,4,2012,962,47,47150
8542,19126.456683695,780.8637312664338,143142,1400,20120917,제방붕괴로인한침수,0.715,16호태풍 산바로 인한침수,1500,20120918,2,2012,957,47,47150
8543,18806.1222504,1058.1456124597198,344752,1400,20120917,제방붕기및하천범람,0.959,16호태풍산바에의한침수,1500,20120918,2,2012,1060,47,47150
8544,12899.724982275,465.1429445756867,344752,1400,20120917,제방붕기및하천범람,0.456,16호태풍산바에의한침수,1500,20120918,1,2012,1049,47,47150
8545,94392.16412741,2082.022336647661,344752,1400,20120917,제방붕기및하천범람,1.328,16호태풍산바에의한침수,1500,20120918,3,2012,1050,47,47150
8546,6729.69047346,516.2418830402962,344752,1400,20120917,제방붕기및하천범람,0.996,16호태풍산바에의한침수,1500,20120918,2,2012,1071,47,47150
8547,2092.54665494,186.07657899985244,344752,1400,20120917,제방붕기및하천범람,0.256,16호태풍산바에의한침수,1500,20120918,1,2012,1061,47,47150
8548,12836.567451005,647.9086615124141,344752,1400,20120917,제방붕괴,0.743,16호태풍산바로인한침수,1500,20120918,2,2012,1064,47,47150
8549,82895.474496965,1692.8330751400053,344752,1400,20120917,제방붕기및하천범람,0.349,16호태풍산바에의한침수,1500,20120918,1,2012,1054,47,47150
8550,190003.12282749,3389.3787978218847,344752,1400,20120917,제방붕기및하천범람,0.85,16호태풍산바에의한침수,1500,20120918,2,2012,1076,47,47150
8551,8638.557119495,591.1535697226097,344752,1400,20120917,제방붕기및하천범람,1.344,16호태풍산바에의한침수,1500,20120918,3,2012,1052,47,47150
8552,2706.70904278,253.20054030177627,344752,1400,20120917,제방붕기및하천범람,0.805,16호태풍산바에의한침수,1500,20120918,2,2012,1055,47,47150
8553,1836.56608571,214.65197942924198,344752,1400,20120917,제방붕기및하천범람,1.222,16호태풍산바에의한침수,1500,20120918,3,2012,1072,47,47150
8554,14684.04194705,502.8612627503127,344752,1400,20120917,제방붕기및하천범람,1.696,16호태풍산바에의한침수,1500,20120918,4,2012,1048,47,47150
8555,6360.354502145,329.7316493600504,344752,1400,20120917,제방붕기및하천범람,0.384,16호태풍산바에의한침수,1500,20120918,1,2012,1074,47,47150
8556,9270.94103636,396.3921566768467,344752,1400,20120917,제방붕기및하천범람,1.489,16호태풍산바에의한침수,1500,20120918,3,2012,1069,47,47150
8557,7159.09656337,345.242164614769,344752,1400,20120917,제방붕괴,0.304,16호태풍산바로인한침수,1500,20120918,1,2012,1053,47,47150
8558,313746.422533325,4573.857516246277,344752,1400,20120917,제방붕기및하천범람,1.75,16호태풍산바에의한침수,1500,20120918,4,2012,1045,47,47150
8559,167936.600936655,2381.5371859547404,344752,1400,20120917,제방붕괴,1.367,16호태풍산바로인한침수,1500,20120918,3,2012,1067,47,47150
8560,29538.1082955,875.1112705641899,406279,0800,20120917,저지대 및 역류로인한 침수,1.267,제16호태풍(산바),0500,20120918,3,2012,736,47,47130
8561,99100.96691095,1815.898920709286,92320,0800,20120917,저지대 및 역류로인한 침수,1.19,제16호태풍(산바),0500,20120918,3,2012,748,47,47130
8562,145731.21588251,1966.3611573668945,213198,0800,20120917,배수불량으로인한 침수,2.739,제16호태풍(산바),0500,20120918,5,2012,739,47,47130
8563,70298.93914747,1443.2873540000044,92320,0800,20120917,저지대 및 역류로인한 침수,1.303,제16호태풍(산바),0500,20120918,3,2012,742,47,47130
8564,96685.145848515,1248.6765751781018,92320,0800,20120917,저지대 및 역류로인한 침수,1.681,제16호태풍(산바),0500,20120918,4,2012,743,47,47130
8565,22566.50994435,967.564107272484,615127,0800,20120917,형산강물 역류로인한침수,0.85,제16호태풍(산바),0500,20120918,2,2012,751,47,47130
8566,362503.331820105,2855.964311370318,406279,0800,20120917,저지대 및 역류로인한 침수,1.594,제16호태풍(산바),0500,20120918,4,2012,750,47,47130
8567,464782.16982163,2981.52118003892,213198,0800,20120917,배수불량으로인한 침수,1.877,제16호태풍(산바),0500,20120918,4,2012,747,47,47130
8568,69919.06989727,1125.0749481844596,147445,0800,20120917,저지대로인한 침수,1.516,제16호태풍(산바),0500,20120918,4,2012,834,47,47130
8569,54829.60067448,2060.41293635738,615127,0800,20120917,저지대로인한 강물 역류,0.44,제16호태풍(산바),0500,20120918,1,2012,841,47,47130
8570,4092.63949713,313.8960982707338,1222081,0500,20120917,저지대 형산강물 역류인한 침수,0.627,제16호태풍(산바),0800,20120918,2,2012,882,47,47130
8571,90820.69818349,2095.473673888281,344752,1400,20120917,제방붕괴및하천범람,0.327,16호태풍산바로인한침수,1500,20120918,1,2012,1077,47,47150
8572,7539.55628393,368.3236157230989,344752,1400,20120917,제방붕기및하천범람,0.443,16호태풍산바에의한침수,1500,20120918,1,2012,1070,47,47150
8573,6096.48302906,320.27047152366026,344752,1400,20120917,제방붕기및하천범람,0.957,16호태풍산바에의한침수,1500,20120918,2,2012,1066,47,47150
8574,28534.44601177,1206.1341837027662,344752,1400,20120917,제방붕기및하천범람,0.947,16호태풍산바에의한침수,1500,20120918,2,2012,1073,47,47150
8575,54519.541835165,1837.5999149864238,344752,1400,20120917,제방붕기및하천범람,0.922,16호태풍산바에의한침수,1500,20120918,2,2012,1046,47,47150
8576,6038.561467615,319.7298172532191,344752,1400,20120917,제방붕기및하천범람,0.251,16호태풍산바에의한침수,1500,20120918,1,2012,1079,47,47150
8577,72740.029997385,1171.8816272461208,344752,1400,20120917,제방붕기및하천범람,1.467,16호태풍산바에의한침수,1500,20120918,3,2012,1080,47,47150
8578,2170.10222963,192.50835021804096,344752,1400,20120917,제방붕기및하천범람,0.492,16호태풍산바에의한침수,1500,20120918,1,2012,1058,47,47150
8579,2066.351805055,187.05246094578882,344752,1400,20120917,제방붕기및하천범람,0.474,16호태풍산바에의한침수,1500,20120918,1,2012,1056,47,47150
8580,15655.50662407,513.3025601430304,344752,1400,20120917,제방붕괴,0.895,16호태풍산바로인한침수,1500,20120918,2,2012,1062,47,47150
8581,4054.660016125,331.53582266406136,344752,1400,20120917,제방붕기및하천범람,0.946,16호태풍산바에의한침수,1500,20120918,2,2012,1059,47,47150
8582,4142.30466316,273.8396581970656,344752,1400,20120917,제방붕기및하천범람,1.754,16호태풍산바에의한침수,1500,20120918,4,2012,1063,47,47150
8583,188911.247566355,4120.455828832749,344752,1400,20120917,제방붕기및하천범람,1.29,16호태풍산바에의한침수,1500,20120918,3,2012,1068,47,47150
8584,83802.06664245,1603.9908513740713,344752,1400,20120917,제방붕기및하천범람,0.781,16호태풍산바에의한침수,1500,20120918,2,2012,1065,47,47150
8585,34768.449464615,777.820901224069,344752,1400,20120917,제방붕기및하천범람,0.99,16호태풍산바에의한침수,1500,20120918,2,2012,1075,47,47150
8586,31317.21752795,1227.4310160045118,344752,1400,20120917,제방붕기및하천범람,1.396,16호태풍산바에의한침수,1500,20120918,3,2012,1051,47,47150
8587,2973.678498065,255.88500438567792,3177,0000,20120917,태풍으로인한 집중호우,0.358,제16호 태풍산바,2400,20120918,1,2012,1083,47,47170
8588,6872.83898051,418.5332942712761,3177,0000,20120917,태풍으로 인한 집중호우,0.356,제16호 태풍산바,2400,20120918,1,2012,1082,47,47170
8589,20677.76745045,895.976779733039,135359,0000,20120917,태풍으로인한 집중호우,2.055,제16호태풍산바,2400,20120918,5,2012,1086,47,47170
8590,78269.39885699,1986.964516671329,135359,0000,20120917,태풍으로인한 집중호우,2.033,제16호태풍산바,2400,20120918,5,2012,1087,47,47170
8591,10045.16177765,1369.7748014520018,135359,0000,20120917,태풍으로인한 집중호우,1.018,제16호태풍산바,2400,20120918,3,2012,1085,47,47170
8592,51772.99220128,1475.6771910080242,135359,0000,20120917,태풍으로인한 집중호우,1.747,제16호태풍산바,2400,20120918,4,2012,1088,47,47170
8593,30029.562811885,1115.380203411881,135359,0000,20120917,태풍으로인한 집중호우,2.627,제16호태풍산바,2400,20120918,5,2012,1084,47,47170
8594,29589.5301564,1148.5046892032465,25075,1400,20120917,저지대침수,0.422,16호태풍산바,1900,20120917,1,2012,1089,47,47190
8595,8683.29783536,450.6601887908297,25075,1400,20120917,저지대침수,0.8,16호태풍산바,1900,20120917,2,2012,1090,47,47190
8596,2622.358378605,409.857322263961,17616,1500,20120917,저지대침수,0.84,16호태풍산바,1900,20120917,2,2012,1092,47,47190
8597,37420.79627681,1628.7116099331358,17616,1500,20120917,저지대침수,0.34,16호태풍산바,1900,20120917,1,2012,1094,47,47190
8598,6622.57201253,451.27635888442836,17616,1500,20120917,저지대침수,0.302,16호태풍산바,1900,20120917,1,2012,1093,47,47190
8599,48417.072989155,1024.291356350675,50111,1500,20120917,저지대침수,0.46,16호태풍산바,2000,20120917,1,2012,1095,47,47190
8600,431258.558428075,3827.001958510421,393894,1600,20120917,제방붕괴로인한침수,2.238,16호태풍산바,1800,20120918,5,2012,1096,47,47190
8601,35160.21334307,857.226494474042,393894,1600,20120917,제방붕괴로인한침수,1.838,16호태풍산바,1800,20120918,4,2012,1098,47,47190
8602,130828.45763668,2398.139596119314,393894,1600,20120917,제방붕괴로인한침수,1.624,16호태풍산바,1800,20120918,4,2012,1099,47,47190
8603,7126.59475625,348.5973746322065,393894,1600,20120917,제방붕괴로인한침수,1.443,16호태풍산바,1800,20120918,3,2012,1097,47,47190
8604,13755.94941548,469.83202928476084,562838,1600,20120917,제방붕괴로인한침수,1.7,16호태풍산바,2000,20120918,4,2012,1104,47,47190
8605,904580.641751215,5354.891357843494,562838,1600,20120917,제방붕괴로인한침수,2.344,16호태풍산바,2000,20120918,5,2012,1108,47,47190
8606,175322.95554097,3667.95342461474,562838,1600,20120917,제방붕괴로인한침수,1.241,16호태풍산바,2000,20120918,3,2012,1103,47,47190
8607,70332.12619089,1314.5194563753932,562838,1600,20120917,제방붕괴로인한침수,1.911,16호태풍산바,2000,20120918,4,2012,1105,47,47190
8608,42591.92671791,1053.7820068187323,562838,1600,20120917,제방붕괴로인한침수,0.929,16호태풍산바,2000,20120918,2,2012,1100,47,47190
8609,42917.677831755,1021.8465660320087,562838,1600,20120917,제방붕괴로인한침수,1.533,16호태풍산바,2000,20120918,4,2012,1102,47,47190
8610,27543.77784583,962.2098489378149,562838,1600,20120917,제방붕괴로인한침수,0.978,16호태풍산바,2000,20120918,2,2012,1109,47,47190
8611,465654.058363935,6977.916431300048,562838,1600,20120917,제방붕괴로인한침수,2.199,16호태풍산바,2000,20120918,5,2012,1110,47,47190
8612,4498.270571365,297.70393754111075,562838,1600,20120917,제방붕괴로인한침수,0.852,16호태풍산바,2000,20120918,2,2012,1101,47,47190
8613,3690.236215795,355.0450201684935,562838,1600,20120917,제방붕괴로인한침수,1.368,16호태풍산바,2000,20120918,3,2012,1106,47,47190
8614,3895.096900425,257.1513863516109,562838,1600,20120917,제방붕괴로인한침수,1.13,16호태풍산바,2000,20120918,3,2012,1107,47,47190
8615,18244.946859445,685.3467358937341,40488,1300,20120917,태풍산바에 따른 구거 범람,0.321,2012년 태풍 산바에 따른 침수,1200,20120919,1,2012,1116,47,47250
8616,33828.256016435,858.8476778288383,21944,1500,20120917,태풍산바에 따른 구거 범람,1.081,2012년 태풍 산바,1000,20120919,3,2012,1120,47,47250
8617,20657.540508505,625.1164588059337,60292,1500,20120917,태풍 산바에 따른 구거 범람,0.491,2012년 태풍 산바,1500,20120918,1,2012,1122,47,47250
8618,72575.606333615,1138.6888109686856,60292,1500,20120917,태풍 산바에 따른 구거 범람,0.678,2012년 태풍 산바,1500,20120918,2,2012,1121,47,47250
8619,5194.81627921,405.4682893351038,161152,1500,20120917,태풍산바에 따른 구거 범람,0.267,2012년 태풍 산바,1000,20120919,1,2012,1125,47,47250
8620,5046.01735439,335.1616199463084,161152,1500,20120917,태풍산바에 따른 구거 범람,0.352,2012년 태풍 산바,1000,20120919,1,2012,1126,47,47250
8621,17013.207239265,522.373557051295,161152,1500,20120917,태풍산바에 따른 구거 범람,0.139,2012년 태풍 산바,1000,20120919,1,2012,1124,47,47250
8638,29665.745444125,810.9051088757549,58523,1500,20120917,태풍산바에 따른 구거범람 및 하천역류,1.263,2012년 태풍 산바,2000,20120918,3,2012,1138,47,47250
8622,222338.038396985,3444.4749409306014,161152,1500,20120917,태풍산바에 따른 구거 범람,0.812,2012년 태풍 산바,1000,20120919,2,2012,1123,47,47250
8623,6154.386475135,401.308010269279,58523,1500,20120917,태풍산바에 따른 구거 범람 및 하천역류,0.973,2012년 태풍 산바,2000,20120918,2,2012,1131,47,47250
8624,110872.60910278,1480.6764766238032,104477,1500,20120917,태풍 산바에 따른 구거 역류,0.752,2012년 태풍 산바에 따른 침수,0800,20120919,2,2012,1132,47,47250
8625,2528.12468883,253.74523656668362,58523,1500,20120917,태풍산바에 따른 구거범람 및 하천역류,0.93,2012년 태풍 산바,2000,20120918,2,2012,1134,47,47250
8626,12826.274218605,524.0132220529989,80952,1500,20120917,태풍산바에 따른 구거 범람 및 하천역류,0.826,2012년 태풍 산바,1900,20120918,2,2012,1143,47,47250
8627,58963.75268833,1400.1983890874417,80952,1500,20120917,태풍산바에 따른 구거범람 및 하천역류,0.442,2012년 태풍 산바,1900,20120918,1,2012,1140,47,47250
8628,11261.863681995,586.6446491741317,80952,1500,20120917,태풍산바에 따른 구거 범람 및 하천역류,0.786,2012년 태풍 산바,1900,20120918,2,2012,1139,47,47250
8629,191767.41205871,2500.8157633182386,138495,1300,20120917,태풍 산바에 따른 구거 범람,0.63,2012년 태풍 산바,0800,20120919,2,2012,1111,47,47250
8630,180.289416895,56.51588313232488,138495,1300,20120917,태풍 산바에 따른 구거 범람,0.118,2012년 태풍 산바,0800,20120919,1,2012,1113,47,47250
8631,5340.98162491,329.29982994610975,138495,1300,20120917,태풍 산바에 따른 구거 범람,0.497,2012년 태풍 산바,0800,20120919,1,2012,1112,47,47250
8632,13335.638744945,503.260053918677,8652,1500,20120917,태풍 산바에 따른 구거 범람,0.33,2012년 태풍 산바,0800,20120918,1,2012,1115,47,47250
8633,12256.360055455,446.6633112484102,138495,1300,20120917,태풍 산바에 따른 구거 범람,0.488,2012년 태풍 산바,0800,20120919,1,2012,1114,47,47250
8634,6011.659226555,827.6190300660951,40488,1300,20120917,태풍산바에 따른 구거 범람,0.453,2012년 태풍 산바에 따른 침수,1200,20120919,1,2012,1118,47,47250
8635,37652.265052405,854.7499955890704,24308,1000,20120917,태풍산바에 따른 구거 범람,0.634,2012년 태풍 산바,1000,20120919,2,2012,1117,47,47250
8636,38310.53083059,991.7642663198862,40488,1300,20120917,태풍산바에 따른 구거 범람,0.548,2012년 태풍 산바에 따른 침수,1200,20120919,2,2012,1119,47,47250
8637,15876.379979,667.1783628812574,104477,1500,20120917,태풍 산바에 따른 구거 역류,0.79,2012년 태풍 산바에 따른 침수,0800,20120919,2,2012,1136,47,47250
8640,27780.042306755,1140.319958867052,104477,1500,20120917,태풍 산바에 따른 구거 역류,0.492,2012년 태풍 산바에 따른 침수,0800,20120919,1,2012,1130,47,47250
8641,5264.980607355,346.6354171924454,58523,1500,20120917,태풍산바에 따른 구거 범람 및 하천역류,1.143,2012년 태풍 산바,2000,20120918,3,2012,1137,47,47250
8642,9258.76289928,443.86831897955483,58523,1500,20120917,태풍산바에 따른 구거범람 및 하천역류,0.999,2012년 태풍 산바,2000,20120918,2,2012,1127,47,47250
8643,69940.007986795,1533.6020522093243,58523,1500,20120917,태풍산바에 따른 구거 범람 및 하천역류,2.089,2012년 태풍 산바,2000,20120918,5,2012,1135,47,47250
8644,36691.54036056,1163.2936294076549,58523,1500,20120917,태풍산바에 따른 구거 범람 및 하천역류,1.628,2012년 태풍 산바,2000,20120918,4,2012,1128,47,47250
8645,21522.786936185,602.1260105339024,58523,1500,20120917,태풍산바에 따른 구거 범람 및 하천역류,1.677,2012년 태풍 산바,2000,20120918,4,2012,1129,47,47250
8646,83296.79221331,1877.1822525268133,80952,1500,20120917,태풍산바에 따른 구거 범람 및 하천역류,1.103,2012년 태풍 산바,1900,20120918,3,2012,1142,47,47250
8647,30750.690007565,787.7215497326122,80952,1500,20120917,태풍산바에 따른 구거범람 및 하천역류,0.719,2012년 태풍 산바,1900,20120918,2,2012,1141,47,47250
8648,4548.393782705,317.7725327533469,80952,1500,20120917,태풍산바에 따른 구거 범람 및 하천역류,0.393,2012년 태풍 산바,1900,20120918,1,2012,1145,47,47250
8649,40623.828150105,1245.3990608366744,80952,1500,20120917,태풍산바에 따른 구거 범람 및 하천역류,0.773,2012년 태풍 산바,1900,20120918,2,2012,1146,47,47250
8650,8078.11175406,501.35275920654107,80952,1500,20120917,태풍산바에 따른 구거 범람 및 하천역류,0.775,2012년 태풍 산바,1900,20120918,2,2012,1144,47,47250
8664,8052.148131455,446.9418633748641,92320,0800,20120917,저지대 및 역류로인한 침수,2.151,제16호태풍(산바),0500,20120918,5,2012,738,47,47130
8665,23405.904426425,901.6068603890224,92320,0800,20120917,저지대 및 역류로인한 침수,0.516,제16호태풍(산바),0500,20120918,2,2012,746,47,47130
8666,24261.27255129,844.4855288401077,92320,0800,20120917,저지대 및 역류로인한 침수,1.004,제16호태풍(산바),0500,20120918,3,2012,737,47,47130
8667,5029.52383314,366.8422326971862,51768,0500,20120917,저지대로인한 침수,3.282,제16호태풍(산바),0800,20120918,6,2012,758,47,47130
8668,3017.677457305,282.7406439573382,51768,0500,20120917,저지대로인한 침수,2.729,제16호태풍(산바),0800,20120918,5,2012,764,47,47130
8669,3349.611750545,272.8747525075078,69708,0500,20120917,제방유실로인한 침수,1.542,제16호태풍(산바),0800,20120918,4,2012,757,47,47130
8670,5257.09301333,449.32082535677785,51768,0500,20120917,저지대로인한 침수,2.711,제16호태풍(산바),0800,20120918,5,2012,755,47,47130
8671,13752.55432201,536.4674382833998,69708,0500,20120917,제방유실로인한 침수,0.453,제16호태풍(산바),0800,20120918,1,2012,762,47,47130
8672,31526.62400859,884.0989503498924,51768,0500,20120917,저지대로인한 침수,2.741,제16호태풍(산바),0800,20120918,5,2012,756,47,47130
8673,8157.600721255,438.2887342001198,51768,0500,20120917,저지대로인한 침수,0.435,제16호태풍(산바),0800,20120918,1,2012,770,47,47130
8674,95540.100335505,1537.8725511650819,311856,1400,20120917,제방붕괴로인한저지대침수,1.499,16호태풍산바로인한침수,1500,20120918,3,2012,979,47,47150
8675,55177.82023204,1457.5300929930825,311856,1400,20120917,제방붕괴로인한저지대침수,1.445,16호태풍산바로인한침수,1500,20120918,3,2012,989,47,47150
8676,72245.07336309,1526.69634710373,311856,1400,20120917,제방붕괴로인한저지대침수,1.77,16호태풍산바로인한침수,1500,20120918,4,2012,1017,47,47150
8677,1654.25670476,348.0777130265504,311856,1400,20120917,제방붕괴로인한저지대침수,1.483,16호태풍산바로인한침수,1500,20120918,3,2012,997,47,47150
8683,261252.060617655,2376.6397849955088,470808,1300,20120917,집중호우,0.378,제16호태풍 산바,1000,20120918,1,2012,683,47,47111
8684,65358.901743925,1191.0584340019145,51768,0500,20120917,저지대로인한 침수,1.596,제16호태풍(산바),0800,20120918,4,2012,767,47,47130
8685,3685.09327537,401.0556844267882,69708,0500,20120917,제방유실로인한 침수,0.744,제16호태풍(산바),0800,20120918,2,2012,760,47,47130
8686,48315.12441075,1085.6941292767772,51768,0500,20120917,저지대로인한 침수,1.099,제16호태풍(산바),0800,20120918,3,2012,768,47,47130
8687,71600.56864077,1137.1816404217918,51768,0500,20120917,저지대로인한 침수,0.998,제16호태풍(산바),0800,20120918,2,2012,759,47,47130
8688,11672.734979605,734.6939295337902,69708,0500,20120917,제방유실로인한 침수,2.347,제16호태풍(산바),0800,20120918,5,2012,769,47,47130
8689,43658.018539035,1176.2421345524008,69708,0500,20120917,제방유실로인한 침수,2.604,제16호태풍(산바),0800,20120918,5,2012,763,47,47130
8690,18569.390193905,829.7372573564813,69708,0500,20120917,제방유실로인한 침수,2.011,제16호태풍(산바),0800,20120918,5,2012,761,47,47130
8691,3215.81552205,334.35690390699614,69708,0500,20120917,제방유실로인한 침수,2.318,제16호태풍(산바),0800,20120918,5,2012,766,47,47130
8692,180206.70261523,3205.2937397264336,615127,0800,20120917,저지대로인한 강물 역류,0.49,제16호태풍(산바),0500,20120918,1,2012,860,47,47130
8694,18884.19800781,1823.6049943621979,311856,1400,20120917,제방붕괴로인한저지대침수,0.244,16호태풍산바로인한침수,1500,20120918,1,2012,987,47,47150
8695,31425.02581388,836.3857380516414,252894,0800,20120917,형산강물 역류로인한 침수,1.189,제16호태풍(산바),0500,20120918,3,2012,826,47,47130
8696,69470.944294715,1045.4188055362465,252894,0800,20120917,형산강물 역류로인한 침수,1.486,제16호태풍(산바),0500,20120918,3,2012,886,47,47130
8697,16606.696043395,634.5772921527869,82825,0500,20120917,저지대로인한 침수,0.398,제16호태풍(산바),0800,20120918,1,2012,859,47,47130
8698,47268.39818727,1089.1085207014512,147445,0800,20120917,저지대로인한 침수,0.427,제16호태풍(산바),0500,20120918,1,2012,874,47,47130
8699,805523.35353011,5696.916829243535,1222081,0500,20120917,저지대 형산강물 역류인한 침수,1.734,제16호태풍(산바),0800,20120918,4,2012,857,47,47130
8700,12895.00133393,557.0682392675262,82825,0500,20120917,저지대로인한 침수,0.859,제16호태풍(산바),0800,20120918,2,2012,863,47,47130
8701,220690.171497365,3276.070602645778,615127,0800,20120917,저지대로인한 강물 역류,0.84,제16호태풍(산바),0500,20120918,2,2012,885,47,47130
8702,29783.18693765,845.5370645511226,147445,0800,20120917,저지대로인한 침수,0.783,제16호태풍(산바),0500,20120918,2,2012,827,47,47130
8703,86605.05949571,1735.5824720488977,311856,1400,20120917,제방붕괴로인한저지대침수,2.545,16호태풍산바로인한침수,1500,20120918,5,2012,990,47,47150
8704,34157.53585343,1203.9895171747216,311856,1400,20120917,제방붕괴로인한저지대침수,0.838,16호태풍산바로인한침수,1500,20120918,2,2012,1003,47,47150
8705,28105.19151979,1208.925549722894,311856,1400,20120917,제방붕괴로인한저지대침수,2.014,16호태풍산바로인한침수,1500,20120918,5,2012,999,47,47150
8706,48414.411633295,1152.734950273631,311856,1400,20120917,제방붕괴로인한저지대침수,1.626,16호태풍산바로인한침수,1500,20120918,4,2012,995,47,47150
8707,48260.25008229,992.9186448265062,147445,0800,20120917,저지대로인한 침수,1.137,제16호태풍(산바),0500,20120918,3,2012,829,47,47130
8708,21478.20452857,591.907556889135,82825,0500,20120917,저지대로인한 침수,2.31,제16호태풍(산바),0800,20120918,5,2012,868,47,47130
8711,18613.54233686,770.5578029284065,147445,0800,20120917,저지대로 인한 침수,0.423,제16호태풍(산바),0500,20120918,1,2012,838,47,47130
8712,29121.897089935,2089.2304188174276,1222081,0500,20120917,저지대 형산강물 역류인한 침수,0.601,제16호태풍(산바),0800,20120918,2,2012,835,47,47130
8713,15909.182779625,567.2630313775626,82825,0500,20120917,저지대로인한 침수,2.375,제16호태풍(산바),0800,20120918,5,2012,853,47,47130
8714,25425.972196695,778.5922491575657,252894,0800,20120917,형산강물 역류로인한 침수,0.453,제16호태풍(산바),0500,20120918,1,2012,877,47,47130
8715,44208.04207361,955.4926060852515,82825,0500,20120917,저지대로인한 침수,0.916,제16호태풍(산바),0800,20120918,2,2012,862,47,47130
8716,34811.15256201,795.3294067653354,147445,0800,20120917,저지대로 인한 침수,1.139,제16호태풍(산바),0500,20120918,3,2012,888,47,47130
8717,4295.907026855,315.63167508148615,615127,0800,20120917,저지대로인한 강물 역류,0.646,제16호태풍(산바),0500,20120918,2,2012,848,47,47130
8718,38212.47268018,1055.3669568688233,252894,0800,20120917,형산강물 역류로인한 침수,0.626,제16호태풍(산바),0500,20120918,2,2012,856,47,47130
8719,35763.371062165,788.1903560231597,147445,0800,20120917,저지대로 인한 침수,1.586,제16호태풍(산바),0500,20120918,4,2012,865,47,47130
8720,100639.184923845,1561.3258861352454,143142,1400,20120917,제방붕괴로인한침수,2.238,16호태풍 산바로 인한침수,1500,20120918,5,2012,970,47,47150
8721,898556.08241828,5648.804268103861,470808,1300,20120917,집중호우,1.241,제16호태풍 산바,1000,20120918,3,2012,682,47,47111
8722,43993.712663845,981.7252057021841,470808,1300,20120917,집중호우,1.634,제16호태풍 산바,1000,20120918,4,2012,678,47,47111
8723,150775.2353715,2759.798380803564,470808,1300,20120917,집중호우,0.71,제16호태풍 산바,1000,20120918,2,2012,677,47,47111
8724,19882.767535135,608.8249418111749,470808,1300,20120917,집중호우,0.74,제16호태풍 산바,1000,20120918,2,2012,680,47,47111
8725,3984.885711125,301.16407576014234,470808,1300,20120917,집중호우,0.214,제16호태풍 산바,1000,20120918,1,2012,681,47,47111
8726,48827.31760341,1297.4955167011717,470808,1300,20120917,집중호우,0.738,제16호태풍 산바,1000,20120918,2,2012,679,47,47111
8727,8405.163752415,451.95588239946727,69708,0500,20120917,제방유실로인한 침수,1.054,제16호태풍(산바),0800,20120918,3,2012,765,47,47130
8728,15474.007247475,522.2171396963209,53654,0500,20120917,배수불량으로인한 침수,0.49,제16호태풍(산바),0800,20120918,1,2012,789,47,47130
8729,23396.126869615,878.9670803993862,147259,0800,20120917,저지대로인한 침수,2.004,제16호태풍(산바),0500,20120918,5,2012,776,47,47130
8730,7877.751449125,387.7397314675528,147259,0800,20120917,저지대로인한 침수,1.608,제16호태풍(산바),0500,20120918,4,2012,782,47,47130
8731,177930.96524565,2154.6804469126428,147259,0800,20120917,저지대로인한 침수,1.416,제16호태풍(산바),0500,20120918,3,2012,785,47,47130
8732,127141.49438196,1605.6128720787142,120323,0800,20120917,하천 역류로인한 침수,0.839,제16호태풍(산바),0500,20120918,2,2012,775,47,47130
8733,5561.25902514,389.26978049745185,147259,0800,20120917,저지대로인한 침수,1.661,제16호태풍(산바),0500,20120918,4,2012,779,47,47130
8734,21376.471948625,647.7960067438552,53654,0500,20120917,배수불량으로인한 침수,0.577,제16호태풍(산바),0800,20120918,2,2012,786,47,47130
8735,13555.67695963,499.40163340906685,147259,0800,20120917,저지대로인한 침수,1.019,제16호태풍(산바),0500,20120918,3,2012,774,47,47130
8736,19442.32376955,783.1853693616573,53654,0500,20120917,배수불량으로인한 침수,1.428,제16호태풍(산바),0800,20120918,3,2012,788,47,47130
8737,14465.14342012,481.2947169253089,147259,0800,20120917,저지대로인한 침수,0.62,제16호태풍(산바),0500,20120918,2,2012,787,47,47130
8738,8108.651714955,400.87096365530635,147259,0800,20120917,저지대로인한 침수,0.854,제16호태풍(산바),0500,20120918,2,2012,772,47,47130
8739,65437.8336606,1136.4917548837566,615127,0800,20120917,저지대로인한 강물 역류,1.322,제16호태풍(산바),0500,20120918,3,2012,831,47,47130
8740,11706.53940996,579.019236655901,204555,0500,20120917,역류로인한 침수,0.738,제16호태풍(산바),0800,20120918,2,2012,928,47,47130
8741,86686.531463315,1290.413982730072,93913,0500,20120917,형산강물 역류 및 농경지 배수로 협소,0.836,제16호태풍(산바),0800,20120918,2,2012,908,47,47130
8742,16751.12683037,579.1096749629124,93913,0500,20120917,형산강물 역류 및 농경지 배수로 협소,0.429,제16호태풍(산바),0800,20120918,1,2012,906,47,47130
8743,134059.254196075,1498.433097818515,204555,0500,20120917,역류로인한 침수,0.932,제16호태풍(산바),0800,20120918,2,2012,909,47,47130
8744,29782.552542245,792.8207203145265,204555,0500,20120917,역류로인한 침수,1.375,제16호태풍(산바),0800,20120918,3,2012,913,47,47130
8745,31071.13961715,1492.7430522347836,93913,0500,20120917,형산강물 역류 및 농경지 배수로 협소,0.941,제16호태풍(산바),0800,20120918,2,2012,915,47,47130
8746,13855.46020462,805.2166732558128,93913,0500,20120917,형산강물 역류 및 농경지 배수로 협소,0.557,제16호태풍(산바),0800,20120918,2,2012,910,47,47130
8747,15487.801960985,704.8143102497368,204555,0500,20120917,역류로인한 침수,0.705,제16호태풍(산바),0800,20120918,2,2012,905,47,47130
8748,34836.2627057,824.5164722420672,93913,0500,20120917,형산강물 역류 및 농경지 배수로 협소,1.218,제16호태풍(산바),0800,20120918,3,2012,898,47,47130
8749,83748.11055357,1791.5405491657425,93913,0500,20120917,형산강물 역류 및 농경지 배수로 협소,0.781,제16호태풍(산바),0800,20120918,2,2012,902,47,47130
8750,37117.646166945,890.242026508241,93913,0500,20120917,형산강물 역류 및 농경지 배수로 협소,0.975,제16호태풍(산바),0800,20120918,2,2012,893,47,47130
8751,41569.222398565,1018.2617443212154,93913,0500,20120917,형산강물 역류 및 농경지 배수로 협소,0.619,제16호태풍(산바),0800,20120918,2,2012,894,47,47130
8752,104623.449301275,2798.04754252287,311856,1400,20120917,제방붕괴로인한저지대침수,0.81,16호태풍산바로인한침수,1500,20120918,2,2012,980,47,47150
8753,4362.602625565,302.3292311075914,311856,1400,20120917,제방붕괴로인한저지대침수,1.357,16호태풍산바로인한침수,1500,20120918,3,2012,1004,47,47150
8754,182575.50321131,3499.1223226033753,311856,1400,20120917,제방붕괴로인한저지대침수,2.446,16호태풍산바로인한침수,1500,20120918,5,2012,1002,47,47150
8755,30308.556899905,1195.0297531760216,311856,1400,20120917,제방붕괴로인한저지대침수,0.344,16호태풍산바로인한침수,1500,20120918,1,2012,1001,47,47150
8756,10370.576233395,528.677875971166,311856,1400,20120917,제방붕괴로인한저지대침수,0.76,16호태풍산바로인한침수,1500,20120918,2,2012,1011,47,47150
8757,4365.39116399,316.28091701334614,470808,1300,20120917,집중호우,1.182,제16호태풍 산바,1000,20120918,3,2012,676,47,47111
8758,20051.43673709,954.7786819259323,110636,1000,20120917,집중호우,0.403,제16호태풍 산바,1300,20120918,1,2012,701,47,47111
8759,68471.88170206,1218.6349264387525,110636,1000,20120917,집중호우,0.715,제16호태풍 산바,1300,20120918,2,2012,688,47,47111
8760,44562.161548935,1723.7244585005499,110636,1000,20120917,집중호우,0.756,제16호태풍 산바,1300,20120918,2,2012,694,47,47111
8761,15902.47586475,544.7508574796725,110636,1000,20120917,집중호우,0.622,제16호태풍 산바,1300,20120918,2,2012,695,47,47111
8762,9821.03627374,403.49826010759284,110636,1000,20120917,집중호우,0.331,제16호태풍 산바,1300,20120918,1,2012,686,47,47111
8763,38602.54477943,1063.5967036734528,110636,1000,20120917,집중호우,1.035,제16호태풍 산바,1300,20120918,3,2012,689,47,47111
8764,65703.36103801,1522.6178675842923,110636,1000,20120917,집중호우,1.81,제16호태풍 산바,1300,20120918,4,2012,696,47,47111
8765,3152.113162625,277.8719207343428,110636,1000,20120917,집중호우,0.444,제16호태풍 산바,1300,20120918,1,2012,691,47,47111
8766,125766.22823566,1773.7801300066917,110636,1000,20120917,집중호우,0.443,제16호태풍 산바,1300,20120918,1,2012,699,47,47111
8767,81328.244101285,1222.882980992232,110636,1000,20120917,집중호우,1.201,제16호태풍 산바,1300,20120918,3,2012,692,47,47111
8789,47234.954380765,1334.250489132419,204555,0500,20120917,역류로인한 침수,2.107,제16호태풍(산바),0800,20120918,5,2012,918,47,47130
8768,59885.50647072,1132.3490900696002,120323,0800,20120917,하천 역류로인한 침수,1.065,제16호태풍(산바),0500,20120918,3,2012,777,47,47130
8769,27569.78474861,731.3529808459654,53654,0500,20120917,배수 불량으로 인한 침수,0.417,제16호태풍(산바),0800,20120918,1,2012,781,47,47130
8770,9131.96444546,394.85395929487026,147259,0800,20120917,저지대로인한 침수,0.452,제16호태풍(산바),0500,20120918,1,2012,778,47,47130
8771,51517.182535115,1100.3928349280823,147259,0800,20120917,저지대로인한 침수,0.62,제16호태풍(산바),0500,20120918,2,2012,784,47,47130
8772,79809.718026165,1371.6298859293013,53654,0500,20120917,배수 불량으로 인한 침수,0.5,제16호태풍(산바),0800,20120918,2,2012,783,47,47130
8773,6380.193235305,321.54217599005506,147259,0800,20120917,저지대로인한 침수,1.144,제16호태풍(산바),0500,20120918,3,2012,771,47,47130
8774,93105.549402425,1559.8635994646238,147259,0800,20120917,저지대로인한 침수,2.201,제16호태풍(산바),0500,20120918,5,2012,780,47,47130
8775,7031.98533718,389.9135206577776,147259,0800,20120917,저지대로인한 침수,0.848,제16호태풍(산바),0500,20120918,2,2012,790,47,47130
8776,31590.64262923,727.927549708003,147259,0800,20120917,저지대로인한 침수,1.042,제16호태풍(산바),0500,20120918,3,2012,773,47,47130
8777,29351.00386749,788.8144640409018,159649,0800,20120917,배수로 협소로인한 침수,0.404,제16호태풍(산바),0500,20120918,1,2012,793,47,47130
8778,16217.12550003,568.9679649751843,159649,0800,20120917,배수로 협소로인한 침수,1.419,제16호태풍(산바),0500,20120918,3,2012,792,47,47130
8779,21494.565257105,586.6876472392158,159649,0800,20120917,배수로 협소로인한 침수,0.623,제16호태풍(산바),0500,20120918,2,2012,795,47,47130
8780,22343.136768475,710.9072313446543,159649,0800,20120917,배수로 협소로인한 침수,0.659,제16호태풍(산바),0500,20120918,2,2012,796,47,47130
8781,120366.24894383,1960.4760089961176,204555,0500,20120917,역류로인한 침수,1.535,제16호태풍(산바),0800,20120918,4,2012,897,47,47130
8782,32408.745858,933.4663301165432,204555,0500,20120917,역류로인한 침수,1.075,제16호태풍(산바),0800,20120918,3,2012,914,47,47130
8783,40610.426683075,1258.0214347506594,204555,0500,20120917,역류로인한 침수,2.167,제16호태풍(산바),0800,20120918,5,2012,925,47,47130
8784,30935.27745323,873.0572905393217,204555,0500,20120917,역류로인한 침수,1.362,제16호태풍(산바),0800,20120918,3,2012,900,47,47130
8785,28552.588677535,769.2448947657338,93913,0500,20120917,형산강물 역류 및 농경지 배수로 협소,2.226,제16호태풍(산바),0800,20120918,5,2012,907,47,47130
8786,144254.29866676,2305.706753210818,204555,0500,20120917,역류로인한 침수,0.921,제16호태풍(산바),0800,20120918,2,2012,927,47,47130
8787,12139.518400545,568.4904262045063,93913,0500,20120917,형산강물 역류 및 농경지 배수로 협소,0.798,제16호태풍(산바),0800,20120918,2,2012,912,47,47130
8788,6702.14424983,351.2384834708498,93913,0500,20120917,형산강물 역류 및 농경지 배수로 협소,0.547,제16호태풍(산바),0800,20120918,2,2012,919,47,47130
8791,32427.817163775,1019.1237345099989,48477,0500,20120917,형산강물 역류로인한 침수,0.88,제16호태풍(산바),0800,20120918,2,2012,901,47,47130
8792,31853.337125405,901.0132490598601,93913,0500,20120917,형산강물 역류 및 농경지 배수로 협소,0.975,제16호태풍(산바),0800,20120918,2,2012,892,47,47130
8793,18131.144638325,817.5177123076572,48477,0500,20120917,형산강물 역류로인한 침수,0.531,제16호태풍(산바),0800,20120918,2,2012,917,47,47130
8794,23484.62168483,626.189943291837,48477,0500,20120917,형산강물 역류로인한 침수,0.419,제16호태풍(산바),0800,20120918,1,2012,899,47,47130
8795,2875.818040935,262.58288420469773,311856,1400,20120917,제방붕괴로인한저지대침수,1.109,16호태풍산바로인한침수,1500,20120918,3,2012,991,47,47150
8796,14022.153176625,520.9075615333093,311856,1400,20120917,제방붕괴로인한저지대침수,2.411,16호태풍산바로인한침수,1500,20120918,5,2012,993,47,47150
8797,16296.406919775,632.5686658725887,311856,1400,20120917,제방붕괴로인한저지대침수,2.228,16호태풍산바로인한침수,1500,20120918,5,2012,984,47,47150
8798,16520.76009319,518.8244247392663,311856,1400,20120917,제방붕괴로인한저지대침수,1.055,16호태풍산바로인한침수,1500,20120918,3,2012,982,47,47150
8799,3091.19105335,261.6356979770126,311856,1400,20120917,제방붕괴로인한저지대침수,2.504,16호태풍산바로인한침수,1500,20120918,5,2012,986,47,47150
8800,15820.200319905,537.7757012859236,311856,1400,20120917,제방붕괴로인한저지대침수,2.772,16호태풍산바로인한침수,1500,20120918,5,2012,998,47,47150
8801,9238.825688135,384.6034356641295,311856,1400,20120917,제방붕괴로인한저지대침수,1.522,16호태풍산바로인한침수,1500,20120918,4,2012,977,47,47150
8802,16134.032862505,675.6432352325293,311856,1400,20120917,제방붕괴로인한저지대침수,1.857,16호태풍산바로인한침수,1500,20120918,4,2012,1012,47,47150
8803,6189.668567905,322.71538244327644,311856,1400,20120917,제방붕괴로인한저지대침수,1.527,16호태풍산바로인한침수,1500,20120918,4,2012,1008,47,47150
8804,11464.524621565,425.75421257444657,311856,1400,20120917,제방붕괴로인한저지대침수,0.34,16호태풍산바로인한침수,1500,20120918,1,2012,1019,47,47150
8805,9578.69028062,673.210240819061,311856,1400,20120917,제방붕괴로인한저지대침수,1.984,16호태풍산바로인한침수,1500,20120918,4,2012,983,47,47150
8806,3756.64542305,523.0231897707769,110636,1000,20120917,집중호우,0.399,제16호태풍 산바,1300,20120918,1,2012,697,47,47111
8807,124157.760729375,2101.551311441919,110636,1000,20120917,집중호우,1.168,제16호태풍 산바,1300,20120918,3,2012,684,47,47111
8808,4122.31983811,256.423964277581,110636,1000,20120917,집중호우,1.87,제16호태풍 산바,1300,20120918,4,2012,700,47,47111
8809,37975.71881677,1130.6134365656083,110636,1000,20120917,집중호우,0.359,제16호태풍 산바,1300,20120918,1,2012,693,47,47111
8810,13414.203654785,584.8618999697608,110636,1000,20120917,집중호우,1.36,제16호태풍 산바,1300,20120918,3,2012,685,47,47111
8811,110979.89668206,1823.1170863603418,110636,1000,20120917,집중호우,0.716,제16호태풍 산바,1300,20120918,2,2012,698,47,47111
8812,44223.10438806,1233.3459952823048,110636,1000,20120917,집중호우,0.259,제16호태풍 산바,1300,20120918,1,2012,690,47,47111
8813,35561.95750761,892.8977513680672,110636,1000,20120917,집중호우,2.026,제16호태풍 산바,1300,20120918,5,2012,687,47,47111
8814,2853.664006925,261.1952454360607,15485,1000,20120917,집중호우,0.588,제16호 태풍 산바,1700,20120917,2,2012,702,47,47113
8815,74801.638754065,1176.3974434361148,159649,0800,20120917,배수로 협소로인한 침수,0.837,제16호태풍(산바),0500,20120918,2,2012,798,47,47130
8816,1569.145302445,168.7572025584424,159649,0800,20120917,배수로 협소로인한 침수,2.392,제16호태풍(산바),0500,20120918,5,2012,794,47,47130
8817,38336.32412604,1006.84273449144,159649,0800,20120917,배수로 협소로인한 침수,1.514,제16호태풍(산바),0500,20120918,4,2012,791,47,47130
8818,46138.75110138,939.9439016865712,159649,0800,20120917,배수로 협소로인한 침수,2.108,제16호태풍(산바),0500,20120918,5,2012,797,47,47130
8819,80402.895398855,1615.0004045209005,68574,0500,20120917,제방유실로인한 침수,0.47,제16호태풍(산바),0800,20120918,1,2012,801,47,47130
8820,62494.510852325,2057.4561411730624,91395,0500,20120917,형산강 역류로인한 침수,0.524,제16호태풍(산바),0800,20120918,2,2012,803,47,47130
8821,29238.797836845,1088.7108898324834,68574,0500,20120917,제방유실인한 침수,0.448,제16호태풍(산바),0800,20120918,1,2012,799,47,47130
8822,39911.4437139,1284.318984689885,91395,0500,20120917,형산강 역류로인한 침수,0.866,제16호태풍(산바),0800,20120918,2,2012,806,47,47130
8823,63101.36326901,1145.8449589023908,204555,0500,20120917,역류로인한 침수,0.407,제16호태풍(산바),0800,20120918,1,2012,903,47,47130
8824,7182.25930428,426.7053341091672,204555,0500,20120917,역류로인한 침수,2.339,제16호태풍(산바),0800,20120918,5,2012,926,47,47130
8825,15004.30072354,538.3413309158503,93913,0500,20120917,형산강물 역류 및 농경지 배수로 협소,1.944,제16호태풍(산바),0800,20120918,4,2012,920,47,47130
8826,291110.10378692,2210.8034558697013,204555,0500,20120917,역류로인한 침수,1.867,제16호태풍(산바),0800,20120918,4,2012,921,47,47130
8827,17236.816468705,774.9922612548864,93913,0500,20120917,형산강물 역류 및 농경지 배수로 협소,0.423,제16호태풍(산바),0800,20120918,1,2012,929,47,47130
8828,7239.82159714,405.78754294209244,93913,0500,20120917,형산강물 역류 및 농경지 배수로 협소,1.508,제16호태풍(산바),0800,20120918,4,2012,916,47,47130
8829,65590.80051576,1207.1655592664479,204555,0500,20120917,역류로인한 침수,0.526,제16호태풍(산바),0800,20120918,2,2012,922,47,47130
8830,30731.942347465,1057.3893372336074,93913,0500,20120917,형산강물 역류 및 농경지 배수로 협소,0.902,제16호태풍(산바),0800,20120918,2,2012,924,47,47130
8831,120136.833261265,1402.2786969958477,204555,0500,20120917,역류로인한 침수,1.128,제16호태풍(산바),0800,20120918,3,2012,896,47,47130
8832,126239.28691081,1437.0935281740296,204555,0500,20120917,역류로인한 침수,0.697,제16호태풍(산바),0800,20120918,2,2012,895,47,47130
8833,21793.58345572,629.4138731123628,204555,0500,20120917,역류로인한 침수,0.605,제16호태풍(산바),0800,20120918,2,2012,911,47,47130
8834,10666.770206145,416.53477759965335,93913,0500,20120917,형산강물 역류 및 농경지 배수로 협소,0.511,제16호태풍(산바),0800,20120918,2,2012,904,47,47130
8835,65387.63420729,1259.5763973373582,93913,0500,20120917,형산강물 역류 및 농경지 배수로 협소,0.703,제16호태풍(산바),0800,20120918,2,2012,930,47,47130
8836,9671.408582115,558.9389470963341,143142,1400,20120917,하천범람으로인한저지대침수,0.88,16호태풍 산바로 인한 침수,1500,20120918,2,2012,947,47,47150
8837,8857.383977455,545.2238666979393,311856,1400,20120917,제방붕괴로인한저지대침수,0.24,16호태풍산바로인한침수,1500,20120918,1,2012,1010,47,47150
8838,12179.707986015,580.0740957755878,311856,1400,20120917,제방붕괴로인한저지대침수,2.029,16호태풍산바로인한침수,1500,20120918,5,2012,996,47,47150
8839,22982.76432739,1031.569138063284,311856,1400,20120917,제방붕괴로인한저지대침수,0.836,16호태풍산바로인한침수,1500,20120918,2,2012,992,47,47150
8840,2421.53959949,227.54109625949403,311856,1400,20120917,제방붕괴로인한저지대침수,2.505,16호태풍산바로인한침수,1500,20120918,5,2012,976,47,47150
8841,7927.638811465,498.01028808432073,311856,1400,20120917,제방붕괴로인한저지대침수,1.845,16호태풍산바로인한침수,1500,20120918,4,2012,1006,47,47150
8842,982.150735755,169.04716800528524,311856,1400,20120917,제방붕괴로인한저지대침수,0.301,16호태풍산바로인한침수,1500,20120918,1,2012,1005,47,47150
8843,6075.788355365,321.09446097237446,311856,1400,20120917,제방붕괴로인한저지대침수,3.447,16호태풍산바로인한침수,1500,20120918,6,2012,994,47,47150
8844,104536.51894544,1690.3810102137822,311856,1400,20120917,제방붕괴로인한저지대침수,2.849,16호태풍산바로인한침수,1500,20120918,5,2012,1000,47,47150
8845,19857.3783839,1153.49943127009,15485,1000,20120917,집중호우,0.293,제16호 태풍 산바,1700,20120917,1,2012,703,47,47113
8846,1663.48659703,204.9256517497196,15485,1000,20120917,집중호우,0.278,제16호 태풍 산바,1700,20120917,1,2012,704,47,47113
8847,369874.79093334,3989.8065445200427,415961,0800,20120917,형산강 역류로인한 침수,0.467,제16호태풍(산바),0500,20120918,1,2012,706,47,47130
8848,258977.359134715,2339.6823882992676,415961,0800,20120917,형산강 역류로인한 침수,1.498,제16호태풍(산바),0500,20120918,3,2012,705,47,47130
8849,258056.66241864,2629.816703861291,124787,0800,20120917,저지대로 집중호우의한 침수,0.51,제16호태풍(산바),0500,20120918,2,2012,710,47,47130
8850,118030.416011675,1462.5420866579645,124787,0800,20120917,저지대로 집중호우에의한 침수,1.743,제16호태풍(산바),0500,20120918,4,2012,712,47,47130
8851,5597.211763375,372.2570513655669,124787,0800,20120917,저지대 집중호우로인한 침수,1.101,제16호태풍(산바),0500,20120918,3,2012,711,47,47130
8852,63636.994150335,1553.5630647255484,124787,0800,20120917,저지대로 집중호우의한 침수,1.448,제16호태풍(산바),0500,20120918,3,2012,709,47,47130
8853,74020.85164534,1157.15032107437,124787,0800,20120917,저지대로 집중호우의한 침수,0.563,제16호태풍(산바),0500,20120918,2,2012,708,47,47130
8854,43691.46819816,1186.073519749799,68574,0500,20120917,제방유실로인한 침수,1.232,제16호태풍(산바),0800,20120918,3,2012,808,47,47130
8855,3609.144573155,420.51031462268696,68574,0500,20120917,제방유실로인한 침수,0.746,제16호태풍(산바),0800,20120918,2,2012,805,47,47130
8856,35646.42366614,960.5785060619274,91395,0500,20120917,형산강 역류로인한 침수,1.275,제16호태풍(산바),0800,20120918,3,2012,807,47,47130
8857,4306.4800227,304.1552108902941,88890,0800,20120917,형산강 역류로인한 침수,0.796,제16호태풍(산바),0500,20120918,2,2012,802,47,47130
8858,3218.306040975,247.7614030975749,91395,0500,20120917,형산강 역류로인한 침수,1.749,제16호태풍(산바),0800,20120918,4,2012,800,47,47130
8859,55209.6497791,1641.2321847694036,68574,0500,20120917,제방유실인한 침수,1.182,제16호태풍(산바),0800,20120918,3,2012,804,47,47130
8860,35370.81232635,1033.3870664263773,68112,0500,20120917,저지대로인한 침수,2.76,제16호태풍(산바),0800,20120918,5,2012,815,47,47130
8861,5701.677997175,306.2946659470602,45153,0800,20120917,배수로 현소로인한 침수,3.357,제16호태풍(산바),0500,20120918,6,2012,817,47,47130
8862,7980.46554435,478.6993316258597,45153,0800,20120917,배수로 현소로인한 침수,3.595,제16호태풍(산바),0500,20120918,6,2012,810,47,47130
8863,6381.671199765,515.8451353746982,143142,1400,20120917,하천범람으로인한저지대침수,0.419,16호태풍 산바로 인한 침수,1500,20120918,1,2012,940,47,47150
8864,33964.96669959,914.4103195226354,143142,1400,20120917,하천범람으로인한저지대침수,2.823,16호태풍 산바로 인한 침수,1500,20120918,5,2012,948,47,47150
8865,10826.54798779,420.962556992276,143142,1400,20120917,하천범람으로인한저지대침수,1.807,16호태풍 산바로 인한 침수,1500,20120918,4,2012,942,47,47150
8866,4225.701729915,284.8853377443415,143142,1400,20120917,하천범람으로인한저지대침수,1.674,16호태풍 산바로 인한침수,1500,20120918,4,2012,944,47,47150
8867,7842.18906769,514.0144109243282,143142,1400,20120917,하천범람으로인한저지대침수,0.939,16호태풍 산바로 인한 침수,1500,20120918,2,2012,937,47,47150
8868,14161.680508785,869.4156002031909,143142,1400,20120917,하천범람으로인한저지대침수,1.291,16호태풍 산바로 인한 침수,1500,20120918,3,2012,945,47,47150
8869,24518.61129567,685.170502616495,311856,1400,20120917,제방붕괴로인한저지대침수,2.837,16호태풍산바로인한침수,1500,20120918,5,2012,1014,47,47150
8870,135549.62145429,2364.939784749992,311856,1400,20120917,제방붕괴로인한저지대침수,1.707,16호태풍산바로인한침수,1500,20120918,4,2012,981,47,47150
8871,31760.977712485,1042.2264390218063,311856,1400,20120917,제방붕괴로인한저지대침수,1.473,16호태풍산바로인한침수,1500,20120918,3,2012,988,47,47150
8872,36312.646644735,930.93412558494,311856,1400,20120917,제방붕괴로인한저지대침수,1.711,16호태풍산바로인한침수,1500,20120918,4,2012,1018,47,47150
8873,3229.807314535,268.43059114987074,311856,1400,20120917,제방붕괴로인한저지대침수,1.163,16호태풍산바로인한침수,1500,20120918,3,2012,1016,47,47150
8874,28099.373961035,905.2600342952827,311856,1400,20120917,제방붕괴로인한저지대침수,2.028,16호태풍산바로인한침수,1500,20120918,5,2012,1015,47,47150
8875,6665.03936619,335.0311363158465,311856,1400,20120917,제방붕괴로인한저지대침수,1.466,16호태풍산바로인한침수,1500,20120918,3,2012,1009,47,47150
8876,30713.972175075,1031.9116322230955,124787,0800,20120917,저지대 집중호우로인한 침수,1.168,제16호태풍(산바),0500,20120918,3,2012,713,47,47130
8877,553283.70019335,5088.674770820121,124787,0800,20120917,저지대 집중호우로인한 침수,0.409,제16호태풍(산바),0500,20120918,1,2012,707,47,47130
8878,56860.941870625,1071.739719335384,29593,0500,20120917,배수관 협소로인한 침수,0.996,제16호태풍(산바),0800,20120918,2,2012,716,47,47130
8879,131851.044863055,2122.5589127432104,122299,0500,20120917,저지대 및 하천 역류로 인한 침수,1.688,제16호태풍(산바),0800,20120918,4,2012,719,47,47130
8880,53709.23516765,1145.5546965027565,29593,0500,20120917,배수관 협소로인한 침수,0.793,제16호태풍(산바),0800,20120918,2,2012,714,47,47130
8881,22144.59341825,645.2254307394696,29593,0500,20120917,배수관협소로인한 침수,0.397,제16호태풍(산바),0800,20120918,1,2012,718,47,47130
8882,4260.50410919,437.7357269715947,29593,0500,20120917,배수관 협소로인한 침수,2.38,제16호태풍(산바),0800,20120918,5,2012,720,47,47130
8883,34625.90681575,860.9300379116505,45153,0800,20120917,배수로 현소로인한 침수,2.972,제16호태풍(산바),0500,20120918,5,2012,809,47,47130
8884,24232.28317858,698.4055190879318,45153,0800,20120917,산에서 내려오는 물이 많아 배수고넘쳐 침수,0.438,제16호태풍(산바),0500,20120918,1,2012,819,47,47130
8885,35177.653631435,855.975102510415,45153,0800,20120917,배수로 현소로인한 침수,2.315,제16호태풍(산바),0500,20120918,5,2012,814,47,47130
8886,19438.198048195,765.7311257148134,45153,0800,20120917,배수로 협소로인한 침수,1.241,제16호태풍(산바),0500,20120918,3,2012,816,47,47130
8887,68425.63593068,1516.125460549687,68112,0500,20120917,저지대로인한 침수,0.995,제16호태풍(산바),0800,20120918,2,2012,813,47,47130
8888,67850.27299307,1272.5934591051864,45153,0800,20120917,배수로 현소로인한 침수,1.496,제16호태풍(산바),0500,20120918,3,2012,811,47,47130
8889,14483.585679735,631.8743471707071,45153,0800,20120917,배수로 현소로인한 침수,0.397,제16호태풍(산바),0500,20120918,1,2012,812,47,47130
8890,21941.88811685,797.7066101661487,143142,1400,20120917,하천범람으로인한저지대침수,0.88,16호태풍 산바로 인한침수,1500,20120918,2,2012,931,47,47150
8891,14886.539212255,554.670267476442,143142,1400,20120917,하천범람으로인한저지대침수,0.709,16호태풍 산바로 인한 침수,1500,20120918,2,2012,932,47,47150
8892,54556.467003365,1622.8081875333723,143142,1400,20120917,하천범람으로인한저지대침수,0.263,16호태풍산바에의한침수,1500,20120918,1,2012,941,47,47150
8893,12588.05862822,547.1844222066246,143142,1400,20120917,하천범람으로인한저지대침수,0.97,16호태풍 산바로 인한 침수,1500,20120918,2,2012,943,47,47150
8894,33270.679241405,1019.4989331741255,311856,1400,20120917,제방붕괴로인한저지대침수,0.919,16호태풍산바로인한침수,1500,20120918,2,2012,1007,47,47150
8895,31582.25931552,982.6933563170277,311856,1400,20120917,제방붕괴로인한저지대침수,1.519,16호태풍산바로인한침수,1500,20120918,4,2012,985,47,47150
8896,3333.906536725,263.7700963332292,311856,1400,20120917,제방붕괴로인한저지대침수,1.344,16호태풍산바로인한침수,1500,20120918,3,2012,978,47,47150
8897,43555.3221386,1351.2383113577955,311856,1400,20120917,제방붕괴로인한저지대침수,2.548,16호태풍산바로인한침수,1500,20120918,5,2012,1013,47,47150
8898,28398.18342868,746.2126869785085,115849,1400,20120917,제방붕괴로인한저지대침수,1.455,16호태풍산바로인한침수,1500,20120918,3,2012,1022,47,47150
8899,39954.125407375,1437.0363763488556,115849,1400,20120917,제방붕괴,1.736,16호태풍산바로인한침수,1500,20120918,4,2012,1043,47,47150
8900,5161.57687768,302.30057792176467,115849,1400,20120917,제방붕괴로인한저지대침수,1.499,16호태풍산바로인한침수,1500,20120918,3,2012,1025,47,47150
8901,135548.118410125,1984.6807947223335,122299,0500,20120917,저지대 및 하천 역류로인한 침수,0.689,제16호태풍(산바),0800,20120918,2,2012,721,47,47130
8902,34957.411134355,964.8718272009996,29593,0500,20120917,배수관 협소로인한 침수,1.77,제16호태풍(산바),0800,20120918,4,2012,715,47,47130
8903,109234.332402105,1806.95878326064,122299,0500,20120917,저지대 및 하천 역류로 인한 침수,0.744,제16호태풍(산바),0800,20120918,2,2012,717,47,47130
8904,3058.311206885,239.0967663017234,42248,0800,20120917,수문협소로 강물역류로인한 침수,0.745,제16호태풍(산바),0500,20120918,2,2012,723,47,47130
8905,12123.701651005,549.4324000972385,42248,0800,20120917,수문협소하여 강물 역류로 침수,0.887,제16호태풍(산바),0500,20120918,2,2012,722,47,47130
8906,178262.694620585,2022.7803208376247,42248,0800,20120917,수문협소하여 강물 역류하여침수,0.753,제16호태풍(산바),0500,20120918,2,2012,724,47,47130
8907,85737.948252065,1519.3890984706595,72887,0800,20120917,저지대 집중호우로인한 침수,1.17,제16호태풍(산바),0500,20120918,3,2012,726,47,47130
8908,55608.540286575,1175.5680109540806,45153,0800,20120917,배수구 혐소로인한 침수,0.646,제16호태풍(산바),0500,20120918,2,2012,818,47,47130
8909,9129.54245023,382.80162885627794,150854,0500,20120917,저지대로인한 침수,0.564,제16호태풍(산바),0800,20120918,2,2012,822,47,47130
8910,99844.82323471,1998.5553173572116,150854,0500,20120917,저지대로인한 침수,1.37,제16호태풍(산바),0800,20120918,3,2012,821,47,47130
8911,50125.62256788,943.9162099683525,150854,0500,20120917,저지대로인한 침수,0.819,제16호태풍(산바),0800,20120918,2,2012,820,47,47130
8912,7646.20037044,378.728977402969,82825,0500,20120917,저지대로인한 침수,0.412,제16호태풍(산바),0800,20120918,1,2012,825,47,47130
8913,10363.94542497,765.7153798883683,252894,0800,20120917,형산강물 역류로인한 침수,1.93,제16호태풍(산바),0500,20120918,4,2012,832,47,47130
8914,71312.36656864,1120.2810738056592,252894,0800,20120917,형산강물 역류로인한 침수,2.129,제16호태풍(산바),0500,20120918,5,2012,867,47,47130
8915,58694.70603838,1096.2916351796307,615127,0800,20120917,저지대로인한 강물 역류,0.726,제16호태풍(산바),0500,20120918,2,2012,866,47,47130
8916,128235.34481714,1744.148521710197,82825,0500,20120917,저지대로인한 침수,1.64,제16호태풍(산바),0800,20120918,4,2012,869,47,47130
8917,72232.9473146,1314.503777798366,147445,0800,20120917,저지대로인한 침수,0.837,제16호태풍(산바),0500,20120918,2,2012,828,47,47130
8918,12798.151221425,527.5637904476008,143142,1400,20120917,하천범람으로인한저지대침수,0.405,16호태풍 산바로 인한 침수,1500,20120918,1,2012,939,47,47150
8919,2424.501916765,271.3115376127073,143142,1400,20120917,하천범람으로인한저지대침수,2.178,16호태풍 산바로 인한 침수,1500,20120918,5,2012,946,47,47150
8920,7785.736089855,405.7209848902729,143142,1400,20120917,하천범람으로인한저지대침수,1.492,16호태풍 산바로 인한 침수,1500,20120918,3,2012,934,47,47150
8921,11906.953017295,609.0326338523686,143142,1400,20120917,하천범람으로인한저지대침수,0.391,16호태풍 산바로 인한침수,1500,20120918,1,2012,933,47,47150
8922,2807.482728755,296.5486480911073,143142,1400,20120917,하천범람으로인한저지대침수,0.426,16호태풍 산바로 인한침수,1500,20120918,1,2012,936,47,47150
8923,2247.933890345,217.02346072658574,143142,1400,20120917,하천범람으로인한저지대침수,0.418,16호태풍 산바로 인한 침수,1500,20120918,1,2012,938,47,47150
8924,12627.199608695,582.1454214243997,115849,1400,20120917,제방붕괴로인한저지대침수,1.152,16호태풍산바로인한침수,1500,20120918,3,2012,1042,47,47150
8925,800.6581852,191.70976987768864,115849,1400,20120917,제방붕괴,2.698,16호태풍산바로인한침수,1500,20120918,5,2012,1029,47,47150
8926,99941.546316595,2434.8495979048344,115849,1400,20120917,제방붕괴,2.359,16호태풍산바로인한침수,1500,20120918,5,2012,1038,47,47150
8927,16947.84276075,603.723754592803,115849,1400,20120917,제방붕괴,2.356,16호태풍산바로인한침수,1500,20120918,5,2012,1039,47,47150
8928,6385.935808815,324.8090265142571,115849,1400,20120917,제방붕괴,1.646,16호태풍산바로인한침수,1500,20120918,4,2012,1032,47,47150
8929,53677.372187035,1433.847418460066,115849,1400,20120917,제방붕괴로인한저지대침수,1.941,16호태풍산바로인한침수,1500,20120918,4,2012,1023,47,47150
8930,63532.457206925,1454.9498078905299,29593,0500,20120917,배수관협소로인한 침수,0.615,제16호태풍(산바),0800,20120918,2,2012,730,47,47130
8931,14537.426925315,687.7963335008977,72887,0800,20120917,저지대 집중호우로 침,1.21,제16호태풍(산바),0500,20120918,3,2012,725,47,47130
8932,17274.788490985,645.1544301622139,29593,0500,20120917,배수구 혐소로인한 침수,1.109,제16호태풍(산바),0800,20120918,3,2012,728,47,47130
8933,264294.3729557,4348.956580242168,72887,0800,20120917,저지대 집중호우로 침수,0.712,제16호태풍(산바),0500,20120918,2,2012,731,47,47130
8934,4344.84522878,329.28910628972653,29593,0500,20120917,배수구 혐소로인한 침수,0.696,제16호태풍(산바),0800,20120918,2,2012,729,47,47130
8935,73874.086370955,1259.0905768314133,72887,0800,20120917,저지대 집중호우인한 침수,0.906,제16호태풍산바,0500,20120918,2,2012,727,47,47130
8936,167808.200129335,2391.9832023301183,147445,0800,20120917,저지대로인한 침수,0.643,제16호태풍(산바),0500,20120918,2,2012,836,47,47130
8937,95757.52695569,1232.7593092219145,252894,0800,20120917,형산강물 역류로인한 침수,1.86,제16호태풍(산바),0500,20120918,4,2012,884,47,47130
8938,75934.27389218,1807.10922769062,82825,0500,20120917,저지대로인한 침수,1.963,제16호태풍(산바),0800,20120918,4,2012,880,47,47130
8939,37868.768805195,995.4680981541783,147445,0800,20120917,저지대로인한 침수,1.008,제16호태풍(산바),0500,20120918,3,2012,839,47,47130
8940,54126.812950025,1235.0941677934861,252894,0800,20120917,형산강물 역류로인한 침수,0.816,제16호태풍(산바),0500,20120918,2,2012,881,47,47130
8941,55607.55519934,973.8913948836309,147445,0800,20120917,저지대로인한 침수,0.738,제16호태풍(산바),0500,20120918,2,2012,850,47,47130
8942,4926.165724865,316.64921293839745,252894,0800,20120917,형산강물 역류로인한 침수,1.124,제16호태풍(산바),0500,20120918,3,2012,854,47,47130
8943,289694.08880361,2446.494253245893,615127,0800,20120917,저지대로인한 강물 역류,0.84,제16호태풍(산바),0500,20120918,2,2012,843,47,47130
8944,130578.14171174,2047.1173280239743,110116,0800,20120917,형산강물 역류로인한 침수,0.811,제16호태풍(산바),0500,20120918,2,2012,852,47,47130
8945,41394.520607,883.1536934884036,252894,0800,20120917,형산강물 역류로인한 침수,1.351,제16호태풍(산바),0500,20120918,3,2012,855,47,47130
8946,35364.555271805,1031.6734580551895,143142,1400,20120917,하천범람으로인한저지대침수,1.494,16호태풍 산바로 인한침수,1500,20120918,3,2012,935,47,47150
9062,56078.1309672,1006.4670793603875,252894,0800,20120917,형산강물 역류로인한 침수,1.53,제16호태풍(산바),0500,20120918,4,2012,842,47,47130
9063,304576.957033485,3683.2699187857575,143142,1400,20120917,제방붕괴로인한침수,2.713,16호태풍 산바로 인한침수,1500,20120918,5,2012,972,47,47150
9064,27631.07395893,828.8188138680913,143142,1400,20120917,제방붕괴로인한침수,1.537,16호태풍 산바로 인한침수,1500,20120918,4,2012,963,47,47150
9065,3086.42528736,261.05898900570446,143142,1400,20120917,제방붕괴로인한침수,2.173,16호태풍 산바로 인한침수,1500,20120918,5,2012,965,47,47150
9066,3999.213292425,286.2540520115827,143142,1400,20120917,제방붕괴로인한침수,2.437,16호태풍 산바로 인한침수,1500,20120918,5,2012,956,47,47150
9067,55869.83015915,2094.7914249710975,143142,1400,20120917,제방붕괴로인한침수,1.248,16호태풍 산바로 인한침수,1500,20120918,3,2012,968,47,47150
9575,4770.577518165,372.35667801659395,3090,1400,20120917,저지대침수,0.321,16호태풍산바로인한침수,1500,20120918,1,2012,949,47,47150
9576,92512.44831913,4243.812818505201,362311,1400,20120917,제방붕괴에의한침수,0.243,16호태풍산바에의한침수,1500,20120918,1,2012,951,47,47150
9577,3087.754320975,260.56452126229647,362311,1400,20120917,제방붕괴에의한침수,0.188,16호태풍산바에의한침수,1500,20120918,1,2012,950,47,47150
9578,2989.70961856,256.0811357149954,362311,1400,20120917,제방붕괴에의한침수,0.243,16호태풍산바에의한침수,1500,20120918,1,2012,955,47,47150
9579,3034.01504407,258.8107289609089,362311,1400,20120917,제방붕괴에의한침수,0.122,16호태풍산바에의한침수,1500,20120918,1,2012,952,47,47150
9580,170316.733932565,2818.29759143666,115849,1400,20120917,제방붕괴,2.561,16호태풍산바로인한침수,1500,20120918,5,2012,1040,47,47150
9581,11822.8361721,473.9325620213314,115849,1400,20120917,제방붕괴,1.807,16호태풍산바로인한침수,1500,20120918,4,2012,1034,47,47150
9582,10761.34061086,442.7186656216465,115849,1400,20120917,제방붕괴,1.478,16호태풍산바로인한침수,1500,20120918,3,2012,1020,47,47150
9583,3786.2804868,347.3010353134637,115849,1400,20120917,제방붕괴,1.675,16호태풍산바로인한침수,1500,20120918,4,2012,1041,47,47150
9584,842.195755925,148.30796438629085,115849,1400,20120917,제방붕괴,1.52,16호태풍산바로인한침수,1500,20120918,4,2012,1031,47,47150
9585,49873.95389433,1189.054330145258,115849,1400,20120917,제방붕괴,2.643,16호태풍산바로인한침수,1500,20120918,5,2012,1028,47,47150
9586,9841.780950315,635.2799003690466,115849,1400,20120917,제방붕괴,1.961,16호태풍산바로인한침수,1500,20120918,4,2012,1021,47,47150
9587,10664.15962381,547.4445182733432,115849,1400,20120917,제방붕괴로인한저지대침수,2.497,16호태풍산바로인한침수,1500,20120918,5,2012,1036,47,47150
9588,77150.59097167,1442.2798996599406,72887,0800,20120917,저지대 집중호우로인한 침수,0.921,제16호태풍(산바),0500,20120918,2,2012,733,47,47130
9589,41970.94566848,1473.3036086546347,72887,0800,20120917,저지대 집중호우로인한 침수,0.438,제16호태풍(산바),0500,20120918,1,2012,732,47,47130
9590,189686.52250671,2313.285791691738,88890,0800,20120917,형산강 역류로인한 침수,0.453,제16호태풍(산바),0500,20120918,1,2012,734,47,47130
9591,99337.96120607,1883.6547645369217,92320,0800,20120917,저지대 및 역류로인한 침수,0.494,제16호태풍(산바),0500,20120918,1,2012,744,47,47130
9592,34708.4297352,792.8172728441848,92320,0800,20120917,저지대 및 역류로인한 침수,0.62,제16호태풍(산바),0500,20120918,2,2012,752,47,47130
9593,17887.645443245,621.1759169640751,406279,0800,20120917,저지대 및 역류로인한 침수,0.732,제16호태풍(산바),0500,20120918,2,2012,735,47,47130
9594,16092.92522676,698.2590278087653,82825,0500,20120917,저지대로인한 침수,1.948,제16호태풍(산바),0800,20120918,4,2012,870,47,47130
9595,148194.226179325,1862.5089869809556,147445,0800,20120917,저지대로 인한 침수,1.5,제16호태풍(산바),0500,20120918,4,2012,858,47,47130
9596,55577.05310436,1169.5668979317186,82825,0500,20120917,저지대로인한 침수,2.677,제16호태풍(산바),0800,20120918,5,2012,891,47,47130
9597,21479.53705258,592.3083573829297,252894,0800,20120917,형산강물 역류로인한 침수,0.318,제16호태풍(산바),0500,20120918,1,2012,878,47,47130
9598,171173.994185715,2918.591748712748,1222081,0500,20120917,저지대 형산강물 역류인한 침수,1.174,제16호태풍(산바),0800,20120918,3,2012,833,47,47130
9599,93288.943300245,1376.8851053699268,110116,0800,20120917,현산강물 역류로인한 침수,0.509,제16호태풍(산바),0500,20120918,2,2012,849,47,47130
9600,4075.92696199,312.48292299166087,82825,0500,20120917,저지대로인한 침수,1.701,제16호태풍(산바),0800,20120918,4,2012,844,47,47130
9601,5659.43634774,407.3380254654632,147445,0800,20120917,저지대로 인한 침수,0.519,제16호태풍(산바),0500,20120918,2,2012,846,47,47130
9602,432720.989646265,3006.3795259420913,1222081,0500,20120917,저지대 형산강물 역류인한 침수,1.434,제16호태풍(산바),0800,20120918,3,2012,824,47,47130
9603,15948.4365079,515.9205913684968,252894,0800,20120917,형산강물 역류로인한 침수,1.112,제16호태풍(산바),0500,20120918,3,2012,890,47,47130
9604,114029.892091735,2690.11788142356,110116,0800,20120917,형산강물 역류로인한 침수,1.284,제16호태풍(산바),0500,20120918,3,2012,845,47,47130
9625,413285.7154549,3807.262760234119,406279,0800,20120917,저지대 및 역류로인한 침수,0.999,제16호태풍(산바),0500,20120918,2,2012,740,47,47130
9626,41806.13906469,1022.821904800352,213198,0800,20120917,배수불량으로인한 침수,3.002,제16호태풍(산바),0500,20120918,6,2012,741,47,47130
9606,469620.75972074,3919.4681205916413,362311,1400,20120917,제방붕괴에의한침수,0.932,16호태풍산바에의한침수,1500,20120918,2,2012,953,47,47150
9607,3080.670445685,259.21877757777594,362311,1400,20120917,제방붕괴에의한침수,0.421,16호태풍산바에의한침수,1500,20120918,1,2012,954,47,47150
9608,5268.822889815,334.33840852809044,143142,1400,20120917,제방붕괴로인한침수,1.766,16호태풍 산바로 인한침수,1500,20120918,4,2012,964,47,47150
9609,2066.48334126,196.2226645422017,143142,1400,20120917,제방붕괴로인한침수,2.253,16호태풍 산바로 인한침수,1500,20120918,5,2012,958,47,47150
9610,3090.572831145,362.7684007389539,143142,1400,20120917,제방붕괴로인한침수,0.969,16호태풍 산바로 인한침수,1500,20120918,2,2012,974,47,47150
9611,1805.884767645,231.90298394581959,143142,1400,20120917,제방붕괴로인한침수,2.601,16호태풍 산바로 인한침수,1500,20120918,5,2012,966,47,47150
9612,3702.642351475,341.5799705058013,143142,1400,20120917,제방붕괴로인한침수,2.229,16호태풍 산바로 인한침수,1500,20120918,5,2012,961,47,47150
9613,523.76990066,119.81583714064432,115849,1400,20120917,제방붕괴,1.564,16호태풍산바로인한침수,1500,20120918,4,2012,1027,47,47150
9614,139083.57726202,2115.9080052981617,115849,1400,20120917,제방붕괴로인한저지대침수,1.933,16호태풍산바로인한침수,1500,20120918,4,2012,1035,47,47150
9615,6930.4422174,383.89121190690634,115849,1400,20120917,제방붕괴,0.406,16호태풍산바로인한침수,1500,20120918,1,2012,1026,47,47150
9616,3073.608916895,258.9434558025852,115849,1400,20120917,제방붕괴,1.744,16호태풍산바로인한침수,1500,20120918,4,2012,1024,47,47150
9617,3750.73749134,305.1947361614804,115849,1400,20120917,제방붕괴,0.421,16호태풍산바로인한침수,1500,20120918,1,2012,1037,47,47150
9618,15324.789154045,594.8738590907689,115849,1400,20120917,제방붕괴,1.19,16호태풍산바로인한침수,1500,20120918,3,2012,1030,47,47150
9619,5229.41840954,320.78407992768746,115849,1400,20120917,제방붕괴,1.912,16호태풍산바로인한침수,1500,20120918,4,2012,1033,47,47150
9620,14641.50153442,506.53905230706846,115849,1400,20120917,제방붕괴로인한저지대침수,1.494,16호태풍산바로인한침수,1500,20120918,3,2012,1044,47,47150
9621,8969.312194435,429.23111976360974,344752,1400,20120917,제방붕기및하천범람,1.756,16호태풍산바에의한침수,1500,20120918,4,2012,1081,47,47150
9622,3354.165742045,275.60477279866205,344752,1400,20120917,제방붕기및하천범람,1.583,16호태풍산바에의한침수,1500,20120918,4,2012,1057,47,47150
9623,12281.729275495,446.1934459499863,344752,1400,20120917,제방붕기및하천범람,0.4,16호태풍산바에의한침수,1500,20120918,1,2012,1078,47,47150
9624,8649.50080984,364.6396234424076,344752,1400,20120917,제방붕기및하천범람,1.334,16호태풍산바에의한침수,1500,20120918,3,2012,1047,47,47150
9627,107790.689671265,2535.986349984323,92320,0800,20120917,저지대 및 역류로인한 침수,1.12,제16호태풍(산바),0500,20120918,3,2012,745,47,47130
9628,25392.08005205,808.0413776514038,615127,0800,20120917,형산강물 역류로인한침수,1.413,제16호태풍(산바),0500,20120918,3,2012,754,47,47130
9629,290756.48778982,2761.370064741783,406279,0800,20120917,저지대 및 역류로인한 침수,1.079,제16호태풍(산바),0500,20120918,3,2012,753,47,47130
9630,15620.90231184,690.243676888144,406279,0800,20120917,저지대 및 역류로인한 침수,0.627,제16호태풍(산바),0500,20120918,2,2012,749,47,47130
9631,179915.84366798,2334.4901402686523,147445,0800,20120917,저지대로 인한 침수,1.166,제16호태풍(산바),0500,20120918,3,2012,876,47,47130
9632,11896.976607455,761.8683978277378,82825,0500,20120917,저지대로인한 침수,1.016,제16호태풍(산바),0800,20120918,3,2012,840,47,47130
9633,212632.694813475,2095.3293663340264,252894,0800,20120917,형산강물 역류로인한 침수,1.399,제16호태풍(산바),0500,20120918,3,2012,851,47,47130
9634,282097.859176725,2618.6350515255367,1222081,0500,20120917,저지대 형산강물 역류인한 침수,0.654,제16호태풍(산바),0800,20120918,2,2012,823,47,47130
9635,144157.53691503,3051.6257121505855,1222081,0500,20120917,저지대 형산강물 역류인한 침수,0.504,제16호태풍(산바),0800,20120918,2,2012,864,47,47130
9636,6983.407124,360.17280094893596,252894,0800,20120917,형산강물 역류로인한 침수,1.249,제16호태풍(산바),0500,20120918,3,2012,889,47,47130
9637,902540.395261605,7802.190743311195,615127,0800,20120917,저지대로인한 강물 역류,0.772,제16호태풍(산바),0500,20120918,2,2012,830,47,47130
9638,40444.359032545,994.723327319003,82825,0500,20120917,저지대로인한 침수,2.796,제16호태풍(산바),0800,20120918,5,2012,872,47,47130
17255,3467.14438039,267.42474227339295,604796,1600,20190922,국지성집중호우,1.265,제17호태풍타파,0900,20190924,3,2019,498,47,47113
10809,43531.992672105,1050.3962531718007,65493,1500,20120917,태풍산바에 따른 구거 범람,0.245,2012년 태풍산바에 따른 침수,0800,20120918,1,2012,1147,47,47250
10810,13298.1122716,462.2579139793951,65493,1500,20120917,태풍산바에 따른 구거 범람,1.088,2012년 태풍산바에 따른 침수,0800,20120918,3,2012,1149,47,47250
10811,44557.54544364,1040.581264435568,65493,1500,20120917,태풍산바에 따른 구거 범람,0.867,2012년 태풍산바에 따른 침수,0800,20120918,2,2012,1148,47,47250
10812,1742.544834205,342.80881211255564,1037,1500,20120917,태풍산바에 따른 구거범람,0.335,2012년 태풍 산바,1500,20120918,1,2012,1151,47,47250
10813,1655.6004193,411.86106418560996,1037,1500,20120917,태풍산바에 따른 구거범람,0.47,2012년 태풍 산바,1500,20120918,1,2012,1150,47,47250
10814,17671.874344605,636.1253710104063,76308,0000,20120917,태풍산바에 의한 집중호우로 인한 침수,1.5,고령읍 외리지구,0000,20120917,4,2012,1154,47,47830
10815,60683.063813515,1137.000438010615,76308,0000,20120917,태풍 산바에 의한 집중호우로 인한 침수,1.5,고령읍 외리지구,0000,20120917,4,2012,1159,47,47830
10816,38516.658678395,815.3740901342309,76308,0000,20120917,태풍 산바에 의해 집중호우로 인한 침수,1.5,고령읍 외리지구,0000,20120917,4,2012,1158,47,47830
10817,30223.95230882,1008.4161331850614,76308,0000,20120917,태풍산바에 의한 집중호우로 인한 침수,1.5,고령읍 외리지구,0000,20120917,4,2012,1160,47,47830
10818,61517.77007464,1091.1887266674967,76308,0000,20120917,태풍 산바로 인해 집중호우로 인한 침수,1.5,고령읍 외리지구,0000,20120917,4,2012,1152,47,47830
10819,40578.914898025,830.4878025491006,76308,0000,20120917,태풍 산바에 의한 집중호우로 인한 침수,1.5,고령읍 외리지구,0000,20120917,4,2012,1157,47,47830
10820,59748.176271305,1122.1221633560865,76308,0000,20120917,태풍 산바로 인해 집중호우로 인한 침수,1.5,고령읍 외리지구,0000,20120917,4,2012,1156,47,47830
10821,2082.956592795,181.955593416562,76308,0000,20120917,태풍 산바로 인해 집중호우로 인한 침수,1.5,고령읍 외리지구,0000,20120917,4,2012,1153,47,47830
10853,89704.59373885,1277.3186140382718,285135,0000,20120823,집중호우로 인한 내수불량,1.5,운수면 운산지구,0000,20120823,4,2012,1166,47,47830
10844,152321.73174822,1867.5636444872298,76308,0000,20120917,태풍 산바에 의해 집중호우로 인한 침수,1.5,고령읍 외리지구,0000,20120917,4,2012,1155,47,47830
10845,18415.7995724,545.1773236085006,60766,0000,20120917,태풍에 의한 집중호우로 제방붕괴 및 내수불량,1,운수면 월산지구,0000,20120917,3,2012,1162,47,47830
10846,19448.117323285,617.9882022731231,60766,0000,20120917,태풍에 의한 집중호우로 제방붕괴 및 내수불량,1,운수면 월산지구,0000,20120917,3,2012,1164,47,47830
10847,9238.828456575,406.3469304209334,60766,0000,20120917,태풍에 의한 집중호우로 제방붕괴 및 내수불량,1,운수면 월산지구,0000,20120917,3,2012,1163,47,47830
10848,9804.620021125,450.0620176614089,60766,0000,20120917,태풍에 의한 집중호우로 제방붕괴 및 내수불량,1,운수면 월산지구,0000,20120917,3,2012,1161,47,47830
10849,84885.42035218,1344.6073486191863,285135,0000,20120823,집중호우로 인한 내수불량,1.5,운수면 운산지구,0000,20120823,4,2012,1165,47,47830
10850,56620.119209105,1363.364394984278,285135,0000,20120823,집중호우로 인한 내수불량,1.5,운수면 운산지구,0000,20120823,4,2012,1170,47,47830
10851,151929.821451295,2136.8728608648985,285135,0000,20120823,집중호우로 인한 내수불량,1.5,운수면 운산지구,0000,20120823,4,2012,1171,47,47830
10852,50315.15647347,1143.0838769599613,285135,0000,20120823,집중호우로 인한 내수불량,1.5,운수면 운산지구,0000,20120823,4,2012,1168,47,47830
10854,23009.909884245,708.6106758968102,60766,0000,20120917,태풍산바에 의한 집중호우로 인한 내수불량,1,운수면 월산지구,0000,20120917,3,2012,1167,47,47830
10855,94602.85258084,1225.2240515386961,60766,0000,20120917,태풍산바에 의한 집중호우로 인한 내수불량,1,운수면 월산지구,0000,20120917,3,2012,1169,47,47830
10856,133864.433343775,2917.9120920110654,114307,0000,20120917,집중호우로 인한 내수불량,0.635,다산면 좌학지구,0000,20120917,2,2012,1172,47,47830
10857,41230.572448755,1382.104096116713,114307,0000,20120917,집중호우로 인한 내수불량,0.264,다산면 좌학지구,0000,20120917,1,2012,1173,47,47830
10872,24790.260192155,736.2041893598871,42140,0000,20120917,집중호우로 인한 내수불량,0.087,개진면 부리지구,0000,20120917,1,2012,1174,47,47830
10873,15085.570558,739.272426651784,42140,0000,20120917,집중호우로 인한 내수불량,0.352,부리지구,0000,20120917,1,2012,1175,47,47830
10874,88337.697680085,1516.056020541149,42140,0000,20120917,집중호우로 인한 내수불량,0.513,개진면 부리지구,0000,20120917,2,2012,1176,47,47830
10875,18161.83197365,557.5121568717534,249707,0000,20120917,집중호우로 인한 내수불량,1.5,우곡면 대곡지구,0000,20120917,4,2012,1181,47,47830
10876,34047.591817675,1144.4078965928484,130483,0000,20120917,집중호우로 인한 내수불량,1,우곡면 사촌지구,0000,20120917,3,2012,1183,47,47830
10877,52897.182845025,1222.0650314072282,130483,0000,20120917,집중호우로 인한 내수불량,1,우곡면 사촌지구,0000,20120917,3,2012,1185,47,47830
10878,108009.808799915,1332.647174645318,249707,0000,20120917,집중호우로 인한 내수불량,1.5,우곡면 대곡지구,0000,20120917,4,2012,1178,47,47830
10879,65831.317099865,1742.6665299474296,249707,0000,20120917,집중호우로 인한 내수불량,1.5,우곡면 대곡지구,0000,20120917,4,2012,1180,47,47830
10880,20925.551701445,589.2101531272316,130483,0000,20120917,집중호우로 인한 내수불량,1,우곡면 사촌지구,0000,20120917,3,2012,1179,47,47830
10881,90376.16499668,1518.604809752124,130483,0000,20120917,집중호우로 인한 내수불량,1,우곡면 사촌지구,0000,20120917,3,2012,1184,47,47830
10882,115340.88688762,1708.3448945880536,249707,0000,20120917,집중호우로 인한 내수불량,1.5,우곡면 대곡지구,0000,20120917,4,2012,1182,47,47830
10883,72253.187024255,1167.5904123070172,249707,0000,20120917,집중호우로 인한 내수불량,1.5,우곡면 대곡지구,0000,20120917,4,2012,1177,47,47830
10884,43253.76823664,932.7635465085064,61599,0000,20120917,태풍산바로 내수불량,0.5,신곡지구,0000,20120917,2,2012,1186,47,47830
10885,50033.67877695,1080.5836556243846,61599,0000,20120917,태풍산바로 내수불량,0.5,신곡지구,0000,20120917,2,2012,1187,47,47830
10904,182039.246567415,2090.0906870748136,302921,1200,20120917,태풍으로인한 제방유실,1.18,제16호태풍(산바),1800,20120917,3,2012,1191,47,47840
10905,120362.26404776,2267.205669482027,302921,1200,20120917,태풍으로인한 제방범람,0.329,제16호태풍(산바),1800,20120917,1,2012,1190,47,47840
10906,60948.59323539,1621.558665737677,302921,1200,20120917,태풍으로인한 제방범람,0.93,제16호태풍(산바),1800,20120917,2,2012,1188,47,47840
10907,550139.15793444,3363.7577866543993,302921,1200,20120917,태풍으로인한 제방범람,1.321,제16호태풍(산바),1800,20120917,3,2012,1189,47,47840
16242,78612.828492815,1251.1803614080764,156657,0600,20181006,태풍 콩레이로인한 집중호우,1.284,태풍 콩레이,2000,20181006,3,2018,336,47,47130
16243,87802.660430745,2017.3829480246998,156657,0600,20181006,태풍 콩레이로인한 집중호우,0.751,태풍 콩레이,2000,20181006,2,2018,334,47,47130
16264,101246.43694139,1653.097268183008,66320,0600,20181006,태풍 콩레이로 인한 집중호우,0.412,태풍 콩레이,2000,20181006,1,2018,343,47,47130
16265,16697.67772793,671.6165676226989,57135,0600,20181006,태풍 콩레이로 인한 집중호우,1.838,태풍 콩레이,2000,20181006,4,2018,344,47,47130
16266,53032.437360605,1030.0984805872697,57135,0600,20181006,태풍 콩레이로 인한 집중호우,0.858,태풍 콩레이,2000,20181006,2,2018,347,47,47130
16287,110307.2873891,1606.0866462622384,88146,0600,20181006,태풍 콩레이로 인한 집중호우,0.794,태풍 콩레이,2000,20181006,2,2018,345,47,47130
16288,24274.129443995,721.2066102346606,88146,0600,20181006,태풍 콩레이로 인한 집중호우,0.48,태풍 콩레이,2000,20181006,1,2018,342,47,47130
16289,17504.906947415,652.4898493522909,57135,0600,20181006,태풍 콩레이로 인한 집중호우,1.45,태풍 콩레이,2000,20181006,3,2018,349,47,47130
16290,52088.26170649,1044.32749338317,55600,0600,20181006,태풍 콩레이로 인한 집중호우,1.819,태풍 콩레이,2000,20181006,4,2018,348,47,47130
16291,32805.88229015,743.3809236605424,55600,0600,20181006,태풍 콩레이로 인한 집중호우,2.376,태풍 콩레이,2000,20181006,5,2018,346,47,47130
16292,642.562113685,113.09831268896728,4546,0600,20181006,태풍 콩레이로 인한 집중호우,2.482,태풍 콩레이,2000,20181006,5,2018,369,47,47130
16293,231.142447445,61.51406804791214,1686,0600,20181006,태풍 콩레이로 인한 집중호우,1.98,태풍 콩레이,2000,20181006,4,2018,362,47,47130
16294,710.05341918,136.40337174493627,4546,0600,20181006,태풍 콩레이로 인한 집중호우,0.486,태풍 콩레이,2000,20181006,1,2018,370,47,47130
16295,511.50651919,117.56558881561033,3082,0600,20181006,태풍 콩레이로 인한 집중호우,0.882,태풍 콩레이,2000,20181006,2,2018,379,47,47130
16296,653.8235062,102.89633280634465,4546,0600,20181006,태풍 콩레이로 인한 집중호우,1.979,태풍 콩레이,2000,20181006,4,2018,352,47,47130
16297,187.52120855,55.383362813071095,1686,0600,20181006,태풍 콩레이로 인한 집중호우,1.97,태풍 콩레이,2000,20181006,4,2018,357,47,47130
16298,141.891846885,47.69521388355019,3082,0600,20181006,태풍 콩레이로 인한 집중호우,0.979,태풍 콩레이,2000,20181006,2,2018,372,47,47130
16299,638.80923962,154.49533961106974,800,0600,20181006,태풍 콩레이로 인한 집중호우,0.952,태풍 콩레이,2000,20181006,2,2018,356,47,47130
16300,169.914581135,56.15914668610632,800,0600,20181006,태풍 콩레이로 인한 집중호우,0.486,태풍 콩레이,2000,20181006,1,2018,361,47,47130
16301,944.69369014,134.32987711053462,4546,0600,20181006,태풍 콩레이로 인한 집중호우,2.776,태풍 콩레이,2000,20181006,5,2018,364,47,47130
16312,72431.7839469,1189.0786881516683,156657,0600,20181006,태풍 콩레이로인한 집중호우,0.401,태풍 콩레이,2000,20181006,1,2018,335,47,47130
16313,13767.0324178,507.5697957036616,9040,0600,20181006,집중호우,0.839,태풍 콩레이,2000,20181006,2,2018,337,47,47130
16314,2860.585614735,349.8460268884559,39679,0600,20181006,태풍 콩레이로 인한 집중호우,1.222,태풍 콩레이,2000,20181006,3,2018,340,47,47130
16315,20707.3370305,897.775254614791,39679,0600,20181006,태풍 콩레이로 인한 집중호우,0.789,태풍 콩레이,2000,20181006,2,2018,338,47,47130
16316,36900.057800505,1317.6853654443971,39679,0600,20181006,태풍 콩레이로 인한 집중호우,0.402,태풍 콩레이,2000,20181006,1,2018,339,47,47130
16317,47632.577716295,953.7571081453307,31265,0600,20181006,태풍 콩레이로 인한 집중호우,0.837,태풍 콩레이,2000,20181006,2,2018,341,47,47130
16339,2122.068795445,263.69133884548006,3082,0600,20181006,태풍 콩레이로 인한 집중호우,1.489,태풍 콩레이,2000,20181006,3,2018,375,47,47130
16340,116.95084975,44.24973186862579,3082,0600,20181006,태풍 콩레이로 인한 집중호우,0.666,태풍 콩레이,2000,20181006,2,2018,376,47,47130
16341,211.99844119,69.88341202824479,800,0600,20181006,태풍 콩레이로 인한 집중호우,0.489,태풍 콩레이,2000,20181006,1,2018,355,47,47130
16342,232.424465455,61.4484027342773,1686,0600,20181006,태풍 콩레이로 인한 집중호우,0.99,태풍 콩레이,2000,20181006,2,2018,371,47,47130
16343,187.11687865,54.95249844362754,3082,0600,20181006,태풍 콩레이로 인한 집중호우,0.982,태풍 콩레이,2000,20181006,2,2018,366,47,47130
16344,204.715901505,57.99117207449879,1686,0600,20181006,태풍 콩레이로 인한 집중호우,0.48,태풍 콩레이,2000,20181006,1,2018,380,47,47130
16345,451.866606805,85.30108115561285,4546,0600,20181006,태풍 콩레이로 인한 집중호우,0.982,태풍 콩레이,2000,20181006,2,2018,350,47,47130
16346,547.30827703,95.54756128758119,4546,0600,20181006,태풍 콩레이로 인한 집중호우,1.476,태풍 콩레이,2000,20181006,3,2018,354,47,47130
16347,141.327550995,48.06156998179366,1686,0600,20181006,태풍 콩레이로 인한 집중호우,0.974,태풍 콩레이,2000,20181006,2,2018,365,47,47130
16348,243.66516019,63.71427811758383,1686,0600,20181006,태풍 콩레이로 인한 집중호우,1.48,태풍 콩레이,2000,20181006,3,2018,360,47,47130
16349,204.65134171,59.90023996052657,800,0600,20181006,태풍 콩레이로 인한 집중호우,0.489,태풍 콩레이,2000,20181006,1,2018,378,47,47130
16350,1048.537057905,178.46818765927273,3082,0600,20181006,태풍 콩레이로 인한 집중호우,0.379,태풍 콩레이,2000,20181006,1,2018,363,47,47130
16351,82.47940621,37.003722263809955,3082,0600,20181006,태풍 콩레이로 인한 집중호우,0.469,태풍 콩레이,2000,20181006,1,2018,374,47,47130
16352,393.26690499,88.49320555290494,3082,0600,20181006,태풍 콩레이로 인한 집중호우,0.486,태풍 콩레이,2000,20181006,1,2018,353,47,47130
16353,940.512156565,164.89191577912277,1686,0600,20181006,태풍 콩레이로 인한 집중호우,2.477,태풍 콩레이,2000,20181006,5,2018,373,47,47130
16354,601.17151624,104.59269875941857,4546,0600,20181006,태풍 콩레이로 인한 집중호우,0.986,태풍 콩레이,2000,20181006,2,2018,368,47,47130
16355,115.74581442,43.25064336301655,3082,0600,20181006,태풍 콩레이로 인한 집중호우,0.472,태풍 콩레이,2000,20181006,1,2018,367,47,47130
16356,891.55618763,125.14230145708886,4546,0600,20181006,태풍 콩레이로 인한 집중호우,0.479,태풍 콩레이,2000,20181006,1,2018,377,47,47130
16357,668.668145295,109.8174461189159,4546,0600,20181006,태풍 콩레이로 인한 집중호우,1.486,태풍 콩레이,2000,20181006,3,2018,351,47,47130
16358,268.49168427,67.0882613521311,1686,0600,20181006,태풍 콩레이로 인한 집중호우,1.48,태풍 콩레이,2000,20181006,3,2018,381,47,47130
16359,130.58315626,46.51674798569088,1686,0600,20181006,태풍 콩레이로 인한 집중호우,0.48,태풍 콩레이,2000,20181006,1,2018,358,47,47130
16378,486.8559378,90.51958802026431,4546,0600,20181006,태풍 콩레이로 인한 집중호우,2.479,태풍 콩레이,2000,20181006,5,2018,382,47,47130
16379,360.450884445,84.00487594964927,4546,0600,20181006,태풍 콩레이로 인한 집중호우,1.979,태풍 콩레이,2000,20181006,4,2018,359,47,47130
16380,7150.67138595,882.2264935577546,4658,2000,20180704,집중호우로 인한 도로침수,0.378,2018년 국지성 집중호우,2300,20180704,1,2018,383,47,47190
16381,8917.08706917,519.367332494794,5809,2000,20180704,집중호우에 의한 도로침수,0.797,2018년 국지성 집중호우,2300,20180704,2,2018,384,47,47190
16382,25682.870892935,771.7009081255325,29691,0000,20181005,국지성집중호우,1.082,제25호태풍콩레이,1400,20181006,3,2018,386,47,47770
16383,20245.23804312,814.3381906841698,29691,0000,20181005,국지성집중호우,0.796,제25호태풍콩레이,1400,20181006,2,2018,385,47,47770
16995,48631.172917545,1086.4675293018927,604796,1600,20190922,국지성집중호우,1.773,제17호태풍타파,0900,20190924,4,2019,455,47,47113
16996,10312.6622637,501.96368873426655,604796,1600,20190922,국지성집중호우,0.861,제17호태풍타파,0900,20190924,2,2019,457,47,47113
16997,15141.077287755,770.2663202316418,604796,1600,20190922,국지성집중호우,0.929,제17호태풍타파,0900,20190924,2,2019,485,47,47113
16998,42113.174026795,1121.782292231299,604796,1600,20190922,국지성집중호우,1.57,제17호태풍타파,0900,20190924,4,2019,482,47,47113
16999,2341.85027717,191.88077663477702,110754,1600,20190922,국지성집중호우,0.057,제17호태풍타파,0900,20190924,1,2019,495,47,47113
17000,53072.30867446,1381.1050875864448,604796,1600,20190922,국지성집중호우,1.116,제17호태풍타파,0900,20190924,3,2019,487,47,47113
17001,2606.26882264,264.77571613965796,604796,1600,20190922,국지성집중호우,0.867,제17호태풍타파,0900,20190924,2,2019,465,47,47113
17002,10066.09726261,540.3189742107321,604796,1600,20190922,국지성집중호우,0.898,제17호태풍타파,0900,20190924,2,2019,504,47,47113
17003,21979.45105556,640.1948164349564,604796,1600,20190922,국지성집중호우,1.65,제17호태풍타파,0900,20190924,4,2019,476,47,47113
17004,47669.855944365,971.5549455328353,31022,1200,20191003,집중호우,0.442,제18호 태풍 미탁,0900,20191004,1,2019,458,47,47113
17005,3567.471650105,307.8892992922071,2299,2300,20191002,하천 범람,1.23,제18호 태풍 미탁,0300,20191003,3,2019,568,47,47760
17006,2678.21473688,322.04002110379736,1726,2300,20191002,하천 범람,1.6,제18호 태풍 미탁,0300,20191003,4,2019,566,47,47760
17007,4537.94561761,570.1498373778613,2924,2300,20191002,세천 합류부분 역류로 인한 침수,0.431,제18호 태풍 미탁,0300,20191003,1,2019,562,47,47760
17008,1880.987594165,244.24580500686508,1212,2300,20191002,하천 범람,0.67,제18호 태풍 미탁,0300,20191003,2,2019,573,47,47760
17009,177310.31397564,1775.8524646115877,187524,0000,20181006,태풍으로 인한 국지성집중호우,1.691,제25호 태풍 콩레이,1400,20181006,4,2019,580,47,47770
17010,14500.15476277,485.47373183168435,18562,0000,20181006,태풍으로 인한 국지성집중호우,2.82,제25호 태풍 콩레이,1400,20181006,5,2019,588,47,47770
17011,13203.542083585,722.6117288572772,57194,0000,20181006,태풍으로 인한 국지성집중호우,1.167,제25호 태풍 콩레이,1400,20181006,3,2019,576,47,47770
17012,20219.866663135,653.9934876057605,240248,0000,20181006,태풍으로 인한 국지성집중호우,1.495,제25호 태풍 콩레이,1400,20181006,3,2019,581,47,47770
17013,122984.057213765,1709.7423810123917,123547,2000,20191002,국지성 호우에 의한 연호정 역류 및 하천범람,0.625,제18호 태풍 미탁,0400,20191003,2,2019,670,47,47930
17014,6512.44525921,679.6893420562639,9830,2000,20191002,국지성 집중호우로 인한 하천범람,0.805,제18호 태풍 미탁,0400,20191003,2,2019,671,47,47930
17015,15929.51284893,599.4274055788151,169214,2000,20191002,국지성 집중호우로 인한 저지대 침수,1.129,제18호 태풍 미탁,0400,20191003,3,2019,667,47,47930
17016,8923.16137102,583.8690650479596,9830,2000,20191002,국지성 집중호우로 인한 하천범람,1.338,제18호 태풍 미탁,0400,20191003,3,2019,666,47,47930
17122,18704.4737775,1412.2881429001247,604796,1600,20190922,국지성집중호우,0.486,제17호태풍타파,0900,20190924,1,2019,481,47,47113
17123,67515.09313496,3022.72142958629,604796,1600,20190922,국지성집중호우,1.385,제17호태풍타파,0900,20190924,3,2019,467,47,47113
17124,88872.68341647,1601.6229768850292,110754,1600,20190922,국지성집중호우,0.685,제17호태풍타파,0900,20190924,2,2019,464,47,47113
17125,76691.942447435,1255.9643555192795,187524,0000,20181006,태풍으로 인한 국지성집중호우,1.273,제25호 태풍 콩레이,1400,20181006,3,2019,587,47,47770
17126,295223.61369647,2699.4970940132284,240248,0000,20181006,태풍으로 인한 국지성집중호우,2.262,제25호 태풍 콩레이,1400,20181006,5,2019,575,47,47770
17127,53706.617712375,1004.2865088140719,57194,0000,20181006,태풍으로 인한 국지성집중호우,2.476,제25호 태풍 콩레이,1400,20181006,5,2019,584,47,47770
17128,111030.927559595,1593.2520050240007,174491,0000,20181006,태풍으로 인한 국지성집중호우,1.399,제25호 태풍 콩레이,1400,20181006,3,2019,585,47,47770
17236,10159.010275135,419.16482337660125,130129,2300,20191002,내수침수,1.285,제 18호 태풍 미탁,0700,20191003,3,2019,591,47,47770
17237,7008.965930475,411.8040215020891,5763,0000,20191002,태풍으로인한 집중호우 내수침수,0.678,제 18호태풍 미탁,0800,20191003,2,2019,598,47,47770
17238,15843.45780786,971.358873035692,13343,2300,20191002,태풍으로인한 집중호우 내수침수,0.89,제 18호태풍 미탁,0800,20191003,2,2019,599,47,47770
17239,132459.05969088,2065.0078642905437,130129,2300,20191002,내수침수,0.91,제 18호 태풍 미탁,0700,20191003,2,2019,593,47,47770
17240,98939.02808923,1546.5644198957796,100959,2000,20191002,국지성 집중호우에 따른 하천범람 및 하천역류에 의해 배수가 원할하지 못하여 침수,1.008,제18호 태풍 미탁,0400,20191003,3,2019,674,47,47930
17249,14216.83800706,589.6028670902617,134956,1200,20191003,집중호우,0.376,제18호 태풍 미탁,0900,20191004,1,2019,447,47,47113
17250,33275.23263917,780.1126044636108,604796,1600,20190922,국지성집중호우,1.388,제17호태풍타파,0900,20190924,3,2019,471,47,47113
17251,1329.230725215,532.2894202635102,419556,1600,20190922,국지성집중호우,1.009,제17호태풍타파,0900,20190924,3,2019,452,47,47113
17252,18617.47576184,1863.9762299474173,604796,1600,20190922,국지성집중호우,0.637,제17호태풍타파,0900,20190924,2,2019,473,47,47113
17253,274890.86703324,3089.8013244459785,262699,1200,20191003,국지성집중호우,1.256,제18호 태풍 미탁,0900,20191004,3,2019,448,47,47113
17254,22472.561106165,654.6717597945334,604796,1600,20190922,국지성집중호우,1.032,제17호태풍타파,0900,20190924,3,2019,474,47,47113
17256,26865.030387295,693.6186385527682,604796,1600,20190922,국지성집중호우,1.644,제17호태풍타파,0900,20190924,4,2019,451,47,47113
17257,45338.50940744,2375.2105837489803,154383,2300,20191002,내수침수 및 하천범람,1.261,제18호 태풍 미탁,0800,20191003,3,2019,590,47,47770
17258,1938.369557145,192.77389550036602,5763,0000,20191002,태풍으로인한 집중호우 내수침수,0.394,제 18호태풍 미탁,0800,20191003,1,2019,596,47,47770
17259,9653.40263736,704.7437416499898,21128,2300,20191002,하천범람 및 내수침수,1.118,제18호 태풍 콩레이,0800,20191003,3,2019,600,47,47770
17260,105002.91910933,2482.103181435588,81512,2000,20191002,태풍으로 인한 집중호우 및 하천범람에 의한 침수,0.231,제18호 태풍 미탁,0400,20191003,1,2019,696,47,47930
17261,6375.407829045,612.0565827998265,21128,2300,20191002,하천범람 및 내수침수,1.675,제18호 태풍 콩레이,0800,20191003,4,2019,605,47,47770
17262,47752.301082615,965.1093017858384,79377,2000,20191002,국지성 호우에 의한 저지대 침수,1.311,제18호 태풍 미탁,0400,,3,2019,689,47,47930
17263,20488.549500835,840.7117216633945,21640,2000,20191002,국지성 호우로 인한 하천범람,2.969,제18호 태풍 미탁,0400,20191003,5,2019,688,47,47930
17264,42757.6038453,1168.2091002796835,40814,2000,20191002,태풍으로 인한 집중호우 및 하천범람에 의한 침수,0.251,제18호 태풍 미탁,0400,20191003,1,2019,692,47,47930
17265,20235.99766068,771.287178206262,33536,2000,20191002,태풍으로 인한 국지성호우 와 하천범람에 따른 침수,0.834,제18호 태풍 미탁,0400,20191003,2,2019,693,47,47930
17266,9685.962932495,432.322344037959,40814,2000,20191002,태풍으로 인한 집중호우 및 하천범람에 의한 침수,0.657,제18호 태풍 미탁,0400,20191003,2,2019,694,47,47930
17278,125875.4806642,1777.321772821752,262699,1200,20191003,국지성집중호우,0.82,제18호 태풍 미탁,0900,20191004,2,2019,472,47,47113
17279,26097.210441485,853.6331233812804,419556,1600,20190922,국지성집중호우,0.639,제17호태풍타파,0900,20190924,2,2019,484,47,47113
17280,83168.561466235,1400.3564171893001,151836,1200,20191003,집중호우,0.497,제18호 태풍 미탁,0900,20191004,1,2019,461,47,47113
17281,4802.57631798,440.2501226315201,3087,0000,20191002,구거로 하천 역류에 따른 침수,0.448,제18호 태풍 미탁,0300,20191003,1,2019,512,47,47760
17282,594.896345805,108.4515944141627,382,2300,20191002,소하천 범람,0.434,제18호 태풍 미탁,0300,20191003,1,2019,508,47,47760
17283,1658.976768715,209.0651077390532,1066,2300,20191002,소하천 범람,0.712,제18호 태풍 미탁,0300,20191003,2,2019,507,47,47760
17284,1074.91284587,181.45585285538627,691,2300,20191002,소하천 범람,0.49,제18호 태풍 미탁,0300,20191003,1,2019,506,47,47760
17285,2331.036040795,208.74602476341025,1498,2300,20191002,소하천 범람,0.433,제18호 태풍 미탁,0300,20191003,1,2019,511,47,47760
17286,14108.99398828,554.9001910837605,11472,2300,20191002,구거로 하천 역류에 따른 침수,0.9,제18호 태풍 미탁,0300,20191003,2,2019,509,47,47760
17287,11798.26371939,575.0527096589252,21128,2300,20191002,하천범람 및 내수침수,0.576,제18호 태풍 콩레이,0800,20191003,2,2019,606,47,47770
17288,9505.49280933,514.2605096491677,11051,2200,20191002,하천범람 및 내수침수,0.654,제18호 태풍 콩레이,0500,20191003,2,2019,601,47,47770
17289,4140.525175505,352.5540675424282,11051,2200,20191002,하천범람 및 내수침수,1.328,제18호 태풍 콩레이,0500,20191003,3,2019,603,47,47770
17290,5051.33033908,438.813180714676,21128,2300,20191002,하천범람 및 내수침수,2.216,제18호 태풍 콩레이,0800,20191003,5,2019,602,47,47770
17291,3550.621762905,282.72247554399314,11051,2200,20191002,하천범람 및 내수침수,1.71,제18호 태풍 콩레이,0500,20191003,4,2019,604,47,47770
17292,37131.73977445,977.2806341288209,110875,2300,20191002,내수침수,2.258,제 18호 태풍 미탁,0800,20191003,5,2019,612,47,47770
17293,21962.207815535,822.7627734093311,81512,2000,20191002,태풍으로 인한 집중호우 및 하천범람에 의한 침수,0.658,제18호 태풍 미탁,0400,20191003,2,2019,697,47,47930
17294,16745.91340065,709.9357136823204,33536,2000,20191002,태풍으로 인한 국지성호우 와 하천범람에 따른 침수,0.429,제18호 태풍 미탁,0400,20191003,1,2019,698,47,47930
17295,15258.38169533,569.0547359956382,33536,2000,20191002,태풍으로 인한 국지성호우 와 하천범람에 따른 침수,0.293,제18호 태풍 미탁,0400,20191003,1,2019,691,47,47930
17296,11132.66357094,564.3534092719783,40814,2000,20191002,태풍으로 인한 집중호우 및 하천범람에 의한 침수,0.342,제18호 태풍 미탁,0400,20191003,1,2019,695,47,47930
17311,10355.784087435,454.0581655523038,6664,2300,20191002,배수불량으로 인한 하천 역류,1.457,제18호 태풍 미탁,0300,20191003,3,2019,527,47,47760
17312,18081.938674255,952.8669363367476,19029,2300,20191002,배수 불량,0.483,제18호 태풍 미탁,0300,20191003,1,2019,513,47,47760
17313,4403.06176171,268.1596261808911,7258,2200,20191002,하천범람,0.7,제18호 태풍 미탁,0300,20191003,2,2019,515,47,47760
17314,5140.22071691,580.709922680789,93062,2300,20191002,배수불량으로 인한 하천 역류,1.6,제18호 태풍 미탁,0300,20191003,4,2019,521,47,47760
17315,11524.896096835,712.1217008312458,29735,2300,20191002,배수불량으로 인한 하천 역류,0.44,제18호 태풍 미탁,0300,20191003,1,2019,514,47,47760
17307,3738.85984349,255.69523449959877,11472,2300,20191002,구거로 하천 역류에 따른 침수,0.477,제18호 태풍 미탁,0300,20191003,1,2019,510,47,47760
17308,373.540676005,86.70099396776833,240,0000,20191002,소하천 범람,0.423,제18호 태풍 미탁,0300,20191003,1,2019,505,47,47760
17309,5745.118794255,796.5574578294458,3698,2300,20191002,배수불량으로 인한 하천 역류,0.53,제18호 태풍 미탁,0300,20191003,2,2019,530,47,47760
17310,9271.256630965,389.73141930983616,9894,0000,20191002,하천범람,2.4,제18호 태풍 미탁,0300,20191003,5,2019,520,47,47760
17316,3775.394729905,290.4356292092598,93062,2300,20191002,배수불량으로 인한 하천 역류,2.247,제18호 태풍 미탁,0300,20191003,5,2019,517,47,47760
17317,1122.41106914,183.80620994689212,7258,2200,20191002,하천범람,1.2,제18호 태풍 미탁,0300,20191003,3,2019,524,47,47760
17318,108421.340144605,1971.2542455606635,86766,2300,20191002,내수침수 및 하천범람,2.623,제 18호 태풍 미탁,0800,20191003,5,2019,609,47,47770
17319,94119.799094105,1703.7036314718985,110875,2300,20191002,내수침수,1.367,제 18호 태풍 미탁,0800,20191003,3,2019,613,47,47770
17320,106433.595326625,1756.41781803778,141369,2300,20191002,내수침수 및 하천범람,3.31,제 18호 태풍 미탁,0800,20191003,6,2019,618,47,47770
17321,52735.712338035,1089.8568394944893,81310,0000,20191002,내수침수,1.429,제 18호 태풍 미탁,0800,20191003,3,2019,616,47,47770
17322,63718.61362436,1006.2769944940549,81310,0000,20191002,내수침수,0.806,제 18호 태풍 미탁,0800,20191003,2,2019,607,47,47770
17338,1016.976080955,230.6900773527916,24771,1600,20190922,국지성집중호우,0.065,제  17호 태풍 타파,0900,20190924,1,2019,436,47,47111
17339,23727.71004092,686.825971635902,24771,1600,20190922,국지성집중호우,1.188,제  17호 태풍 타파,0900,20190924,3,2019,438,47,47111
17340,13180.83719949,542.6742419004129,24771,1600,20190922,국지성집중호우,0.739,제  17호 태풍 타파,0900,20190924,2,2019,437,47,47111
17341,59292.362197705,1626.894844721381,141369,2300,20191002,내수침수 및 하천범람,2.744,제 18호 태풍 미탁,0800,20191003,5,2019,617,47,47770
17342,30887.752090375,1043.8907017350186,141369,2300,20191002,내수침수 및 하천범람,2.406,제 18호 태풍 미탁,0800,20191003,5,2019,614,47,47770
17343,1694.613288055,212.70304846746382,86766,2300,20191002,내수침수 및 하천범람,3.012,제 18호 태풍 미탁,0800,20191003,6,2019,611,47,47770
17344,9781.444527,412.45331399043715,81310,0000,20191002,내수침수,2.024,제 18호 태풍 미탁,0800,20191003,5,2019,610,47,47770
17345,20116.64915103,759.8232836127308,116032,2200,20191002,국지성 집중호우,0.266,제18호 태풍 미탁,1200,20191003,1,2019,629,47,47840
17346,7237.040309795,349.3613319510645,116032,2200,20191002,국지성 집중호우,0.264,제18호 태풍 미탁,1200,20191003,1,2019,628,47,47840
17347,13328.12661165,523.4311843957431,181125,2200,20191002,국지성집중호우,0.267,제18호 태풍 미탁,1200,20191003,1,2019,625,47,47840
17348,76285.659291815,1681.9238267376131,181125,2200,20191002,국지성집중호우,0.487,제18호 태풍 미탁,1200,20191003,1,2019,624,47,47840
17355,8637.492950895,454.51401048529783,61884,1200,20191003,국지성집중호우,0.562,제18호태풍미탁,0900,20191004,2,2019,439,47,47113
17356,42795.530561325,1204.7301205346398,61884,1200,20191003,국지성집중호우,1.096,제18호태풍미탁,0900,20191004,3,2019,441,47,47113
17357,43459.578314255,1845.120470511569,61884,1200,20191003,국지성집중호우,0.509,제18호태풍미탁,0900,20191004,2,2019,440,47,47113
17358,7650.12470924,445.67394198456697,29962,1200,20191003,국지성집중호우,0.255,제18호태풍미탁,0900,20191004,1,2019,443,47,47113
17359,5754.226687825,322.322518087349,7258,2200,20191002,하천범람,0.5,제18호 태풍 미탁,0300,20191003,2,2019,522,47,47760
17360,21231.77683038,606.9354937790929,20008,0000,20191002,배수불량으로 인한 하천 역류,1.25,제18호 태풍 미탁,0300,20191003,3,2019,518,47,47760
17361,11459.70634181,441.294587652256,19029,2300,20191002,배수 불량,0.832,제18호 태풍 미탁,0300,20191003,2,2019,526,47,47760
17362,13834.929589985,467.62350545705465,20275,2300,20191002,구거배수불량,1,탁제18호태풍미,0300,20191003,3,2019,535,47,47760
17363,3146.960409465,252.9728341596762,20275,2300,20191002,구거배수불량,0.2,탁제18호태풍미,0300,20191003,1,2019,542,47,47760
17364,5030.058568195,278.8758152594639,7418,2300,20191002,배수불량,0.8,제18호태풍미탁,0300,20191003,2,2019,533,47,47760
17365,4530.60347612,318.2205510222524,2911,2300,20191002,배수불량,0.3,제18호태풍미탁,0300,20191003,1,2019,541,47,47760
17366,2796.70883794,296.6727105227116,2672,2300,20191002,하천범람,0.3,제18호태풍미탁,0300,20191003,1,2019,540,47,47760
17367,9303.327180525,398.5349670343403,5978,2300,20191002,배수불량,0.3,제18호태풍미탁,0300,20191003,1,2019,532,47,47760
17368,2678.56484501,300.97985270828644,2929,2300,20191002,인근저수지붕괴,0.9,제18호태풍미탁,0300,20191003,2,2019,534,47,47760
17369,4692.896067385,335.9750300371742,3012,2300,20191002,하천범람,0.4,제18호태풍미탁,0300,20191003,1,2019,544,47,47760
17370,14639.06906792,490.2641901387276,20275,2300,20191002,구거배수불량,0.5,탁제18호태풍미,0300,20191003,2,2019,537,47,47760
17371,3852.616428065,315.67375937693254,2475,2300,20191002,배수불량,0.6,제18호태풍미탁,0300,20191003,2,2019,531,47,47760
17372,1893.21303962,299.95672373440937,2929,2300,20191002,인근저수지붕괴,0.4,제18호태풍미탁,0300,20191003,1,2019,538,47,47760
17373,52426.46700421,1713.0011254186243,116032,2200,20191002,국지성 집중호우,0.659,제18호 태풍 미탁,1200,20191003,2,2019,621,47,47840
17374,33795.35771028,873.1954219259268,181125,2200,20191002,국지성집중호우,0.573,제18호 태풍 미탁,1200,20191003,2,2019,626,47,47840
17375,54462.08515529,1123.820078074066,181125,2200,20191002,국지성집중호우,0.55,제18호 태풍 미탁,1200,20191003,2,2019,630,47,47840
17376,91055.943457665,1732.114682678447,116032,2200,20191002,국지성 집중호우,0.637,제18호 태풍 미탁,1200,20191003,2,2019,620,47,47840
17377,98917.771761355,1391.9535182839124,181125,2200,20191002,국지성집중호우,0.561,제18호 태풍 미탁,1200,20191003,2,2019,622,47,47840
17378,7277.99290455,341.44069850092086,116032,2200,20191002,국지성 집중호우,0.339,제18호 태풍 미탁,1200,20191003,1,2019,623,47,47840
17379,6448.95247021,321.158680479958,116032,2200,20191002,국지성 집중호우,0.484,제18호 태풍 미탁,1200,20191003,1,2019,627,47,47840
17380,45348.97342359,989.3942529901612,288131,2200,20191002,국지성집중호우,1.146,제18호 태풍 미탁,1200,20191003,3,2019,654,47,47840
17381,32517.1676889,841.9066176734727,288131,2200,20191002,국지성집중호우,0.634,제18호 태풍 미탁,1200,20191003,2,2019,631,47,47840
17382,58101.80056264,1185.0822173200008,224343,2200,20191002,국지성집중호우,0.521,제18호 태풍 미탁,1200,20191003,2,2019,657,47,47840
17383,36073.25269858,775.7544526787034,224343,2200,20191002,국지성집중호우,0.505,제18호 태풍 미탁,1200,20191003,2,2019,643,47,47840
17384,16464.135769255,672.4001549340064,224343,2200,20191002,국지성집중호우,0.632,제18호 태풍 미탁,1200,20191003,2,2019,640,47,47840
17385,32541.17373242,785.054883102712,288131,2200,20191002,국지성집중호우,0.823,제18호 태풍 미탁,1200,20191003,2,2019,651,47,47840
17386,27152.179717605,697.3864513594517,224343,2200,20191002,국지성집중호우,0.391,제18호 태풍 미탁,1200,20191003,1,2019,638,47,47840
17387,35720.36074951,936.5573308232779,288131,2200,20191002,국지성집중호우,0.608,제18호 태풍 미탁,1200,20191003,2,2019,653,47,47840
17388,66743.293978555,1146.894467520833,288131,2200,20191002,국지성집중호우,1.316,제18호 태풍 미탁,1200,20191003,3,2019,658,47,47840
17389,14290.125065525,538.2699246885282,224343,2200,20191002,국지성집중호우,0.589,제18호 태풍 미탁,1200,20191003,2,2019,649,47,47840
17393,27033.032720255,870.3784216958679,93062,2300,20191002,배수불량으로 인한 하천 역류,1.68,제18호 태풍 미탁,0300,20191003,4,2019,529,47,47760
17394,9859.667919045,500.4101786516536,20008,0000,20191002,배수불량으로 인한 하천 역류,0.95,제18호 태풍 미탁,0300,20191003,2,2019,525,47,47760
17395,6105.603963275,378.46432143790565,9894,0000,20191002,하천범람,1.4,제18호 태풍 미탁,0300,20191003,3,2019,516,47,47760
17396,34676.238827355,1153.804455920866,29735,2300,20191002,배수불량으로 인한 하천 역류,0.88,제18호 태풍 미탁,0300,20191003,2,2019,528,47,47760
17397,108632.08017519,1795.4124405523562,93062,2300,20191002,배수불량으로 인한 하천 역류,1.13,제18호 태풍 미탁,0300,20191003,3,2019,519,47,47760
17398,16138.843975245,879.1720324853151,10387,2300,20191002,배수불량으로 인한 하천 역류,0.75,제18호 태풍 미탁,0300,20191003,2,2019,523,47,47760
17399,22870.06062592,652.952538558278,141369,2300,20191002,내수침수 및 하천범람,1.884,제 18호 태풍 미탁,0800,20191003,4,2019,615,47,47770
17400,40881.14484159,814.5395671875509,110875,2300,20191002,내수침수,0.769,제 18호 태풍 미탁,0800,20191003,2,2019,619,47,47770
17401,24591.833257675,669.9006294806181,86766,2300,20191002,내수침수 및 하천범람,2.328,제 18호 태풍 미탁,0800,20191003,5,2019,608,47,47770
17406,38298.11838446,1204.6591902067732,29962,1200,20191003,국지성집중호우,0.52,제18호태풍미탁,0900,20191004,2,2019,442,47,47113
17407,898.96491519,127.37656892121238,604796,1600,20190922,국지성집중호우,0.268,제17호태풍타파,0900,20190924,1,2019,444,47,47113
17408,126350.517989335,1606.5318349319148,82296,1200,20191003,국지성집중호우,1.594,제18호태풍미탁,0900,20191004,4,2019,454,47,47113
17409,1676.65737404,233.99219577696988,604796,1600,20190922,국지성집중호우,1.04,제17호태풍타파,0900,20190924,3,2019,497,47,47113
17410,115269.84312109,1996.2264125575678,419556,1600,20190922,국지성집중호우,0.705,제17호태풍타파,0900,20190924,2,2019,483,47,47113
17411,29144.39953772,1223.1175066076014,604796,1600,20190922,국지성집중호우,0.747,제17호태풍타파,0900,20190924,2,2019,489,47,47113
17412,31811.68642513,1068.5219472235158,151836,1200,20191003,집중호우,0.822,제18호 태풍 미탁,0900,20191004,2,2019,500,47,47113
17413,5073.872622075,283.68523936494324,3255,2300,20191002,배수불량,0.4,제18호태풍미탁,0300,20191003,1,2019,539,47,47760
17414,1368.57834182,224.12523717658092,2672,2300,20191002,하천범람,0.6,제18호태풍미탁,0300,20191003,2,2019,536,47,47760
17415,6515.214686815,332.0836891188795,7418,2300,20191002,배수불량,0.3,제18호태풍미탁,0300,20191003,1,2019,543,47,47760
17416,2636.181072965,352.1109960970476,1686,2300,20191002,하천범람,0.635,제18호태풍미탁,0300,20191003,2,2019,547,47,47760
17417,1225.63013033,170.8555567280787,3751,2300,20191002,하천범람,1.2,제18호태풍미탁,0300,20191003,3,2019,557,47,47760
17418,3804.88540994,428.846426033359,2435,2300,20191002,하천범람,2,제18호태풍미탁,0300,20191003,5,2019,556,47,47760
17419,1182.750688225,187.99823599823347,757,2300,20191002,하천범람,0.9,제18호태풍미탁,0300,20191003,2,2019,548,47,47760
17420,1709.64102201,266.02737091319955,2366,2300,20191002,하천범람,2.3,제18호태풍미탁,0300,20191003,5,2019,559,47,47760
17421,1240.827200385,274.1269502259668,794,2300,20191002,하천범람,1.002,제18호태풍미탁,0300,20191003,3,2019,549,47,47760
17422,2240.36409454,209.31733665270642,1435,2300,20191002,배수불량,0.6,제18호태풍미탁,0300,20191003,2,2019,546,47,47760
17423,4620.067726055,462.32618673503987,3751,2300,20191002,하천범람,0.7,제18호태풍미탁,0300,20191003,2,2019,550,47,47760
17424,1080.305143745,198.02635414984744,2433,2300,20191002,하천범람,0.5,제18호태풍미탁,0300,20191003,2,2019,553,47,47760
17425,1841.35526459,194.4128181102876,1178,2300,20191002,하천범람,1.001,제18호태풍미탁,0300,20191003,3,2019,554,47,47760
17426,3071.493933715,280.4090266725852,1965,2300,20191002,하천범람,1.001,제18호태풍미탁,0300,20191003,3,2019,552,47,47760
17427,2347.78331709,235.15743828049344,1501,2300,20191002,하천범람,1.028,제18호태풍미탁,0300,20191003,3,2019,551,47,47760
17428,21122.483176685,756.2539699463102,224343,2200,20191002,국지성집중호우,0.285,제18호 태풍 미탁,1200,20191003,1,2019,635,47,47840
17429,12235.385595565,459.54502798201963,288131,2200,20191002,국지성집중호우,0.881,제18호 태풍 미탁,1200,20191003,2,2019,648,47,47840
17430,44910.363673905,1112.5010810634171,288131,2200,20191002,국지성집중호우,0.631,제18호 태풍 미탁,1200,20191003,2,2019,645,47,47840
17431,25764.91188837,652.4325776704733,288131,2200,20191002,국지성집중호우,0.766,제18호 태풍 미탁,1200,20191003,2,2019,637,47,47840
17432,17017.379203595,791.4546205983921,288131,2200,20191002,국지성집중호우,1.051,제18호 태풍 미탁,1200,20191003,3,2019,636,47,47840
17433,7749.174644485,373.59668036184576,288131,2200,20191002,국지성집중호우,0.374,제18호 태풍 미탁,1200,20191003,1,2019,641,47,47840
17434,9319.16891075,396.8750017826868,288131,2200,20191002,국지성집중호우,0.923,제18호 태풍 미탁,1200,20191003,2,2019,650,47,47840
17435,53481.168545285,1074.8011612172863,288131,2200,20191002,국지성집중호우,0.598,제18호 태풍 미탁,1200,20191003,2,2019,656,47,47840
17436,46525.46397969,1085.2627155775388,224343,2200,20191002,국지성집중호우,0.563,제18호 태풍 미탁,1200,20191003,2,2019,644,47,47840
17437,13913.30886234,602.3875868352467,288131,2200,20191002,국지성집중호우,0.564,제18호 태풍 미탁,1200,20191003,2,2019,652,47,47840
17438,18766.44258587,861.7415919338889,224343,2200,20191002,국지성집중호우,0.328,제18호 태풍 미탁,1200,20191003,1,2019,634,47,47840
17439,13270.398915995,487.4110395669259,288131,2200,20191002,국지성집중호우,0.775,제18호 태풍 미탁,1200,20191003,2,2019,647,47,47840
17440,10916.554499275,445.3109477006737,224343,2200,20191002,국지성집중호우,0.497,제18호 태풍 미탁,1200,20191003,1,2019,639,47,47840
17441,3465.123712145,237.85294350603255,288131,2200,20191002,국지성집중호우,0.645,제18호 태풍 미탁,1200,20191003,2,2019,646,47,47840
17442,40996.217469195,896.3936694433181,224343,2200,20191002,국지성집중호우,0.386,제18호 태풍 미탁,1200,20191003,1,2019,633,47,47840
17443,4180.383847415,291.64718170572405,288131,2200,20191002,국지성집중호우,0.938,제18호 태풍 미탁,1200,20191003,2,2019,655,47,47840
17444,21658.55990212,662.1400423137252,288131,2200,20191002,국지성집중호우,0.853,제18호 태풍 미탁,1200,20191003,2,2019,642,47,47840
17468,702.31986936,118.262007374881,1713,2300,20191002,하천범람,1.6,제18호 태풍 미탁,0300,20191003,4,2019,570,47,47760
17452,76246.42317428,2394.482820608693,604796,1600,20190922,국지성집중호우,0.196,제17호태풍타파,0900,20190924,1,2019,501,47,47113
17453,26717.76179159,1437.656436694534,110754,1600,20190922,국지성집중호우,0.349,제17호태풍타파,0900,20190924,1,2019,492,47,47113
17454,6852.054616275,2503.5305760683445,604796,1600,20190922,국지성집중호우,0.99,제17호태풍타파,0900,20190924,2,2019,502,47,47113
17455,186324.82473148,3953.909744831438,419556,1600,20190922,국지성집중호우,1.191,제17호태풍타파,0900,20190924,3,2019,478,47,47113
17456,7675.23152167,405.1153671545994,4918,2300,20191002,배수불량,0.605,제18호태풍미탁,0300,20191003,2,2019,555,47,47760
17457,2724.15529643,504.7923159770992,2433,2300,20191002,하천범람,2.5,제18호태풍미탁,0300,20191003,5,2019,545,47,47760
17458,1990.90898203,295.4846152670853,2366,2300,20191002,하천범람,1.11,제18호태풍미탁,0300,20191003,3,2019,561,47,47760
17459,1433.9346571,267.4246302995329,917,2300,20191002,하천범람,1.59,제18호태풍미탁,0300,20191003,4,2019,558,47,47760
17460,2552.10393286,350.3618552258355,1632,2300,20191002,하천범람,0.54,제18호태풍미탁,0300,20191003,2,2019,560,47,47760
17461,6043.050761125,388.8658369632805,3894,2300,20191002,세천 합류부분 역류로 인한 침수,0.279,제18호 태풍 미탁,0300,20191003,1,2019,567,47,47760
17462,2330.734053595,241.4341922953397,1502,2300,20191002,소하천 범람,0.756,제18호 태풍 미탁,0300,20191003,2,2019,564,47,47760
17463,4164.53944444,340.60847491781055,2684,2300,20191002,하천 범람,0.38,제18호 태풍 미탁,0300,20191003,1,2019,571,47,47760
17464,1736.37658849,200.91782518126126,4523,2300,20191002,배수불량,0.281,제18호 태풍 미탁,0300,20191003,1,2019,569,47,47760
17465,1956.77492984,226.36453835571282,1713,2300,20191002,하천범람,0.633,제18호 태풍 미탁,0300,20191003,2,2019,572,47,47760
17466,635.420064835,131.72262324321204,409,0000,20191002,배수불량,0.49,제18호 태풍 미탁,0300,20191003,1,2019,563,47,47760
17467,5287.85842556,430.7196233109938,4523,2300,20191002,배수불량,1.156,제18호 태풍 미탁,0300,20191003,3,2019,565,47,47760
17469,52333.658921155,1188.0744361508005,224343,2200,20191002,국지성집중호우,0.553,제18호 태풍 미탁,1200,20191003,2,2019,632,47,47840
17470,1967.206804015,238.66691071470333,10166,2200,20191002,국지성집중호우,0.227,제18호 태풍 미탁,1200,20191003,1,2019,660,47,47840
17471,1683.73000513,232.9665287281919,10166,2200,20191002,국지성집중호우,0.344,제18호 태풍 미탁,1200,20191003,1,2019,663,47,47840
17472,1265.297654145,208.19349381367337,10166,2200,20191002,국지성집중호우,0.778,제18호 태풍 미탁,1200,20191003,2,2019,662,47,47840
17473,4835.16306435,413.8293252774079,10166,2200,20191002,국지성집중호우,0.208,제18호 태풍 미탁,1200,20191003,1,2019,661,47,47840
17474,5740.46873264,314.568396065494,10166,2200,20191002,국지성집중호우,0.701,제18호 태풍 미탁,1200,20191003,2,2019,659,47,47840
17475,25581.463232855,1079.1863015019555,169214,2000,20191002,국지성 집중호우로 인한 저지대 침수,0.398,제18호 태풍 미탁,0400,20191003,1,2019,664,47,47930
17476,43661.195945225,1260.6939485239125,123547,2000,20191002,국지성 호우에 의한 연호정 역류 및 하천범람,0.311,제18호 태풍 미탁,0400,20191003,1,2019,669,47,47930
17897,7580.60176528,350.9901394589574,604796,1600,20190922,국지성집중호우,1.137,제17호태풍타파,0900,20190924,3,2019,496,47,47113
17895,13213.75386793,461.1673527232551,604796,1600,20190922,국지성집중호우,0.53,제17호태풍타파,0900,20190924,2,2019,462,47,47113
17821,86853.427445285,1410.2383530411062,169214,2000,20191002,국지성 집중호우로 인한 저지대 침수,0.288,제18호 태풍 미탁,0400,20191003,1,2019,665,47,47930
17822,137321.8871989,1686.4603315005681,169214,2000,20191002,국지성 집중호우로 인한 저지대 침수,0.757,제18호 태풍 미탁,0400,20191003,2,2019,668,47,47930
17836,193177.71699277,5586.777860494122,419556,1600,20190922,국지성집중호우,0.307,제17호태풍타파,0900,20190924,1,2019,463,47,47113
17837,125059.963751095,2118.287577791606,419556,1600,20190922,국지성집중호우,0.734,제17호태풍타파,0900,20190924,2,2019,469,47,47113
17838,4005.927223605,279.44968202697015,419556,1600,20190922,국지성집중호우,0.679,제17호태풍타파,0900,20190924,2,2019,480,47,47113
17839,8636.031675415,366.8240307415456,604796,1600,20190922,국지성집중호우,0.901,제17호태풍타파,0900,20190924,2,2019,445,47,47113
17840,40757.401468525,1003.6808776159804,134956,1200,20191003,집중호우,0.936,제18호 태풍 미탁,0900,20191004,2,2019,459,47,47113
17841,111140.275930215,1590.6217780500015,604796,1600,20190922,국지성집중호우,1.104,제17호태풍타파,0900,20190924,3,2019,468,47,47113
17842,21760.47706833,651.0050968363945,57194,0000,20181006,태풍으로 인한 국지성집중호우,3.217,제25호 태풍 콩레이,1400,20181006,6,2019,577,47,47770
17843,57021.35136508,1053.1664299316253,240248,0000,20181006,태풍으로 인한 국지성집중호우,1.286,제25호 태풍 콩레이,1400,20181006,3,2019,583,47,47770
17844,16981.99785317,558.4085079235867,174491,0000,20181006,태풍으로 인한 국지성집중호우,0.906,제25호 태풍 콩레이,1400,20181006,2,2019,582,47,47770
17845,5342.456987915,587.0868410132069,18562,0000,20181006,태풍으로 인한 국지성집중호우,1.652,제25호 태풍 콩레이,1400,20181006,4,2019,574,47,47770
17846,36776.908792095,914.9839879812204,187524,0000,20181006,태풍으로 인한 국지성집중호우,0.706,제25호 태풍 콩레이,1400,20181006,2,2019,579,47,47770
17847,8934.30275798,395.6410306134117,18562,0000,20181006,태풍으로 인한 국지성집중호우,1.167,제25호 태풍 콩레이,1400,20181006,3,2019,586,47,47770
17848,158546.86583847,2434.3105862910243,130188,2000,20191002,국지성 집중호우 및 하천범람에 의한 침수,0.313,제18호 태풍 미탁,0400,20191003,1,2019,681,47,47930
17849,142591.2034803,1636.5908066368404,174491,0000,20181006,태풍으로 인한 국지성집중호우,0.542,제25호 태풍 콩레이,1400,20181006,2,2019,578,47,47770
17850,27374.382687415,781.8180369694794,123547,2000,20191002,국지성 호우에 의한 연호정 역류 및 하천범람,0.235,제18호 태풍 미탁,0400,20191003,1,2019,672,47,47930
17851,4167.143290195,465.2248744544209,52286,2000,20191002,국지성 집중호우로 인한 하천범람 및 일시적인 하천역류,0.279,제18호 태풍 미탁,0400,20191003,1,2019,680,47,47930
17852,16240.64189747,747.495410965815,52286,2000,20191002,국지성 집중호우로 인한 하천범람 및 일시적인 하천역류,0.73,제18호 태풍 미탁,0400,20191003,2,2019,676,47,47930
17853,2694.8331584,212.7036935305077,100959,2000,20191002,국지성 집중호우에 따른 하천범람 및 하천역류에 의해 배수가 원할하지 못하여 침수,0.408,제18호 태풍 미탁,0400,20191003,1,2019,684,47,47930
17854,55806.441224985,1094.891675588396,100959,2000,20191002,국지성 집중호우에 따른 하천범람 및 하천역류에 의해 배수가 원할하지 못하여 침수,0.627,제18호 태풍 미탁,0400,20191003,2,2019,677,47,47930
17867,7207.2642738,344.0732818801462,419556,1600,20190922,국지성집중호우,1.542,제17호태풍타파,0900,20190924,4,2019,470,47,47113
17868,1755.141407455,234.75859062594526,604796,1600,20190922,국지성집중호우,1.02,제17호태풍타파,0900,20190924,3,2019,499,47,47113
17869,31897.61001491,890.4326559922555,604796,1600,20190922,국지성집중호우,1.626,제17호태풍타파,0900,20190924,4,2019,466,47,47113
17870,118222.603228455,1679.5730886004192,151836,1200,20191003,집중호우,1.23,제18호 태풍 미탁,0900,20191004,3,2019,491,47,47113
17871,2611.505416025,250.57902187705375,604796,1600,20190922,국지성집중호우,1.11,제17호태풍타파,0900,20190924,3,2019,488,47,47113
17872,152289.01103939,1823.0426913294123,134956,1200,20191003,집중호우,0.731,제18호 태풍 미탁,0900,20191004,2,2019,475,47,47113
17873,91276.97217799,1850.9632164363145,604796,1600,20190922,국지성집중호우,0.713,제17호태풍타파,0900,20190924,2,2019,490,47,47113
17874,16962.125698395,618.9956473720487,604796,1600,20190922,국지성집중호우,0.306,제17호태풍타파,0900,20190924,1,2019,456,47,47113
17875,4871.258608465,299.1160766988324,13343,2300,20191002,태풍으로인한 집중호우 내수침수,0.491,제 18호태풍 미탁,0800,20191003,1,2019,595,47,47770
17896,35387.52470119,1198.366279966504,604796,1600,20190922,국지성집중호우,1.164,제17호태풍타파,0900,20190924,3,2019,493,47,47113
17876,2855.02370916,367.9406482008544,130188,2000,20191002,국지성 집중호우 및 하천범람에 의한 침수,0.287,제18호 태풍 미탁,0400,20191003,1,2019,675,47,47930
17877,1982.73087935,235.95050240217574,130188,2000,20191002,국지성 집중호우 및 하천범람에 의한 침수,0.235,제18호 태풍 미탁,0400,20191003,1,2019,678,47,47930
17878,16039.04648614,571.1057034734342,52286,2000,20191002,국지성 집중호우로 인한 하천범람 및 일시적인 하천역류,0.798,제18호 태풍 미탁,0400,20191003,2,2019,679,47,47930
17879,32907.770750845,1347.7986092197384,130188,2000,20191002,국지성 집중호우 및 하천범람에 의한 침수,0.767,제18호 태풍 미탁,0400,20191003,2,2019,683,47,47930
17893,37261.53564237,911.4151846320394,604796,1600,20190922,국지성집중호우,1.572,제17호태풍타파,0900,20190924,4,2019,486,47,47113
17894,7302.67524927,345.20757485996177,419556,1600,20190922,국지성집중호우,1.6,제17호태풍타파,0900,20190924,4,2019,503,47,47113
17898,11470.473842005,428.0136357966636,604796,1600,20190922,국지성집중호우,1.604,제17호태풍타파,0900,20190924,4,2019,450,47,47113
17899,1425.439148085,161.72395724298661,604796,1600,20190922,국지성집중호우,1.431,제17호태풍타파,0900,20190924,3,2019,460,47,47113
17900,27318.570428385,779.6968688012905,604796,1600,20190922,국지성집중호우,1.577,제17호태풍타파,0900,20190924,4,2019,479,47,47113
17901,5460.62083246,308.46865134196787,604796,1600,20190922,국지성집중호우,1.138,제17호태풍타파,0900,20190924,3,2019,453,47,47113
17902,9457.244312095,464.1722978460392,110754,1600,20190922,국지성집중호우,0.686,제17호태풍타파,0900,20190924,2,2019,446,47,47113
17903,3517.421916595,238.69475303720506,604796,1600,20190922,국지성집중호우,0.086,제17호태풍타파,0900,20190924,1,2019,494,47,47113
17904,209447.8475261,3076.4329607970017,154383,2300,20191002,내수침수 및 하천범람,0.761,제18호 태풍 미탁,0800,20191003,2,2019,594,47,47770
17905,449.66057662,210.08063397230524,604796,1600,20190922,국지성집중호우,1.584,제17호태풍타파,0900,20190924,4,2019,477,47,47113
17906,42648.79993874,930.27584571598,110754,1600,20190922,국지성집중호우,1.12,제17호태풍타파,0900,20190924,3,2019,449,47,47113
17907,15734.128632275,636.8358118235711,130129,2300,20191002,내수침수,1.936,제 18호 태풍 미탁,0700,20191003,4,2019,597,47,47770
17908,8286.238474405,493.9161767307302,130129,2300,20191002,내수침수,1.219,제 18호 태풍 미탁,0700,20191003,3,2019,589,47,47770
17909,35340.959103225,976.6446600993607,130129,2300,20191002,내수침수,0.336,제 18호 태풍 미탁,0700,20191003,1,2019,592,47,47770
17910,42523.24756404,949.098396685703,52286,2000,20191002,국지성 집중호우로 인한 하천범람 및 일시적인 하천역류,1.236,제18호 태풍 미탁,0400,20191003,3,2019,682,47,47930
17911,2569.546810785,205.91423782699627,52286,2000,20191002,국지성 집중호우로 인한 하천범람 및 일시적인 하천역류,0.16,제18호 태풍 미탁,0400,20191003,1,2019,685,47,47930
17912,6735.77106579,440.1065792824456,130188,2000,20191002,국지성 집중호우 및 하천범람에 의한 침수,1.047,제18호 태풍 미탁,0400,20191003,3,2019,673,47,47930
17913,76770.73338822,1965.8730527711261,79377,2000,20191002,국지성 호우에 의한 저지대 침수,0.846,제18호 태풍 미탁,0400,,2,2019,690,47,47930
17914,11097.92241124,915.7305605538163,21640,2000,20191002,국지성 호우로 인한 하천범람,0.284,제18호 태풍 미탁,0400,20191003,1,2019,687,47,47930
17915,2367.23300108,279.04467780265196,21640,2000,20191002,국지성 호우로 인한 하천범람,0.849,제18호 태풍 미탁,0400,20191003,2,2019,686,47,47930
26227,3751.261232745,307.2880526808105,2468,1900,20210711,,0.3,집중호우(7.11.),0700,20210712,1,2021,9055,47,47830
23114,59.821456855,40.24494624728479,86471,0100,20200724,지대가 낮은 곳의 집중호우,1.816,집중호우,0500,20200724,4,2020,4521,47,47770
23115,3952.01703205,291.2937528587032,86471,0100,20200724,지대가 낮은 곳의 집중호우,0.339,집중호우,0500,20200724,1,2020,4523,47,47770
23116,80440.862615735,2440.3977019013782,86471,0100,20200724,지대가 낮은 곳의 집중호우,1.173,집중호우,0500,20200724,3,2020,4526,47,47770
23117,8730.72976493,564.0318898672043,86471,0100,20200724,지대가 낮은 곳의 집중호우,1.307,집중호우,0500,20200724,3,2020,4522,47,47770
23118,7424.540582965,553.0970977458263,86471,0100,20200724,지대가 낮은 곳의 집중호우,0.071,집중호우,0500,20200724,1,2020,4520,47,47770
23167,1614.17781963,375.4500021126351,86471,0100,20200724,지대가 낮은 곳의 집중호우,0.552,집중호우,0500,20200724,2,2020,4525,47,47770
23168,21481.126566815,576.193640519841,86471,0100,20200724,지대가 낮은 곳의 집중호우,1.641,집중호우,0500,20200724,4,2020,4527,47,47770
23169,4585.515661065,345.52560715140277,86471,0100,20200724,지대가 낮은 곳의 집중호우,0.458,집중호우,0500,20200724,1,2020,4528,47,47770
23170,4935.573262975,449.9192735122623,86471,0100,20200724,지대가 낮은 곳의 집중호우,0.457,집중호우,0500,20200724,1,2020,4524,47,47770
23171,606.058046375,171.79904207083334,86471,0100,20200724,지대가 낮은 곳의 집중호우,0.008,집중호우,0500,20200724,1,2020,4519,47,47770
23172,239066.640516195,2273.3741976230795,157136,1500,20200807,국지성 집중호우,1.238,2020.08.07 집중호우,0700,20200808,3,2020,4529,47,47830
23205,50807.16667463,1679.6550065094925,33393,1500,20200807,국지성 집중호우,1.293,2020.08.07 집중호우,0700,20200808,3,2020,4530,47,47830
23206,1431.93596143,168.21630126248385,944,1500,20200807,국지성 집중호우,0.683,2020.08.07 집중호우,0700,20200808,2,2020,4532,47,47830
23207,1114.32982949,166.98550519427826,734,1500,20200807,국지성 집중호우,1.67,2020.08.07 집중호우,0700,20200808,4,2020,4533,47,47830
23208,5319.886065785,347.74089459087327,3505,1500,20200807,국지성 집중호우,2.592,2020.08.07 집중호우,0700,20200808,5,2020,4534,47,47830
23209,11746.25430726,483.97055419804735,7740,1500,20200807,국지성 집중호우,2.093,2020.08.07 집중호우,0700,20200808,5,2020,4531,47,47830
25389,6132.585472385,346.8110852684529,4035,1900,20210711,,0.3,집중호우(7.11.),0700,20210712,1,2021,9039,47,47830
25970,14909.75317712,484.91831744228807,12824,0700,20210824,내수침수,0.5,12호 태풍 오마이스,1200,20210824,2,2021,9077,47,47900
25971,7943.1657759,424.3817070142789,10027,0700,20210824,내수침수,0.5,12호 태풍 오마이스,1200,20210824,2,2021,9078,47,47900
26007,10918.46610535,443.68337031762536,7184,0000,20210711,,0.3,집중호우(7.11.),0700,20210712,1,2021,9026,47,47830
26008,3083.74375437,282.539943408544,2029,1900,20210711,,0.3,집중호우(7.11.),0700,20210712,1,2021,9027,47,47830
26009,4422.966748355,312.9347201488913,2910,1900,20210711,국지성집중호우,0.3,집중호우(7.11.),0700,20210712,1,2021,9028,47,47830
26010,2044.913294365,267.34978742511566,1345,1900,20210711,,0.3,집중호우(7.11.),0700,20210712,1,2021,9029,47,47830
26011,2926.09765494,288.1999080026228,1925,1900,20210711,국지성집중호우,0.3,집중호우(7.11.),0700,20210712,1,2021,9030,47,47830
26012,10046.219916515,410.1293121769215,6608,1900,20210711,,0.3,집중호우(7.11.),0700,20210712,1,2021,9031,47,47830
26013,3901.865941475,309.6559152576451,2567,1900,20210711,,0.3,집중호우(7.11.),0700,20210712,1,2021,9032,47,47830
26014,3551.66969878,302.6245550173853,2337,1900,20210711,국지성집중호우,0.3,집중호우(7.11.),0700,20210712,1,2021,9033,47,47830
26015,4232.47144797,348.81503545325245,2785,0000,20210711,,0.3,집중호우(7.11.),0700,20210712,1,2021,9034,47,47830
26016,4476.71576796,314.7176768933939,2945,1900,20210711,국지성집중호우,0.3,집중호우(7.11.),0700,20210712,1,2021,9035,47,47830
26017,3219.065570135,347.48560843966624,2118,1900,20210711,국지성집중호우,0.3,집중호우(7.11.),0700,20210712,1,2021,9036,47,47830
26018,7391.204797085,360.4834492779199,4862,1900,20210711,,0.3,집중호우(7.11.),0700,20210712,1,2021,9037,47,47830
26019,3061.24861457,297.953667754178,2014,1900,20210711,국지성집중호우,0.3,집중호우(7.11.),0700,20210712,1,2021,9038,47,47830
26020,7943.1657759,424.3817070142789,10027,0700,20210824,내수침수,0.5,12호 태풍 오마이스,1200,20210824,2,2021,9081,47,47900
26203,6075.21735277,342.27617878878743,3996,1900,20210711,,0.3,집중호우(7.11.),0700,20210712,1,2021,9042,47,47830
26204,1683.964736575,274.881264993759,1108,1900,20210711,국지성집중호우,0.3,집중호우(7.11.),0700,20210712,1,2021,9043,47,47830
26205,4130.77529259,303.25866813385795,2718,1900,20210711,국지성집중호우,0.3,집중호우(7.11.),0700,20210712,1,2021,9044,47,47830
26206,1233.10291431,204.22974750230648,811,1900,20210711,,0.3,집중호우(7.11.),0700,20210712,1,2021,9045,47,47830
26207,7092.18175182,362.7877085913685,4666,1900,20210711,국지성집중호우,0.3,집중호우(7.11.),0700,20210712,1,2021,9046,47,47830
26208,1213.745867345,265.00674715452305,799,1900,20210711,,0.3,집중호우(7.11.),0700,20210712,1,2021,9047,47,47830
26209,4329.73691695,317.12077496038955,2849,1900,20210711,,0.3,집중호우(7.11.),0700,20210712,1,2021,9048,47,47830
26210,4262.71099148,307.47496719995144,2804,1900,20210711,,0.3,집중호우(7.11.),0700,20210712,1,2021,9049,47,47830
26211,7963.464648755,378.57382244204285,5240,1900,20210711,국지성집중호우,0.3,집중호우(7.11.),0700,20210712,1,2021,9050,47,47830
26212,1848.116407525,348.9705468082361,1216,0000,20210711,국지성집중호우,0.3,집중호우(7.11.),0700,20210712,1,2021,9051,47,47830
26213,4089.766725835,335.8139550367289,2690,1900,20210711,국지성집중호우,0.3,집중호우(7.11.),0700,20210712,1,2021,9052,47,47830
26214,1173.425108475,145.11689004309102,772,1900,20210711,,0.3,집중호우(7.11.),0700,20210712,1,2021,9053,47,47830
26215,5636.208124445,337.866751220679,3709,1900,20210711,,0.3,집중호우(7.11.),0700,20210712,1,2021,9054,47,47830
26226,3013.026892045,295.8968614927852,1983,1900,20210711,,0.3,집중호우(7.11.),0700,20210712,1,2021,9041,47,47830
26228,5715.317400675,518.0537133530172,3761,1900,20210711,,0.3,집중호우(7.11.),0700,20210712,1,2021,9056,47,47830
26229,18873.07727024,719.4244137973275,75,0700,20210824,내수침수,0.5,12호 태풍 오마이스,1200,20210824,2,2021,9086,47,47900
26354,11634.670291015,448.6160645598202,7553,1200,20210824,하천월류,0.5,태풍 오마이스,1800,20210824,2,2021,9009,47,47750
26355,322.08565859,85.99792428789877,209,1200,20210824,하천월류,0.5,태풍 오마이스,1800,20210824,2,2021,9010,47,47750
26356,4426.596556425,284.7093779963997,2873,1200,20210824,하천월류,0.5,태풍 오마이스,1800,20210824,2,2021,9011,47,47750
26357,340.834912005,73.70223508551233,221,1200,20210824,하천월류,0.5,태풍 오마이스,1800,20210824,2,2021,9012,47,47750
26374,19434.0246628,587.8298240316418,197,0700,20210824,내수침수,0.5,12호 태풍 오마이스,1200,20210824,2,2021,9087,47,47900
26375,14909.75317712,484.91831744228807,12824,0700,20210824,내수침수,0.5,12호 태풍 오마이스,1200,20210824,2,2021,9088,47,47900
26376,18873.07727024,719.4244137973275,75,0700,20210824,내수침수,0.5,12호 태풍 오마이스,1200,20210824,2,2021,9089,47,47900
26377,11196.15729256,421.78640283922135,5227,0700,20210824,내수침수,0.5,12호 태풍 오마이스,1200,20210824,2,2021,9090,47,47900
26378,11196.15729256,421.78640283922135,5227,0700,20210824,내수침수,0.5,12호 태풍 오마이스,1200,20210824,2,2021,9091,47,47900
26379,11196.15729256,421.78640283922135,5227,0700,20210824,내수침수,0.5,12호 태풍 오마이스,1200,20210824,2,2021,9092,47,47900
26380,11196.15729256,421.78640283922135,5227,0700,20210824,내수침수,0.5,12호 태풍 오마이스,1200,20210824,2,2021,9093,47,47900
26381,42639.62483593,827.0554973039191,7762,0700,20210824,내수침수,0.5,12호 태풍 오마이스,1200,20210824,2,2021,9094,47,47900
26402,14040.92863904,480.5423373260474,9114,1200,20210824,하천월류,0.5,태풍 오마이스,1800,20210824,2,2021,9013,47,47750
26403,8574.12298116,413.1462589907886,5566,1200,20210824,하천월류,0.5,태풍 오마이스,1800,20210824,2,2021,9014,47,47750
26404,8385.536118615,489.75269882707244,5442,1200,20210824,하천월류,1,태풍 오마이스,1800,20210824,3,2021,9015,47,47750
26410,821.819646745,125.73968204695556,540,1900,20210711,,0.3,집중호우(7.11.),0700,20210712,1,2021,9057,47,47830
26411,3658.66120267,314.09898153693575,2407,1900,20210711,국지성집중호우,0.3,집중호우(7.11.),0700,20210712,1,2021,9058,47,47830
26412,4114.403177575,325.2035113567698,2707,1900,20210711,,0.3,집중호우(7.11.),0700,20210712,1,2021,9059,47,47830
26413,1502.280825295,269.82204685783734,988,1900,20210711,국지성집중호우,0.3,집중호우(7.11.),0700,20210712,1,2021,9060,47,47830
26414,42639.62483593,827.0554973039191,102,0700,20210824,내수침수,0.5,12호 태풍 오마이스,1200,20210824,2,2021,9061,47,47900
26415,19434.0246628,587.8298240316418,197,0700,20210824,내수침수,0.5,12호 태풍 오마이스,1200,20210824,2,2021,9062,47,47900
26437,14909.75317712,484.91831744228807,12824,0700,20210824,내수침수,0.5,12호 태풍 오마이스,1200,20210824,2,2021,9063,47,47900
26438,19434.0246628,587.8298240316418,197,0700,20210824,내수침수,0.5,12호 태풍 오마이스,1200,20210824,2,2021,9064,47,47900
26439,202.86986542,58.19748486896729,24748,0700,20210824,내수침수,0.5,12호 태풍 오마이스,1200,20210824,2,2021,9065,47,47900
26569,7314.26696245,636.5646542365722,4748,1200,20210824,하천 월류,0.5,태풍 오마이스,1800,20210824,2,2021,9016,47,47750
26581,7943.1657759,424.3817070142789,10027,0700,20210824,내수침수,0.5,12호 태풍 오마이스,1200,20210824,2,2021,9066,47,47900
26599,1104.77036459,131.40500396650037,717,1200,20210824,하천 월류,1,태풍 오마이스,1800,20210824,3,2021,9019,47,47750
26600,9882.59401548,425.1690940877219,6403,1200,20210824,내수침수 방재시설 용량 부족,0.5,태풍 오마이스,1800,20210824,2,2021,9020,47,47750
26601,513.54622902,97.54359234754156,330,1200,20210824,하천월류,0.5,태풍 오마이스,1800,20210824,2,2021,9021,47,47750
26602,1724.71676608,237.99739167904985,1135,1900,20210711,,0.3,집중호우(7.11.),0700,20210712,1,2021,9022,47,47830
26603,3449.469476495,301.81452538637063,2270,1900,20210711,국지성집중호우,0.3,집중호우(7.11.),0700,20210712,1,2021,9023,47,47830
26604,1554.37482267,172.49978706319425,1023,1900,20210711,,0.3,집중호우(7.11.),0700,20210712,1,2021,9024,47,47830
26605,3576.6151027,303.6468519498397,2353,1900,20210711,,0.3,집중호우(7.11.),0700,20210712,1,2021,9025,47,47830
26607,1065.817055035,247.97177604259494,692,1200,20210824,하천 월류,0.5,태풍 오마이스,1800,20210824,2,2021,9017,47,47750
26609,113.78096849,44.73726416050654,30638,0700,20210824,내수침수,0.5,12호 태풍 오마이스,1200,20210824,2,2021,9068,47,47900
26610,202.86986542,58.19748486896729,24748,0700,20210824,내수침수,0.5,12호 태풍 오마이스,1200,20210824,2,2021,9069,47,47900
26611,202.86986542,58.19748486896729,24748,0700,20210824,내수침수,0.5,12호 태풍 오마이스,1200,20210824,2,2021,9070,47,47900
26612,113.78096849,44.73726416050654,30638,0700,20210824,내수침수,0.5,12호 태풍 오마이스,1200,20210824,2,2021,9071,47,47900
26613,113.78096849,44.73726416050654,30638,0700,20210824,내수침수,0.5,12호 태풍 오마이스,1200,20210824,2,2021,9072,47,47900
26614,202.86986542,58.19748486896729,24748,0700,20210824,내수침수,0.5,12호 태풍 오마이스,1200,20210824,2,2021,9073,47,47900
26615,18372.655455825,542.7519231277488,12363,0700,20210824,내수침수,0.5,12호 태풍 오마이스,1200,20210824,2,2021,9074,47,47900
26616,113.78096849,44.73726416050654,30638,0700,20210824,내수침수,0.5,12호 태풍 오마이스,1200,20210824,2,2021,9075,47,47900
26617,18873.07727024,719.4244137973275,75,0700,20210824,내수침수,0.5,12호 태풍 오마이스,1200,20210824,2,2021,9076,47,47900
26619,18372.655455825,542.7519231277488,12363,0700,20210824,내수침수,0.5,12호 태풍 오마이스,1200,20210824,2,2021,9067,47,47900
26656,1653.621885835,361.2664143840872,1073,1200,20210824,하천 월류,1,태풍 오마이스,1800,20210824,3,2021,9018,47,47750
27144,6033.08939166,344.09162888537566,3970,1900,20210711,국지성집중호우,0.3,집중호우(7.11.),0700,20210712,1,2021,9040,47,47830
27148,18372.655455825,542.7519231277488,12363,0700,20210824,내수침수,0.5,12호 태풍 오마이스,1200,20210824,2,2021,9082,47,47900
27149,18873.07727024,719.4244137973275,75,0700,20210824,내수침수,0.5,12호 태풍 오마이스,1200,20210824,2,2021,9083,47,47900
27150,14909.75317712,484.91831744228807,12824,0700,20210824,내수침수,0.5,12호 태풍 오마이스,1200,20210824,2,2021,9084,47,47900
27151,7943.1657759,424.3817070142789,10027,0700,20210824,내수침수,0.5,12호 태풍 오마이스,1200,20210824,2,2021,9085,47,47900
30914,36822.69002957,933.1145201350832,23954,1200,20210824,태풍으로 인한 집중호우,0.566,제12호 태풍 오마이스,1500,20210824,2,2021,9004,47,47113
30915,2678.16672725,275.59367496946857,1730,1200,20210824,태풍에 의한 침수,1.481,태풍 오마이스,1400,20210824,3,2021,9005,47,47170
30916,752.04564054,132.50650872843164,486,1200,20210824,태풍에 의한 침수,0.477,태풍 오마이스,1400,20210824,1,2021,9006,47,47170
30917,1415.955621405,175.48933579442743,915,1200,20210824,태풍에 의한 침수,0.915,태풍 오마이스,1400,20210824,2,2021,9007,47,47170
30918,2314.86058814,222.06329715509924,1496,1200,20210824,태풍에 의한 침수,1.878,태풍 오마이스,1400,20210824,4,2021,9008,47,47170
