entity_type,entity_id,province,city_county,name,road_address,lot_address,latitude,longitude,parking_type,capacity,operation_days,weekday_open,weekday_close,fee_type,managing_agency,reference_date,elevation_m,relative_elevation_m,historical_flood_overlap,nearest_river_distance_m,safety_verified,source_dataset,source_url,quality_flag
evacuation_parking,parking:054ba8dccf8776071873,경상북도,경산시,자인시장 맞은편,,경상북도 경산시 자인면 서부리 256-17,35.81627052,128.8228223,노상,28,평일+토요일+공휴일,00:00,23:59,무료,경상북도 경산시청,2026-04-17,,,,,false,전국주차장정보표준데이터,https://www.data.go.kr/data/15012896/standard.do,SOURCE_ONLY
evacuation_parking,parking:0596fae173d157a30bd5,경상북도,경산시,공단8로~공단10로,,경상북도 경산시 진량읍 신상리 1189-4,35.86887509,128.8315578,노상,79,평일+토요일+공휴일,00:00,23:59,무료,경상북도 경산시청,2026-04-17,,,,,false,전국주차장정보표준데이터,https://www.data.go.kr/data/15012896/standard.do,SOURCE_ONLY
evacuation_parking,parking:060756649bb6cbd88b43,경상북도,경산시,진량 부기리2 공영주차장,,"경상북도 경산시 진량 부기리 557-7, 557-9",,,노외,25,평일+토요일+공휴일,00:00,23:59,무료,경상북도 경산시청,2026-04-17,,,,,false,전국주차장정보표준데이터,https://www.data.go.kr/data/15012896/standard.do,MISSING_LOCATION_OR_REGION
evacuation_parking,parking:06eb293a806eef3ca64b,경상북도,경산시,인라인경기장~시민회관,,경상북도 경산시 상방동 34-6,35.81746596,128.7470295,노상,64,평일+토요일+공휴일,00:00,23:59,무료,경상북도 경산시청,2026-04-17,,,,,false,전국주차장정보표준데이터,https://www.data.go.kr/data/15012896/standard.do,SOURCE_ONLY
evacuation_parking,parking:0782c22ea79693d4acb5,경상북도,경산시,"장산초등학교(동,남,북측)",경상북도 경산시 성암로8길 25 (옥산동),경상북도 경산시 옥산동 872,35.82119,128.7237082,노상,47,평일+토요일+공휴일,00:00,23:59,무료,경상북도 경산시청,2026-04-17,,,,,false,전국주차장정보표준데이터,https://www.data.go.kr/data/15012896/standard.do,SOURCE_ONLY
evacuation_parking,parking:085983cdca5fd1f00200,경상북도,경산시,자인공단 공영주차장,,경상북도 경산시 자인면 북사리 1094-0,,,노외,116,평일+토요일+공휴일,00:00,23:59,무료,경상북도 경산시청,2026-04-17,,,,,false,전국주차장정보표준데이터,https://www.data.go.kr/data/15012896/standard.do,MISSING_LOCATION_OR_REGION
evacuation_parking,parking:099b8f3a909ea43651d0,경상북도,경산시,정평동 공영주차장,,경상북도 경산시 정평동 255-1,35.83897925,128.7288301,노외,42,평일+토요일+공휴일,00:00,23:59,무료,경상북도 경산시청,2026-04-17,,,,,false,전국주차장정보표준데이터,https://www.data.go.kr/data/15012896/standard.do,SOURCE_ONLY
evacuation_parking,parking:0a6800704b3fa7a85198,경상북도,경산시,진량 신상리 공한지 주차장,,경상북도 경산시 진량읍 신상리 340-2,35.87562068,128.8223326,노외,20,평일+토요일+공휴일,00:00,23:59,무료,경상북도 경산시청,2026-04-17,,,,,false,전국주차장정보표준데이터,https://www.data.go.kr/data/15012896/standard.do,SOURCE_ONLY
evacuation_parking,parking:0a684c6db8b3392876e1,경상북도,경산시,백향목교회앞,,경상북도 경산시 사동 399,35.80936862,128.757959,노상,30,평일+토요일+공휴일,00:00,23:59,무료,경상북도 경산시청,2026-04-17,,,,,false,전국주차장정보표준데이터,https://www.data.go.kr/data/15012896/standard.do,SOURCE_ONLY
evacuation_parking,parking:0b843d19eaa776bd2a4a,경상북도,경산시,공단8로~공단5로,,경상북도 경산시 진량읍 대원리 513,35.86140244,128.8274216,노상,154,평일+토요일+공휴일,00:00,23:59,무료,경상북도 경산시청,2026-04-17,,,,,false,전국주차장정보표준데이터,https://www.data.go.kr/data/15012896/standard.do,SOURCE_ONLY
evacuation_parking,parking:0b9ef55307d56fe1d0c4,경상북도,경산시,금락리 노상주차,,경상북도 경산시 하양읍 금락리 374-5,35.91581755,128.8160711,노상,16,평일+토요일+공휴일,00:00,23:59,무료,경상북도 경산시청,2026-04-17,,,,,false,전국주차장정보표준데이터,https://www.data.go.kr/data/15012896/standard.do,SOURCE_ONLY
evacuation_parking,parking:0c1b4986d32c8b5165d3,경상북도,경산시,서상길(구경찰서앞~여성회관),,경상북도 경산시 서상동 143-2,35.81890965,128.7341651,노상,11,평일+토요일+공휴일,00:00,23:59,무료,경상북도 경산시청,2026-04-17,,,,,false,전국주차장정보표준데이터,https://www.data.go.kr/data/15012896/standard.do,SOURCE_ONLY
evacuation_parking,parking:0ebed5de3c3d29f07d62,경상북도,경산시,정평현대104동 동측,,경상북도 경산시 정평동 252-9,35.82863998,128.7308402,노상,19,평일+토요일+공휴일,00:00,23:59,무료,경상북도 경산시청,2026-04-17,,,,,false,전국주차장정보표준데이터,https://www.data.go.kr/data/15012896/standard.do,SOURCE_ONLY
evacuation_parking,parking:0fac1aa7cca21994bee4,경상북도,경산시,자인 종합주차장,,경상북도 경산시 자인면 서부리 263-1번지,,,노외,126,평일+토요일+공휴일,00:00,23:59,무료,경상북도 경산시청,2026-04-17,,,,,false,전국주차장정보표준데이터,https://www.data.go.kr/data/15012896/standard.do,MISSING_LOCATION_OR_REGION
evacuation_parking,parking:1063e5843eb060d5c2e7,경상북도,경산시,럭비구장 서측,,경상북도 경산시 상방동 68-1,35.81842555,128.7449778,노상,26,평일+토요일+공휴일,00:00,23:59,무료,경상북도 경산시청,2026-04-17,,,,,false,전국주차장정보표준데이터,https://www.data.go.kr/data/15012896/standard.do,SOURCE_ONLY
evacuation_parking,parking:11bb83117ac60e6496f8,경상북도,경산시,경산향교,,경상북도 경산시 중방동 772-2,35.82098784,128.7400281,노외,20,평일+토요일+공휴일,00:00,23:59,무료,경상북도 경산시청,2026-04-17,,,,,false,전국주차장정보표준데이터,https://www.data.go.kr/data/15012896/standard.do,SOURCE_ONLY
evacuation_parking,parking:12895cecdaeb75422b29,경상북도,경산시,투썸플레이스(경산중방점),,경상북도 경산시 중방동 211-17,35.83292924,128.7336686,노상,8,평일+토요일+공휴일,00:00,23:59,무료,경상북도 경산시청,2026-04-17,,,,,false,전국주차장정보표준데이터,https://www.data.go.kr/data/15012896/standard.do,SOURCE_ONLY
evacuation_parking,parking:14ee8a30c46839f1073b,경상북도,경산시,진량 부기리 공영 제2주차장,,경상북도 경산시 진량읍 부기리 567-1,35.90638824,128.8211367,노외,58,평일+토요일+공휴일,00:00,23:59,무료,경상북도 경산시청,2026-04-17,,,,,false,전국주차장정보표준데이터,https://www.data.go.kr/data/15012896/standard.do,SOURCE_ONLY
evacuation_parking,parking:178cc98f1f8fd39bc1a4,경상북도,경산시,경북체고 앞 공영주차장,,경상북도 경산시 신교동 108-12,35.81179639,128.7392815,노외,38,평일+토요일+공휴일,00:00,23:59,무료,경상북도 경산시청,2026-04-17,,,,,false,전국주차장정보표준데이터,https://www.data.go.kr/data/15012896/standard.do,SOURCE_ONLY
evacuation_parking,parking:1b6b14415de397e24faa,경상북도,경산시,공단4로5길~공단6로,,경상북도 경산시 진량읍 신상리 1213,35.86600364,128.8218297,노상,42,평일+토요일+공휴일,00:00,23:59,무료,경상북도 경산시청,2026-04-17,,,,,false,전국주차장정보표준데이터,https://www.data.go.kr/data/15012896/standard.do,SOURCE_ONLY
evacuation_parking,parking:1b96d42d0d40a3e60f10,경상북도,경산시,남천면 행정복지센터 옆,,경상북도 경산시 남천면 삼성리 43-2,35.76698121,128.7271816,노상,11,평일+토요일+공휴일,00:00,23:59,무료,경상북도 경산시청,2026-04-17,,,,,false,전국주차장정보표준데이터,https://www.data.go.kr/data/15012896/standard.do,SOURCE_ONLY
evacuation_parking,parking:1c9b1bcd63cd78cd3d11,경상북도,경산시,공단4로변,경상북도 경산시 진량읍 공단4로 212,경상북도 경산시 진량읍 신상리 1185-2,35.87629305,128.8289933,노상,144,평일+토요일+공휴일,00:00,23:59,무료,경상북도 경산시청,2026-04-17,,,,,false,전국주차장정보표준데이터,https://www.data.go.kr/data/15012896/standard.do,SOURCE_ONLY
evacuation_parking,parking:1da50e7520c609ad9e23,경상북도,경산시,사동7공원,,경상북도 경산시 삼풍동 526,35.82272113,128.7550797,노상,11,평일+토요일+공휴일,00:00,23:59,무료,경상북도 경산시청,2026-04-17,,,,,false,전국주차장정보표준데이터,https://www.data.go.kr/data/15012896/standard.do,SOURCE_ONLY
evacuation_parking,parking:1dbf58d25c656ded39bf,경상북도,경산시,태양귀빈타운골목,,경상북도 경산시 정평동 216-1,35.83230074,128.7279141,노상,6,평일+토요일+공휴일,00:00,23:59,무료,경상북도 경산시청,2026-04-17,,,,,false,전국주차장정보표준데이터,https://www.data.go.kr/data/15012896/standard.do,SOURCE_ONLY
evacuation_parking,parking:251e4f7862fbb725adb6,경상북도,경산시,조영동 공영주차장,,경상북도 경산시 조영동 228-3번지,,,노외,134,평일+토요일+공휴일,00:00,23:59,무료,경상북도 경산시청,2026-04-17,,,,,false,전국주차장정보표준데이터,https://www.data.go.kr/data/15012896/standard.do,MISSING_LOCATION_OR_REGION
evacuation_parking,parking:253dae91d72c96db80e7,경상북도,경산시,하양동신타운앞,,경상북도 경산시 하양읍 도리리 181-1,35.91618569,128.815738,노상,15,평일+토요일+공휴일,00:00,23:59,무료,경상북도 경산시청,2026-04-17,,,,,false,전국주차장정보표준데이터,https://www.data.go.kr/data/15012896/standard.do,SOURCE_ONLY
evacuation_parking,parking:263cfe185b921c7bcb9c,경상북도,경산시,팔천빌딩 앞,,경상북도 경산시 중앙동 886,,,노상,1,평일+토요일+공휴일,00:00,23:59,무료,경상북도 경산시청,2026-04-17,,,,,false,전국주차장정보표준데이터,https://www.data.go.kr/data/15012896/standard.do,MISSING_LOCATION_OR_REGION
evacuation_parking,parking:2888bc7cf3167a697954,경상북도,경산시,압량면 금구리(오목천),,경상북도 경산시 압량읍 부적리 52-30,35.85197963,128.7648253,노외,52,평일+토요일+공휴일,00:00,23:59,무료,경상북도 경산시청,2026-04-17,,,,,false,전국주차장정보표준데이터,https://www.data.go.kr/data/15012896/standard.do,SOURCE_ONLY
evacuation_parking,parking:28f5ea0754aeaa433de6,경상북도,경산시,서상길 동측,,경상북도 경산시 서상동 118-2,35.81488196,128.7367817,노상,70,평일+토요일+공휴일,00:00,23:59,무료,경상북도 경산시청,2026-04-17,,,,,false,전국주차장정보표준데이터,https://www.data.go.kr/data/15012896/standard.do,SOURCE_ONLY
evacuation_parking,parking:2d71248500b1b421bdde,경상북도,경산시,조산천 둔치주차장,,경상북도 경산시 하양읍 동서리 633-4,35.91611348,128.8219502,노외,26,평일+토요일+공휴일,00:00,23:59,무료,경상북도 경산시청,2026-04-17,,,,,false,전국주차장정보표준데이터,https://www.data.go.kr/data/15012896/standard.do,SOURCE_ONLY
evacuation_parking,parking:2da574ce68b345024c54,경상북도,경산시,힐링피크닉 공원 주차장,,경상북도 경산시 와촌면 대한리 553-3,35.98581171,128.7487901,노외,20,평일+토요일+공휴일,00:00,23:59,무료,국립공원공단팔공산국립공원서부사무소,2026-04-17,,,,,false,전국주차장정보표준데이터,https://www.data.go.kr/data/15012896/standard.do,SOURCE_ONLY
evacuation_parking,parking:2e8f209ed91ee1c74625,경상북도,경산시,공단로~공단4로,,경상북도 경산시 진량읍 신상리 1212,35.86651448,128.8283698,노상,51,평일+토요일+공휴일,00:00,23:59,무료,경상북도 경산시청,2026-04-17,,,,,false,전국주차장정보표준데이터,https://www.data.go.kr/data/15012896/standard.do,SOURCE_ONLY
evacuation_parking,parking:34033fa3bd203a6cdb41,경상북도,경산시,공단4로~공단로,,경상북도 경산시 진량읍 신상리 1212,35.86651448,128.8283698,노상,42,평일+토요일+공휴일,00:00,23:59,무료,경상북도 경산시청,2026-04-17,,,,,false,전국주차장정보표준데이터,https://www.data.go.kr/data/15012896/standard.do,SOURCE_ONLY
evacuation_parking,parking:3453857ee15f42997d36,경상북도,경산시,자인시장 앞,,경상북도 경산시 자인면 서부리 256-17,35.81627052,128.8228223,노상,25,평일+토요일+공휴일,00:00,23:59,무료,경상북도 경산시청,2026-04-17,,,,,false,전국주차장정보표준데이터,https://www.data.go.kr/data/15012896/standard.do,SOURCE_ONLY
evacuation_parking,parking:3623c93224aab23198f4,경상북도,경산시,남매네거리~보건소,,경상북도 경산시 중앙동 692-1,,,노상,39,평일+토요일+공휴일,00:00,23:59,무료,경상북도 경산시청,2026-04-17,,,,,false,전국주차장정보표준데이터,https://www.data.go.kr/data/15012896/standard.do,MISSING_LOCATION_OR_REGION
evacuation_parking,parking:38a14e991912100b9d8f,경상북도,경산시,진량신상리 마을회관 공영주차장-1,,경상북도 경산시 진량읍 선화리 1473-81,35.87510271,128.8129772,노외,19,평일+토요일+공휴일,00:00,23:59,무료,경상북도 경산시청,2026-04-17,,,,,false,전국주차장정보표준데이터,https://www.data.go.kr/data/15012896/standard.do,SOURCE_ONLY
evacuation_parking,parking:38eeffa3dfe9615333c7,경상북도,경산시,풋살구장 남측,,경상북도 경산시 상방동 281-3,35.8163691,128.745524,노상,11,평일+토요일+공휴일,00:00,23:59,무료,경상북도 경산시청,2026-04-17,,,,,false,전국주차장정보표준데이터,https://www.data.go.kr/data/15012896/standard.do,SOURCE_ONLY
evacuation_parking,parking:397674c2a517e3a39b17,경상북도,경산시,공단3로~공단6로,,경상북도 경산시 진량읍 신상리 1212,35.86651448,128.8283698,노상,19,평일+토요일+공휴일,00:00,23:59,무료,경상북도 경산시청,2026-04-17,,,,,false,전국주차장정보표준데이터,https://www.data.go.kr/data/15012896/standard.do,SOURCE_ONLY
evacuation_parking,parking:39a0a2aa6b2ef8d2409b,경상북도,경산시,금락공영주차장(금락초교후문),,경상북도 경산시 하양읍 금락리 394-4,35.91125593,128.824769,노외,41,평일+토요일+공휴일,00:00,23:59,무료,경상북도 경산시청,2026-04-17,,,,,false,전국주차장정보표준데이터,https://www.data.go.kr/data/15012896/standard.do,SOURCE_ONLY
evacuation_parking,parking:39dbfc10106de8944ee3,경상북도,경산시,경산초 앞,,경상북도 경산시 삼남동 124,35.81486732,128.7388201,노상,11,평일+토요일+공휴일,00:00,23:59,무료,경상북도 경산시청,2026-04-17,,,,,false,전국주차장정보표준데이터,https://www.data.go.kr/data/15012896/standard.do,SOURCE_ONLY
evacuation_parking,parking:3d4e7800f76980bc23f5,경상북도,경산시,은호아파트 서측,,경상북도 경산시 중방동 309-6,35.82694951,128.7314212,노상,16,평일+토요일+공휴일,00:00,23:59,무료,경상북도 경산시청,2026-04-17,,,,,false,전국주차장정보표준데이터,https://www.data.go.kr/data/15012896/standard.do,SOURCE_ONLY
evacuation_parking,parking:3e20d0ee48e87063a0af,경상북도,경산시,경산연수원 앞 노외주차장,,경상북도 경산시 백천동 150-0,,,노외,27,평일+토요일+공휴일,00:00,23:59,무료,경상북도 경산시청,2026-04-17,,,,,false,전국주차장정보표준데이터,https://www.data.go.kr/data/15012896/standard.do,MISSING_LOCATION_OR_REGION
evacuation_parking,parking:3efe10d530dd51ed324c,경상북도,경산시,남천둔치(우방유셀),,경상북도 경산시 옥곡동751-1,35.81497555,128.7344025,노외,55,평일+토요일+공휴일,00:00,23:59,무료,경상북도 경산시청,2026-04-17,,,,,false,전국주차장정보표준데이터,https://www.data.go.kr/data/15012896/standard.do,SOURCE_ONLY
evacuation_parking,parking:40070457d846be8c49ee,경상북도,경산시,부기리 주민자율 주차장,,경상북도 경산시 진량읍 부기리 126-10,35.89853824,128.8281627,노외,15,평일+토요일+공휴일,00:00,23:59,무료,경상북도 경산시청,2026-04-17,,,,,false,전국주차장정보표준데이터,https://www.data.go.kr/data/15012896/standard.do,SOURCE_ONLY
evacuation_parking,parking:4014ffdacaa2fe4a61b7,경상북도,경산시,보건소 앞,,경상북도 경산시 중앙동 713-1,,,노상,30,평일+토요일+공휴일,00:00,23:59,무료,경상북도 경산시청,2026-04-17,,,,,false,전국주차장정보표준데이터,https://www.data.go.kr/data/15012896/standard.do,MISSING_LOCATION_OR_REGION
evacuation_parking,parking:478bbe1668262946189d,경상북도,경산시,삼북주공아파트 옆,,경상북도 경산시 삼북동 20-2,35.81772324,128.7427246,노상,20,평일+토요일+공휴일,00:00,23:59,무료,경상북도 경산시청,2026-04-17,,,,,false,전국주차장정보표준데이터,https://www.data.go.kr/data/15012896/standard.do,SOURCE_ONLY
evacuation_parking,parking:47b7367c252ac12952b4,경상북도,경산시,어린이집 앞,,경상북도 경산시 사동 409,35.8077884,128.7543923,노상,84,평일+토요일+공휴일,00:00,23:59,무료,경상북도 경산시청,2026-04-17,,,,,false,전국주차장정보표준데이터,https://www.data.go.kr/data/15012896/standard.do,SOURCE_ONLY
evacuation_parking,parking:47fc04b53c807d0c53af,경상북도,경산시,경산국민체육센터 앞,,경상북도 경산시 진량읍 신상리 427-5,,,노외,109,평일+토요일+공휴일,00:00,23:59,무료,경상북도 경산시청,2026-04-17,,,,,false,전국주차장정보표준데이터,https://www.data.go.kr/data/15012896/standard.do,MISSING_LOCATION_OR_REGION
evacuation_parking,parking:4800e8807b15158c1c2e,경상북도,경산시,임당 환승주차장,,경상북도 경산시 임당동 873-0,,,노외,317,평일+토요일+공휴일,00:00,23:59,무료,경상북도 경산시청,2026-04-17,,,,,false,전국주차장정보표준데이터,https://www.data.go.kr/data/15012896/standard.do,MISSING_LOCATION_OR_REGION
evacuation_parking,parking:49764584e83579d2757f,경상북도,경산시,금락리374,,경상북도 경산시 하양읍 금락리 374-5,35.91581755,128.8160711,노외,8,평일+토요일+공휴일,00:00,23:59,무료,경상북도 경산시청,2026-04-17,,,,,false,전국주차장정보표준데이터,https://www.data.go.kr/data/15012896/standard.do,SOURCE_ONLY
evacuation_parking,parking:49ed1f2bca28810e9ff4,경상북도,경산시,정림로 주차장1,,경상북도 경산시 임당동 898-14,35.84003203,128.7478306,노외,20,평일+토요일+공휴일,00:00,23:59,무료,경상북도 경산시청,2026-04-17,,,,,false,전국주차장정보표준데이터,https://www.data.go.kr/data/15012896/standard.do,SOURCE_ONLY
evacuation_parking,parking:4bb4740896ee19751760,경상북도,경산시,경산보건소옆 공영주차장,,경상북도 경산시 중방동 702-4,35.82582695,128.7428752,노외,33,평일+토요일+공휴일,00:00,23:59,무료,경상북도 경산시청,2026-04-17,,,,,false,전국주차장정보표준데이터,https://www.data.go.kr/data/15012896/standard.do,SOURCE_ONLY
evacuation_parking,parking:4d76596fb0b3aea42c41,경상북도,경산시,공단7로~공단8로,,경상북도 경산시 진량읍 대원리 513,35.86140244,128.8274216,노상,68,평일+토요일+공휴일,00:00,23:59,무료,경상북도 경산시청,2026-04-17,,,,,false,전국주차장정보표준데이터,https://www.data.go.kr/data/15012896/standard.do,SOURCE_ONLY
evacuation_parking,parking:4def96713fbd3e152901,경상북도,경산시,하양읍 화성로,,경상북도 경산시 하양읍 대조리885-4,35.8874999,128.7932239,노상,47,평일+토요일+공휴일,00:00,23:59,무료,경상북도 경산시청,2026-04-17,,,,,false,전국주차장정보표준데이터,https://www.data.go.kr/data/15012896/standard.do,SOURCE_ONLY
evacuation_parking,parking:5086f1458c2035a15c17,경상북도,경산시,경산역사 서편-2,,경상북도 경산시 사정동 86-1,35.8176821,128.7279443,노외,35,평일+토요일+공휴일,00:00,23:59,무료,경상북도 경산시청,2026-04-17,,,,,false,전국주차장정보표준데이터,https://www.data.go.kr/data/15012896/standard.do,SOURCE_ONLY
evacuation_parking,parking:50a845228d285da07cf8,경상북도,경산시,갓바위 주차장(하단),,경상북도 경산시 와촌면 대한리 553-9,35.98551689,128.7487927,노외,547,평일+토요일+공휴일,00:00,23:59,무료,국립공원공단팔공산국립공원서부사무소,2026-04-17,,,,,false,전국주차장정보표준데이터,https://www.data.go.kr/data/15012896/standard.do,SOURCE_ONLY
evacuation_parking,parking:517d933c293f255c8cff,경상북도,경산시,봉황길,,경상북도 경산시 진량읍 봉회리 47,35.88414638,128.8194615,노상,32,평일+토요일+공휴일,00:00,23:59,무료,경상북도 경산시청,2026-04-17,,,,,false,전국주차장정보표준데이터,https://www.data.go.kr/data/15012896/standard.do,SOURCE_ONLY
evacuation_parking,parking:52152010b54427bb4f1e,경상북도,경산시,공원교 남측,,경상북도 경산시 중방동 291-1,35.82869951,128.7323513,노상,17,평일+토요일+공휴일,00:00,23:59,무료,경상북도 경산시청,2026-04-17,,,,,false,전국주차장정보표준데이터,https://www.data.go.kr/data/15012896/standard.do,SOURCE_ONLY
evacuation_parking,parking:56616fd4bd9f4a27259c,경상북도,경산시,부기리 소규모 공영주차장,,경상북도 경산시 진량읍 부기리 99,35.899057,128.8254918,노외,6,평일+토요일+공휴일,00:00,23:59,무료,경상북도 경산시청,2026-04-17,,,,,false,전국주차장정보표준데이터,https://www.data.go.kr/data/15012896/standard.do,SOURCE_ONLY
evacuation_parking,parking:5716b97f2e739659fe65,경상북도,경산시,공단2로변,,경상북도 경산시 진량읍 신상리 1191-7,35.87210606,128.8273654,노상,81,평일+토요일+공휴일,00:00,23:59,무료,경상북도 경산시청,2026-04-17,,,,,false,전국주차장정보표준데이터,https://www.data.go.kr/data/15012896/standard.do,SOURCE_ONLY
evacuation_parking,parking:59ce3bb473d842acfab2,경상북도,경산시,갓바위 주차장(상단),,경상북도 경산시 와촌면 대한리 553-9,35.98551689,128.7487927,노외,10,평일+토요일+공휴일,00:00,23:59,무료,국립공원공단팔공산국립공원서부사무소,2026-04-17,,,,,false,전국주차장정보표준데이터,https://www.data.go.kr/data/15012896/standard.do,SOURCE_ONLY
evacuation_parking,parking:5a44771a93cfe1883307,경상북도,경산시,공단5로~공단8로,,경상북도 경산시 진량읍 대원리 513,35.86140244,128.8274216,노상,66,평일+토요일+공휴일,00:00,23:59,무료,경상북도 경산시청,2026-04-17,,,,,false,전국주차장정보표준데이터,https://www.data.go.kr/data/15012896/standard.do,SOURCE_ONLY
evacuation_parking,parking:5ab98e45379e15732731,경상북도,경산시,부영2차아파트 북측,,경상북도 경산시 사동 686,35.81561145,128.7617864,노상,17,평일+토요일+공휴일,00:00,23:59,무료,경상북도 경산시청,2026-04-17,,,,,false,전국주차장정보표준데이터,https://www.data.go.kr/data/15012896/standard.do,SOURCE_ONLY
evacuation_parking,parking:5ae3303cd08b038dab5b,경상북도,경산시,옥산2지구 지상공영주차장,,경상북도 경산시 옥산동 733-1,35.82736567,128.7273657,노외,63,평일+토요일+공휴일,00:00,23:59,유료,경상북도 경산시청,2026-04-17,,,,,false,전국주차장정보표준데이터,https://www.data.go.kr/data/15012896/standard.do,SOURCE_ONLY
evacuation_parking,parking:5b725701fab481ffc242,경상북도,경산시,사동 공한지 주차장,,경상북도 경산시 사동 568-3번지,,,노외,15,평일+토요일+공휴일,00:00,23:59,무료,경상북도 경산시청,2026-04-17,,,,,false,전국주차장정보표준데이터,https://www.data.go.kr/data/15012896/standard.do,MISSING_LOCATION_OR_REGION
evacuation_parking,parking:5e7d15c01c2508095c4e,경상북도,경산시,진량 선화주차장,,경상북도 경산시 진량읍 선화리 2023,35.87530988,128.8072194,노외,10,평일+토요일+공휴일,00:00,23:59,무료,경상북도 경산시청,2026-04-17,,,,,false,전국주차장정보표준데이터,https://www.data.go.kr/data/15012896/standard.do,SOURCE_ONLY
evacuation_parking,parking:5ececbf5934b5c19725a,경상북도,경산시,하양 금락리 노상주차장,,경상북도 경산시 하양읍 금락리 418,35.90901762,128.8202758,노상,52,평일+토요일+공휴일,00:00,23:59,무료,경상북도 경산시청,2026-04-17,,,,,false,전국주차장정보표준데이터,https://www.data.go.kr/data/15012896/standard.do,SOURCE_ONLY
evacuation_parking,parking:60d3d60f06b062d8c760,경상북도,경산시,윤성1차타운 진입로,,경상북도 경산시 진량읍 선화리 1086-1,35.86553365,128.7952522,노상,29,평일+토요일+공휴일,00:00,23:59,무료,경상북도 경산시청,2026-04-17,,,,,false,전국주차장정보표준데이터,https://www.data.go.kr/data/15012896/standard.do,SOURCE_ONLY
evacuation_parking,parking:63bee1432016530e6217,경상북도,경산시,펜타힐즈더샵1차 맞은편,,경상북도 경산시 중산동 312-4,35.82788116,128.723316,노외,15,평일+토요일+공휴일,00:00,23:59,무료,경상북도 경산시청,2026-04-17,,,,,false,전국주차장정보표준데이터,https://www.data.go.kr/data/15012896/standard.do,SOURCE_ONLY
evacuation_parking,parking:654bfd3a47595f41ffcf,경상북도,경산시,진량 부기리 공영 제3주차장,,경상북도 경산시 진량읍 부기리 568-17,35.90611734,128.8201279,노외,30,평일+토요일+공휴일,00:00,23:59,무료,경상북도 경산시청,2026-04-17,,,,,false,전국주차장정보표준데이터,https://www.data.go.kr/data/15012896/standard.do,SOURCE_ONLY
evacuation_parking,parking:6605c59f41705b5cb881,경상북도,경산시,압량 신대부적1 주차장,,경상북도 경산시 압량읍 신대리 415-0,,,노외,54,평일+토요일+공휴일,00:00,23:59,무료,경상북도 경산시청,2026-04-17,,,,,false,전국주차장정보표준데이터,https://www.data.go.kr/data/15012896/standard.do,MISSING_LOCATION_OR_REGION
evacuation_parking,parking:68e7e4f1b509d46d98c2,경상북도,경산시,경산시 여성회관 입구쪽,,경상북도 경산시 서상동 143-2,35.81890965,128.7341651,노상,8,평일+토요일+공휴일,00:00,23:59,무료,경상북도 경산시청,2026-04-17,,,,,false,전국주차장정보표준데이터,https://www.data.go.kr/data/15012896/standard.do,SOURCE_ONLY
evacuation_parking,parking:6919d4b467dceca2141d,경상북도,경산시,소라아파트 남측,,경상북도 경산시 사동 391,35.8126351,128.7548267,노상,33,평일+토요일+공휴일,00:00,23:59,무료,경상북도 경산시청,2026-04-17,,,,,false,전국주차장정보표준데이터,https://www.data.go.kr/data/15012896/standard.do,SOURCE_ONLY
evacuation_parking,parking:6e69505a7b5138b2453f,경상북도,경산시,공단5로~공단4로,,경상북도 경산시 진량읍 대원리 512,35.85974027,128.8247678,노상,78,평일+토요일+공휴일,00:00,23:59,무료,경상북도 경산시청,2026-04-17,,,,,false,전국주차장정보표준데이터,https://www.data.go.kr/data/15012896/standard.do,SOURCE_ONLY
evacuation_parking,parking:6fa2cfdc41c08bc56b55,경상북도,경산시,경산공설시장 공영주차장(C지구),,경상북도 경산시 서상동 10-1,35.82016795,128.7355199,노외,110,평일+토요일+공휴일,00:00,23:59,유료,경상북도 경산시청,2026-04-17,,,,,false,전국주차장정보표준데이터,https://www.data.go.kr/data/15012896/standard.do,SOURCE_ONLY
evacuation_parking,parking:7002bf0e0482e1b96064,경상북도,경산시,옥곡 공영주차장,,경상북도 경산시 옥곡동 768,35.80759081,128.7328634,노외,148,평일+토요일+공휴일,00:00,23:59,무료,경상북도 경산시청,2026-04-17,,,,,false,전국주차장정보표준데이터,https://www.data.go.kr/data/15012896/standard.do,SOURCE_ONLY
evacuation_parking,parking:7046e1b496c66ca50d42,경상북도,경산시,하양 금락리 노상주차장2,,경상북도 경산시 하양읍 금락리 412,35.91172188,128.8272398,노상,37,평일+토요일+공휴일,00:00,23:59,무료,경상북도 경산시청,2026-04-17,,,,,false,전국주차장정보표준데이터,https://www.data.go.kr/data/15012896/standard.do,SOURCE_ONLY
evacuation_parking,parking:7081244b64136a123fa4,경상북도,경산시,강변동로(경산교~서옥교),,경상북도 경산시 서상동 143-224,35.81833006,128.7337975,노상,43,평일+토요일+공휴일,00:00,23:59,무료,경상북도 경산시청,2026-04-17,,,,,false,전국주차장정보표준데이터,https://www.data.go.kr/data/15012896/standard.do,SOURCE_ONLY
evacuation_parking,parking:721e88c4b3a69ba096a8,경상북도,경산시,CU경산삼성현점,,경상북도 경산시 사동 696,35.81185098,128.7596236,노상,6,평일+토요일+공휴일,00:00,23:59,무료,경상북도 경산시청,2026-04-17,,,,,false,전국주차장정보표준데이터,https://www.data.go.kr/data/15012896/standard.do,SOURCE_ONLY
evacuation_parking,parking:72625642857c938e7931,경상북도,경산시,옹달샘식품 동측,,경상북도 경산시 서상동 91,35.81738344,128.7351738,노상,6,평일+토요일+공휴일,00:00,23:59,무료,경상북도 경산시청,2026-04-17,,,,,false,전국주차장정보표준데이터,https://www.data.go.kr/data/15012896/standard.do,SOURCE_ONLY
evacuation_parking,parking:7280dd873c1ff3ff54fa,경상북도,경산시,금락4리회관 앞 공영주차장,,경상북도 경산시 하양읍 금락리 133-13,35.91201335,128.8177726,노외,56,평일+토요일+공휴일,00:00,23:59,무료,경상북도 경산시청,2026-04-17,,,,,false,전국주차장정보표준데이터,https://www.data.go.kr/data/15012896/standard.do,SOURCE_ONLY
evacuation_parking,parking:72dec509bbf5a5f149ef,경상북도,경산시,공단4로~공단8로,,경상북도 경산시 진량읍 신상리 1211,35.87354555,128.828441,노상,92,평일+토요일+공휴일,00:00,23:59,무료,경상북도 경산시청,2026-04-17,,,,,false,전국주차장정보표준데이터,https://www.data.go.kr/data/15012896/standard.do,SOURCE_ONLY
evacuation_parking,parking:743cfe6f639f007dc7ad,경상북도,경산시,진량공단내 화물공영주차장,,경상북도 경산시 진량읍 신상리 1196-3,35.87128467,128.8279378,노외,39,평일+토요일+공휴일,00:00,23:59,무료,경상북도 경산시청,2026-04-17,,,,,false,전국주차장정보표준데이터,https://www.data.go.kr/data/15012896/standard.do,SOURCE_ONLY
evacuation_parking,parking:7630a6455161d43876e5,경상북도,경산시,중방동 경안로 39길,,경상북도 경산시 중방동 324-1,35.82338698,128.7326751,노상,4,평일+토요일+공휴일,00:00,23:59,무료,경상북도 경산시청,2026-04-17,,,,,false,전국주차장정보표준데이터,https://www.data.go.kr/data/15012896/standard.do,SOURCE_ONLY
evacuation_parking,parking:76c9bfe3cdba205f9ec5,경상북도,경산시,인라인롤러장 남측,,경상북도 경산시 상방동 55-1,35.81631818,128.7461031,노상,3,평일+토요일+공휴일,00:00,23:59,무료,경상북도 경산시청,2026-04-17,,,,,false,전국주차장정보표준데이터,https://www.data.go.kr/data/15012896/standard.do,SOURCE_ONLY
evacuation_parking,parking:791d1387f700f1aada64,경상북도,경산시,신관리 경로당앞 공영주차장,,경상북도 경산시 자인면 신관리 662-1,35.82256829,128.8439001,노외,18,평일+토요일+공휴일,00:00,23:59,무료,경상북도 경산시청,2026-04-17,,,,,false,전국주차장정보표준데이터,https://www.data.go.kr/data/15012896/standard.do,SOURCE_ONLY
evacuation_parking,parking:799a3c05b5447691e033,경상북도,경산시,진량 보국웰리치 주변 노상주차,경상북도 경산시 진량읍 해든길 11 (보국웰리치경산),경상북도 경산시 진량읍 신상리 205-1,35.87270308,128.8170476,노상,55,평일+토요일+공휴일,00:00,23:59,무료,경상북도 경산시청,2026-04-17,,,,,false,전국주차장정보표준데이터,https://www.data.go.kr/data/15012896/standard.do,SOURCE_ONLY
evacuation_parking,parking:79de1136698828932b88,경상북도,경산시,소라아파트 동측,,경상북도 경산시 사동 627,35.81511493,128.7542581,노상,5,평일+토요일+공휴일,00:00,23:59,무료,경상북도 경산시청,2026-04-17,,,,,false,전국주차장정보표준데이터,https://www.data.go.kr/data/15012896/standard.do,SOURCE_ONLY
evacuation_parking,parking:7b4d1d1747dd8077b1a6,경상북도,경산시,서상길(구등기소앞),,경상북도 경산시 서상동 144-3,35.81999117,128.733461,노상,22,평일+토요일+공휴일,00:00,23:59,유료,경상북도 경산시청,2026-04-17,,,,,false,전국주차장정보표준데이터,https://www.data.go.kr/data/15012896/standard.do,SOURCE_ONLY
evacuation_parking,parking:7c78fcbfa7fdb60039c7,경상북도,경산시,중방e편한세상 1단지 동측,,경상북도 경산시 중방동 807,35.83255525,128.7397992,노상,34,평일+토요일+공휴일,00:00,23:59,무료,경상북도 경산시청,2026-04-17,,,,,false,전국주차장정보표준데이터,https://www.data.go.kr/data/15012896/standard.do,SOURCE_ONLY
evacuation_parking,parking:7e78a7e9af236509ca7e,경상북도,경산시,중방동 소규모 공영주차장,,경상북도 경산시 중방동 818-177,35.81954237,128.733223,노외,13,평일+토요일+공휴일,00:00,23:59,무료,경상북도 경산시청,2026-04-17,,,,,false,전국주차장정보표준데이터,https://www.data.go.kr/data/15012896/standard.do,SOURCE_ONLY
evacuation_parking,parking:805635438759e1c7b441,경상북도,경산시,서부2동주민센터 북측,,경상북도 경산시 옥산동 766,35.82818777,128.7252569,노상,6,평일+토요일+공휴일,00:00,23:59,무료,경상북도 경산시청,2026-04-17,,,,,false,전국주차장정보표준데이터,https://www.data.go.kr/data/15012896/standard.do,SOURCE_ONLY
evacuation_parking,parking:80572d606e346bdc1286,경상북도,경산시,시립박물관 북측,,경상북도 경산시 사동 686,35.81561145,128.7617864,노상,42,평일+토요일+공휴일,00:00,23:59,무료,경상북도 경산시청,2026-04-17,,,,,false,전국주차장정보표준데이터,https://www.data.go.kr/data/15012896/standard.do,SOURCE_ONLY
evacuation_parking,parking:812e5a22aa6e53df2e28,경상북도,경산시,진량 부기리 공영 제1주차장,,경상북도 경산시 진량읍 부기리 716,35.90686354,128.8227856,노외,88,평일+토요일+공휴일,00:00,23:59,무료,경상북도 경산시청,2026-04-17,,,,,false,전국주차장정보표준데이터,https://www.data.go.kr/data/15012896/standard.do,SOURCE_ONLY
evacuation_parking,parking:81395c8cd3d71b619315,경상북도,경산시,자인서부지구 공영주차장(동부리),,경상북도 경산시 자인면 동부리 512-0,,,노외,19,평일+토요일+공휴일,00:00,23:59,무료,경상북도 경산시청,2026-04-17,,,,,false,전국주차장정보표준데이터,https://www.data.go.kr/data/15012896/standard.do,MISSING_LOCATION_OR_REGION
evacuation_parking,parking:815394910e6ecbfb913f,경상북도,경산시,하양읍 하양로,,경상북도 경산시 하양읍 금락리 373-10,35.91131567,128.8162442,노상,15,평일+토요일+공휴일,00:00,23:59,무료,경상북도 경산시청,2026-04-17,,,,,false,전국주차장정보표준데이터,https://www.data.go.kr/data/15012896/standard.do,SOURCE_ONLY
evacuation_parking,parking:827509e6eae1a6a76bd9,경상북도,경산시,진량 양기리 공영주차장,,경상북도 경산시 진량읍 양기리 401-3,35.89303456,128.8352091,노외,104,평일+토요일+공휴일,00:00,23:59,무료,경상북도 경산시청,2026-04-17,,,,,false,전국주차장정보표준데이터,https://www.data.go.kr/data/15012896/standard.do,SOURCE_ONLY
evacuation_parking,parking:83c4748285391930f04d,경상북도,경산시,공단6로~공단로,,경상북도 경산시 진량읍 신상리 1212,35.86651448,128.8283698,노상,31,평일+토요일+공휴일,00:00,23:59,무료,경상북도 경산시청,2026-04-17,,,,,false,전국주차장정보표준데이터,https://www.data.go.kr/data/15012896/standard.do,SOURCE_ONLY
evacuation_parking,parking:84651e3c5c9f07fd01cc,경상북도,경산시,족구장 서측,,경상북도 경산시 상방동 66-1,35.81691766,128.7448204,노상,10,평일+토요일+공휴일,00:00,23:59,무료,경상북도 경산시청,2026-04-17,,,,,false,전국주차장정보표준데이터,https://www.data.go.kr/data/15012896/standard.do,SOURCE_ONLY
evacuation_parking,parking:86c7dc18ea38bc49256c,경상북도,경산시,압량 가일리 공영주차장,,경상북도 경산시 압량읍 가일리 208-4,35.83907929,128.7817163,노외,123,평일+토요일+공휴일,00:00,23:59,무료,경상북도 경산시청,2026-04-17,,,,,false,전국주차장정보표준데이터,https://www.data.go.kr/data/15012896/standard.do,SOURCE_ONLY
evacuation_parking,parking:87c4fc6067423886cd91,경상북도,경산시,백천동 삼도뷰엔빌W아파트 공영주차장,,경상북도 경산시 백천동 620,35.80197381,128.743778,노외,12,평일+토요일+공휴일,00:00,23:59,무료,경상북도 경산시청,2026-04-17,,,,,false,전국주차장정보표준데이터,https://www.data.go.kr/data/15012896/standard.do,SOURCE_ONLY
evacuation_parking,parking:87c8ac167445c6717adc,경상북도,경산시,옥곡동 공영주차장,,경상북도 경산시 옥곡동 821-1,35.81451734,128.7303643,노외,17,평일+토요일+공휴일,00:00,23:59,무료,경상북도 경산시청,2026-04-17,,,,,false,전국주차장정보표준데이터,https://www.data.go.kr/data/15012896/standard.do,SOURCE_ONLY
evacuation_parking,parking:883fd1d9945875ab7421,경상북도,경산시,공단4로~공단5로,,경상북도 경산시 진량읍 대원리 512,35.85974027,128.8247678,노상,96,평일+토요일+공휴일,00:00,23:59,무료,경상북도 경산시청,2026-04-17,,,,,false,전국주차장정보표준데이터,https://www.data.go.kr/data/15012896/standard.do,SOURCE_ONLY
evacuation_parking,parking:8bba228b87a12060b405,경상북도,경산시,케이마트 진량점 앞,,경상북도 경산시 진량읍 봉회리 186-7,35.88226749,128.8180154,노상,106,평일+토요일+공휴일,00:00,23:59,무료,경상북도 경산시청,2026-04-17,,,,,false,전국주차장정보표준데이터,https://www.data.go.kr/data/15012896/standard.do,SOURCE_ONLY
evacuation_parking,parking:8dd2a7b46a19b88287a9,경상북도,경산시,금락공영주차장,,경상북도 경산시 하양읍 금락리 133-20,35.91333714,128.81938,노외,52,평일+토요일+공휴일,00:00,23:59,유료,경상북도 경산시청,2026-04-17,,,,,false,전국주차장정보표준데이터,https://www.data.go.kr/data/15012896/standard.do,SOURCE_ONLY
evacuation_parking,parking:90532cf1da7acfd9b147,경상북도,경산시,자인 교촌리 공영주차장,,경상북도 경산시 자인면 교촌리 192-4,35.82361059,128.8266874,노외,52,평일+토요일+공휴일,00:00,23:59,무료,경상북도 경산시청,2026-04-17,,,,,false,전국주차장정보표준데이터,https://www.data.go.kr/data/15012896/standard.do,SOURCE_ONLY
evacuation_parking,parking:907216cd11a539c093ee,경상북도,경산시,하양공설시장(꿈바우) 공영주차장,,경상북도 경산시 하양읍 금락리 35-89,35.91532654,128.8204892,노외,104,평일+토요일+공휴일,00:00,23:59,유료,경상북도 경산시청,2026-04-17,,,,,false,전국주차장정보표준데이터,https://www.data.go.kr/data/15012896/standard.do,SOURCE_ONLY
evacuation_parking,parking:92da027e1cc6fd87b19e,경상북도,경산시,하나맨션앞,,경상북도 경산시 하양읍 동서리 877-26,35.91495431,128.8248675,노상,6,평일+토요일+공휴일,00:00,23:59,무료,경상북도 경산시청,2026-04-17,,,,,false,전국주차장정보표준데이터,https://www.data.go.kr/data/15012896/standard.do,SOURCE_ONLY
evacuation_parking,parking:92e5c4f6e95aa6e1de28,경상북도,경산시,경산세무서 뒷편,,경상북도 경산시 사동 682,35.81652947,128.7605831,노상,68,평일+토요일+공휴일,00:00,23:59,무료,경상북도 경산시청,2026-04-17,,,,,false,전국주차장정보표준데이터,https://www.data.go.kr/data/15012896/standard.do,SOURCE_ONLY
evacuation_parking,parking:937c44ea0d0d3b99518b,경상북도,경산시,하양로 186 앞,경상북도 경산시 하양읍 하양로 186,,35.91733144,128.8259978,노상,4,평일+토요일+공휴일,00:00,23:59,무료,경상북도 경산시청,2026-04-17,,,,,false,전국주차장정보표준데이터,https://www.data.go.kr/data/15012896/standard.do,SOURCE_ONLY
evacuation_parking,parking:94ba850f264894a15a7a,경상북도,경산시,백천동 경청로,,경상북도 경산시 백천동 617,35.80455022,128.7393883,노상,7,평일+토요일+공휴일,00:00,23:59,무료,경상북도 경산시청,2026-04-17,,,,,false,전국주차장정보표준데이터,https://www.data.go.kr/data/15012896/standard.do,SOURCE_ONLY
evacuation_parking,parking:951c69cdfa2f5065f093,경상북도,경산시,경산문화원 옆,,경상북도 경산시 서상동 143-193,35.81828802,128.7341116,노상,9,평일+토요일+공휴일,00:00,23:59,무료,경상북도 경산시청,2026-04-17,,,,,false,전국주차장정보표준데이터,https://www.data.go.kr/data/15012896/standard.do,SOURCE_ONLY
evacuation_parking,parking:96786440d70f558ef793,경상북도,경산시,삼풍로2길 5~삼풍로4길 6,,경상북도 경산시 삼풍동 527,35.82154066,128.7561231,노상,20,평일+토요일+공휴일,00:00,23:59,무료,경상북도 경산시청,2026-04-17,,,,,false,전국주차장정보표준데이터,https://www.data.go.kr/data/15012896/standard.do,SOURCE_ONLY
evacuation_parking,parking:9700d5b94dfaccba82a6,경상북도,경산시,선본사주차장,,경상북도 경산시 와촌면 대한리 산 138,35.98786785,128.7362541,노외,10,평일+토요일+공휴일,00:00,23:59,무료,경상북도 경산시청,2026-04-17,,,,,false,전국주차장정보표준데이터,https://www.data.go.kr/data/15012896/standard.do,SOURCE_ONLY
evacuation_parking,parking:977efd956048b4aa4f05,경상북도,경산시,마위지 공영주차장,,경상북도 경산시 압량읍 부적리 265-5,35.84594634,128.7620835,노외,9,평일+토요일+공휴일,00:00,23:59,무료,경상북도 경산시청,2026-04-17,,,,,false,전국주차장정보표준데이터,https://www.data.go.kr/data/15012896/standard.do,SOURCE_ONLY
evacuation_parking,parking:9782a3370b23dc486b9a,경상북도,경산시,남천면행정복지센터앞 공영주차장,,경상북도 경산시 남천면 삼성리 92,35.76631945,128.7270986,노외,24,평일+토요일+공휴일,00:00,23:59,무료,경상북도 경산시청,2026-04-17,,,,,false,전국주차장정보표준데이터,https://www.data.go.kr/data/15012896/standard.do,SOURCE_ONLY
evacuation_parking,parking:97bbbe6601dc4f8fa6ab,경상북도,경산시,공단로~공단4로5길,,경상북도 경산시 진량읍 신상리 1213,35.86600364,128.8218297,노상,102,평일+토요일+공휴일,00:00,23:59,무료,경상북도 경산시청,2026-04-17,,,,,false,전국주차장정보표준데이터,https://www.data.go.kr/data/15012896/standard.do,SOURCE_ONLY
evacuation_parking,parking:9974e0206aec14eaa758,경상북도,경산시,경산공설시장 공영주차장(B지구),,경상북도 경산시 삼북동 267-12,35.82054874,128.7362592,노외,78,평일+토요일+공휴일,00:00,23:59,유료,경상북도 경산시청,2026-04-17,,,,,false,전국주차장정보표준데이터,https://www.data.go.kr/data/15012896/standard.do,SOURCE_ONLY
evacuation_parking,parking:9eebccf6ae45cac0f7a9,경상북도,경산시,공단3로변,경상북도 경산시 진량읍 공단4로5길 61,경상북도 경산시 진량읍 신상리 1192-3,35.86888665,128.8215654,노상,52,평일+토요일+공휴일,00:00,23:59,무료,경상북도 경산시청,2026-04-17,,,,,false,전국주차장정보표준데이터,https://www.data.go.kr/data/15012896/standard.do,SOURCE_ONLY
evacuation_parking,parking:a100a6b5fedc30bd31c7,경상북도,경산시,중산동 공영주차장,,경상북도 경산시 중산동 683,35.82737941,128.7135218,노외,190,평일+토요일+공휴일,00:00,23:59,무료,경상북도 경산시청,2026-04-17,,,,,false,전국주차장정보표준데이터,https://www.data.go.kr/data/15012896/standard.do,SOURCE_ONLY
evacuation_parking,parking:a1bdbf87902ec6f026ce,경상북도,경산시,옥산동 공한지 주차장,,경상북도 경산시 옥산동 396,35.82351992,128.7190983,노외,21,평일+토요일+공휴일,00:00,23:59,무료,경상북도 경산시청,2026-04-17,,,,,false,전국주차장정보표준데이터,https://www.data.go.kr/data/15012896/standard.do,SOURCE_ONLY
evacuation_parking,parking:a5e45bb3df4ee2b330d4,경상북도,경산시,진량신상리 마을회관 공영주차장-2,,경상북도 경산시 진량읍 선화리 1473-70,35.87522488,128.8134199,노외,20,평일+토요일+공휴일,00:00,23:59,무료,경상북도 경산시청,2026-04-17,,,,,false,전국주차장정보표준데이터,https://www.data.go.kr/data/15012896/standard.do,SOURCE_ONLY
evacuation_parking,parking:a6140618df506a565bc9,경상북도,경산시,하양 동서리 공영주차장,경상북도 경산시 하양읍 금송로 42,,35.91661583,128.8179805,노외,122,평일+토요일+공휴일,00:00,23:59,무료,경상북도 경산시청,2026-04-17,,,,,false,전국주차장정보표준데이터,https://www.data.go.kr/data/15012896/standard.do,SOURCE_ONLY
evacuation_parking,parking:a63dcce00572809075d4,경상북도,경산시,펜타힐즈더샵1차 옆,,경상북도 경산시 중산동 651,35.82827087,128.7228307,노상,53,평일+토요일+공휴일,00:00,23:59,무료,경상북도 경산시청,2026-04-17,,,,,false,전국주차장정보표준데이터,https://www.data.go.kr/data/15012896/standard.do,SOURCE_ONLY
evacuation_parking,parking:a73912cb96743f2ce448,경상북도,경산시,경안로(향교네거리~경산오거리),,경상북도 경산시 삼북동 283,35.82152315,128.7392672,노상,41,평일+토요일+공휴일,00:00,23:59,무료,경상북도 경산시청,2026-04-17,,,,,false,전국주차장정보표준데이터,https://www.data.go.kr/data/15012896/standard.do,SOURCE_ONLY
evacuation_parking,parking:aa3e63704a9c15b4c23f,경상북도,경산시,초원맘모스 앞,,경상북도 경산시 계양동 567-12,35.82180088,128.748364,노상,20,평일+토요일+공휴일,00:00,23:59,무료,경상북도 경산시청,2026-04-17,,,,,false,전국주차장정보표준데이터,https://www.data.go.kr/data/15012896/standard.do,SOURCE_ONLY
evacuation_parking,parking:aafa7ac2ebe306609bfc,경상북도,경산시,문화회관진입도로(KT하양지점),,경상북도 경산시 하양읍 금락리 131-139,35.90985088,128.8137614,노상,15,평일+토요일+공휴일,00:00,23:59,무료,경상북도 경산시청,2026-04-17,,,,,false,전국주차장정보표준데이터,https://www.data.go.kr/data/15012896/standard.do,SOURCE_ONLY
evacuation_parking,parking:ab2df965fb93a0a5ca69,경상북도,경산시,공단3로~공단4로,,경상북도 경산시 진량읍 신상리 1212,35.86651448,128.8283698,노상,146,평일+토요일+공휴일,00:00,23:59,무료,경상북도 경산시청,2026-04-17,,,,,false,전국주차장정보표준데이터,https://www.data.go.kr/data/15012896/standard.do,SOURCE_ONLY
evacuation_parking,parking:ab5bdc167ea5a79cd0ae,경상북도,경산시,경산우방유쉘아파트 동측,,경상북도 경산시 옥곡동 3-6,35.81762848,128.732581,노상,5,평일+토요일+공휴일,00:00,23:59,무료,경상북도 경산시청,2026-04-17,,,,,false,전국주차장정보표준데이터,https://www.data.go.kr/data/15012896/standard.do,SOURCE_ONLY
evacuation_parking,parking:abdd161ba35d510d2667,경상북도,경산시,정림로 주차장2,,경상북도 경산시 임당동 898-48,35.84097914,128.7467916,노외,22,평일+토요일+공휴일,00:00,23:59,무료,경상북도 경산시청,2026-04-17,,,,,false,전국주차장정보표준데이터,https://www.data.go.kr/data/15012896/standard.do,SOURCE_ONLY
evacuation_parking,parking:ae1d2047bb5d83f4db87,경상북도,경산시,효사랑노인복지센터 맞은편,,경상북도 경산시 중방동 319-113,35.82599455,128.7311893,노상,2,평일+토요일+공휴일,00:00,23:59,무료,경상북도 경산시청,2026-04-17,,,,,false,전국주차장정보표준데이터,https://www.data.go.kr/data/15012896/standard.do,SOURCE_ONLY
evacuation_parking,parking:ae5aa6ac1ed68bdff02e,경상북도,경산시,장산로20길 동측,경상북도 경산시 장산로20길 4 (서상동),경상북도 경산시 서상동 142-1,35.8171973,128.7352016,노상,6,평일+토요일+공휴일,00:00,23:59,무료,경상북도 경산시청,2026-04-17,,,,,false,전국주차장정보표준데이터,https://www.data.go.kr/data/15012896/standard.do,SOURCE_ONLY
evacuation_parking,parking:af788d363dace82c4398,경상북도,경산시,금락리 404-7,,경상북도 경산시 하양읍 금락리 404-7,35.91024395,128.8223263,노외,57,평일+토요일+공휴일,00:00,23:59,무료,경상북도 경산시청,2026-04-17,,,,,false,전국주차장정보표준데이터,https://www.data.go.kr/data/15012896/standard.do,SOURCE_ONLY
evacuation_parking,parking:b050042a042a23f94467,경상북도,경산시,옥산4공원(전면),,경상북도 경산시 옥산동 750,35.82559323,128.7289226,노상,29,평일+토요일+공휴일,00:00,23:59,무료,경상북도 경산시청,2026-04-17,,,,,false,전국주차장정보표준데이터,https://www.data.go.kr/data/15012896/standard.do,SOURCE_ONLY
evacuation_parking,parking:b1978bbe496813e8683b,경상북도,경산시,문화회관진입도로(우방타운),,경상북도 경산시 하양읍 금락리 130-28,35.91032302,128.8131727,노상,23,평일+토요일+공휴일,00:00,23:59,무료,경상북도 경산시청,2026-04-17,,,,,false,전국주차장정보표준데이터,https://www.data.go.kr/data/15012896/standard.do,SOURCE_ONLY
evacuation_parking,parking:b3759088b01775f59dc9,경상북도,경산시,공단2로~공단7로,,경상북도 경산시 진량읍 신상리 1214,35.87334916,128.8338115,노상,174,평일+토요일+공휴일,00:00,23:59,무료,경상북도 경산시청,2026-04-17,,,,,false,전국주차장정보표준데이터,https://www.data.go.kr/data/15012896/standard.do,SOURCE_ONLY
evacuation_parking,parking:b56cf0253ad9cdfca071,경상북도,경산시,남부동 주민센터 주차장,,경상북도 경산시 신교동 74-2,35.81374744,128.7393869,노외,49,평일+토요일+공휴일,00:00,23:59,무료,경상북도 경산시청,2026-04-17,,,,,false,전국주차장정보표준데이터,https://www.data.go.kr/data/15012896/standard.do,SOURCE_ONLY
evacuation_parking,parking:b57655c14d618fba9aae,경상북도,경산시,공단9로~공단10로,,경상북도 경산시 진량읍 신제리 645,35.86455704,128.8346267,노상,43,평일+토요일+공휴일,00:00,23:59,무료,경상북도 경산시청,2026-04-17,,,,,false,전국주차장정보표준데이터,https://www.data.go.kr/data/15012896/standard.do,SOURCE_ONLY
evacuation_parking,parking:b64a9d17af0cf9f55301,경상북도,경산시,중산지,,경상북도 경산시 중산동 674,35.82926115,128.7170184,노외,41,평일+토요일+공휴일,00:00,23:59,무료,경상북도 경산시청,2026-04-17,,,,,false,전국주차장정보표준데이터,https://www.data.go.kr/data/15012896/standard.do,SOURCE_ONLY
evacuation_parking,parking:b65cb494cc4f40aad23b,경상북도,경산시,남천둔치(경산교),,경상북도 경산시 사정동 301-1,35.82140884,128.7302804,노외,45,평일+토요일+공휴일,00:00,23:59,무료,경상북도 경산시청,2026-04-17,,,,,false,전국주차장정보표준데이터,https://www.data.go.kr/data/15012896/standard.do,SOURCE_ONLY
evacuation_parking,parking:b75a7e7aa46a6d448d25,경상북도,경산시,진량 윤성1차타운 뒷편 공영주차장,,경상북도 경산시 진량읍 선화리 1092-1,35.86479467,128.7931951,노외,61,평일+토요일+공휴일,00:00,23:59,무료,경상북도 경산시청,2026-04-17,,,,,false,전국주차장정보표준데이터,https://www.data.go.kr/data/15012896/standard.do,SOURCE_ONLY
evacuation_parking,parking:b984636fa1ce65c54bfb,경상북도,경산시,세븐일레븐옥산중앙점 남측,,경상북도 경산시 옥산동 888,35.82181707,128.7186228,노상,11,평일+토요일+공휴일,00:00,23:59,무료,경상북도 경산시청,2026-04-17,,,,,false,전국주차장정보표준데이터,https://www.data.go.kr/data/15012896/standard.do,SOURCE_ONLY
evacuation_parking,parking:baeab1cf5392d4774b52,경상북도,경산시,경산중앙병원 서측,,경상북도 경산시 백천동 9-4,35.80862545,128.739318,노상,8,평일+토요일+공휴일,00:00,23:59,무료,경상북도 경산시청,2026-04-17,,,,,false,전국주차장정보표준데이터,https://www.data.go.kr/data/15012896/standard.do,SOURCE_ONLY
evacuation_parking,parking:bafa21196d49341f65e9,경상북도,경산시,경산역기준 서측(가로),,경상북도 경산시 옥산동 888,35.82181707,128.7186228,노상,63,평일+토요일+공휴일,00:00,23:59,무료,경상북도 경산시청,2026-04-17,,,,,false,전국주차장정보표준데이터,https://www.data.go.kr/data/15012896/standard.do,SOURCE_ONLY
evacuation_parking,parking:bbb773a3324f9d650189,경상북도,경산시,공단5로~태양공조,,경상북도 경산시 진량읍 신상리 1212,35.86651448,128.8283698,노상,170,평일+토요일+공휴일,00:00,23:59,무료,경상북도 경산시청,2026-04-17,,,,,false,전국주차장정보표준데이터,https://www.data.go.kr/data/15012896/standard.do,SOURCE_ONLY
evacuation_parking,parking:bd90aa96066b211ac09f,경상북도,경산시,공단6로~공단4로,,경상북도 경산시 진량읍 신상리 1212,35.86651448,128.8283698,노상,263,평일+토요일+공휴일,00:00,23:59,무료,경상북도 경산시청,2026-04-17,,,,,false,전국주차장정보표준데이터,https://www.data.go.kr/data/15012896/standard.do,SOURCE_ONLY
evacuation_parking,parking:be891280f6f107c95e74,경상북도,경산시,부영우리마을아파트 북측,,경상북도 경산시 옥곡동 840,35.81262163,128.7319636,노상,50,평일+토요일+공휴일,00:00,23:59,무료,경상북도 경산시청,2026-04-17,,,,,false,전국주차장정보표준데이터,https://www.data.go.kr/data/15012896/standard.do,SOURCE_ONLY
evacuation_parking,parking:bf1415798a9a5b59be05,경상북도,경산시,남매지 공영주차장(북측),,경상북도 경산시 계양동 247-3,,,노외,31,평일+토요일+공휴일,00:00,23:59,무료,경상북도 경산시청,2026-04-17,,,,,false,전국주차장정보표준데이터,https://www.data.go.kr/data/15012896/standard.do,MISSING_LOCATION_OR_REGION
evacuation_parking,parking:bf73925321621b8bb8c4,경상북도,경산시,강변동로(공원교~현대밀레몰),,경상북도 경산시 중방동 319-111,35.82555979,128.7310838,노상,19,평일+토요일+공휴일,00:00,23:59,무료,경상북도 경산시청,2026-04-17,,,,,false,전국주차장정보표준데이터,https://www.data.go.kr/data/15012896/standard.do,SOURCE_ONLY
evacuation_parking,parking:c058ea4d0d59a352f376,경상북도,경산시,공단2로~태양공조,,경상북도 경산시 진량읍 신상리 1212,35.86651448,128.8283698,노상,190,평일+토요일+공휴일,00:00,23:59,무료,경상북도 경산시청,2026-04-17,,,,,false,전국주차장정보표준데이터,https://www.data.go.kr/data/15012896/standard.do,SOURCE_ONLY
evacuation_parking,parking:c12b4412b303af703399,경상북도,경산시,중산교 하부 공영주차장,,경상북도 경산시 중산동 669,35.82978606,128.7195273,노외,63,평일+토요일+공휴일,00:00,23:59,무료,경상북도 경산시청,2026-04-17,,,,,false,전국주차장정보표준데이터,https://www.data.go.kr/data/15012896/standard.do,SOURCE_ONLY
evacuation_parking,parking:c1e4ff557aef0cbee8ed,경상북도,경산시,상방동 태성아파트 진입로,,경상북도 경산시 상방동 143-1,35.81311184,128.7422579,노상,14,평일+토요일+공휴일,00:00,23:59,무료,경상북도 경산시청,2026-04-17,,,,,false,전국주차장정보표준데이터,https://www.data.go.kr/data/15012896/standard.do,SOURCE_ONLY
evacuation_parking,parking:c24a64e024db413d9c7a,경상북도,경산시,진량 신상리 공영주차장,,경상북도 경산시 진량읍 신상리 367-1,35.873031,128.8228014,노외,45,평일+토요일+공휴일,00:00,23:59,무료,경상북도 경산시청,2026-04-17,,,,,false,전국주차장정보표준데이터,https://www.data.go.kr/data/15012896/standard.do,SOURCE_ONLY
evacuation_parking,parking:c2d7f4b2c8e771c6c175,경상북도,경산시,옥산2지구 지하공영주차장,,경상북도 경산시 옥산동 725-1,35.82857716,128.7266793,노외,261,평일+토요일+공휴일,00:00,23:59,유료,경상북도 경산시청,2026-04-17,,,,,false,전국주차장정보표준데이터,https://www.data.go.kr/data/15012896/standard.do,SOURCE_ONLY
evacuation_parking,parking:c384d41bb797c23a1a70,경상북도,경산시,공단4로~공단3로,,경상북도 경산시 진량읍 신상리 1212,35.86651448,128.8283698,노상,69,평일+토요일+공휴일,00:00,23:59,무료,경상북도 경산시청,2026-04-17,,,,,false,전국주차장정보표준데이터,https://www.data.go.kr/data/15012896/standard.do,SOURCE_ONLY
evacuation_parking,parking:c41d35d2fae36da4b913,경상북도,경산시,동서리 공영주차장 앞,경상북도 경산시 하양읍 조산천동길 66,,35.91652486,128.8189711,노상,37,평일+토요일+공휴일,00:00,23:59,무료,경상북도 경산시청,2026-04-17,,,,,false,전국주차장정보표준데이터,https://www.data.go.kr/data/15012896/standard.do,SOURCE_ONLY
evacuation_parking,parking:c66bfce07e43cd85f68e,경상북도,경산시,공단9로~공단8로,,경상북도 경산시 진량읍 신제리 645,35.86455704,128.8346267,노상,18,평일+토요일+공휴일,00:00,23:59,무료,경상북도 경산시청,2026-04-17,,,,,false,전국주차장정보표준데이터,https://www.data.go.kr/data/15012896/standard.do,SOURCE_ONLY
evacuation_parking,parking:c78f780cb9bed36f4021,경상북도,경산시,남천둔치주차장 서편(영대교~공원교 ),,경상북도 경산시 중방동 818-1,35.82701244,128.7309448,노상,11,평일+토요일+공휴일,00:00,23:59,무료,경상북도 경산시청,2026-04-17,,,,,false,전국주차장정보표준데이터,https://www.data.go.kr/data/15012896/standard.do,SOURCE_ONLY
evacuation_parking,parking:c8b7aeb3379294e7524c,경상북도,경산시,성암산 공영주차장,,경상북도 경산시 사정동 314-0,,,노외,26,평일+토요일+공휴일,00:00,23:59,무료,경상북도 경산시청,2026-04-17,,,,,false,전국주차장정보표준데이터,https://www.data.go.kr/data/15012896/standard.do,MISSING_LOCATION_OR_REGION
evacuation_parking,parking:c9bf91eb84039ad3c0b1,경상북도,경산시,남천둔치(서희스타힐스 앞),,경상북도 경산시 중방동 818-1,35.82701244,128.7309448,노외,49,평일+토요일+공휴일,00:00,23:59,무료,경상북도 경산시청,2026-04-17,,,,,false,전국주차장정보표준데이터,https://www.data.go.kr/data/15012896/standard.do,SOURCE_ONLY
evacuation_parking,parking:cc74dbf63ebf68cf3730,경상북도,경산시,남천둔치(문화원),경상북도 경산시 강변동로 75,,35.8159924,128.7340605,노외,26,평일+토요일+공휴일,00:00,23:59,무료,경상북도 경산시청,2026-04-17,,,,,false,전국주차장정보표준데이터,https://www.data.go.kr/data/15012896/standard.do,SOURCE_ONLY
evacuation_parking,parking:cd562ca17913bec461e9,경상북도,경산시,하양읍 대경로,,경상북도 경산시 하양읍 금락리 116-17,35.90921139,128.816268,노상,7,평일+토요일+공휴일,00:00,23:59,무료,경상북도 경산시청,2026-04-17,,,,,false,전국주차장정보표준데이터,https://www.data.go.kr/data/15012896/standard.do,SOURCE_ONLY
evacuation_parking,parking:cded6eadbae95ca9cf38,경상북도,경산시,하양청구타운2차아파트 북측,,경상북도 경산시 하양읍 동서리 1208-3,35.91724285,128.8265421,노상,5,평일+토요일+공휴일,00:00,23:59,무료,경상북도 경산시청,2026-04-17,,,,,false,전국주차장정보표준데이터,https://www.data.go.kr/data/15012896/standard.do,SOURCE_ONLY
evacuation_parking,parking:d02ab7f82f2c6c81654a,경상북도,경산시,현충공원주차장,,경상북도 경산시 사정동 산14,35.81456413,128.7214069,노외,34,평일+토요일+공휴일,00:00,23:59,무료,경상북도 경산시청,2026-04-17,,,,,false,전국주차장정보표준데이터,https://www.data.go.kr/data/15012896/standard.do,SOURCE_ONLY
evacuation_parking,parking:d215b1d97911dec4d24b,경상북도,경산시,계양 공영주차장,,경상북도 경산시 계양동 732,35.83293036,128.74243,노외,181,평일+토요일+공휴일,00:00,23:59,무료,경상북도 경산시청,2026-04-17,,,,,false,전국주차장정보표준데이터,https://www.data.go.kr/data/15012896/standard.do,SOURCE_ONLY
evacuation_parking,parking:d40ad37510f4014209c7,경상북도,경산시,남천 노외주차장 앞,,경상북도 경산시 중방동 818-131,35.82780488,128.7318779,노상,14,평일+토요일+공휴일,00:00,23:59,무료,경상북도 경산시청,2026-04-17,,,,,false,전국주차장정보표준데이터,https://www.data.go.kr/data/15012896/standard.do,SOURCE_ONLY
evacuation_parking,parking:d7dd8e570144fbc60967,경상북도,경산시,자인 삼정길,,경상북도 경산시 자인면 서부리 390-13,35.81370528,128.8168908,노상,2,평일+토요일+공휴일,00:00,23:59,무료,경상북도 경산시청,2026-04-17,,,,,false,전국주차장정보표준데이터,https://www.data.go.kr/data/15012896/standard.do,SOURCE_ONLY
evacuation_parking,parking:d95485cbca362a8b2a44,경상북도,경산시,옥곡동 신동아 공영주차장,,경상북도 경산시 옥곡동 88-1,35.81467894,128.728211,노외,24,평일+토요일+공휴일,00:00,23:59,무료,경상북도 경산시청,2026-04-17,,,,,false,전국주차장정보표준데이터,https://www.data.go.kr/data/15012896/standard.do,SOURCE_ONLY
evacuation_parking,parking:db767c9a763c138d16cf,경상북도,경산시,공단7로~공단6로,,경상북도 경산시 진량읍 대원리 512,35.85974027,128.8247678,노상,46,평일+토요일+공휴일,00:00,23:59,무료,경상북도 경산시청,2026-04-17,,,,,false,전국주차장정보표준데이터,https://www.data.go.kr/data/15012896/standard.do,SOURCE_ONLY
evacuation_parking,parking:db926ec35c6db73a3fe0,경상북도,경산시,임당 제2환승주차장,,경상북도 경산시 중방동 911,35.83362328,128.7394501,노외,150,평일+토요일+공휴일,00:00,23:59,무료,경상북도 경산시청,2026-04-17,,,,,false,전국주차장정보표준데이터,https://www.data.go.kr/data/15012896/standard.do,SOURCE_ONLY
evacuation_parking,parking:dd794b5b850bdc444aba,경상북도,경산시,서상길 서측,,경상북도 경산시 삼남동 145-2,35.81367545,128.7378638,노상,59,평일+토요일+공휴일,00:00,23:59,무료,경상북도 경산시청,2026-04-17,,,,,false,전국주차장정보표준데이터,https://www.data.go.kr/data/15012896/standard.do,SOURCE_ONLY
evacuation_parking,parking:dd875fa825147e3192ba,경상북도,경산시,자인시장 공영주차장,,경상북도 경산시 자인면 서부리 254-1,35.81670639,128.8234107,노외,84,평일+토요일+공휴일,00:00,23:59,무료,경상북도 경산시청,2026-04-17,,,,,false,전국주차장정보표준데이터,https://www.data.go.kr/data/15012896/standard.do,SOURCE_ONLY
evacuation_parking,parking:def97532ec217559b3e3,경상북도,경산시,공단로~공단7로,,경상북도 경산시 진량읍 대원리 512,35.85974027,128.8247678,노상,34,평일+토요일+공휴일,00:00,23:59,무료,경상북도 경산시청,2026-04-17,,,,,false,전국주차장정보표준데이터,https://www.data.go.kr/data/15012896/standard.do,SOURCE_ONLY
evacuation_parking,parking:df3db8f2fdb84766c914,경상북도,경산시,압량 신대부적2 주차장,,경상북도 경산시 압량읍 신대리 471-0,,,노외,74,평일+토요일+공휴일,00:00,23:59,무료,경상북도 경산시청,2026-04-17,,,,,false,전국주차장정보표준데이터,https://www.data.go.kr/data/15012896/standard.do,MISSING_LOCATION_OR_REGION
evacuation_parking,parking:dfbdaeafde4582f06000,경상북도,경산시,남천둔치(신촌하이츠),경상북도 경산시 강변서로 334,,35.83897925,128.7288301,노외,44,평일+토요일+공휴일,00:00,23:59,무료,경상북도 경산시청,2026-04-17,,,,,false,전국주차장정보표준데이터,https://www.data.go.kr/data/15012896/standard.do,SOURCE_ONLY
evacuation_parking,parking:e1aec4970c4d9c946244,경상북도,경산시,다문로변 노상주차,,경상북도 경산시 진량읍 신상리 700,35.87503692,128.8154824,노상,41,평일+토요일+공휴일,00:00,23:59,무료,경상북도 경산시청,2026-04-17,,,,,false,전국주차장정보표준데이터,https://www.data.go.kr/data/15012896/standard.do,SOURCE_ONLY
evacuation_parking,parking:e43701bf409af8be9f37,경상북도,경산시,경안로 22길 골목,,경상북도 경산시 삼북동 263,35.81679919,128.740242,노상,3,평일+토요일+공휴일,00:00,23:59,무료,경상북도 경산시청,2026-04-17,,,,,false,전국주차장정보표준데이터,https://www.data.go.kr/data/15012896/standard.do,SOURCE_ONLY
evacuation_parking,parking:e4ccda0a54fa49c1df86,경상북도,경산시,한국심리스 파이프앞,,경상북도 경산시 진량읍 신제리 645,35.86455704,128.8346267,노상,58,평일+토요일+공휴일,00:00,23:59,무료,경상북도 경산시청,2026-04-17,,,,,false,전국주차장정보표준데이터,https://www.data.go.kr/data/15012896/standard.do,SOURCE_ONLY
evacuation_parking,parking:e90e9912123d4a33af15,경상북도,경산시,우방힐타운아파트 입구쪽,,경상북도 경산시 진량읍 신상리 297-9,35.87870943,128.8184776,노외,23,평일+토요일+공휴일,00:00,23:59,무료,경상북도 경산시청,2026-04-17,,,,,false,전국주차장정보표준데이터,https://www.data.go.kr/data/15012896/standard.do,SOURCE_ONLY
evacuation_parking,parking:e9a24f9fc5fe5edaa0f9,경상북도,경산시,진량 주차장,,경상북도 경산시 진량읍 선화리 2122,35.87451936,128.8091266,노외,22,평일+토요일+공휴일,00:00,23:59,무료,경상북도 경산시청,2026-04-17,,,,,false,전국주차장정보표준데이터,https://www.data.go.kr/data/15012896/standard.do,SOURCE_ONLY
evacuation_parking,parking:e9a2e3d630b0a835a2b5,경상북도,경산시,백농교 동측,,경상북도 경산시 백천동 564,35.79970968,128.7362582,노상,14,평일+토요일+공휴일,00:00,23:59,무료,경상북도 경산시청,2026-04-17,,,,,false,전국주차장정보표준데이터,https://www.data.go.kr/data/15012896/standard.do,SOURCE_ONLY
evacuation_parking,parking:ea4b603bfe9971274926,경상북도,경산시,우리식자재물류센터,,경상북도 경산시 중방동 242-8,35.8311475,128.7338503,노상,9,평일+토요일+공휴일,00:00,23:59,무료,경상북도 경산시청,2026-04-17,,,,,false,전국주차장정보표준데이터,https://www.data.go.kr/data/15012896/standard.do,SOURCE_ONLY
evacuation_parking,parking:ea6ccde498a10a531d17,경상북도,경산시,남매지 공영주차장(남측),,경상북도 경산시 계양동 231-4,35.83147094,128.746028,노외,9,평일+토요일+공휴일,00:00,23:59,무료,경상북도 경산시청,2026-04-17,,,,,false,전국주차장정보표준데이터,https://www.data.go.kr/data/15012896/standard.do,SOURCE_ONLY
evacuation_parking,parking:ea6ebfcec8df20108d2b,경상북도,경산시,자인서부지구 공영주차장,,경상북도 경산시 서부리 807,,,노외,50,평일+토요일+공휴일,00:00,23:59,무료,경상북도 경산시청,2026-04-17,,,,,false,전국주차장정보표준데이터,https://www.data.go.kr/data/15012896/standard.do,MISSING_LOCATION_OR_REGION
evacuation_parking,parking:ea972dc32c1a01b1e060,경상북도,경산시,금호강변로,,경상북도 경산시 진량읍 부기리 716,35.90686354,128.8227856,노상,21,평일+토요일+공휴일,00:00,23:59,무료,경상북도 경산시청,2026-04-17,,,,,false,전국주차장정보표준데이터,https://www.data.go.kr/data/15012896/standard.do,SOURCE_ONLY
evacuation_parking,parking:eac9b892040430564efb,경상북도,경산시,공단6로변,경상북도 경산시 진량읍 공단6로 127,경상북도 경산시 진량읍 신상리 1193-6,35.87054762,128.8246494,노상,58,평일+토요일+공휴일,00:00,23:59,무료,경상북도 경산시청,2026-04-17,,,,,false,전국주차장정보표준데이터,https://www.data.go.kr/data/15012896/standard.do,SOURCE_ONLY
evacuation_parking,parking:ec5948d1bc22284ca8ef,경상북도,경산시,문화마을 공영주차장,,경상북도 경산시 남산면 산양리 364-0,,,노외,14,평일+토요일+공휴일,00:00,23:59,무료,경상북도 경산시청,2026-04-17,,,,,false,전국주차장정보표준데이터,https://www.data.go.kr/data/15012896/standard.do,MISSING_LOCATION_OR_REGION
evacuation_parking,parking:efa13a63e58e94462991,경상북도,경산시,남천둔치(세광맨션),,경상북도 경산시 중방동 818-1,35.82701244,128.7309448,노외,26,평일+토요일+공휴일,00:00,23:59,무료,경상북도 경산시청,2026-04-17,,,,,false,전국주차장정보표준데이터,https://www.data.go.kr/data/15012896/standard.do,SOURCE_ONLY
evacuation_parking,parking:f0702bede034a5492159,경상북도,경산시,경안로(타이어상가~경산초),,경상북도 경산시 삼남동 38-1,35.81624843,128.7388578,노상,26,평일+토요일+공휴일,00:00,23:59,무료,경상북도 경산시청,2026-04-17,,,,,false,전국주차장정보표준데이터,https://www.data.go.kr/data/15012896/standard.do,SOURCE_ONLY
evacuation_parking,parking:f1515ef8ac7ab3454b27,경상북도,경산시,진량신상리 마을회관 공영주차장-3,,경상북도 경산시 진량읍 선화리 1473-70,35.87522488,128.8134199,노외,3,평일+토요일+공휴일,00:00,23:59,무료,경상북도 경산시청,2026-04-17,,,,,false,전국주차장정보표준데이터,https://www.data.go.kr/data/15012896/standard.do,SOURCE_ONLY
evacuation_parking,parking:f1646c907f14d1457abb,경상북도,경산시,공단4로40길변,경상북도 경산시 진량읍 공단4로40길 13,경상북도 경산시 진량읍 신상리 1185-12,35.87482991,128.8303841,노상,162,평일+토요일+공휴일,00:00,23:59,무료,경상북도 경산시청,2026-04-17,,,,,false,전국주차장정보표준데이터,https://www.data.go.kr/data/15012896/standard.do,SOURCE_ONLY
evacuation_parking,parking:f2229a895b89508699b1,경상북도,경산시,하양청구타운아파트 남측,,경상북도 경산시 하양읍 동서리 644-2,35.91721391,128.8246127,노상,29,평일+토요일+공휴일,00:00,23:59,무료,경상북도 경산시청,2026-04-17,,,,,false,전국주차장정보표준데이터,https://www.data.go.kr/data/15012896/standard.do,SOURCE_ONLY
evacuation_parking,parking:f444c077e3f627749b8d,경상북도,경산시,경산시민운동장 뒤편,,경상북도 경산시 상방동 33-24,35.82016051,128.7478399,노상,7,평일+토요일+공휴일,00:00,23:59,무료,경상북도 경산시청,2026-04-17,,,,,false,전국주차장정보표준데이터,https://www.data.go.kr/data/15012896/standard.do,SOURCE_ONLY
evacuation_parking,parking:f498312c70e3bcc471c8,경상북도,경산시,남매근린공원주차장(시청뒤),,경상북도 경산시 중방동 701-20,35.82595772,128.7414296,노외,389,평일+토요일+공휴일,00:00,23:59,무료,경상북도 경산시청,2026-04-17,,,,,false,전국주차장정보표준데이터,https://www.data.go.kr/data/15012896/standard.do,SOURCE_ONLY
evacuation_parking,parking:f560caac02538a8c3569,경상북도,경산시,제다본사앞,,경상북도 경산시 진량읍 신제리 645,35.86455704,128.8346267,노상,42,평일+토요일+공휴일,00:00,23:59,무료,경상북도 경산시청,2026-04-17,,,,,false,전국주차장정보표준데이터,https://www.data.go.kr/data/15012896/standard.do,SOURCE_ONLY
evacuation_parking,parking:f57321a64b10d01ebb12,경상북도,경산시,백천동로,,경상북도 경산시 백천동 600,35.80463103,128.7365228,노상,27,평일+토요일+공휴일,00:00,23:59,무료,경상북도 경산시청,2026-04-17,,,,,false,전국주차장정보표준데이터,https://www.data.go.kr/data/15012896/standard.do,SOURCE_ONLY
evacuation_parking,parking:f6a20776ca9a6635dc4a,경상북도,경산시,경산역사 서편-1,,경상북도 경산시 사정동 84-5,35.81869649,128.7273854,노외,24,평일+토요일+공휴일,00:00,23:59,무료,경상북도 경산시청,2026-04-17,,,,,false,전국주차장정보표준데이터,https://www.data.go.kr/data/15012896/standard.do,SOURCE_ONLY
evacuation_parking,parking:f874f1508bd1a54224c5,경상북도,경산시,두리마을부영사랑으로 북측,,경상북도 경산시 옥곡동 841,35.81137196,128.7328627,노상,32,평일+토요일+공휴일,00:00,23:59,무료,경상북도 경산시청,2026-04-17,,,,,false,전국주차장정보표준데이터,https://www.data.go.kr/data/15012896/standard.do,SOURCE_ONLY
evacuation_parking,parking:f8c724a2afa228737ddf,경상북도,경산시,자인 공단로,,경상북도 경산시 자인면 북사리 1098,35.82605928,128.819772,노상,217,평일+토요일+공휴일,00:00,23:59,무료,경상북도 경산시청,2026-04-17,,,,,false,전국주차장정보표준데이터,https://www.data.go.kr/data/15012896/standard.do,SOURCE_ONLY
evacuation_parking,parking:fbbf1d11aa3cc9532862,경상북도,경산시,남천초 앞,,경상북도 경산시 남천면 삼성리 111,35.76735823,128.7261235,노상,8,평일+토요일+공휴일,00:00,23:59,무료,경상북도 경산시청,2026-04-17,,,,,false,전국주차장정보표준데이터,https://www.data.go.kr/data/15012896/standard.do,SOURCE_ONLY
evacuation_parking,parking:fe0233dbd0712f4c0aef,경상북도,경산시,공단8로~공단9로,,경상북도 경산시 진량읍 신제리 645,35.86455704,128.8346267,노상,31,평일+토요일+공휴일,00:00,23:59,무료,경상북도 경산시청,2026-04-17,,,,,false,전국주차장정보표준데이터,https://www.data.go.kr/data/15012896/standard.do,SOURCE_ONLY
evacuation_parking,parking:00d8990b8da3e3963d2d,경상북도,경주시,강변로 노상주차장,,경상북도 경주시 동천동 593-1,35.848472,129.2247,노상,34,평일+토요일+공휴일,09:00,20:00,무료,경상북도 경주시청 교통행정과,2026-04-16,,,,,false,전국주차장정보표준데이터,https://www.data.go.kr/data/15012896/standard.do,SOURCE_ONLY
evacuation_parking,parking:012634b9ed1d0653b9ff,경상북도,경주시,강동면 국당3리 마을 주차장,,경상북도 경주시 강동면 국당리 709-1,35.976348,129.284,노외,13,평일+토요일+공휴일,09:00,20:00,무료,경상북도 경주시청 교통행정과,2026-04-16,,,,,false,전국주차장정보표준데이터,https://www.data.go.kr/data/15012896/standard.do,SOURCE_ONLY
evacuation_parking,parking:070e58b97ed304c5836b,경상북도,경주시,건천방내리 단석산 공용주차장,,경상북도 경주시 건천읍 방내리 387-3,35.81435,129.102886,노외,38,평일+토요일+공휴일,09:00,20:00,무료,경상북도 경주시청 교통행정과,2026-04-16,,,,,false,전국주차장정보표준데이터,https://www.data.go.kr/data/15012896/standard.do,SOURCE_ONLY
evacuation_parking,parking:076dd8b2ddb78966b30c,경상북도,경주시,남산동(탑마을)공용주차장,,경상북도 경주시 남산동 1156-134,35.789407,129.243538,노외,21,평일+토요일+공휴일,09:00,20:00,무료,경상북도 경주시청 교통행정과,2026-04-16,,,,,false,전국주차장정보표준데이터,https://www.data.go.kr/data/15012896/standard.do,SOURCE_ONLY
evacuation_parking,parking:07d28f0c0863d502b637,경상북도,경주시,강동면 다산1리 마을 공용주차장,,경상북도 경주시 강동면 다산리 873-8,36.044721,129.250153,노외,6,평일+토요일+공휴일,09:00,20:00,무료,경상북도 경주시청 교통행정과,2026-04-16,,,,,false,전국주차장정보표준데이터,https://www.data.go.kr/data/15012896/standard.do,SOURCE_ONLY
evacuation_parking,parking:08429d54a801be8637f8,경상북도,경주시,팔우정삼거리,경상북도 경주시 원화로 224,경상북도 경주시 황오동 102-4,35.84063541,129.2177308,노상,12,평일+토요일+공휴일,09:00,20:00,유료,경상북도 경주시시설관리공단,2026-04-16,,,,,false,전국주차장정보표준데이터,https://www.data.go.kr/data/15012896/standard.do,SOURCE_ONLY
evacuation_parking,parking:087408561bfb12583d68,경상북도,경주시,석장동 공용주차장,,경상북도 경주시 석장동 1100-1,35.859587,129.193622,노외,92,평일+토요일+공휴일,09:00,20:00,무료,경상북도 경주시청 교통행정과,2026-04-16,,,,,false,전국주차장정보표준데이터,https://www.data.go.kr/data/15012896/standard.do,SOURCE_ONLY
evacuation_parking,parking:10069ff51cbabe785312,경상북도,경주시,시청사주차장,경상북도 경주시 양정로 260,경상북도 경주시 동천동 800,35.85619791,129.2247236,노외,112,평일,08:00,19:00,유료,경상북도 경주시시설관리공단,2026-04-16,,,,,false,전국주차장정보표준데이터,https://www.data.go.kr/data/15012896/standard.do,SOURCE_ONLY
evacuation_parking,parking:11e82870232cecec9fab,경상북도,경주시,무장사지 제2공용주차장,,경상북도 경주시 암곡동 산 61-5,35.86127,129.315431,노외,72,평일+토요일+공휴일,09:00,20:00,무료,경상북도 경주시청 교통행정과,2026-04-16,,,,,false,전국주차장정보표준데이터,https://www.data.go.kr/data/15012896/standard.do,SOURCE_ONLY
evacuation_parking,parking:133ec424875caa704af1,경상북도,경주시,KTX신경주역공영주차장,,경상북도 경주시 건천읍 화천리 1354-1,35.800077,129.14067,노외,670,평일+토요일+공휴일,06:00,23:59,유료,경상북도 경주시시설관리공단,2026-04-16,,,,,false,전국주차장정보표준데이터,https://www.data.go.kr/data/15012896/standard.do,SOURCE_ONLY
evacuation_parking,parking:1359324b1ce7bc70b655,경상북도,경주시,동성로-2(영화약국),경상북도 경주시 동성로 95,경상북도 경주시 노동동 195-1,35.84345201,129.2109014,노상,14,평일+토요일+공휴일,09:00,20:00,유료,경상북도 경주시시설관리공단,2026-04-16,,,,,false,전국주차장정보표준데이터,https://www.data.go.kr/data/15012896/standard.do,SOURCE_ONLY
evacuation_parking,parking:15917d9553fb497c47d1,경상북도,경주시,제2공영주차장,경상북도 경주시 원효로 145-3,경상북도 경주시 황오동 118-6,35.8421203,129.2167317,노외,78,평일+토요일+공휴일,09:00,20:00,유료,경상북도 경주시시설관리공단,2026-04-16,,,,,false,전국주차장정보표준데이터,https://www.data.go.kr/data/15012896/standard.do,SOURCE_ONLY
evacuation_parking,parking:160bf577e8f52f76fd4d,경상북도,경주시,서면 사라리 공용주차장,,경상북도 경주시 서면 사라리 592,35.891299,129.072771,노외,20,평일+토요일+공휴일,09:00,20:00,무료,경상북도 경주시청 교통행정과,2026-04-16,,,,,false,전국주차장정보표준데이터,https://www.data.go.kr/data/15012896/standard.do,SOURCE_ONLY
evacuation_parking,parking:176218e9ae2155181b86,경상북도,경주시,시청민원실앞,경상북도 경주시 백률로58번길 3,경상북도 경주시 동천동 784-1,35.85639493,129.2257325,노상,16,평일,09:00,20:00,유료,경상북도 경주시시설관리공단,2026-04-16,,,,,false,전국주차장정보표준데이터,https://www.data.go.kr/data/15012896/standard.do,SOURCE_ONLY
evacuation_parking,parking:17ea805b07c44588cbf4,경상북도,경주시,건천읍 송선1리 공용주차장,,경상북도 경주시 건천읍 송선리 453-2,35.835704,129.07907,노외,24,평일+토요일+공휴일,09:00,20:00,무료,경상북도 경주시청 교통행정과,2026-04-16,,,,,false,전국주차장정보표준데이터,https://www.data.go.kr/data/15012896/standard.do,SOURCE_ONLY
evacuation_parking,parking:1806e7f35dd79133af5c,경상북도,경주시,황남생활문화센터 공영주차장,경상북도 경주시 첨성로 81번길 23,경상북도 경주시 황남동 314-1,35.83515786,129.2109912,노외,34,평일+토요일+공휴일,10:00,18:00,유료,경상북도 경주시시설관리공단,2026-04-16,,,,,false,전국주차장정보표준데이터,https://www.data.go.kr/data/15012896/standard.do,SOURCE_ONLY
evacuation_parking,parking:184ae3f490aa49fdb417,경상북도,경주시,교촌입구,경상북도 경주시 교촌길 39-2,경상북도 경주시 교동 88-5,35.8296328,129.2146954,노상,10,평일+토요일+공휴일,09:00,20:00,유료,경상북도 경주시시설관리공단,2026-04-16,,,,,false,전국주차장정보표준데이터,https://www.data.go.kr/data/15012896/standard.do,SOURCE_ONLY
evacuation_parking,parking:18849fdedd7c36c70000,경상북도,경주시,제1공영주차장,경상북도 경주시 중앙로 47번길 13,경상북도 경주시 노동동 191,35.84383404,129.2103796,노외,198,평일+토요일+공휴일,09:00,20:00,유료,경상북도 경주시시설관리공단,2026-04-16,,,,,false,전국주차장정보표준데이터,https://www.data.go.kr/data/15012896/standard.do,SOURCE_ONLY
evacuation_parking,parking:1910746a136e3cd2ee72,경상북도,경주시,강동모서리 공용주차장,,경상북도 경주시 강동면 모서리 670-2,35.951659,129.250603,노외,24,평일+토요일+공휴일,09:00,20:00,무료,경상북도 경주시청 교통행정과,2026-04-16,,,,,false,전국주차장정보표준데이터,https://www.data.go.kr/data/15012896/standard.do,SOURCE_ONLY
evacuation_parking,parking:1952242523c72426a32b,경상북도,경주시,건천읍 천포2리,,경상북도 경주시 건천읍 천포리 709-5,35.844592,129.092553,노외,8,평일+토요일+공휴일,09:00,20:00,무료,경상북도 경주시청 교통행정과,2026-04-16,,,,,false,전국주차장정보표준데이터,https://www.data.go.kr/data/15012896/standard.do,SOURCE_ONLY
evacuation_parking,parking:1b6042f07c725d2920b8,경상북도,경주시,용강동 삼환나우빌 정문 노상주차장,,경상북도 경주시 용강동 산 106,35.875164,129.233164,노상,4,평일+토요일+공휴일,09:00,20:00,무료,경상북도 경주시청 교통행정과,2026-04-16,,,,,false,전국주차장정보표준데이터,https://www.data.go.kr/data/15012896/standard.do,SOURCE_ONLY
evacuation_parking,parking:1b7c30b8c241083fd257,경상북도,경주시,경주문화원앞,경상북도 경주시 중앙로 67-6,경상북도 경주시 동부동 159-1,35.84648643,129.2111231,노상,24,평일,09:00,20:00,무료,경상북도 경주시시설관리공단,2026-04-16,,,,,false,전국주차장정보표준데이터,https://www.data.go.kr/data/15012896/standard.do,SOURCE_ONLY
evacuation_parking,parking:1ca2c26a5af70152f4a0,경상북도,경주시,서면 사라리 장자골 마을 공용주차장,,경상북도 경주시 서면 사라리 203,35.892966,129.073202,노외,11,평일+토요일+공휴일,09:00,20:00,무료,경상북도 경주시청 교통행정과,2026-04-16,,,,,false,전국주차장정보표준데이터,https://www.data.go.kr/data/15012896/standard.do,SOURCE_ONLY
evacuation_parking,parking:1e54078ceb62227fb094,경상북도,경주시,강동면 단구2리 공용주차장,,경상북도 경주시 강동면 단구리 1094,36.051395,129.24604,노외,14,평일+토요일+공휴일,09:00,20:00,무료,경상북도 경주시청 교통행정과,2026-04-16,,,,,false,전국주차장정보표준데이터,https://www.data.go.kr/data/15012896/standard.do,SOURCE_ONLY
evacuation_parking,parking:1e615882edf8e31ca058,경상북도,경주시,대릉원(황남지구)공영주차장,경상북도 경주시 첨성로 300,경상북도 경주시 황남동 157-4,35.83295639,129.2128046,노외,181,평일+토요일+공휴일,09:00,20:00,유료,경상북도 경주시시설관리공단,2026-04-16,,,,,false,전국주차장정보표준데이터,https://www.data.go.kr/data/15012896/standard.do,SOURCE_ONLY
evacuation_parking,parking:1e8ef385cd4e0199a42b,경상북도,경주시,안강읍 공용주차장,,경상북도 경주시 안강읍 안강리 350-5,35.990247,129.225713,노외,48,평일+토요일+공휴일,09:00,20:00,무료,경상북도 경주시청 교통행정과,2026-04-16,,,,,false,전국주차장정보표준데이터,https://www.data.go.kr/data/15012896/standard.do,SOURCE_ONLY
evacuation_parking,parking:1ec9d13f377f9fe40b2f,경상북도,경주시,동천우방아파트 노상주차장,경상북도 경주시 양정로 300(동천동),경상북도 경주시 동천동 987,35.859483,129.224633,노상,25,평일+토요일+공휴일,09:00,20:00,무료,경상북도 경주시청 교통행정과,2026-04-16,,,,,false,전국주차장정보표준데이터,https://www.data.go.kr/data/15012896/standard.do,SOURCE_ONLY
evacuation_parking,parking:201fdd31efd3610c9cdd,경상북도,경주시,건천읍 금척상리 공용주차장,,경상북도 경주시 건천읍 금척리 527-3,35.83427,129.114478,노외,11,평일+토요일+공휴일,09:00,20:00,무료,경상북도 경주시청 교통행정과,2026-04-16,,,,,false,전국주차장정보표준데이터,https://www.data.go.kr/data/15012896/standard.do,SOURCE_ONLY
evacuation_parking,parking:204f2fea6513f8f9292d,경상북도,경주시,내남 부지1리 천면공용주차장,,경상북도 경주시 내남면 부지리 43-5,35.767142,129.194363,노외,21,평일+토요일+공휴일,09:00,20:00,무료,경상북도 경주시청 교통행정과,2026-04-16,,,,,false,전국주차장정보표준데이터,https://www.data.go.kr/data/15012896/standard.do,SOURCE_ONLY
evacuation_parking,parking:21e0506fbea7e11f315e,경상북도,경주시,천북면 동산리 공용주차장,,경상북도 경주시 천북면 동산리 107-5,35.897275,129.27272,노외,12,평일+토요일+공휴일,09:00,20:00,무료,경상북도 경주시청 교통행정과,2026-04-16,,,,,false,전국주차장정보표준데이터,https://www.data.go.kr/data/15012896/standard.do,SOURCE_ONLY
evacuation_parking,parking:22c7d0ba06590b9f4e26,경상북도,경주시,동천동공영주차장,경상북도 경주시 백률로 53번길 27,경상북도 경주시 동천동 987-7,35.859396,129.2250624,노외,240,평일,09:00,20:00,유료,경상북도 경주시시설관리공단,2026-04-16,,,,,false,전국주차장정보표준데이터,https://www.data.go.kr/data/15012896/standard.do,SOURCE_ONLY
evacuation_parking,parking:24013302d91502f37838,경상북도,경주시,건천읍 금척하리 공용주차장 조성,,경상북도 경주시 건천읍 금척리 479,35.833572,129.117438,노외,19,평일+토요일+공휴일,09:00,20:00,무료,경상북도 경주시청 교통행정과,2026-04-16,,,,,false,전국주차장정보표준데이터,https://www.data.go.kr/data/15012896/standard.do,SOURCE_ONLY
evacuation_parking,parking:27b5630158c109eaba0e,경상북도,경주시,안강 산대리 공용주차장,,경상북도 경주시 안강읍 산대리 2084-5,35.994314,129.206955,노외,16,평일+토요일+공휴일,09:00,20:00,무료,경상북도 경주시청 교통행정과,2026-04-16,,,,,false,전국주차장정보표준데이터,https://www.data.go.kr/data/15012896/standard.do,SOURCE_ONLY
evacuation_parking,parking:29e2b5db688ace4ddc12,경상북도,경주시,건천1리 공용주차장,,경상북도 경주시 건천읍 건천리 315,35.847228,129.102221,노외,8,평일+토요일+공휴일,09:00,20:00,무료,경상북도 경주시청 교통행정과,2026-04-16,,,,,false,전국주차장정보표준데이터,https://www.data.go.kr/data/15012896/standard.do,SOURCE_ONLY
evacuation_parking,parking:2a09a99f985f2616472d,경상북도,경주시,제1공영주차장,경상북도 경주시 중앙로 47번길 13,경상북도 경주시 노동동 191,35.843834,129.210374,노외,199,평일+토요일+공휴일,09:00,21:00,유료,경상북도 경주시시설관리공단,2026-04-16,,,,,false,전국주차장정보표준데이터,https://www.data.go.kr/data/15012896/standard.do,SOURCE_ONLY
evacuation_parking,parking:2bf9ed7c122ce83b388b,경상북도,경주시,황성 현대아파트 노상주차장,경상북도 경주시 용담로 92,경상북도 경주시 황성동 442-13,35.864311,129.211654,노상,26,평일+토요일,09:00,20:00,유료,경상북도 경주시시설관리공단,2026-04-16,,,,,false,전국주차장정보표준데이터,https://www.data.go.kr/data/15012896/standard.do,SOURCE_ONLY
evacuation_parking,parking:2bff8493d7317d224ee9,경상북도,경주시,천마총 노상주차장,경상북도 경주시 첨성로 155,경상북도 경주시 황남동 106-3,35.83591,129.217787,노상,111,평일+토요일+공휴일,09:00,20:00,유료,경상북도 경주시시설관리공단,2026-04-16,,,,,false,전국주차장정보표준데이터,https://www.data.go.kr/data/15012896/standard.do,SOURCE_ONLY
evacuation_parking,parking:2c9097e6452d1e1c0971,경상북도,경주시,동궁과월지 연꽃단지 노상주차장,경상북도 경주시 원화로 102,경상북도 경주시 인왕동 506-1,35.834794,129.22657,노상,56,평일+토요일+공휴일,09:00,20:00,유료,경상북도 경주시시설관리공단,2026-04-16,,,,,false,전국주차장정보표준데이터,https://www.data.go.kr/data/15012896/standard.do,SOURCE_ONLY
evacuation_parking,parking:2d8abc1766fe831361c4,경상북도,경주시,농협중앙회옆,경상북도 경주시 중앙로48번길 9,경상북도 경주시 동부동 132-15,35.84425423,129.2127105,노상,20,평일+토요일+공휴일,09:00,20:00,유료,경상북도 경주시시설관리공단,2026-04-16,,,,,false,전국주차장정보표준데이터,https://www.data.go.kr/data/15012896/standard.do,SOURCE_ONLY
evacuation_parking,parking:2de1719fb988d54adf1c,경상북도,경주시,건천 용명1리 장시마을 공용주차장,,경상북도 경주시 건천읍 용명리 2286-6,35.864629,129.086569,노외,21,평일+토요일+공휴일,09:00,20:00,무료,경상북도 경주시청 교통행정과,2026-04-16,,,,,false,전국주차장정보표준데이터,https://www.data.go.kr/data/15012896/standard.do,SOURCE_ONLY
evacuation_parking,parking:2f63729a32844b7dd281,경상북도,경주시,건천4리 마을공용주차장,,경상북도 경주시 건천읍 건천리 411-5,35.846132,129.112217,노외,13,평일+토요일+공휴일,09:00,20:00,무료,경상북도 경주시청 교통행정과,2026-04-16,,,,,false,전국주차장정보표준데이터,https://www.data.go.kr/data/15012896/standard.do,SOURCE_ONLY
evacuation_parking,parking:33cc0bd271bc8d89bb36,경상북도,경주시,해장국거리,경상북도 경주시 태종로 812,경상북도 경주시 황오동 108-2,35.84078553,129.2166321,노상,15,평일+토요일+공휴일,09:00,20:00,유료,경상북도 경주시시설관리공단,2026-04-16,,,,,false,전국주차장정보표준데이터,https://www.data.go.kr/data/15012896/standard.do,SOURCE_ONLY
evacuation_parking,parking:348d92581263979d90ee,경상북도,경주시,서면 천촌리(원당골)공용주차장,,경상북도 경주시 서면 천촌리 791,35.861297,129.032089,노외,10,평일+토요일+공휴일,09:00,20:00,무료,경상북도 경주시청 교통행정과,2026-04-16,,,,,false,전국주차장정보표준데이터,https://www.data.go.kr/data/15012896/standard.do,SOURCE_ONLY
evacuation_parking,parking:34a890972d0aa3684186,경상북도,경주시,율동 두대마을 공용주차장,,경상북도 경주시 율동 1153-6,35.812001,129.172325,노외,20,평일+토요일+공휴일,09:00,20:00,무료,경상북도 경주시청 교통행정과,2026-04-16,,,,,false,전국주차장정보표준데이터,https://www.data.go.kr/data/15012896/standard.do,SOURCE_ONLY
evacuation_parking,parking:35dc55950fa1e52c2ce0,경상북도,경주시,서면 도리1리 마을경로당앞 공용주차장,,경상북도 경주시 서면 도리 1119-2,35.918862,129.077456,노외,10,평일+토요일+공휴일,09:00,20:00,무료,경상북도 경주시청 교통행정과,2026-04-16,,,,,false,전국주차장정보표준데이터,https://www.data.go.kr/data/15012896/standard.do,SOURCE_ONLY
evacuation_parking,parking:386a554c0ac42a24348b,경상북도,경주시,서악동 큰마을 공용주차장,,경상북도 경주시 서악동 604,35.82894,129.188503,노외,12,평일+토요일+공휴일,09:00,20:00,무료,경상북도 경주시청 교통행정과,2026-04-16,,,,,false,전국주차장정보표준데이터,https://www.data.go.kr/data/15012896/standard.do,SOURCE_ONLY
evacuation_parking,parking:38be393d8db7fb1e4193,경상북도,경주시,원효로 노상주차장,경상북도 경주시 원효로 89 (노동동),경상북도 경주시 노동동 230,35.842218,129.210693,노상,13,평일+토요일+공휴일,09:00,20:00,유료,경상북도 경주시시설관리공단,2026-04-16,,,,,false,전국주차장정보표준데이터,https://www.data.go.kr/data/15012896/standard.do,SOURCE_ONLY
evacuation_parking,parking:3b5bacd0a9dcc2ff57a7,경상북도,경주시,선도서악동 큰마을 공용주차장,,경상북도 경주시 서악동 592,35.828176,129.187547,노외,22,평일+토요일+공휴일,09:00,20:00,무료,경상북도 경주시청 교통행정과,2026-04-16,,,,,false,전국주차장정보표준데이터,https://www.data.go.kr/data/15012896/standard.do,SOURCE_ONLY
evacuation_parking,parking:3ce4f41d3aec65e1b466,경상북도,경주시,양남면소재지 공용주차장,,경상북도 경주시 양남면 하서리 640-4,35.675111,129.462925,노외,27,평일+토요일+공휴일,09:00,20:00,무료,경상북도 경주시청 교통행정과,2026-04-16,,,,,false,전국주차장정보표준데이터,https://www.data.go.kr/data/15012896/standard.do,SOURCE_ONLY
evacuation_parking,parking:3d3cedfe4f07a92f6613,경상북도,경주시,서면 서오리 상부마을,,경상북도 경주시 서면 서오리 654-1,35.877455,129.03764,노외,30,평일+토요일+공휴일,09:00,20:00,무료,경상북도 경주시청 교통행정과,2026-04-16,,,,,false,전국주차장정보표준데이터,https://www.data.go.kr/data/15012896/standard.do,SOURCE_ONLY
evacuation_parking,parking:3e1c4c1b8a84f3a894b2,경상북도,경주시,안강읍 육통리 공용주차장,,경상북도 경주시 안강읍 육통리 1743,36.017023,129.207611,노외,22,평일+토요일+공휴일,09:00,20:00,무료,경상북도 경주시청 교통행정과,2026-04-16,,,,,false,전국주차장정보표준데이터,https://www.data.go.kr/data/15012896/standard.do,SOURCE_ONLY
evacuation_parking,parking:414b775412a31ae2d34e,경상북도,경주시,안강 근계1리 공용주차장,,경상북도 경주시 안강읍 근계리 1413-3번지,,,노외,5,평일+토요일+공휴일,09:00,20:00,무료,경상북도 경주시청 교통행정과,2026-04-16,,,,,false,전국주차장정보표준데이터,https://www.data.go.kr/data/15012896/standard.do,MISSING_LOCATION_OR_REGION
evacuation_parking,parking:4160137d209f1a7c2904,경상북도,경주시,베이글,경상북도 경주시 교촌길 18,경상북도 경주시 교동 82-2,35.83158756,129.2138605,노상,22,평일+토요일+공휴일,09:00,20:00,유료,경상북도 경주시시설관리공단,2026-04-16,,,,,false,전국주차장정보표준데이터,https://www.data.go.kr/data/15012896/standard.do,SOURCE_ONLY
evacuation_parking,parking:41fe5753c9d2226f6aa0,경상북도,경주시,산림환경연구원 노상주차장,,경상북도 경주시 남산동 737-2,35.811808,129.24151,노상,122,평일+토요일+공휴일,09:00,20:00,무료,경상북도 경주시청 교통행정과,2026-04-16,,,,,false,전국주차장정보표준데이터,https://www.data.go.kr/data/15012896/standard.do,SOURCE_ONLY
evacuation_parking,parking:43417618b171520a428a,경상북도,경주시,농협동부지점앞길,경상북도 경주시 동성로 144-1,경상북도 경주시 황오동 263-7,35.84297468,129.2164187,노상,17,평일+토요일+공휴일,09:00,20:00,유료,경상북도 경주시시설관리공단,2026-04-16,,,,,false,전국주차장정보표준데이터,https://www.data.go.kr/data/15012896/standard.do,SOURCE_ONLY
evacuation_parking,parking:43b90f044045cb3dff7a,경상북도,경주시,팔우정 노상주차장,경상북도 경주시 동성로 145,경상북도 경주시 황오동 261-4,35.843166,129.216272,노상,10,평일+토요일+공휴일,09:00,20:00,유료,경상북도 경주시시설관리공단,2026-04-16,,,,,false,전국주차장정보표준데이터,https://www.data.go.kr/data/15012896/standard.do,SOURCE_ONLY
evacuation_parking,parking:44afaa98820460faaea3,경상북도,경주시,산내면 의곡2리 공용주차장,,경상북도 경주시 산내면 의곡리 495-1,35.746898,129.038757,노외,24,평일+토요일+공휴일,09:00,20:00,무료,경상북도 경주시청 교통행정과,2026-04-16,,,,,false,전국주차장정보표준데이터,https://www.data.go.kr/data/15012896/standard.do,SOURCE_ONLY
evacuation_parking,parking:4535d4495764291e9814,경상북도,경주시,상공회의소옆,경상북도 경주시 중앙로 77,경상북도 경주시 동부동 164-14,35.8469026,129.2114033,노상,11,평일,09:00,20:00,유료,경상북도 경주시시설관리공단,2026-04-16,,,,,false,전국주차장정보표준데이터,https://www.data.go.kr/data/15012896/standard.do,SOURCE_ONLY
evacuation_parking,parking:46082ebc2627ee1e419e,경상북도,경주시,건천읍 용명2리 마을 공용주차장,,경상북도 경주시 건천읍 용명리 1680,35.87205,129.094813,노외,18,평일+토요일+공휴일,09:00,20:00,무료,경상북도 경주시청 교통행정과,2026-04-16,,,,,false,전국주차장정보표준데이터,https://www.data.go.kr/data/15012896/standard.do,SOURCE_ONLY
evacuation_parking,parking:460bd900dd5ef22012a5,경상북도,경주시,건천읍 신평2리 공용주차장,,경상북도 경주시 건천읍 신평리 1310,35.856936,129.078728,노외,18,평일+토요일+공휴일,09:00,20:00,무료,경상북도 경주시청 교통행정과,2026-04-16,,,,,false,전국주차장정보표준데이터,https://www.data.go.kr/data/15012896/standard.do,SOURCE_ONLY
evacuation_parking,parking:47d84384e5c7b4946ef7,경상북도,경주시,대릉원,경상북도 경주시 첨성로 131,경상북도 경주시 황남동 194-10,35.83457677,129.2154123,노상,20,평일+토요일+공휴일,09:00,20:00,유료,경상북도 경주시시설관리공단,2026-04-16,,,,,false,전국주차장정보표준데이터,https://www.data.go.kr/data/15012896/standard.do,SOURCE_ONLY
evacuation_parking,parking:4a2715719cc839ecf636,경상북도,경주시,황리단길 공영주차장,,경상북도 경주시 사정동 175-2,35.832465,129.206547,노외,894,평일+토요일+공휴일,09:00,20:00,무료,경상북도 경주시청 교통행정과,2026-04-16,,,,,false,전국주차장정보표준데이터,https://www.data.go.kr/data/15012896/standard.do,SOURCE_ONLY
evacuation_parking,parking:50aa6a0f63ebce3c45e6,경상북도,경주시,시민장례식장앞,경상북도 경주시 화랑로 42,경상북도 경주시 성건동 350-25,35.84452294,129.2054048,노상,24,평일+토요일+공휴일,09:00,20:00,유료,경상북도 경주시시설관리공단,2026-04-16,,,,,false,전국주차장정보표준데이터,https://www.data.go.kr/data/15012896/standard.do,SOURCE_ONLY
evacuation_parking,parking:554c2b5a044b2632c8ab,경상북도,경주시,양남 하서1리 공용주차장,,경상북도 경주시 양남면 하서리 604-6,35.676089,129.462046,노외,5,평일+토요일+공휴일,09:00,20:00,무료,경상북도 경주시청 교통행정과,2026-04-16,,,,,false,전국주차장정보표준데이터,https://www.data.go.kr/data/15012896/standard.do,SOURCE_ONLY
evacuation_parking,parking:5f48a0e5bb43087e8bf4,경상북도,경주시,북군동 제1공용주차장,,경상북도 경주시 북군동 249-4,35.851968,129.26405,노외,96,평일+토요일+공휴일,09:00,20:00,무료,경상북도 경주시청 교통행정과,2026-04-16,,,,,false,전국주차장정보표준데이터,https://www.data.go.kr/data/15012896/standard.do,SOURCE_ONLY
evacuation_parking,parking:61cdc14741ed32e43bf3,경상북도,경주시,천북동산2리 공용주차장,,경상북도 경주시 천북면 동산리 767,35.896036,129.265889,노외,14,평일+토요일+공휴일,09:00,20:00,무료,경상북도 경주시청 교통행정과,2026-04-16,,,,,false,전국주차장정보표준데이터,https://www.data.go.kr/data/15012896/standard.do,SOURCE_ONLY
evacuation_parking,parking:627ae8a604d23ecfc13f,경상북도,경주시,황오동 4통 공용주차장,,경상북도 경주시 성동동 148-5,35.849478,129.218407,노외,20,평일+토요일+공휴일,09:00,20:00,무료,경상북도 경주시청 교통행정과,2026-04-16,,,,,false,전국주차장정보표준데이터,https://www.data.go.kr/data/15012896/standard.do,SOURCE_ONLY
evacuation_parking,parking:62b514bf78af426a529a,경상북도,경주시,선도 광명동 공용주차장,,경상북도 경주시 광명동 609-2,35.82962,129.140718,노외,15,평일+토요일+공휴일,09:00,20:00,무료,경상북도 경주시청 교통행정과,2026-04-16,,,,,false,전국주차장정보표준데이터,https://www.data.go.kr/data/15012896/standard.do,SOURCE_ONLY
evacuation_parking,parking:6406a46cda7cd30e28ce,경상북도,경주시,강동유금3리 공용주차장,,경상북도 경주시 강동면 유금리 1215,35.996127,129.276875,노외,16,평일+토요일+공휴일,09:00,20:00,무료,경상북도 경주시청 교통행정과,2026-04-16,,,,,false,전국주차장정보표준데이터,https://www.data.go.kr/data/15012896/standard.do,SOURCE_ONLY
evacuation_parking,parking:661a6454962b03cd1c08,경상북도,경주시,현곡면 금장리 공용주차장,,경상북도 경주시 현곡면 금장리 607-1번지,,,노외,23,평일+토요일+공휴일,09:00,20:00,무료,경상북도 경주시청 교통행정과,2026-04-16,,,,,false,전국주차장정보표준데이터,https://www.data.go.kr/data/15012896/standard.do,MISSING_LOCATION_OR_REGION
evacuation_parking,parking:66dce65fb56a6422547c,경상북도,경주시,단석산공용주차장,,경상북도 경주시 건천읍 송선리 1153-1,35.807947,129.069167,노외,24,평일+토요일+공휴일,09:00,20:00,무료,경상북도 경주시청 교통행정과,2026-04-16,,,,,false,전국주차장정보표준데이터,https://www.data.go.kr/data/15012896/standard.do,SOURCE_ONLY
evacuation_parking,parking:6750097d7d317487df58,경상북도,경주시,강동 호명 공용,,경상북도 경주시 강동면 호명리 193,35.970756,129.248897,노외,7,평일+토요일+공휴일,09:00,20:00,무료,경상북도 경주시청 교통행정과,2026-04-16,,,,,false,전국주차장정보표준데이터,https://www.data.go.kr/data/15012896/standard.do,SOURCE_ONLY
evacuation_parking,parking:6869fa2d56121b4fd26a,경상북도,경주시,동성로 노상주차장,경상북도 경주시 봉황로 45-1,경상북도 경주시 노서동 11,35.843632,129.209977,노상,82,평일+토요일+공휴일,09:00,20:00,유료,경상북도 경주시시설관리공단,2026-04-16,,,,,false,전국주차장정보표준데이터,https://www.data.go.kr/data/15012896/standard.do,SOURCE_ONLY
evacuation_parking,parking:688ef74d103708272186,경상북도,경주시,서면 소재지 공용주차장,,경상북도 경주시 서면 아화리 243-2,35.893749,129.049733,노외,30,평일+토요일+공휴일,09:00,20:00,무료,경상북도 경주시청 교통행정과,2026-04-16,,,,,false,전국주차장정보표준데이터,https://www.data.go.kr/data/15012896/standard.do,SOURCE_ONLY
evacuation_parking,parking:6a8ac917b9bd4c72005a,경상북도,경주시,봉황대공영주차장,경상북도 경주시 태종로 777,경상북도 경주시 노동동 12-1,35.84069271,129.2129137,노외,95,평일+토요일+공휴일,09:00,21:00,유료,경상북도 경주시시설관리공단,2026-04-16,,,,,false,전국주차장정보표준데이터,https://www.data.go.kr/data/15012896/standard.do,SOURCE_ONLY
evacuation_parking,parking:6c2c2fbf3959ed920327,경상북도,경주시,탑동 제2공용주차장,,경상북도 경주시 탑동 21,35.82489,129.213173,노외,22,평일+토요일+공휴일,09:00,20:00,무료,경상북도 경주시청 교통행정과,2026-04-16,,,,,false,전국주차장정보표준데이터,https://www.data.go.kr/data/15012896/standard.do,SOURCE_ONLY
evacuation_parking,parking:6c46c351bbf86eb7df1e,경상북도,경주시,황성동 공용주차장,,경상북도 경주시 황성동 484-7,35.864795,129.216489,노외,99,평일+토요일+공휴일,09:00,20:00,무료,경상북도 경주시청 교통행정과,2026-04-16,,,,,false,전국주차장정보표준데이터,https://www.data.go.kr/data/15012896/standard.do,SOURCE_ONLY
evacuation_parking,parking:6e055f7503564fd10cf3,경상북도,경주시,동문로 노상주차장,경상북도 경주시 동문로 14,경상북도 경주시 성동동 386-1,35.845753,129.214507,노상,11,평일+토요일+공휴일,09:00,20:00,유료,경상북도 경주시시설관리공단,2026-04-16,,,,,false,전국주차장정보표준데이터,https://www.data.go.kr/data/15012896/standard.do,SOURCE_ONLY
evacuation_parking,parking:75584f3bc1e07a537ca8,경상북도,경주시,광명동 신리마을 공용주차장,,경상북도 경주시 광명동 1341-2,35.83055,129.133874,노외,29,평일+토요일+공휴일,09:00,20:00,무료,경상북도 경주시청 교통행정과,2026-04-16,,,,,false,전국주차장정보표준데이터,https://www.data.go.kr/data/15012896/standard.do,SOURCE_ONLY
evacuation_parking,parking:768495983f8f64454c41,경상북도,경주시,동부소방서옆,경상북도 경주시 중앙로 55,경상북도 경주시 동부동 146,35.84488008,129.2114151,노상,10,평일,09:00,20:00,유료,경상북도 경주시시설관리공단,2026-04-16,,,,,false,전국주차장정보표준데이터,https://www.data.go.kr/data/15012896/standard.do,SOURCE_ONLY
evacuation_parking,parking:76d236f4038c2b67348f,경상북도,경주시,용황지구 임시 주차장,,경상북도 경주시 황성동 1292,35.881652,129.221682,노외,300,평일+토요일+공휴일,09:00,20:00,무료,경상북도 경주시청 교통행정과,2026-04-16,,,,,false,전국주차장정보표준데이터,https://www.data.go.kr/data/15012896/standard.do,SOURCE_ONLY
evacuation_parking,parking:772cea7e94cacd800ad3,경상북도,경주시,현대병원앞,경상북도 경주시 화랑로 37,경상북도 경주시 성건동 260-2,35.84493202,129.2048943,노상,24,평일+토요일+공휴일,09:00,20:00,유료,경상북도 경주시시설관리공단,2026-04-16,,,,,false,전국주차장정보표준데이터,https://www.data.go.kr/data/15012896/standard.do,SOURCE_ONLY
evacuation_parking,parking:798c438dbcdec54eba94,경상북도,경주시,황오동 공용주차장,,경상북도 경주시 성동동 97-2,35.846224,129.220148,노외,148,평일+토요일+공휴일,09:00,20:00,무료,경상북도 경주시청 교통행정과,2026-04-16,,,,,false,전국주차장정보표준데이터,https://www.data.go.kr/data/15012896/standard.do,SOURCE_ONLY
evacuation_parking,parking:80b9255797978420f305,경상북도,경주시,황남동(포석로) 제1공용주차장,,경상북도 경주시 황남동 280,35.837408,129.209954,노외,17,평일+토요일+공휴일,10:00,18:00,유료,경상북도 경주시청 교통행정과,2026-04-16,,,,,false,전국주차장정보표준데이터,https://www.data.go.kr/data/15012896/standard.do,SOURCE_ONLY
evacuation_parking,parking:8160a46be20600473511,경상북도,경주시,봉황대옆길,경상북도 경주시 원효로 90,경상북도 경주시 노동동 244,35.84197489,129.2106927,노상,14,평일+토요일+공휴일,09:00,20:00,유료,경상북도 경주시시설관리공단,2026-04-16,,,,,false,전국주차장정보표준데이터,https://www.data.go.kr/data/15012896/standard.do,SOURCE_ONLY
evacuation_parking,parking:8225f7860be29401080e,경상북도,경주시,경주역공영주차장,경상북도 경주시 건천읍 신경주역로 80,경상북도 경주시 건천읍 화천리 1354-1,35.8000765,129.1406698,노외,566,평일+토요일+공휴일,00:00,23:59,유료,경상북도 경주시시설관리공단,2026-04-16,,,,,false,전국주차장정보표준데이터,https://www.data.go.kr/data/15012896/standard.do,SOURCE_ONLY
evacuation_parking,parking:8425a9fe60be35937753,경상북도,경주시,월성 도지앞마을 공용주차장,,"경상북도 경주시 도지동 167-2,168-5",35.793894,129.275746,노외,19,평일+토요일+공휴일,09:00,20:00,무료,경상북도 경주시청 교통행정과,2026-04-16,,,,,false,전국주차장정보표준데이터,https://www.data.go.kr/data/15012896/standard.do,SOURCE_ONLY
evacuation_parking,parking:84c0a0604371fde55978,경상북도,경주시,화랑로 노상주차장,경상북도 경주시 화랑로 49,경상북도 경주시 성건동 212-6,35.844864,129.206147,노상,49,평일+토요일+공휴일,09:00,20:00,유료,경상북도 경주시시설관리공단,2026-04-16,,,,,false,전국주차장정보표준데이터,https://www.data.go.kr/data/15012896/standard.do,SOURCE_ONLY
evacuation_parking,parking:86948ebf257542b35f8a,경상북도,경주시,성동시장공영주차장,경상북도 경주시 원화로281번길 11,경상북도 경주시 성동동 51-1,35.84539316,129.2163119,노외,221,평일+토요일+공휴일,07:00,21:00,유료,경상북도 경주시시설관리공단,2026-04-16,,,,,false,전국주차장정보표준데이터,https://www.data.go.kr/data/15012896/standard.do,SOURCE_ONLY
evacuation_parking,parking:87e4612149b05bd7b6cf,경상북도,경주시,중심상가공영주차장,경상북도 경주시 원효로 121-1,경상북도 경주시 황오동 230,35.84218457,129.2140346,노외,209,평일+토요일+공휴일,09:00,21:00,유료,경상북도 경주시시설관리공단,2026-04-16,,,,,false,전국주차장정보표준데이터,https://www.data.go.kr/data/15012896/standard.do,SOURCE_ONLY
evacuation_parking,parking:880fffc6669f1b7845e6,경상북도,경주시,천북 신당2리,,경상북도 경주시 천북면 신당리 831-10,35.88862,129.240524,노외,14,평일+토요일+공휴일,09:00,20:00,무료,경상북도 경주시청 교통행정과,2026-04-16,,,,,false,전국주차장정보표준데이터,https://www.data.go.kr/data/15012896/standard.do,SOURCE_ONLY
evacuation_parking,parking:8989fdf5b376c74c2d19,경상북도,경주시,황성동 갓뒤마을 공용주차장,,경상북도 경주시 황성동 213,35.871651,129.217194,노외,21,평일+토요일+공휴일,09:00,20:00,무료,경상북도 경주시청 교통행정과,2026-04-16,,,,,false,전국주차장정보표준데이터,https://www.data.go.kr/data/15012896/standard.do,SOURCE_ONLY
evacuation_parking,parking:89eb879e0093ba56945b,경상북도,경주시,건천읍 모량2리 마을 공용주차장,,경상북도 경주시 건천읍 모량리 699-4,35.821018,129.125114,노외,38,평일+토요일+공휴일,09:00,20:00,무료,경상북도 경주시청 교통행정과,2026-04-16,,,,,false,전국주차장정보표준데이터,https://www.data.go.kr/data/15012896/standard.do,SOURCE_ONLY
evacuation_parking,parking:8e5443bc4424887b6575,경상북도,경주시,산내면 우라1리 공용주차장,,경상북도 경주시 산내면 우라리 963-1,35.813204,129.012793,노외,13,평일+토요일+공휴일,09:00,20:00,무료,경상북도 경주시청 교통행정과,2026-04-16,,,,,false,전국주차장정보표준데이터,https://www.data.go.kr/data/15012896/standard.do,SOURCE_ONLY
evacuation_parking,parking:8ecb368d1146822e030e,경상북도,경주시,북정로(우체국),경상북도 경주시 북정로 36,경상북도 경주시 황오동 187-9,35.84406722,129.2154359,노상,20,평일+토요일+공휴일,09:00,20:00,유료,경상북도 경주시시설관리공단,2026-04-16,,,,,false,전국주차장정보표준데이터,https://www.data.go.kr/data/15012896/standard.do,SOURCE_ONLY
evacuation_parking,parking:8f1e099e84ab444f478a,경상북도,경주시,동천동 제1 공용,,경상북도 경주시 동천동 987-40,35.858403,129.224664,노외,20,평일+토요일+공휴일,09:00,20:00,무료,경상북도 경주시청 교통행정과,2026-04-16,,,,,false,전국주차장정보표준데이터,https://www.data.go.kr/data/15012896/standard.do,SOURCE_ONLY
evacuation_parking,parking:8fb31ea26ab21efb7e54,경상북도,경주시,시외버스터미널 노상주차장,,경상북도 경주시 노서동 181-1,35.840799,129.203396,노상,17,평일+토요일+공휴일,09:00,20:00,유료,경상북도 경주시시설관리공단,2026-04-16,,,,,false,전국주차장정보표준데이터,https://www.data.go.kr/data/15012896/standard.do,SOURCE_ONLY
evacuation_parking,parking:933abf93a63e5c276221,경상북도,경주시,성건동공영주차장,경상북도 경주시 원효로 23,경상북도 경주시 성건동 374-24,35.84243213,129.203246,노외,25,평일,09:00,18:00,유료,경상북도 경주시시설관리공단,2026-04-16,,,,,false,전국주차장정보표준데이터,https://www.data.go.kr/data/15012896/standard.do,SOURCE_ONLY
evacuation_parking,parking:958738cf8c36f4b0f522,경상북도,경주시,보문 남촌마을 공용주차장,,경상북도 경주시 보문동 530-1,35.832002,129.254677,노외,7,평일+토요일+공휴일,09:00,20:00,무료,경상북도 경주시청 교통행정과,2026-04-16,,,,,false,전국주차장정보표준데이터,https://www.data.go.kr/data/15012896/standard.do,SOURCE_ONLY
evacuation_parking,parking:969ac24393a3bf2faf16,경상북도,경주시,시외버스터미널뒷길,경상북도 경주시 태종로685번길 14,경상북도 경주시 노서동 241-9,35.8394702,129.2030005,노상,17,평일+토요일+공휴일,09:00,20:00,유료,경상북도 경주시시설관리공단,2026-04-16,,,,,false,전국주차장정보표준데이터,https://www.data.go.kr/data/15012896/standard.do,SOURCE_ONLY
evacuation_parking,parking:9884e88be29f1baf1143,경상북도,경주시,성건동 경주여고사거리 노상주차장,경상북도 경주시 금성로 412,경상북도 경주시 성건동 626-1,35.854484,129.207059,노상,31,평일+토요일+공휴일,09:00,20:00,무료,경상북도 경주시청 교통행정과,2026-04-16,,,,,false,전국주차장정보표준데이터,https://www.data.go.kr/data/15012896/standard.do,SOURCE_ONLY
evacuation_parking,parking:98abb552456b171e4b5d,경상북도,경주시,황남생활문화센터 공영주차장,,경상북도 경주시 황남동 304-12번지,,,노외,35,평일+토요일+공휴일,10:00,18:00,유료,경상북도 경주시청 교통행정과,2026-04-16,,,,,false,전국주차장정보표준데이터,https://www.data.go.kr/data/15012896/standard.do,MISSING_LOCATION_OR_REGION
evacuation_parking,parking:9a23adca89c8ce775d0a,경상북도,경주시,중앙시장제2공영주차장,경상북도 경주시 화랑로 38번길 9,경상북도 경주시 성건동 350-2,35.84399383,129.2048564,노외,63,평일+토요일+공휴일,08:00,20:00,유료,경상북도 경주시시설관리공단,2026-04-16,,,,,false,전국주차장정보표준데이터,https://www.data.go.kr/data/15012896/standard.do,SOURCE_ONLY
evacuation_parking,parking:9bc781af8007dfeca5dd,경상북도,경주시,제2공영주차장,경상북도 경주시 원효로 145-3,경상북도 경주시 황오동 118-6,35.842116,129.216721,노외,73,평일+토요일+공휴일,09:00,20:00,유료,경상북도 경주시시설관리공단,2026-04-16,,,,,false,전국주차장정보표준데이터,https://www.data.go.kr/data/15012896/standard.do,SOURCE_ONLY
evacuation_parking,parking:9d587b9e94cb9fe30e50,경상북도,경주시,보문숲머리 공용주차장,,경상북도 경주시 보문동 49-11,35.840992,129.249924,노외,10,평일+토요일+공휴일,09:00,20:00,무료,경상북도 경주시청 교통행정과,2026-04-16,,,,,false,전국주차장정보표준데이터,https://www.data.go.kr/data/15012896/standard.do,SOURCE_ONLY
evacuation_parking,parking:9e1be8b8599640dd3e6c,경상북도,경주시,법원주변 노상주차장,경상북도 경주시 봉황로 63,경상북도 경주시 서부동 150-2,35.845154,129.210014,노상,58,평일,09:00,20:00,유료,경상북도 경주시시설관리공단,2026-04-16,,,,,false,전국주차장정보표준데이터,https://www.data.go.kr/data/15012896/standard.do,SOURCE_ONLY
evacuation_parking,parking:9ea8ecd20820fd1d4876,경상북도,경주시,배반동 공용주차장,,경상북도 경주시 배반동 1090-5,35.817838,129.235556,노외,20,평일+토요일+공휴일,09:00,20:00,무료,경상북도 경주시청 교통행정과,2026-04-16,,,,,false,전국주차장정보표준데이터,https://www.data.go.kr/data/15012896/standard.do,SOURCE_ONLY
evacuation_parking,parking:9f48bc5e4c76c5dfefdc,경상북도,경주시,서면아화2리 공용주차장,,경상북도 경주시 서면 아화리 1229,35.892565,129.043644,노외,9,평일+토요일+공휴일,09:00,20:00,무료,경상북도 경주시청 교통행정과,2026-04-16,,,,,false,전국주차장정보표준데이터,https://www.data.go.kr/data/15012896/standard.do,SOURCE_ONLY
evacuation_parking,parking:9f508c7782aa4497f31b,경상북도,경주시,천북오야리 공용주차장,,경상북도 경주시 천북면 오야리 468-1,35.933514,129.253601,노외,6,평일+토요일+공휴일,09:00,20:00,무료,경상북도 경주시청 교통행정과,2026-04-16,,,,,false,전국주차장정보표준데이터,https://www.data.go.kr/data/15012896/standard.do,SOURCE_ONLY
evacuation_parking,parking:a058915616b0f786fc9b,경상북도,경주시,성건동 공용(화랑),,경상북도 경주시 성건동 579-1,35.855269,129.2052,노외,76,평일+토요일+공휴일,09:00,20:00,무료,경상북도 경주시청 교통행정과,2026-04-16,,,,,false,전국주차장정보표준데이터,https://www.data.go.kr/data/15012896/standard.do,SOURCE_ONLY
evacuation_parking,parking:a17008307428dc377af4,경상북도,경주시,법원옆길,경상북도 경주시 봉황로 63-1,경상북도 경주시 서부동 150-1,35.84523352,129.2100315,노상,13,평일,09:00,20:00,유료,경상북도 경주시시설관리공단,2026-04-16,,,,,false,전국주차장정보표준데이터,https://www.data.go.kr/data/15012896/standard.do,SOURCE_ONLY
evacuation_parking,parking:a20bc8847af424e90899,경상북도,경주시,외동 입실리 구청사 공용주차장,,경상북도 경주시 외동읍 입실리 1042-2,35.715894,129.32487,노외,34,평일+토요일+공휴일,09:00,20:00,무료,경상북도 경주시청 교통행정과,2026-04-16,,,,,false,전국주차장정보표준데이터,https://www.data.go.kr/data/15012896/standard.do,SOURCE_ONLY
evacuation_parking,parking:a3f2cb7e4c0dd77e4dc0,경상북도,경주시,감포오류 공용주차장,,경상북도 경주시 감포읍 오류리 277-6,35.822677,129.508595,노외,10,평일+토요일+공휴일,09:00,20:00,무료,경상북도 경주시청 교통행정과,2026-04-16,,,,,false,전국주차장정보표준데이터,https://www.data.go.kr/data/15012896/standard.do,SOURCE_ONLY
evacuation_parking,parking:a4765dcb00b98d809592,경상북도,경주시,현곡 하구3리 공용주차장,,경상북도 경주시 현곡면 하구리 1055-7,35.887667,129.180858,노외,14,평일+토요일+공휴일,09:00,20:00,무료,경상북도 경주시청 교통행정과,2026-04-16,,,,,false,전국주차장정보표준데이터,https://www.data.go.kr/data/15012896/standard.do,SOURCE_ONLY
evacuation_parking,parking:a4fce3867b5a435479df,경상북도,경주시,천북동산리노인회관앞공용주차장,,경상북도 경주시 천북면 동산리 537-1,35.896028,129.267232,노외,10,평일+토요일+공휴일,09:00,20:00,무료,경상북도 경주시청 교통행정과,2026-04-16,,,,,false,전국주차장정보표준데이터,https://www.data.go.kr/data/15012896/standard.do,SOURCE_ONLY
evacuation_parking,parking:a589e470f5d4ad556bc0,경상북도,경주시,경주읍성앞,경상북도 경주시 동문로 22-1,경상북도 경주시 성동동 361-1,35.84640931,129.2141402,노상,9,평일,09:00,20:00,유료,경상북도 경주시시설관리공단,2026-04-16,,,,,false,전국주차장정보표준데이터,https://www.data.go.kr/data/15012896/standard.do,SOURCE_ONLY
evacuation_parking,parking:a99053c9d25ac9366358,경상북도,경주시,포석로공영주차장,경상북도 경주시 포석로 1080,경상북도 경주시 황남동 280,35.8374083,129.2099537,노외,14,평일+토요일+공휴일,10:00,18:00,유료,경상북도 경주시시설관리공단,2026-04-16,,,,,false,전국주차장정보표준데이터,https://www.data.go.kr/data/15012896/standard.do,SOURCE_ONLY
evacuation_parking,parking:a9d48b525157f93ace0f,경상북도,경주시,서면 도리 1리,,경상북도 경주시 서면 도리 973,35.921617,129.075003,노외,82,평일+토요일+공휴일,09:00,20:00,무료,경상북도 경주시청 교통행정과,2026-04-16,,,,,false,전국주차장정보표준데이터,https://www.data.go.kr/data/15012896/standard.do,SOURCE_ONLY
evacuation_parking,parking:aede4dd95ce1f81dde32,경상북도,경주시,황남동 제2공용주차장,,경상북도 경주시 황남동 487-12,35.826398,129.209369,노외,17,평일+토요일+공휴일,09:00,20:00,무료,경상북도 경주시청 교통행정과,2026-04-16,,,,,false,전국주차장정보표준데이터,https://www.data.go.kr/data/15012896/standard.do,SOURCE_ONLY
evacuation_parking,parking:b0424c6cffdb188a9fd2,경상북도,경주시,교동쌈밥,경상북도 경주시 첨성로 77,경상북도 경주시 황남동 328-1,35.83324181,129.2105587,노상,12,평일+토요일+공휴일,09:00,20:00,유료,경상북도 경주시시설관리공단,2026-04-16,,,,,false,전국주차장정보표준데이터,https://www.data.go.kr/data/15012896/standard.do,SOURCE_ONLY
evacuation_parking,parking:b0ea26ae37aac03b7502,경상북도,경주시,서면 서오리,,경상북도 경주시 서면 서오리 294,35.884631,129.041977,노외,53,평일+토요일+공휴일,09:00,20:00,무료,경상북도 경주시청 교통행정과,2026-04-16,,,,,false,전국주차장정보표준데이터,https://www.data.go.kr/data/15012896/standard.do,SOURCE_ONLY
evacuation_parking,parking:b234a5f45527f5221ca1,경상북도,경주시,시청 노상주차장,,경상북도 경주시 동천동 800,35.856198,129.224724,노상,17,평일,09:00,20:00,유료,경상북도 경주시시설관리공단,2026-04-16,,,,,false,전국주차장정보표준데이터,https://www.data.go.kr/data/15012896/standard.do,SOURCE_ONLY
evacuation_parking,parking:b404a06f97f6a5262ce2,경상북도,경주시,서면 운대2리 공용주차장,,경상북도 경주시 서면 운대리 182-16,35.887604,129.077311,노외,14,평일+토요일+공휴일,09:00,20:00,무료,경상북도 경주시청 교통행정과,2026-04-16,,,,,false,전국주차장정보표준데이터,https://www.data.go.kr/data/15012896/standard.do,SOURCE_ONLY
evacuation_parking,parking:b5d691af18b5fd5a0df7,경상북도,경주시,강동면 면소재지 공용주차장,,경상북도 경주시 강동면 인동리 35-6,35.987402,129.273765,노외,23,평일+토요일+공휴일,09:00,20:00,무료,경상북도 경주시청 교통행정과,2026-04-16,,,,,false,전국주차장정보표준데이터,https://www.data.go.kr/data/15012896/standard.do,SOURCE_ONLY
evacuation_parking,parking:b625b6276ad4a0fed79a,경상북도,경주시,북성로 노상주차장,경상북도 경주시 북성로 130,경상북도 경주시 성동동 301-3,35.846925,129.216018,노상,16,평일,09:00,20:00,유료,경상북도 경주시시설관리공단,2026-04-16,,,,,false,전국주차장정보표준데이터,https://www.data.go.kr/data/15012896/standard.do,SOURCE_ONLY
evacuation_parking,parking:b68a6a71305e100772e3,경상북도,경주시,문무대왕면 입천시무내 마을 공용주차장,,경상북도 경주시 문무대왕면 입천리 792-358,35.787738,129.422323,노외,5,평일+토요일+공휴일,09:00,20:00,무료,경상북도 경주시청 교통행정과,2026-04-16,,,,,false,전국주차장정보표준데이터,https://www.data.go.kr/data/15012896/standard.do,SOURCE_ONLY
evacuation_parking,parking:b78258d9f98d68c8b9c7,경상북도,경주시,강동면 단구1리 마을 공용주차장,,경상북도 경주시 강동면 단구리 969-7,36.054764,129.249643,노외,17,평일+토요일+공휴일,09:00,20:00,무료,경상북도 경주시청 교통행정과,2026-04-16,,,,,false,전국주차장정보표준데이터,https://www.data.go.kr/data/15012896/standard.do,SOURCE_ONLY
evacuation_parking,parking:b78c081438a086fe8874,경상북도,경주시,북정로 노상주차장,경상북도 경주시 동성로 132-2 (황오동),경상북도 경주시 황오동 251-5,35.84306,129.21508,노상,46,평일+토요일+공휴일,09:00,20:00,유료,경상북도 경주시시설관리공단,2026-04-16,,,,,false,전국주차장정보표준데이터,https://www.data.go.kr/data/15012896/standard.do,SOURCE_ONLY
evacuation_parking,parking:b9ed58565f7319387e7e,경상북도,경주시,북군동 제2공용주차장,,경상북도 경주시 북군동 188-2,35.850653,129.261571,노외,34,평일+토요일+공휴일,09:00,20:00,무료,경상북도 경주시청 교통행정과,2026-04-16,,,,,false,전국주차장정보표준데이터,https://www.data.go.kr/data/15012896/standard.do,SOURCE_ONLY
evacuation_parking,parking:bc6fea0a23e1ab15684d,경상북도,경주시,동성로-2(송월타월),경상북도 경주시 동성로 87,경상북도 경주시 노서동 13-1,35.84345076,129.2099703,노상,22,평일+토요일+공휴일,09:00,20:00,유료,경상북도 경주시시설관리공단,2026-04-16,,,,,false,전국주차장정보표준데이터,https://www.data.go.kr/data/15012896/standard.do,SOURCE_ONLY
evacuation_parking,parking:bf04d84a2a20a8238cf4,경상북도,경주시,서면아화1리 공용주차장,,경상북도 경주시 서면 아화리 411-114,35.892659,129.049717,노외,7,평일+토요일+공휴일,09:00,20:00,무료,경상북도 경주시청 교통행정과,2026-04-16,,,,,false,전국주차장정보표준데이터,https://www.data.go.kr/data/15012896/standard.do,SOURCE_ONLY
evacuation_parking,parking:bfb5bf2910a79f39b7d2,경상북도,경주시,양지식당,경상북도 경주시 교촌길 30,경상북도 경주시 황남동 395-16,35.83045315,129.2140531,노상,19,평일+토요일+공휴일,09:00,20:00,유료,경상북도 경주시시설관리공단,2026-04-16,,,,,false,전국주차장정보표준데이터,https://www.data.go.kr/data/15012896/standard.do,SOURCE_ONLY
evacuation_parking,parking:c19b0f8147c7bab3f385,경상북도,경주시,건천 조전2리 공용,,경상북도 경주시 외동읍 입실리 1042-2,35.715894,129.32487,노외,17,평일+토요일+공휴일,09:00,20:00,무료,경상북도 경주시청 교통행정과,2026-04-16,,,,,false,전국주차장정보표준데이터,https://www.data.go.kr/data/15012896/standard.do,SOURCE_ONLY
evacuation_parking,parking:c2ae8dace632de73ef4f,경상북도,경주시,교촌한옥마을 주변 노상주차장,경상북도 경주시 교촌길 2,경상북도 경주시 황남동 150-6,35.833078,129.21396,노상,115,평일+토요일+공휴일,09:00,20:00,유료,경상북도 경주시시설관리공단,2026-04-16,,,,,false,전국주차장정보표준데이터,https://www.data.go.kr/data/15012896/standard.do,SOURCE_ONLY
evacuation_parking,parking:c42e4a0f8ad8e94ac6a7,경상북도,경주시,선도 광명동 마을 공용주차장,,경상북도 경주시 광명동 135-1,35.819313,129.15095,노외,13,평일+토요일+공휴일,09:00,20:00,무료,경상북도 경주시청 교통행정과,2026-04-16,,,,,false,전국주차장정보표준데이터,https://www.data.go.kr/data/15012896/standard.do,SOURCE_ONLY
evacuation_parking,parking:c7422b9c156ca106abeb,경상북도,경주시,건천읍 송선1리 마을주차장,,경상북도 경주시 건천읍 송선리 289,35.838906,129.076169,노외,4,평일+토요일+공휴일,09:00,20:00,무료,경상북도 경주시청 교통행정과,2026-04-16,,,,,false,전국주차장정보표준데이터,https://www.data.go.kr/data/15012896/standard.do,SOURCE_ONLY
evacuation_parking,parking:c9eeb3803cb2ad85ad34,경상북도,경주시,보덕 암곡동 노상주차장,,경상북도 경주시 암곡동 730,35.86052,129.3121,노상,7,평일+토요일+공휴일,09:00,20:00,무료,경상북도 경주시청 교통행정과,2026-04-16,,,,,false,전국주차장정보표준데이터,https://www.data.go.kr/data/15012896/standard.do,SOURCE_ONLY
evacuation_parking,parking:cb9d09619b2262f39133,경상북도,경주시,충효동 녹지길 노상주차장,경상북도 경주시 충효녹지길 44-20(충효동),경상북도 경주시 충효동 2995,35.842653,129.186499,노상,229,평일+토요일+공휴일,09:00,20:00,무료,경상북도 경주시청 교통행정과,2026-04-16,,,,,false,전국주차장정보표준데이터,https://www.data.go.kr/data/15012896/standard.do,SOURCE_ONLY
evacuation_parking,parking:cc3abfca411540e5c64d,경상북도,경주시,숭문대공영주차장,경상북도 경주시 놋전2길 24-43,경상북도 경주시 황남동 407,35.830333512,129.2127050176,노외,69,평일+토요일+공휴일,09:00,20:00,유료,경상북도 경주시시설관리공단,2026-04-16,,,,,false,전국주차장정보표준데이터,https://www.data.go.kr/data/15012896/standard.do,SOURCE_ONLY
evacuation_parking,parking:cdf4b7db4f77e9cf588d,경상북도,경주시,충효동 경주초등학교 노상주차장,경상북도 경주시 충효중앙길 65,경상북도 경주시 충효동 2971-3,35.843531,129.183888,노상,82,평일+토요일+공휴일,09:00,20:00,무료,경상북도 경주시청 교통행정과,2026-04-16,,,,,false,전국주차장정보표준데이터,https://www.data.go.kr/data/15012896/standard.do,SOURCE_ONLY
evacuation_parking,parking:cf73129824ebcf84aacd,경상북도,경주시,사정동(국당마을)공용주차장,,경상북도 경주시 사정동 249,35.827576,129.207969,노외,20,평일+토요일+공휴일,09:00,20:00,무료,경상북도 경주시청 교통행정과,2026-04-16,,,,,false,전국주차장정보표준데이터,https://www.data.go.kr/data/15012896/standard.do,SOURCE_ONLY
evacuation_parking,parking:cfaa46cb8f22be455043,경상북도,경주시,국립경주박물관공영주차장,,경상북도 경주시 구황동 619,35.83018496,129.2298859,노외,264,평일+토요일+공휴일,09:00,18:00,유료,경상북도 경주시시설관리공단,2026-04-16,,,,,false,전국주차장정보표준데이터,https://www.data.go.kr/data/15012896/standard.do,SOURCE_ONLY
evacuation_parking,parking:d036b3011e5a5e8ac188,경상북도,경주시,성건동 공영,경상북도 경주시 화랑로28번길 26(성건동),경상북도 경주시 성건동 374-4,35.84256,129.203486,노외,25,평일,09:00,20:00,유료,경상북도 경주시시설관리공단,2026-04-16,,,,,false,전국주차장정보표준데이터,https://www.data.go.kr/data/15012896/standard.do,SOURCE_ONLY
evacuation_parking,parking:d1fd0704ebaa4863a3c3,경상북도,경주시,선도 광명동 고란마을,,경상북도 경주시 광명동 744,35.833495,129.140768,노외,21,평일+토요일+공휴일,09:00,20:00,무료,경상북도 경주시청 교통행정과,2026-04-16,,,,,false,전국주차장정보표준데이터,https://www.data.go.kr/data/15012896/standard.do,SOURCE_ONLY
evacuation_parking,parking:d26afe7b32b3345c8b30,경상북도,경주시,황남동 생활문화센터 공영주차장,,경상북도 경주시 황남동 306-12,35.835327,129.210806,노외,35,평일+토요일+공휴일,09:00,20:00,무료,경상북도 경주시청 교통행정과,2026-04-16,,,,,false,전국주차장정보표준데이터,https://www.data.go.kr/data/15012896/standard.do,SOURCE_ONLY
evacuation_parking,parking:d27923ebdc71ff24f290,경상북도,경주시,무장사지 제1공용주차장,,경상북도 경주시 암곡동 54,35.87524,129.322129,노외,135,평일+토요일+공휴일,09:00,20:00,무료,경상북도 경주시청 교통행정과,2026-04-16,,,,,false,전국주차장정보표준데이터,https://www.data.go.kr/data/15012896/standard.do,SOURCE_ONLY
evacuation_parking,parking:d2e845d610000d616bde,경상북도,경주시,천북면(신당리) 공용주차장,,경상북도 경주시 천북면 신당리 861,35.888068,129.240159,노외,16,평일+토요일+공휴일,09:00,20:00,무료,경상북도 경주시청 교통행정과,2026-04-16,,,,,false,전국주차장정보표준데이터,https://www.data.go.kr/data/15012896/standard.do,SOURCE_ONLY
evacuation_parking,parking:d5feee003995716c183b,경상북도,경주시,삼거리,경상북도 경주시 첨성로 113,경상북도 경주시 황남동 142-2,35.83344891,129.2147149,노상,29,평일+토요일+공휴일,09:00,20:00,유료,경상북도 경주시시설관리공단,2026-04-16,,,,,false,전국주차장정보표준데이터,https://www.data.go.kr/data/15012896/standard.do,SOURCE_ONLY
evacuation_parking,parking:d60b2b4621f61eec207b,경상북도,경주시,동천동 공영주차장,경상북도 경주시 백률로53번길 27,경상북도 경주시 동천동 987-7,35.85933,129.225064,노외,240,평일,09:00,20:00,유료,경상북도 경주시시설관리공단,2026-04-16,,,,,false,전국주차장정보표준데이터,https://www.data.go.kr/data/15012896/standard.do,SOURCE_ONLY
evacuation_parking,parking:d648553505ea35b91776,경상북도,경주시,충효 야척마을 공용주차장,,경상북도 경주시 충효동 923-12,35.85758,129.160467,노외,22,평일+토요일+공휴일,09:00,20:00,무료,경상북도 경주시청 교통행정과,2026-04-16,,,,,false,전국주차장정보표준데이터,https://www.data.go.kr/data/15012896/standard.do,SOURCE_ONLY
evacuation_parking,parking:d661610af9f285bfc5bd,경상북도,경주시,서면 서오리 하부마을공용주차장,,경상북도 경주시 서면 서오리 542-1,35.887272,129.038327,노외,11,평일+토요일+공휴일,09:00,20:00,무료,경상북도 경주시청 교통행정과,2026-04-16,,,,,false,전국주차장정보표준데이터,https://www.data.go.kr/data/15012896/standard.do,SOURCE_ONLY
evacuation_parking,parking:da59dfb5103381f5c7f5,경상북도,경주시,구 황오동사무소 노상주차장,,경상북도 경주시 황오동 245-1,35.842753,129.215258,노상,41,평일+토요일+공휴일,09:00,20:00,유료,경상북도 경주시시설관리공단,2026-04-16,,,,,false,전국주차장정보표준데이터,https://www.data.go.kr/data/15012896/standard.do,SOURCE_ONLY
evacuation_parking,parking:dd0b12b499a63ef93e24,경상북도,경주시,탑동제 1공용주차장,,경상북도 경주시 탑동 402-1,35.82166,129.211437,노외,11,평일+토요일+공휴일,09:00,20:00,무료,경상북도 경주시청 교통행정과,2026-04-16,,,,,false,전국주차장정보표준데이터,https://www.data.go.kr/data/15012896/standard.do,SOURCE_ONLY
evacuation_parking,parking:ddf16652cdedce66a4e1,경상북도,경주시,현곡 가정2리 공용주차장,,경상북도 경주시 현곡면 가정리 59-8,35.899539,129.164172,노외,13,평일+토요일+공휴일,09:00,20:00,무료,경상북도 경주시청 교통행정과,2026-04-16,,,,,false,전국주차장정보표준데이터,https://www.data.go.kr/data/15012896/standard.do,SOURCE_ONLY
evacuation_parking,parking:de4f0254cfdb79325898,경상북도,경주시,경주전동차,경상북도 경주시 교촌길 4,경상북도 경주시 황남동 150-3,35.83289534,129.2140287,노상,24,평일+토요일+공휴일,09:00,20:00,유료,경상북도 경주시시설관리공단,2026-04-16,,,,,false,전국주차장정보표준데이터,https://www.data.go.kr/data/15012896/standard.do,SOURCE_ONLY
evacuation_parking,parking:df2004a40c9a45505b01,경상북도,경주시,건천 방내리 마을회관앞 공용주차장,,경상북도 경주시 건천읍 방내리 585-2,35.824534,129.107464,노외,15,평일+토요일+공휴일,09:00,20:00,무료,경상북도 경주시청 교통행정과,2026-04-16,,,,,false,전국주차장정보표준데이터,https://www.data.go.kr/data/15012896/standard.do,SOURCE_ONLY
evacuation_parking,parking:e597473f05c1347559ca,경상북도,경주시,건천읍 공영주차장,,경상북도 경주시 건천읍 건천리 245-5,35.850327,129.101958,노외,17,평일+토요일+공휴일,09:00,20:00,무료,경상북도 경주시청 교통행정과,2026-04-16,,,,,false,전국주차장정보표준데이터,https://www.data.go.kr/data/15012896/standard.do,SOURCE_ONLY
evacuation_parking,parking:e6b1d7fdee19f4675ffc,경상북도,경주시,안강읍 양월리 공용주차장,,경상북도 경주시 안강읍 양월리 1274-3,35.990206,129.221069,노외,45,평일+토요일+공휴일,09:00,20:00,무료,경상북도 경주시청 교통행정과,2026-04-16,,,,,false,전국주차장정보표준데이터,https://www.data.go.kr/data/15012896/standard.do,SOURCE_ONLY
evacuation_parking,parking:e7dfc437285c3174e89e,경상북도,경주시,연꽃단지,경상북도 경주시 원화로 119,경상북도 경주시 인왕동 493-1,35.83394198,129.2246514,노상,46,평일+토요일+공휴일,09:00,20:00,유료,경상북도 경주시시설관리공단,2026-04-16,,,,,false,전국주차장정보표준데이터,https://www.data.go.kr/data/15012896/standard.do,SOURCE_ONLY
evacuation_parking,parking:e9121b8de693ebb515f0,경상북도,경주시,건천읍 화천3리 공용주차장,,경상북도 경주시 건천읍 화천리 2029,35.787357,129.128023,노외,8,평일+토요일+공휴일,09:00,20:00,무료,경상북도 경주시청 교통행정과,2026-04-16,,,,,false,전국주차장정보표준데이터,https://www.data.go.kr/data/15012896/standard.do,SOURCE_ONLY
evacuation_parking,parking:ed7b3c2122369e2d6dbe,경상북도,경주시,터미널옆공영주차장,,경상북도 경주시 노서동 247-4,35.839035,129.202672,노외,15,평일+토요일+공휴일,09:00,20:00,무료,경상북도 경주시청 교통행정과,2026-04-16,,,,,false,전국주차장정보표준데이터,https://www.data.go.kr/data/15012896/standard.do,SOURCE_ONLY
evacuation_parking,parking:edff002a22d67dd2ce65,경상북도,경주시,서면 천촌리 공용주차장,,경상북도 경주시 서면 천촌리 929,35.862466,129.033734,노외,30,평일+토요일+공휴일,09:00,20:00,무료,경상북도 경주시청 교통행정과,2026-04-16,,,,,false,전국주차장정보표준데이터,https://www.data.go.kr/data/15012896/standard.do,SOURCE_ONLY
evacuation_parking,parking:eea3b82747545eafa49d,경상북도,경주시,황성동현대APT,경상북도 경주시 황성로27번길 10,경상북도 경주시 황성동 508-1,35.8661885,129.2136638,노상,26,평일+토요일+공휴일,09:00,20:00,유료,경상북도 경주시시설관리공단,2026-04-16,,,,,false,전국주차장정보표준데이터,https://www.data.go.kr/data/15012896/standard.do,SOURCE_ONLY
evacuation_parking,parking:ef557617f9f1e1d21dde,경상북도,경주시,황오동행정복지센터,경상북도 경주시 북성로 128,경상북도 경주시 성동동 325,35.84705097,129.2157954,노상,8,평일,09:00,20:00,유료,경상북도 경주시시설관리공단,2026-04-16,,,,,false,전국주차장정보표준데이터,https://www.data.go.kr/data/15012896/standard.do,SOURCE_ONLY
evacuation_parking,parking:f20876ea40ef37f75e5e,경상북도,경주시,강동 단구2리 공용주차장,,경상북도 경주시 강동면 단구리 873,36.059596,129.249191,노외,16,평일+토요일+공휴일,09:00,20:00,무료,경상북도 경주시청 교통행정과,2026-04-16,,,,,false,전국주차장정보표준데이터,https://www.data.go.kr/data/15012896/standard.do,SOURCE_ONLY
evacuation_parking,parking:f2ff326246a656294993,경상북도,경주시,첨성대,경상북도 경주시 첨성로 151,경상북도 경주시 황남동 104-5,35.83574219,129.2174873,노상,25,평일+토요일+공휴일,09:00,20:00,유료,경상북도 경주시시설관리공단,2026-04-16,,,,,false,전국주차장정보표준데이터,https://www.data.go.kr/data/15012896/standard.do,SOURCE_ONLY
evacuation_parking,parking:f46a5d264a7f97d2fff7,경상북도,경주시,핑크뮬리,경상북도 경주시 첨성로 175,경상북도 경주시 인왕동 807-4,35.83599416,129.2199391,노상,34,평일+토요일+공휴일,09:00,20:00,유료,경상북도 경주시시설관리공단,2026-04-16,,,,,false,전국주차장정보표준데이터,https://www.data.go.kr/data/15012896/standard.do,SOURCE_ONLY
evacuation_parking,parking:f47b5d8af9451a8be87b,경상북도,경주시,신경주역 공영주차장,,경상북도 경주시 건천읍 화천리 1354-1,35.800077,129.14067,노외,670,평일+토요일+공휴일,09:00,20:00,무료,경상북도 경주시청 교통행정과,2026-04-16,,,,,false,전국주차장정보표준데이터,https://www.data.go.kr/data/15012896/standard.do,SOURCE_ONLY
evacuation_parking,parking:f4d2502df6e3012a8bcd,경상북도,경주시,서천둔치 주차장,,경상북도 경주시 서악동 1491-1,35.834796,129.202326,노외,500,평일+토요일+공휴일,09:00,20:00,무료,경상북도 경주시청 교통행정과,2026-04-16,,,,,false,전국주차장정보표준데이터,https://www.data.go.kr/data/15012896/standard.do,SOURCE_ONLY
evacuation_parking,parking:f519f18b5e594d2299c6,경상북도,경주시,건천읍 모량1리 마을 공용주차장,,경상북도 경주시 건천읍 모량리 887-26,35.824497,129.13062,노외,10,평일+토요일+공휴일,09:00,20:00,무료,경상북도 경주시청 교통행정과,2026-04-16,,,,,false,전국주차장정보표준데이터,https://www.data.go.kr/data/15012896/standard.do,SOURCE_ONLY
evacuation_parking,parking:f5f7e5fc4c101122588a,경상북도,경주시,중앙시장제1공영주차장,경상북도 경주시 금성로 295,경상북도 경주시 성건동 339-2,35.84396049,129.2067453,노외,30,평일+토요일+공휴일,08:00,21:00,유료,경상북도 경주시시설관리공단,2026-04-16,,,,,false,전국주차장정보표준데이터,https://www.data.go.kr/data/15012896/standard.do,SOURCE_ONLY
evacuation_parking,parking:f867a62fc4aa445ef8d4,경상북도,경주시,감포3리 공용주차장,,경상북도 경주시 감포읍 감포리 369-1,35.806426,129.502502,노외,15,평일+토요일+공휴일,09:00,20:00,무료,경상북도 경주시청 교통행정과,2026-04-16,,,,,false,전국주차장정보표준데이터,https://www.data.go.kr/data/15012896/standard.do,SOURCE_ONLY
evacuation_parking,parking:f94c219b37d9c2350031,경상북도,경주시,농협주변 노상주차장,,경상북도 경주시 동부동 215-3,35.844228,129.212071,노상,21,평일+토요일+공휴일,09:00,20:00,유료,경상북도 경주시시설관리공단,2026-04-16,,,,,false,전국주차장정보표준데이터,https://www.data.go.kr/data/15012896/standard.do,SOURCE_ONLY
evacuation_parking,parking:fab383ef7e5ee466ddbe,경상북도,경주시,광명윗마을회관앞공용주차장,,경상북도 경주시 광명동 219-4,35.816801,129.148094,노외,16,평일+토요일+공휴일,09:00,20:00,무료,경상북도 경주시청 교통행정과,2026-04-16,,,,,false,전국주차장정보표준데이터,https://www.data.go.kr/data/15012896/standard.do,SOURCE_ONLY
evacuation_parking,parking:fb02bb03569279bb21a5,경상북도,경주시,쪽샘지구임시공영주차장,경상북도 경주시 원화로 189-2,경상북도 경주시 인왕동 738-3,35.8378194,129.2185548,노외,496,평일+토요일+공휴일,09:00,21:00,유료,경상북도 경주시시설관리공단,2026-04-16,,,,,false,전국주차장정보표준데이터,https://www.data.go.kr/data/15012896/standard.do,SOURCE_ONLY
evacuation_parking,parking:fbc20973fdd99fe2f2fe,경상북도,경주시,터미널옆공영주차장,경상북도 경주시 태종로 685번길 9,경상북도 경주시 노서동 247-6,35.83903462,129.2026723,노외,15,평일+토요일+공휴일,00:00,23:59,유료,경상북도 경주시시설관리공단,2026-04-16,,,,,false,전국주차장정보표준데이터,https://www.data.go.kr/data/15012896/standard.do,SOURCE_ONLY
evacuation_parking,parking:fea274d346e0043ef037,경상북도,경주시,"북정로(드림힐, 수정)",경상북도 경주시 북정로 22,경상북도 경주시 황오동 274-5,35.84285454,129.2154009,노상,15,평일+토요일+공휴일,09:00,20:00,유료,경상북도 경주시시설관리공단,2026-04-16,,,,,false,전국주차장정보표준데이터,https://www.data.go.kr/data/15012896/standard.do,SOURCE_ONLY
evacuation_parking,parking:ffb4f4e45ff84459b3f3,경상북도,경주시,서면 아화 양지마을 공용주차장,,경상북도 경주시 서면 아화리 87-1,35.899433,129.04985,노외,20,평일+토요일+공휴일,09:00,20:00,무료,경상북도 경주시청 교통행정과,2026-04-16,,,,,false,전국주차장정보표준데이터,https://www.data.go.kr/data/15012896/standard.do,SOURCE_ONLY
evacuation_parking,parking:01c329a6b6f906c0f88f,경상북도,고령군,상곡리 공영주차장,,경상북도 고령군 다산면 상곡리150-9,35.82519764,128.4467909,노외,10,평일+토요일+공휴일,00:00,23:59,무료,경상북도 고령군청,2026-04-16,,,,,false,전국주차장정보표준데이터,https://www.data.go.kr/data/15012896/standard.do,SOURCE_ONLY
evacuation_parking,parking:093009528feed4c0992d,경상북도,고령군,다산 공영주차장,,경상북도 고령군 다산면 상곡리 175-1,35.82455212,128.4486152,노외,84,평일+토요일+공휴일,00:00,23:59,무료,경상북도 고령군청,2026-04-16,,,,,false,전국주차장정보표준데이터,https://www.data.go.kr/data/15012896/standard.do,SOURCE_ONLY
evacuation_parking,parking:167aaac0754d7d6b77e0,경상북도,고령군,평리리 제2공영주차장,,경상북도 고령군 다산면 평리리 257-18,35.82489464,128.452596,노외,37,평일+토요일+공휴일,00:00,23:59,무료,경상북도 고령군청,2026-04-16,,,,,false,전국주차장정보표준데이터,https://www.data.go.kr/data/15012896/standard.do,SOURCE_ONLY
evacuation_parking,parking:189f257ea7793901df52,경상북도,고령군,축협앞~고령지구대앞,,경상북도 고령군 대가야읍 지산리 221-2,35.72644627,128.2654084,노상,11,평일+토요일+공휴일,00:00,23:59,무료,경상북도 고령군청,2026-04-16,,,,,false,전국주차장정보표준데이터,https://www.data.go.kr/data/15012896/standard.do,SOURCE_ONLY
evacuation_parking,parking:1aaeadbac1a7fe9f3b81,경상북도,고령군,득성리 공영주차장,,경상북도 고령군 성산면 득성리190,35.75308636,128.3722263,노외,30,평일+토요일+공휴일,00:00,23:59,무료,경상북도 고령군청,2026-04-16,,,,,false,전국주차장정보표준데이터,https://www.data.go.kr/data/15012896/standard.do,SOURCE_ONLY
evacuation_parking,parking:1f6a6a0a1b766dcf4177,경상북도,고령군,저전리 공영주차장,,경상북도 고령군 대가야읍 저전리 298,35.75664204,128.2306606,노외,10,평일+토요일+공휴일,00:00,23:59,무료,경상북도 고령군청,2026-04-16,,,,,false,전국주차장정보표준데이터,https://www.data.go.kr/data/15012896/standard.do,SOURCE_ONLY
evacuation_parking,parking:201bbda6f3955afbfa94,경상북도,고령군,인안1리 공영주차장,,경상북도 고령군 개진면 인안리 391-6,35.7238809,128.4190504,노외,18,평일+토요일+공휴일,00:00,23:59,무료,경상북도 고령군청,2026-04-16,,,,,false,전국주차장정보표준데이터,https://www.data.go.kr/data/15012896/standard.do,SOURCE_ONLY
evacuation_parking,parking:2225b7c5bea2ddfed1f8,경상북도,고령군,고탄리 공영주차장,,경상북도 고령군 성산면 고탄리 208,35.76089989,128.3537784,노외,30,평일+토요일+공휴일,00:00,23:59,무료,경상북도 고령군청,2026-04-16,,,,,false,전국주차장정보표준데이터,https://www.data.go.kr/data/15012896/standard.do,SOURCE_ONLY
evacuation_parking,parking:2678a9561d02858d6d8e,경상북도,고령군,기족리 공영주차장,,경상북도 고령군 성산면 기족리 365-1,35.75086618,128.3447635,노외,4,평일+토요일+공휴일,00:00,23:59,무료,경상북도 고령군청,2026-04-16,,,,,false,전국주차장정보표준데이터,https://www.data.go.kr/data/15012896/standard.do,SOURCE_ONLY
evacuation_parking,parking:2a3daaffa9a5e0dfa83e,경상북도,고령군,고아리 제3공영주차장,,경상북도 고령군 대가야읍 고아리 63,35.72786926,128.2691815,노외,10,평일+토요일+공휴일,00:00,23:59,무료,경상북도 고령군청,2026-04-16,,,,,false,전국주차장정보표준데이터,https://www.data.go.kr/data/15012896/standard.do,SOURCE_ONLY
evacuation_parking,parking:35ce21c2d020702f05f3,경상북도,고령군,문화의거리 공영주차장,,경상북도 고령군 대가야읍 지산리 232-6,35.7251709,128.2656857,노외,60,평일+토요일+공휴일,00:00,23:59,무료,경상북도 고령군청,2026-04-16,,,,,false,전국주차장정보표준데이터,https://www.data.go.kr/data/15012896/standard.do,SOURCE_ONLY
evacuation_parking,parking:3dbdfa3d9e3896e2e29c,경상북도,고령군,평리리 제1공영주차장,,경상북도 고령군 다산면 평리리 273-4,35.8269911,128.4529863,노외,27,평일+토요일+공휴일,00:00,23:59,무료,경상북도 고령군청,2026-04-16,,,,,false,전국주차장정보표준데이터,https://www.data.go.kr/data/15012896/standard.do,SOURCE_ONLY
evacuation_parking,parking:4576c79ed71984ec2523,경상북도,고령군,고아리 공영주차장,,경상북도 고령군 대가야읍 고아리 130-2,35.72499185,128.2681594,노외,54,평일+토요일+공휴일,00:00,23:59,무료,경상북도 고령군청,2026-04-16,,,,,false,전국주차장정보표준데이터,https://www.data.go.kr/data/15012896/standard.do,SOURCE_ONLY
evacuation_parking,parking:526f2bb3fab276291eb5,경상북도,고령군,송곡1리 공영주차장,,경상북도 고령군 다산면 송곡리 286,35.80345149,128.3822185,노외,14,평일+토요일+공휴일,00:00,23:59,무료,경상북도 고령군청,2026-04-16,,,,,false,전국주차장정보표준데이터,https://www.data.go.kr/data/15012896/standard.do,SOURCE_ONLY
evacuation_parking,parking:55174f1850961fec9ebf,경상북도,고령군,쾌빈리 제2공영주차장,,경상북도 고령군 대가야읍 쾌빈리 412,35.73037266,128.2703856,노외,18,평일+토요일+공휴일,00:00,23:59,무료,경상북도 고령군청,2026-04-16,,,,,false,전국주차장정보표준데이터,https://www.data.go.kr/data/15012896/standard.do,SOURCE_ONLY
evacuation_parking,parking:55dcb87c548fa3663506,경상북도,고령군,지산리 제1공영주차장,,경상북도 고령군 대가야읍 지산리 27,35.72731692,128.2644802,노외,40,평일+토요일+공휴일,00:00,23:59,무료,경상북도 고령군청,2026-04-16,,,,,false,전국주차장정보표준데이터,https://www.data.go.kr/data/15012896/standard.do,SOURCE_ONLY
evacuation_parking,parking:5f8d070109e87432c59f,경상북도,고령군,산주리 공영주차장,,경상북도 고령군 쌍림면 산주리 334-1,35.66901106,128.1746892,노외,21,평일+토요일+공휴일,00:00,23:59,무료,경상북도 고령군청,2026-04-16,,,,,false,전국주차장정보표준데이터,https://www.data.go.kr/data/15012896/standard.do,SOURCE_ONLY
evacuation_parking,parking:61f59f580f61ca04d146,경상북도,고령군,안림리 공영주차장,,경상북도 고령군 쌍림면 안림리 289-9,35.6934625,128.2579917,노외,14,평일+토요일+공휴일,00:00,23:59,무료,경상북도 고령군청,2026-04-16,,,,,false,전국주차장정보표준데이터,https://www.data.go.kr/data/15012896/standard.do,SOURCE_ONLY
evacuation_parking,parking:64e52725a97cdfe34546,경상북도,고령군,고아리 제1공영주차장,,경상북도 고령군 대가야읍 고아리 127-1,35.72719599,128.2697926,노외,36,평일+토요일+공휴일,00:00,23:59,무료,경상북도 고령군청,2026-04-16,,,,,false,전국주차장정보표준데이터,https://www.data.go.kr/data/15012896/standard.do,SOURCE_ONLY
evacuation_parking,parking:6d419b2786d9f067b1f6,경상북도,고령군,반운리 공영주차장,,경상북도 고령군 개진면 반운리 344,35.71068589,128.3078024,노외,32,평일+토요일+공휴일,00:00,23:59,무료,경상북도 고령군청,2026-04-16,,,,,false,전국주차장정보표준데이터,https://www.data.go.kr/data/15012896/standard.do,SOURCE_ONLY
evacuation_parking,parking:7225a0ed8934207e0a94,경상북도,고령군,쾌빈리 제1공영주차장,,경상북도 고령군 대가야읍 쾌빈리 381-1,35.73303645,128.2699591,노외,18,평일+토요일+공휴일,00:00,23:59,무료,경상북도 고령군청,2026-04-16,,,,,false,전국주차장정보표준데이터,https://www.data.go.kr/data/15012896/standard.do,SOURCE_ONLY
evacuation_parking,parking:764de80ab6788a024498,경상북도,고령군,원송리 공영주차장,,경상북도 고령군 덕곡면 원송리 99,35.79122289,128.2059086,노외,10,평일+토요일+공휴일,00:00,23:59,무료,경상북도 고령군청,2026-04-16,,,,,false,전국주차장정보표준데이터,https://www.data.go.kr/data/15012896/standard.do,SOURCE_ONLY
evacuation_parking,parking:7bc29ebfb3ea7da3eec5,경상북도,고령군,가륜리 공영주차장,,경상북도 고령군 덕곡면 가륜리 229-1,35.79260002,128.2114261,노외,40,평일+토요일+공휴일,00:00,23:59,무료,경상북도 고령군청,2026-04-16,,,,,false,전국주차장정보표준데이터,https://www.data.go.kr/data/15012896/standard.do,SOURCE_ONLY
evacuation_parking,parking:7ecf125a96e8e1d63378,경상북도,고령군,신곡리 공영주차장,,경상북도 고령군 쌍림면 신곡리382-8,35.68345868,128.2535469,노외,15,평일+토요일+공휴일,00:00,23:59,무료,경상북도 고령군청,2026-04-16,,,,,false,전국주차장정보표준데이터,https://www.data.go.kr/data/15012896/standard.do,SOURCE_ONLY
evacuation_parking,parking:7f4467db14fdfa2d8421,경상북도,고령군,고아리 제2공영주차장,,경상북도 고령군 대가야읍 고아리 259-1,35.71965713,128.2715879,노외,42,평일+토요일+공휴일,00:00,23:59,무료,경상북도 고령군청,2026-04-16,,,,,false,전국주차장정보표준데이터,https://www.data.go.kr/data/15012896/standard.do,SOURCE_ONLY
evacuation_parking,parking:834f45bc1f71917ca2b9,경상북도,고령군,연조리 제2공영주차장,,경상북도 고령군 대가야읍 연조리 233-3,35.73090075,128.266668,노외,7,평일+토요일+공휴일,00:00,23:59,무료,경상북도 고령군청,2026-04-16,,,,,false,전국주차장정보표준데이터,https://www.data.go.kr/data/15012896/standard.do,SOURCE_ONLY
evacuation_parking,parking:83b6146b547be0837873,경상북도,고령군,지산리(대가야시장) 공영주차장,,경상북도 고령군 대가야읍 지산리 232-4,35.72568531,128.2661258,노외,104,평일+토요일+공휴일,00:00,23:59,무료,경상북도 고령군청,2026-04-16,,,,,false,전국주차장정보표준데이터,https://www.data.go.kr/data/15012896/standard.do,SOURCE_ONLY
evacuation_parking,parking:8a94cc2980be98a1f34d,경상북도,고령군,봉산리 공영주차장,,경상북도 고령군 우곡면 봉산리 1208-1,35.63593407,128.3826224,노외,20,평일+토요일+공휴일,00:00,23:59,무료,경상북도 고령군청,2026-04-16,,,,,false,전국주차장정보표준데이터,https://www.data.go.kr/data/15012896/standard.do,SOURCE_ONLY
evacuation_parking,parking:8c80a24713733046b4c9,경상북도,고령군,삼성인쇄소~당간지주앞,,경상북도 고령군 대가야읍 쾌빈리 482-2,35.72992171,128.2677667,노상,32,평일+토요일+공휴일,00:00,23:59,무료,경상북도 고령군청,2026-04-16,,,,,false,전국주차장정보표준데이터,https://www.data.go.kr/data/15012896/standard.do,SOURCE_ONLY
evacuation_parking,parking:991d19cde38ae8e015d8,경상북도,고령군,대가야 역사공원 공영주차장,,경상북도 고령군 대가야읍 쾌빈리 433-11,35.73040394,128.2683491,노외,162,평일+토요일+공휴일,00:00,23:59,혼합,경상북도 고령군청,2026-04-16,,,,,false,전국주차장정보표준데이터,https://www.data.go.kr/data/15012896/standard.do,SOURCE_ONLY
evacuation_parking,parking:99ce5da6d2cac4ae177c,경상북도,고령군,헌문리 공영주차장,,경상북도 고령군 대가야읍 헌문리 17-6,35.7430529,128.2751752,노외,34,평일+토요일+공휴일,00:00,23:59,무료,경상북도 고령군청,2026-04-16,,,,,false,전국주차장정보표준데이터,https://www.data.go.kr/data/15012896/standard.do,SOURCE_ONLY
evacuation_parking,parking:a546ebea837488839610,경상북도,고령군,연조3리 공영주차장,,경상북도 고령군 대가야읍 연조리 134-3,35.73239058,128.2683202,노외,19,평일+토요일+공휴일,00:00,23:59,무료,경상북도 고령군청,2026-04-16,,,,,false,전국주차장정보표준데이터,https://www.data.go.kr/data/15012896/standard.do,SOURCE_ONLY
evacuation_parking,parking:a81287ce01ffb29565aa,경상북도,고령군,양전2리 공영주차장,,경상북도 고령군 개진면 양전리 64-8,35.72931121,128.3030765,노외,16,평일+토요일+공휴일,00:00,23:59,무료,경상북도 고령군청,2026-04-16,,,,,false,전국주차장정보표준데이터,https://www.data.go.kr/data/15012896/standard.do,SOURCE_ONLY
evacuation_parking,parking:b2c9d4738e65ec197685,경상북도,고령군,삼대리  공영주차장,,경상북도 고령군 성산면 삼대리 431-1,35.74168369,128.384448,노외,22,평일+토요일+공휴일,00:00,23:59,무료,경상북도 고령군청,2026-04-16,,,,,false,전국주차장정보표준데이터,https://www.data.go.kr/data/15012896/standard.do,SOURCE_ONLY
evacuation_parking,parking:bf57d957b15d5e8e236f,경상북도,고령군,중앙네거리~터미널앞,,경상북도 고령군 대가야읍 헌문리 202-4,35.72992985,128.2710958,노상,22,평일+토요일+공휴일,00:00,23:59,무료,경상북도 고령군청,2026-04-16,,,,,false,전국주차장정보표준데이터,https://www.data.go.kr/data/15012896/standard.do,SOURCE_ONLY
evacuation_parking,parking:d22bb7b664a6ad5ceefc,경상북도,고령군,시장길 공영주차장,,경상북도 고령군 대가야읍 고아리 4-4,35.72874434,128.2687538,노외,10,평일+토요일+공휴일,00:00,23:59,무료,경상북도 고령군청,2026-04-16,,,,,false,전국주차장정보표준데이터,https://www.data.go.kr/data/15012896/standard.do,SOURCE_ONLY
evacuation_parking,parking:d2cb58e104e2da238d79,경상북도,고령군,하거리 공영주차장,,경상북도 고령군 쌍림면 하거리 476,35.67798105,128.1969494,노외,29,평일+토요일+공휴일,00:00,23:59,무료,경상북도 고령군청,2026-04-16,,,,,false,전국주차장정보표준데이터,https://www.data.go.kr/data/15012896/standard.do,SOURCE_ONLY
evacuation_parking,parking:dbfc3ede89649adc9b8c,경상북도,고령군,지산3리(큰골) 공영주차장,,경상북도 고령군 대가야읍 지산리 610-1,35.72133937,128.2528394,노외,57,평일+토요일+공휴일,00:00,23:59,무료,경상북도 고령군청,2026-04-16,,,,,false,전국주차장정보표준데이터,https://www.data.go.kr/data/15012896/standard.do,SOURCE_ONLY
evacuation_parking,parking:dc43dcb617cfee2dea07,경상북도,고령군,모산골 공영주차장,,경상북도 고령군 대가야읍 지산리 45,35.72771639,128.2620705,노외,90,평일+토요일+공휴일,00:00,23:59,무료,경상북도 고령군청,2026-04-16,,,,,false,전국주차장정보표준데이터,https://www.data.go.kr/data/15012896/standard.do,SOURCE_ONLY
evacuation_parking,parking:fea15ecea97a4421278a,경상북도,고령군,산당리 공영주차장,,경상북도 고령군 쌍림면 산당리 305,35.67712851,128.2109513,노외,18,평일+토요일+공휴일,00:00,23:59,무료,경상북도 고령군청,2026-04-16,,,,,false,전국주차장정보표준데이터,https://www.data.go.kr/data/15012896/standard.do,SOURCE_ONLY
evacuation_parking,parking:016b3d4c55bf2c027a51,경상북도,구미시,광평천 주차장(2공영주차장),,경상북도 구미시 송정동 505번지,36.11616508,128.3491387,노외,171,평일,08:00,23:59,유료,경상북도 구미시청,2026-04-16,,,,,false,전국주차장정보표준데이터,https://www.data.go.kr/data/15012896/standard.do,SOURCE_ONLY
evacuation_parking,parking:020eaa050e8d3fc823f3,경상북도,구미시,원평구획가로 공영주차장(1~8),,경상북도 구미시 원평동 1030번지 외 7필지,36.12327996,128.3447111,노외,444,평일,09:00,17:50,유료,경상북도 구미시청,2026-04-16,,,,,false,전국주차장정보표준데이터,https://www.data.go.kr/data/15012896/standard.do,SOURCE_ONLY
evacuation_parking,parking:027e4b86b05511bbe013,경상북도,구미시,평생교육원,경상북도 구미시 산호대로 239,경상북도 구미시 공단동 256-18,36.10506756,128.3840183,부설,49,평일+토요일+공휴일,00:00,23:59,무료,경상북도 구미시청,2026-04-16,,,,,false,전국주차장정보표준데이터,https://www.data.go.kr/data/15012896/standard.do,SOURCE_ONLY
evacuation_parking,parking:030843be3dfb37f8e594,경상북도,구미시,선산문화회관,경상북도 구미시 선산읍 선산중앙로 117,경상북도 구미시 선산읍 동부리 487-1,36.2438591,128.3041163,부설,57,평일+토요일+공휴일,00:00,23:59,무료,경상북도 구미시청,2026-04-16,,,,,false,전국주차장정보표준데이터,https://www.data.go.kr/data/15012896/standard.do,SOURCE_ONLY
evacuation_parking,parking:04d95479b89efe3ba6c6,경상북도,구미시,시민행복주차장(문성중학교 인근),,경상북도 구미시 고아읍 문성리 1636번지,36.154008,128.344711,노외,26,평일+토요일+공휴일,00:00,23:59,무료,경상북도 구미시청,2026-04-16,,,,,false,전국주차장정보표준데이터,https://www.data.go.kr/data/15012896/standard.do,SOURCE_ONLY
evacuation_parking,parking:05632e9e8e35591a2602,경상북도,구미시,공영주차장(금오타운빌라 인근),,경상북도 구미시 형곡동 302-7번지,36.10664362,128.3337198,노외,12,평일+토요일+공휴일,00:00,23:59,무료,경상북도 구미시청,2026-04-16,,,,,false,전국주차장정보표준데이터,https://www.data.go.kr/data/15012896/standard.do,SOURCE_ONLY
evacuation_parking,parking:06e8632f1d4b7a5d21e3,경상북도,구미시,구미역후면광장 지하주차장,경상북도 구미시 구미중앙로 76,경상북도 구미시 원평동 1008-1,36.12833012,128.3309395,노외,260,평일+토요일+공휴일,00:00,23:59,유료,경상북도 구미시청,2026-04-16,,,,,false,전국주차장정보표준데이터,https://www.data.go.kr/data/15012896/standard.do,SOURCE_ONLY
evacuation_parking,parking:08f77ade40adbc1272fd,경상북도,구미시,공영주차장(퇴경어린이공원 옆),,경상북도 구미시 고아읍 원호리 436-1번지,36.15059809,128.329753,노외,16,평일+토요일+공휴일,00:00,23:59,무료,경상북도 구미시청,2026-04-16,,,,,false,전국주차장정보표준데이터,https://www.data.go.kr/data/15012896/standard.do,SOURCE_ONLY
evacuation_parking,parking:09007dd3cd34cf2fa829,경상북도,구미시,진미동행정복지센터,경상북도 구미시 이계북로 147,경상북도 구미시 진평동 1035,36.10610393,128.4183812,부설,50,평일+토요일+공휴일,00:00,23:59,무료,경상북도 구미시청,2026-04-16,,,,,false,전국주차장정보표준데이터,https://www.data.go.kr/data/15012896/standard.do,SOURCE_ONLY
evacuation_parking,parking:0a608bd57f1813ae87ac,경상북도,구미시,새마을운동테마공원,,경상북도 구미시 상모동 산 62-1번지,36.09361586,128.290414,부설,254,평일+토요일+공휴일,00:00,23:59,무료,경상북도 구미시청,2026-04-16,,,,,false,전국주차장정보표준데이터,https://www.data.go.kr/data/15012896/standard.do,SOURCE_ONLY
evacuation_parking,parking:0ab86318d27047057df8,경상북도,구미시,올림픽기념관,경상북도 구미시 산책길 63,경상북도 구미시 원평동 964-451,36.12353449,128.3289376,부설,171,평일+토요일+공휴일,00:00,23:59,무료,경상북도 구미시청,2026-04-16,,,,,false,전국주차장정보표준데이터,https://www.data.go.kr/data/15012896/standard.do,SOURCE_ONLY
evacuation_parking,parking:0c0c9b6e1921f268f791,경상북도,구미시,원당공원 공영주차장,,경상북도 구미시 산동읍 신당리 2021번지,36.14699652,128.4251859,노외,13,평일+토요일+공휴일,00:00,23:59,무료,경상북도 구미시청,2026-04-16,,,,,false,전국주차장정보표준데이터,https://www.data.go.kr/data/15012896/standard.do,SOURCE_ONLY
evacuation_parking,parking:0db9a1a56d0d93eb2c24,경상북도,구미시,옥성면행정복지센터,,경상북도 구미시 옥성면 주아리 965-1번지,36.28678959,128.2662861,부설,35,평일+토요일+공휴일,00:00,23:59,무료,경상북도 구미시청,2026-04-16,,,,,false,전국주차장정보표준데이터,https://www.data.go.kr/data/15012896/standard.do,SOURCE_ONLY
evacuation_parking,parking:0e91619d69ff318a6ff6,경상북도,구미시,시민행복주차장(송라공원 인근),,경상북도 구미시 송정동 480-10번지,36.116017,128.347293,노외,26,평일+토요일+공휴일,00:00,23:59,무료,경상북도 구미시청,2026-04-16,,,,,false,전국주차장정보표준데이터,https://www.data.go.kr/data/15012896/standard.do,SOURCE_ONLY
evacuation_parking,parking:0eb8414025938d850957,경상북도,구미시,시민행복주차장(당산 어린이공원 인근),,경상북도 구미시 오태동 675-26번지,36.08054648,128.3744103,노외,25,평일+토요일+공휴일,00:00,23:59,무료,경상북도 구미시청,2026-04-16,,,,,false,전국주차장정보표준데이터,https://www.data.go.kr/data/15012896/standard.do,SOURCE_ONLY
evacuation_parking,parking:115a7127de7eda9d9098,경상북도,구미시,노상주차장(네오플라테크 동측),,경상북도 구미시 산동읍 봉산리 630번지,36.1198221,128.3462835,노상,139,평일+토요일+공휴일,00:00,23:59,무료,경상북도 구미시청,2026-04-16,,,,,false,전국주차장정보표준데이터,https://www.data.go.kr/data/15012896/standard.do,SOURCE_ONLY
evacuation_parking,parking:12197dfd99c244356463,경상북도,구미시,금오산제1주차장,경상북도 구미시 금오산로 419,경상북도 구미시 남통동 산24-12,36.10837039,128.3071564,노외,76,평일+토요일+공휴일,08:30,17:30,유료,구미도시공사 주차시설팀,2026-04-17,,,,,false,전국주차장정보표준데이터,https://www.data.go.kr/data/15012896/standard.do,SOURCE_ONLY
evacuation_parking,parking:12bf5c211e96f52596c7,경상북도,구미시,공영주차장(에프티지 인근),,경상북도 구미시 공단동 295-19번지,36.09513835,128.3886436,노외,32,평일+토요일+공휴일,00:00,23:59,무료,경상북도 구미시청,2026-04-16,,,,,false,전국주차장정보표준데이터,https://www.data.go.kr/data/15012896/standard.do,SOURCE_ONLY
evacuation_parking,parking:12cfc6b02a46508f2fbd,경상북도,구미시,시민행복주차장(사곡동 e편한세상 앞),,경상북도 구미시 사곡동 757번지,36.105329,128.353721,노외,40,평일+토요일+공휴일,00:00,23:59,무료,경상북도 구미시청,2026-04-16,,,,,false,전국주차장정보표준데이터,https://www.data.go.kr/data/15012896/standard.do,SOURCE_ONLY
evacuation_parking,parking:164f3dd7de307317a617,경상북도,구미시,공영주차장(천생초 인근),,경상북도 구미시 구평동 433번지,36.09429789,128.4364892,노외,58,평일+토요일+공휴일,00:00,23:59,무료,경상북도 구미시청,2026-04-16,,,,,false,전국주차장정보표준데이터,https://www.data.go.kr/data/15012896/standard.do,SOURCE_ONLY
evacuation_parking,parking:16a0b1c6dc6fa711a9b9,경상북도,구미시,시민행복주차장(구미코 인근),,경상북도 구미시 산동읍 봉산리 381-7번지,36.139992,128.439995,노외,46,평일+토요일+공휴일,00:00,23:59,무료,경상북도 구미시청,2026-04-16,,,,,false,전국주차장정보표준데이터,https://www.data.go.kr/data/15012896/standard.do,SOURCE_ONLY
evacuation_parking,parking:1784c8587495f2413c95,경상북도,구미시,구미시청 주차장,경상북도 구미시 송정대로 55,경상북도 구미시 송정동 50,36.12001528,128.3438213,부설,529,평일,08:00,23:59,유료,경상북도 구미시청,2026-04-16,,,,,false,전국주차장정보표준데이터,https://www.data.go.kr/data/15012896/standard.do,SOURCE_ONLY
evacuation_parking,parking:18300376ab5751e71522,경상북도,구미시,도량동 제2공영주차장,,경상북도 구미시 도량동 214번지,36.143115,128.320512,노외,8,평일+토요일+공휴일,00:00,23:59,무료,경상북도 구미시청,2026-04-16,,,,,false,전국주차장정보표준데이터,https://www.data.go.kr/data/15012896/standard.do,SOURCE_ONLY
evacuation_parking,parking:19e1d8da360ed15855a9,경상북도,구미시,시민행복주차장(봉곡동 법원 인근),,경상북도 구미시 봉곡동 417-5번지,36.14761079,128.3127552,노외,44,평일+토요일+공휴일,00:00,23:59,무료,경상북도 구미시청,2026-04-16,,,,,false,전국주차장정보표준데이터,https://www.data.go.kr/data/15012896/standard.do,SOURCE_ONLY
evacuation_parking,parking:1b0ba34a0dabff115010,경상북도,구미시,금오산제3주차장,경상북도 구미시 금오산로 347,경상북도 구미시 남통동 266-1,36.11271199,128.314857,노외,128,평일+토요일+공휴일,08:30,17:30,유료,구미도시공사 주차시설팀,2026-04-17,,,,,false,전국주차장정보표준데이터,https://www.data.go.kr/data/15012896/standard.do,SOURCE_ONLY
evacuation_parking,parking:1b9e07d6e0da9079c691,경상북도,구미시,노상주차장(송원육교 밑),,경상북도 구미시 원평동 1089번지,36.12507423,128.3438406,노상,30,평일+토요일+공휴일,00:00,23:59,무료,경상북도 구미시청,2026-04-16,,,,,false,전국주차장정보표준데이터,https://www.data.go.kr/data/15012896/standard.do,SOURCE_ONLY
evacuation_parking,parking:1e2cd906e33de5f60cd9,경상북도,구미시,금오산 공영주차장(제2주차장)-공원관리소앞,,경상북도 구미시 남통동 272-3번지,36.11271199,128.314857,노외,205,평일+토요일+공휴일,08:30,17:30,유료,경상북도 구미시청,2026-04-16,,,,,false,전국주차장정보표준데이터,https://www.data.go.kr/data/15012896/standard.do,SOURCE_ONLY
evacuation_parking,parking:20167878a190feaf02c7,경상북도,구미시,각산 공영주차장,,경상북도 구미시 원평동 964-257번지,36.126008,128.33589,노외,24,평일,08:00,23:59,유료,경상북도 구미시청,2026-04-16,,,,,false,전국주차장정보표준데이터,https://www.data.go.kr/data/15012896/standard.do,SOURCE_ONLY
evacuation_parking,parking:202b5e05309a82be5f6e,경상북도,구미시,시민행복주차장(원평 행정복지센터 인근),,경상북도 구미시 원평동 1026-2번지,36.12680703,128.3396821,노외,18,평일+토요일+공휴일,00:00,23:59,무료,경상북도 구미시청,2026-04-16,,,,,false,전국주차장정보표준데이터,https://www.data.go.kr/data/15012896/standard.do,SOURCE_ONLY
evacuation_parking,parking:214ce8601fcdea291c90,경상북도,구미시,산동 우항공원 공영주차장,,경상북도 구미시 산동읍 신당리 2017번지,36.11837776,128.3489815,노외,223,평일+토요일+공휴일,00:00,23:59,유료,경상북도 구미시청,2026-04-16,,,,,false,전국주차장정보표준데이터,https://www.data.go.kr/data/15012896/standard.do,SOURCE_ONLY
evacuation_parking,parking:233454edf56bb3c14522,경상북도,구미시,원평동소공원,경상북도 구미시 구미중앙로43길 10,경상북도 구미시 원평동 1078,36.12076831,128.3549207,노외,42,평일+토요일+공휴일,00:00,23:59,무료,경상북도 구미시청,2026-04-16,,,,,false,전국주차장정보표준데이터,https://www.data.go.kr/data/15012896/standard.do,SOURCE_ONLY
evacuation_parking,parking:23e6a23a0722419b44fa,경상북도,구미시,형곡동 복개주차장,,경상북도 구미시 형곡동 226번지,36.11311329,128.334766,노외,167,평일+토요일+공휴일,00:00,23:59,무료,경상북도 구미시청,2026-04-16,,,,,false,전국주차장정보표준데이터,https://www.data.go.kr/data/15012896/standard.do,SOURCE_ONLY
evacuation_parking,parking:240cf97d3b56dc39695b,경상북도,구미시,공영주차장(주광정밀 인근),,경상북도 구미시 진평동 644-6번지,36.10019792,128.4135802,노외,63,평일+토요일+공휴일,00:00,23:59,무료,경상북도 구미시청,2026-04-16,,,,,false,전국주차장정보표준데이터,https://www.data.go.kr/data/15012896/standard.do,SOURCE_ONLY
evacuation_parking,parking:267527391d49e7480e7a,경상북도,구미시,양포도서관,경상북도 구미시 옥계북로 51,경상북도 구미시 옥계동 908,36.13877686,128.423119,부설,241,평일+토요일+공휴일,00:00,23:59,무료,경상북도 구미시청,2026-04-16,,,,,false,전국주차장정보표준데이터,https://www.data.go.kr/data/15012896/standard.do,SOURCE_ONLY
evacuation_parking,parking:277d4a284a4e09b513da,경상북도,구미시,형곡1동행정복지센터,경상북도 구미시 경은로 52,경상북도 구미시 형곡동 141-5,36.11399246,128.3344274,부설,8,평일+토요일+공휴일,00:00,23:59,무료,경상북도 구미시청,2026-04-16,,,,,false,전국주차장정보표준데이터,https://www.data.go.kr/data/15012896/standard.do,SOURCE_ONLY
evacuation_parking,parking:28002174f14ff2839b14,경상북도,구미시,문화예술회관 주차장,경상북도 구미시 송정대로 89,경상북도 구미시 송정동 75,36.11837776,128.3489815,부설,120,평일,08:00,20:00,유료,구미도시공사 주차시설팀,2026-04-17,,,,,false,전국주차장정보표준데이터,https://www.data.go.kr/data/15012896/standard.do,SOURCE_ONLY
evacuation_parking,parking:29db017e404cb85ae94d,경상북도,구미시,시민행복주차장(옥계성당 인근),,경상북도 구미시 옥계동 1049번지,36.14508029,128.421133,노외,11,평일+토요일+공휴일,00:00,23:59,무료,경상북도 구미시청,2026-04-16,,,,,false,전국주차장정보표준데이터,https://www.data.go.kr/data/15012896/standard.do,SOURCE_ONLY
evacuation_parking,parking:2a8bc3e9ad677cd45195,경상북도,구미시,선주원남동행정복지센터,경상북도 구미시 봉곡로 42,경상북도 구미시 봉곡동 541-1,36.14258274,128.3104113,부설,14,평일+토요일+공휴일,00:00,23:59,무료,경상북도 구미시청,2026-04-16,,,,,false,전국주차장정보표준데이터,https://www.data.go.kr/data/15012896/standard.do,SOURCE_ONLY
evacuation_parking,parking:2b02b0d8d0af0ec478f0,경상북도,구미시,동락공원,경상북도 구미시 3공단1로 219,경상북도 구미시 진평동 704,36.10233664,128.4011831,노외,573,평일+토요일+공휴일,00:00,23:59,무료,경상북도 구미시청,2026-04-16,,,,,false,전국주차장정보표준데이터,https://www.data.go.kr/data/15012896/standard.do,SOURCE_ONLY
evacuation_parking,parking:2b6a4b7de19a27380c3c,경상북도,구미시,구미치매안심센터,,경상북도 구미시 지산동 853-141번지,36.13949728,128.3455203,부설,13,평일+토요일+공휴일,00:00,23:59,무료,경상북도 구미시청,2026-04-16,,,,,false,전국주차장정보표준데이터,https://www.data.go.kr/data/15012896/standard.do,SOURCE_ONLY
evacuation_parking,parking:2bf76563bb3c977fd5ae,경상북도,구미시,금오천 주차장(3공영주차장),경상북도 구미시 금오산로 53-9,경상북도 구미시 원평동 964-604,36.1272621,128.3380952,노외,215,평일,08:00,23:59,유료,경상북도 구미시청,2026-04-16,,,,,false,전국주차장정보표준데이터,https://www.data.go.kr/data/15012896/standard.do,SOURCE_ONLY
evacuation_parking,parking:2d283866f90e602d7ca0,경상북도,구미시,시민행복주차장(구미고등학교 인근),,경상북도 구미시 도량동 555-10번지,36.13722345,128.3316637,노외,8,평일+토요일+공휴일,00:00,23:59,무료,경상북도 구미시청,2026-04-16,,,,,false,전국주차장정보표준데이터,https://www.data.go.kr/data/15012896/standard.do,SOURCE_ONLY
evacuation_parking,parking:2f621d79e6f36ce74802,경상북도,구미시,광평천 5주차장,경상북도 구미시 신시로 14길,경상북도 구미시 송정동 505,36.115978,128.340623,노외,136,평일,08:00,23:59,유료,구미도시공사 주차시설팀,2026-04-17,,,,,false,전국주차장정보표준데이터,https://www.data.go.kr/data/15012896/standard.do,SOURCE_ONLY
evacuation_parking,parking:2f65444628f9ea60d28d,경상북도,구미시,시민행복주차장(선주원남 행정복지센터 인근),,경상북도 구미시 봉곡동 542-2번지,36.14253329,128.3108784,노외,13,평일+토요일+공휴일,00:00,23:59,무료,경상북도 구미시청,2026-04-16,,,,,false,전국주차장정보표준데이터,https://www.data.go.kr/data/15012896/standard.do,SOURCE_ONLY
evacuation_parking,parking:308376840ac99c5a7e6a,경상북도,구미시,시민행복주차장(송라공원 인근),,경상북도 구미시 송정동 480-1번지,36.116758,128.346002,노외,12,평일+토요일+공휴일,00:00,23:59,무료,경상북도 구미시청,2026-04-16,,,,,false,전국주차장정보표준데이터,https://www.data.go.kr/data/15012896/standard.do,SOURCE_ONLY
evacuation_parking,parking:30860a81319b40e93bdd,경상북도,구미시,해평면복지회관,,경상북도 구미시 해평면 월호리 484-18번지,36.19820613,128.3919925,부설,14,평일+토요일+공휴일,00:00,23:59,무료,경상북도 구미시청,2026-04-16,,,,,false,전국주차장정보표준데이터,https://www.data.go.kr/data/15012896/standard.do,SOURCE_ONLY
evacuation_parking,parking:32cd3e24a69b3b5c34ef,경상북도,구미시,시민행복주차장(칠성주택단지 내),,경상북도 구미시 원평동 937-45번지,36.12302642,128.3572389,노외,10,평일+토요일+공휴일,00:00,23:59,무료,경상북도 구미시청,2026-04-16,,,,,false,전국주차장정보표준데이터,https://www.data.go.kr/data/15012896/standard.do,SOURCE_ONLY
evacuation_parking,parking:330464cfa92c6fbc6f8a,경상북도,구미시,근로자종합복지회관,경상북도 구미시 산호대로 243,경상북도 구미시 공단동 256-17,36.10555959,128.3839007,부설,116,평일+토요일+공휴일,00:00,23:59,무료,경상북도 구미시청,2026-04-16,,,,,false,전국주차장정보표준데이터,https://www.data.go.kr/data/15012896/standard.do,SOURCE_ONLY
evacuation_parking,parking:338000882c073072156a,경상북도,구미시,금오천 주차장(2공영주차장),경상북도 구미시 금오산로 53-9,경상북도 구미시 원평동 964-604,36.1272621,128.3380952,노외,143,평일,08:00,23:59,유료,경상북도 구미시청,2026-04-16,,,,,false,전국주차장정보표준데이터,https://www.data.go.kr/data/15012896/standard.do,SOURCE_ONLY
evacuation_parking,parking:34274439aa6c495a6355,경상북도,구미시,원평가로1주차장,경상북도 구미시 금오시장로1길 4,경상북도 구미시 원평동 1029-11,36.12561573,128.3395173,노외,46,평일,09:00,18:00,유료,구미도시공사 주차시설팀,2026-04-17,,,,,false,전국주차장정보표준데이터,https://www.data.go.kr/data/15012896/standard.do,SOURCE_ONLY
evacuation_parking,parking:3582846d29ed9065ecfb,경상북도,구미시,비산동행정복지센터,경상북도 구미시 신비로 177-5,경상북도 구미시 비산동 72-1,36.12371772,128.3810607,부설,14,평일+토요일+공휴일,00:00,23:59,무료,경상북도 구미시청,2026-04-16,,,,,false,전국주차장정보표준데이터,https://www.data.go.kr/data/15012896/standard.do,SOURCE_ONLY
evacuation_parking,parking:361596e5f01d6f6d3d8e,경상북도,구미시,공영주차장(효성로즈빌 옆),,경상북도 구미시 형곡동 318-8번지,36.10469729,128.3363161,노외,10,평일+토요일+공휴일,00:00,23:59,무료,경상북도 구미시청,2026-04-16,,,,,false,전국주차장정보표준데이터,https://www.data.go.kr/data/15012896/standard.do,SOURCE_ONLY
evacuation_parking,parking:375c4c96ea900952dd8b,경상북도,구미시,단계천 공영주차장,경상북도 구미시 선산읍 단계동길 52,경상북도 구미시 선산읍 완전리 432,36.2410957,128.2983433,노외,153,평일+토요일+공휴일,09:00,21:00,유료,경상북도 구미시청,2026-04-16,,,,,false,전국주차장정보표준데이터,https://www.data.go.kr/data/15012896/standard.do,SOURCE_ONLY
evacuation_parking,parking:3801bb2b823d19970a2a,경상북도,구미시,공영주차장(엘지이노텍 앞),,경상북도 구미시 공단동 299-1번지,36.08975278,128.3852032,노외,184,평일+토요일+공휴일,00:00,23:59,무료,경상북도 구미시청,2026-04-16,,,,,false,전국주차장정보표준데이터,https://www.data.go.kr/data/15012896/standard.do,SOURCE_ONLY
evacuation_parking,parking:381a7860ff28209b3574,경상북도,구미시,시민행복주차장(형곡초등학교 인근),,경상북도 구미시 형곡동 190-12번지,36.108055,128.3375,노외,5,평일+토요일+공휴일,00:00,23:59,무료,경상북도 구미시청,2026-04-16,,,,,false,전국주차장정보표준데이터,https://www.data.go.kr/data/15012896/standard.do,SOURCE_ONLY
evacuation_parking,parking:38ab8220a522a16ae03d,경상북도,구미시,시민행복주차장(강변코오롱하늘채 인근),,경상북도 구미시 비산동 446번지,36.12236785,128.3752548,노외,19,평일+토요일+공휴일,00:00,23:59,무료,경상북도 구미시청,2026-04-16,,,,,false,전국주차장정보표준데이터,https://www.data.go.kr/data/15012896/standard.do,SOURCE_ONLY
evacuation_parking,parking:3936c95b38d2602b868a,경상북도,구미시,신평2동행정복지센터,경상북도 구미시 신비로7길 9,경상북도 구미시 신평동 산 17-7,36.12315138,128.3657024,부설,6,평일+토요일+공휴일,00:00,23:59,무료,경상북도 구미시청,2026-04-16,,,,,false,전국주차장정보표준데이터,https://www.data.go.kr/data/15012896/standard.do,SOURCE_ONLY
evacuation_parking,parking:39f8a90d1b29d4552191,경상북도,구미시,선산청소년수련원,경상북도 구미시 선산읍 단계동길 270,경상북도 구미시 선산읍 노상리 333-2,36.259156,128.2900191,부설,175,평일+토요일+공휴일,00:00,23:59,무료,경상북도 구미시청,2026-04-16,,,,,false,전국주차장정보표준데이터,https://www.data.go.kr/data/15012896/standard.do,SOURCE_ONLY
evacuation_parking,parking:3a134e7feae49b666f52,경상북도,구미시,선산보건소,,경상북도 구미시 선산읍 동부리 700-1번지,36.24396648,128.2997925,부설,12,평일+토요일+공휴일,00:00,23:59,무료,경상북도 구미시청,2026-04-16,,,,,false,전국주차장정보표준데이터,https://www.data.go.kr/data/15012896/standard.do,SOURCE_ONLY
evacuation_parking,parking:3a57254a953c9393e169,경상북도,구미시,시민행복주차장(시립도서관 인근),,경상북도 구미시 형곡동 113-6번지,36.11514956,128.3359209,노외,13,평일+토요일+공휴일,00:00,23:59,무료,경상북도 구미시청,2026-04-16,,,,,false,전국주차장정보표준데이터,https://www.data.go.kr/data/15012896/standard.do,SOURCE_ONLY
evacuation_parking,parking:3ae4331431b74e1d39a1,경상북도,구미시,시민행복주차장(우림필유아파트 인근),,경상북도 구미시 비산동 456-1번지,36.1219949,128.3742391,노외,76,평일+토요일+공휴일,00:00,23:59,무료,경상북도 구미시청,2026-04-16,,,,,false,전국주차장정보표준데이터,https://www.data.go.kr/data/15012896/standard.do,SOURCE_ONLY
evacuation_parking,parking:3bab961c6b7a91ddfcbd,경상북도,구미시,선산출장소,경상북도 구미시 선산읍 선산중앙로 83-2,경상북도 구미시 선산읍 동부리 542-3,36.24369619,128.2998685,부설,71,평일+토요일+공휴일,00:00,23:59,무료,경상북도 구미시청,2026-04-16,,,,,false,전국주차장정보표준데이터,https://www.data.go.kr/data/15012896/standard.do,SOURCE_ONLY
evacuation_parking,parking:3bf3d1063a1704c4e4f9,경상북도,구미시,원평가로5주차장,경상북도 구미시 송원서로2길,경상북도 구미시 원평동 1061,36.12270405,128.3469582,노외,75,평일,09:00,18:00,유료,구미도시공사 주차시설팀,2026-04-17,,,,,false,전국주차장정보표준데이터,https://www.data.go.kr/data/15012896/standard.do,SOURCE_ONLY
evacuation_parking,parking:3e6d28019849dd8486d8,경상북도,구미시,공영주차장(황상 중앙시장),,경상북도 구미시 인의동 821-7번지,36.11368741,128.4257006,노외,40,평일+토요일+공휴일,00:00,23:59,무료,경상북도 구미시청,2026-04-16,,,,,false,전국주차장정보표준데이터,https://www.data.go.kr/data/15012896/standard.do,SOURCE_ONLY
evacuation_parking,parking:3f1b630c263209f0acca,경상북도,구미시,시민행복주차장(코아루 아파트 인근),,경상북도 구미시 봉곡동 131-2번지,36.15728313,128.3066573,노외,17,평일+토요일+공휴일,00:00,23:59,무료,경상북도 구미시청,2026-04-16,,,,,false,전국주차장정보표준데이터,https://www.data.go.kr/data/15012896/standard.do,SOURCE_ONLY
evacuation_parking,parking:40c90116766ec879e2f7,경상북도,구미시,공영주차장(아이파크 인근),,경상북도 구미시 원평동 1136번지,36.129783,128.3353799,노외,19,평일+토요일+공휴일,00:00,23:59,무료,경상북도 구미시청,2026-04-16,,,,,false,전국주차장정보표준데이터,https://www.data.go.kr/data/15012896/standard.do,SOURCE_ONLY
evacuation_parking,parking:413a39c195ca200953f4,경상북도,구미시,산동읍 확장단지 대체주차장,,경상북도 구미시 산동읍 신당리 1466번지,36.15498532,128.4344074,노외,170,평일+토요일+공휴일,00:00,23:59,무료,경상북도 구미시청,2026-04-16,,,,,false,전국주차장정보표준데이터,https://www.data.go.kr/data/15012896/standard.do,SOURCE_ONLY
evacuation_parking,parking:41729443ebd700c59919,경상북도,구미시,금오산 공영주차장(제3주차장)-비둘기집앞,,경상북도 구미시 남통동 268번지,36.11271199,128.314857,노외,128,평일+토요일+공휴일,08:30,17:30,유료,경상북도 구미시청,2026-04-16,,,,,false,전국주차장정보표준데이터,https://www.data.go.kr/data/15012896/standard.do,SOURCE_ONLY
evacuation_parking,parking:41b0c2cf949342287462,경상북도,구미시,공영주차장(곽선호 빵공방 인근),,경상북도 구미시 송정동 23-3번지,36.118033,128.340053,노외,32,평일+토요일+공휴일,00:00,23:59,무료,경상북도 구미시청,2026-04-16,,,,,false,전국주차장정보표준데이터,https://www.data.go.kr/data/15012896/standard.do,SOURCE_ONLY
evacuation_parking,parking:41dab950f6bbf09d2ad5,경상북도,구미시,광평동행정복지센터,경상북도 구미시 광평길 55,경상북도 구미시 광평동 532-7,36.10469963,128.3660711,부설,5,평일+토요일+공휴일,00:00,23:59,무료,경상북도 구미시청,2026-04-16,,,,,false,전국주차장정보표준데이터,https://www.data.go.kr/data/15012896/standard.do,SOURCE_ONLY
evacuation_parking,parking:426600695fee4f55d6d1,경상북도,구미시,공영주차장(제이엠테크 옆),,경상북도 구미시 공단동 296-34번지,36.09514823,128.3905326,노외,26,평일+토요일+공휴일,00:00,23:59,무료,경상북도 구미시청,2026-04-16,,,,,false,전국주차장정보표준데이터,https://www.data.go.kr/data/15012896/standard.do,SOURCE_ONLY
evacuation_parking,parking:42976209ca1f49fc2c6b,경상북도,구미시,시민행복주차장(신평2동 행정복지센터 인근),,경상북도 구미시 신평동 70-216번지,36.12402929,128.3655228,노외,11,평일+토요일+공휴일,00:00,23:59,무료,경상북도 구미시청,2026-04-16,,,,,false,전국주차장정보표준데이터,https://www.data.go.kr/data/15012896/standard.do,SOURCE_ONLY
evacuation_parking,parking:43081d37a451e9ce20e8,경상북도,구미시,광평천 주차장(5공영주차장),,경상북도 구미시 송정동 505번지,36.11616508,128.3491387,노외,136,평일,08:00,23:59,유료,경상북도 구미시청,2026-04-16,,,,,false,전국주차장정보표준데이터,https://www.data.go.kr/data/15012896/standard.do,SOURCE_ONLY
evacuation_parking,parking:442337a054ff4dbe1b3e,경상북도,구미시,시민행복주차장(선산터미널 건너편),,경상북도 구미시 선산읍 동부리 312-3번지,36.240561,128.302688,노외,22,평일+토요일+공휴일,00:00,23:59,무료,경상북도 구미시청,2026-04-16,,,,,false,전국주차장정보표준데이터,https://www.data.go.kr/data/15012896/standard.do,SOURCE_ONLY
evacuation_parking,parking:44f497d22e898322b473,경상북도,구미시,금오산 공영주차장(제4주차장)-금오랜드앞,,경상북도 구미시 남통동 251-2번지,36.11330434,128.3155849,노외,69,평일+토요일+공휴일,08:30,17:30,유료,경상북도 구미시청,2026-04-16,,,,,false,전국주차장정보표준데이터,https://www.data.go.kr/data/15012896/standard.do,SOURCE_ONLY
evacuation_parking,parking:46271686bb22e34c7685,경상북도,구미시,시민행복주차장(선산읍 행정복지센터 인근 ),,경상북도 구미시 선산읍 완전리 92번지,36.24200567,128.2988436,노외,96,평일+토요일+공휴일,00:00,23:59,무료,경상북도 구미시청,2026-04-16,,,,,false,전국주차장정보표준데이터,https://www.data.go.kr/data/15012896/standard.do,SOURCE_ONLY
evacuation_parking,parking:4644d089e8381a2cdbef,경상북도,구미시,시민행복주차장(옥계 휴먼시아 인근),,경상북도 구미시 옥계동 1251번지,36.14219015,128.4230202,노외,10,평일+토요일+공휴일,00:00,23:59,무료,경상북도 구미시청,2026-04-16,,,,,false,전국주차장정보표준데이터,https://www.data.go.kr/data/15012896/standard.do,SOURCE_ONLY
evacuation_parking,parking:46e73037a85574f18d88,경상북도,구미시,신평1동행정복지센터,경상북도 구미시 칠성로 32,경상북도 구미시 신평동 150-30,36.12088287,128.3592612,부설,18,평일+토요일+공휴일,00:00,23:59,무료,경상북도 구미시청,2026-04-16,,,,,false,전국주차장정보표준데이터,https://www.data.go.kr/data/15012896/standard.do,SOURCE_ONLY
evacuation_parking,parking:48284f97c9dc9bc1f305,경상북도,구미시,임오동행정복지센터,경상북도 구미시 임은길 61,경상북도 구미시 임은동 371-4,36.08928055,128.3692704,부설,13,평일+토요일+공휴일,00:00,23:59,무료,경상북도 구미시청,2026-04-16,,,,,false,전국주차장정보표준데이터,https://www.data.go.kr/data/15012896/standard.do,SOURCE_ONLY
evacuation_parking,parking:48a60fc896fec230f5f9,경상북도,구미시,장천면행정복지센터,경상북도 구미시 장천면 강동로 184,경상북도 구미시 장천면 상장리 720-1,36.12579734,128.4953277,부설,20,평일+토요일+공휴일,00:00,23:59,무료,경상북도 구미시청,2026-04-16,,,,,false,전국주차장정보표준데이터,https://www.data.go.kr/data/15012896/standard.do,SOURCE_ONLY
evacuation_parking,parking:496f69358586344219d1,경상북도,구미시,금오산 공영주차장(제5주차장)-저수지밑,경상북도 구미시 금오산로 218,경상북도 구미시 남통동 164-1,36.11997866,128.3209145,노외,789,평일+토요일+공휴일,00:00,04:00,유료,경상북도 구미시청,2026-04-16,,,,,false,전국주차장정보표준데이터,https://www.data.go.kr/data/15012896/standard.do,SOURCE_ONLY
evacuation_parking,parking:49b93511868b7d48d402,경상북도,구미시,시민행복주차장(신기초등학교 인근),,경상북도 구미시 신평동 70-46번지,36.12529834,128.367645,노외,7,평일+토요일+공휴일,00:00,23:59,무료,경상북도 구미시청,2026-04-16,,,,,false,전국주차장정보표준데이터,https://www.data.go.kr/data/15012896/standard.do,SOURCE_ONLY
evacuation_parking,parking:4a998a22e6c1e2187e1d,경상북도,구미시,시민행복주차장(인의초등학교 인근),,경상북도 구미시 인의동 654-5번지,36.10129311,128.4275159,노외,29,평일+토요일+공휴일,00:00,23:59,무료,경상북도 구미시청,2026-04-16,,,,,false,전국주차장정보표준데이터,https://www.data.go.kr/data/15012896/standard.do,SOURCE_ONLY
evacuation_parking,parking:4e0a92ca39580135e03b,경상북도,구미시,광평천 주차장(1공영주차장),,경상북도 구미시 송정동 505번지,36.11616508,128.3491387,노외,186,평일,08:00,23:59,유료,경상북도 구미시청,2026-04-16,,,,,false,전국주차장정보표준데이터,https://www.data.go.kr/data/15012896/standard.do,SOURCE_ONLY
evacuation_parking,parking:4f8ffc413f6490eadde8,경상북도,구미시,시민운동장,경상북도 구미시 박정희로 375-20,경상북도 구미시 광평동 216,36.11158422,128.3541355,부설,236,평일+토요일+공휴일,00:00,23:59,무료,경상북도 구미시청,2026-04-16,,,,,false,전국주차장정보표준데이터,https://www.data.go.kr/data/15012896/standard.do,SOURCE_ONLY
evacuation_parking,parking:523984d5ec6a4d542695,경상북도,구미시,시민행복주차장(구미원당초등학교 인근),,경상북도 구미시 옥계동 1167번지,36.14388826,128.423141,노외,8,평일+토요일+공휴일,00:00,23:59,무료,경상북도 구미시청,2026-04-16,,,,,false,전국주차장정보표준데이터,https://www.data.go.kr/data/15012896/standard.do,SOURCE_ONLY
evacuation_parking,parking:52598268c17e6169aeb2,경상북도,구미시,시청 제2주차장,,경상북도 구미시 송정동 3-4번지,36.12259098,128.3421779,노외,243,평일+토요일+공휴일,00:00,23:59,무료,경상북도 구미시청,2026-04-16,,,,,false,전국주차장정보표준데이터,https://www.data.go.kr/data/15012896/standard.do,SOURCE_ONLY
evacuation_parking,parking:543748584d5fded90848,경상북도,구미시,시민행복주차장(세양 청마루 인근),,경상북도 구미시 봉곡동 57-8번지,36.1582279,128.3067675,노외,21,평일+토요일+공휴일,00:00,23:59,무료,경상북도 구미시청,2026-04-16,,,,,false,전국주차장정보표준데이터,https://www.data.go.kr/data/15012896/standard.do,SOURCE_ONLY
evacuation_parking,parking:547df876de797ab4d818,경상북도,구미시,선산도서관,경상북도 구미시 선산읍 선산대로 1400-16,경상북도 구미시 선산읍 동부리 318-3,36.23882067,128.3048733,부설,53,평일+토요일+공휴일,00:00,23:59,무료,경상북도 구미시청,2026-04-16,,,,,false,전국주차장정보표준데이터,https://www.data.go.kr/data/15012896/standard.do,SOURCE_ONLY
evacuation_parking,parking:54c884b2ccebe8e8b25c,경상북도,구미시,시민행복주차장(금오공고 주차장),경상북도 구미시 신비로 88,경상북도 구미시 공단동 111,36.11994755,128.3711858,노외,148,평일+토요일+공휴일,00:00,23:59,무료,경상북도 구미시청,2026-04-16,,,,,false,전국주차장정보표준데이터,https://www.data.go.kr/data/15012896/standard.do,SOURCE_ONLY
evacuation_parking,parking:54d194ef3b67b77e0a30,경상북도,구미시,공영주차장(지성공원 옆),,경상북도 구미시 봉곡동 151-2번지,36.15546466,128.3076257,노외,35,평일+토요일+공휴일,00:00,23:59,무료,경상북도 구미시청,2026-04-16,,,,,false,전국주차장정보표준데이터,https://www.data.go.kr/data/15012896/standard.do,SOURCE_ONLY
evacuation_parking,parking:5572cccb3c544500c1b4,경상북도,구미시,시민행복주차장(선주고등학교 인근),,경상북도 구미시 봉곡동 14-2번지,36.1401233,128.312617,노외,18,평일+토요일+공휴일,00:00,23:59,무료,경상북도 구미시청,2026-04-16,,,,,false,전국주차장정보표준데이터,https://www.data.go.kr/data/15012896/standard.do,SOURCE_ONLY
evacuation_parking,parking:57639d793b4d9fd4d4bb,경상북도,구미시,시민행복주차장(선산읍 행정복지센터 인근),,경상북도 구미시 선산읍 완전리 59-2번지,36.24334649,128.2988626,노외,65,평일+토요일+공휴일,00:00,23:59,무료,경상북도 구미시청,2026-04-16,,,,,false,전국주차장정보표준데이터,https://www.data.go.kr/data/15012896/standard.do,SOURCE_ONLY
evacuation_parking,parking:581d4bfe84a51ef04e95,경상북도,구미시,시민행복주차장(진평초등학교 인근),경상북도 구미시 인동28길 43,경상북도 구미시 진평동 1050-1,36.09298995,128.426022,노외,42,평일+토요일+공휴일,00:00,23:59,무료,경상북도 구미시청,2026-04-16,,,,,false,전국주차장정보표준데이터,https://www.data.go.kr/data/15012896/standard.do,SOURCE_ONLY
evacuation_parking,parking:593e4bd4246eac3d9573,경상북도,구미시,광평천 1주차장,경상북도 구미시 신시로 14길,경상북도 구미시 송정동 505,36.114714,128.352852,노외,184,평일,08:00,23:59,유료,구미도시공사 주차시설팀,2026-04-17,,,,,false,전국주차장정보표준데이터,https://www.data.go.kr/data/15012896/standard.do,SOURCE_ONLY
evacuation_parking,parking:5af479538bf674fab8c9,경상북도,구미시,형곡2동행정복지센터,경상북도 구미시 형곡로 180,경상북도 구미시 형곡동 315-5,36.10625129,128.3355113,부설,30,평일+토요일+공휴일,00:00,23:59,무료,경상북도 구미시청,2026-04-16,,,,,false,전국주차장정보표준데이터,https://www.data.go.kr/data/15012896/standard.do,SOURCE_ONLY
evacuation_parking,parking:5b354717d419b468fba2,경상북도,구미시,시민행복주차장(신기초 인근),경상북도 구미시 신비로3길 32-15,경상북도 구미시 신평동 70-33,36.12559653,128.3656308,노외,12,평일+토요일+공휴일,00:00,23:59,무료,경상북도 구미시청,2026-04-16,,,,,false,전국주차장정보표준데이터,https://www.data.go.kr/data/15012896/standard.do,SOURCE_ONLY
evacuation_parking,parking:5e97c4244ed1ae6803e1,경상북도,구미시,농업기술센터,경상북도 구미시 선산읍 김선로 963,경상북도 구미시 선산읍 이문리 509,36.2335276,128.2901874,부설,40,평일+토요일+공휴일,00:00,23:59,무료,경상북도 구미시청,2026-04-16,,,,,false,전국주차장정보표준데이터,https://www.data.go.kr/data/15012896/standard.do,SOURCE_ONLY
evacuation_parking,parking:6140e5a9dbceca37d7e4,경상북도,구미시,시민행복주차장(황상공원 인근),,경상북도 구미시 황상동 268-8번지,36.11208692,128.4233071,노외,23,평일+토요일+공휴일,00:00,23:59,무료,경상북도 구미시청,2026-04-16,,,,,false,전국주차장정보표준데이터,https://www.data.go.kr/data/15012896/standard.do,SOURCE_ONLY
evacuation_parking,parking:63053cb14f7f0174859d,경상북도,구미시,시민행복주차장(구미종합터미널 인근),,경상북도 구미시 송정동 443-1번지,36.12073153,128.3525423,노외,27,평일+토요일+공휴일,00:00,23:59,무료,경상북도 구미시청,2026-04-16,,,,,false,전국주차장정보표준데이터,https://www.data.go.kr/data/15012896/standard.do,SOURCE_ONLY
evacuation_parking,parking:632500e14d99cdd2bf31,경상북도,구미시,공영주차장(선산다이소 인근),,경상북도 구미시 선산읍 동부리 864번지,36.24224708,128.3058097,노외,20,평일+토요일+공휴일,00:00,23:59,무료,경상북도 구미시청,2026-04-16,,,,,false,전국주차장정보표준데이터,https://www.data.go.kr/data/15012896/standard.do,SOURCE_ONLY
evacuation_parking,parking:63551c66de7f888046f7,경상북도,구미시,시민행복주차장(두꺼비 공원 인근),,경상북도 구미시 구평동 1084번지,36.0893882,128.4450109,노외,93,평일+토요일+공휴일,00:00,23:59,무료,경상북도 구미시청,2026-04-16,,,,,false,전국주차장정보표준데이터,https://www.data.go.kr/data/15012896/standard.do,SOURCE_ONLY
evacuation_parking,parking:635f16baf73d805005cb,경상북도,구미시,공영주차장(양포파출소 인근),,경상북도 구미시 옥계동 553-6번지,36.1476031,128.4174006,노외,31,평일+토요일+공휴일,00:00,23:59,무료,경상북도 구미시청,2026-04-16,,,,,false,전국주차장정보표준데이터,https://www.data.go.kr/data/15012896/standard.do,SOURCE_ONLY
evacuation_parking,parking:637a166caab199b7ed55,경상북도,구미시,보조경기장 지하주차장,경상북도 구미시 박정희로 375-20,경상북도 구미시 광평동 216,36.11158422,128.3541355,부설,440,평일+토요일+공휴일,00:00,23:59,무료,경상북도 구미시청,2026-04-16,,,,,false,전국주차장정보표준데이터,https://www.data.go.kr/data/15012896/standard.do,SOURCE_ONLY
evacuation_parking,parking:63c4642fb60dde173f31,경상북도,구미시,시민행복주차장(강동 요양병원 인근),,경상북도 구미시 진평동 44-3번지,36.09660468,128.4244378,노외,41,평일+토요일+공휴일,00:00,23:59,무료,경상북도 구미시청,2026-04-16,,,,,false,전국주차장정보표준데이터,https://www.data.go.kr/data/15012896/standard.do,SOURCE_ONLY
evacuation_parking,parking:63d05a896100c97e085c,경상북도,구미시,시민행복주차장(선산문화회관 인근),,경상북도 구미시 선산읍 동부리 507번지,36.243797,128.304865,노외,17,평일+토요일+공휴일,00:00,23:59,무료,경상북도 구미시청,2026-04-16,,,,,false,전국주차장정보표준데이터,https://www.data.go.kr/data/15012896/standard.do,SOURCE_ONLY
evacuation_parking,parking:6497b0327887f24dd523,경상북도,구미시,도량동 제1공영주차장,,경상북도 구미시 도량동 110번지,36.145853,128.319787,노외,39,평일+토요일+공휴일,00:00,23:59,무료,경상북도 구미시청,2026-04-16,,,,,false,전국주차장정보표준데이터,https://www.data.go.kr/data/15012896/standard.do,SOURCE_ONLY
evacuation_parking,parking:65d9cf328b281d6ae79f,경상북도,구미시,송정 공영주차장,경상북도 구미시 신시로 10길,경상북도 구미시 형곡동 산1-4번지,36.1154833,128.3422002,노외,46,평일,08:00,23:59,유료,구미도시공사 주차시설팀,2026-04-17,,,,,false,전국주차장정보표준데이터,https://www.data.go.kr/data/15012896/standard.do,SOURCE_ONLY
evacuation_parking,parking:68b9825f936f9ab95ddb,경상북도,구미시,민방위교육장,,경상북도 구미시 사곡동 603-257번지,36.09826001,128.3528553,부설,90,평일+토요일+공휴일,00:00,23:59,무료,경상북도 구미시청,2026-04-16,,,,,false,전국주차장정보표준데이터,https://www.data.go.kr/data/15012896/standard.do,SOURCE_ONLY
evacuation_parking,parking:68e73ebffacfb4755ca8,경상북도,구미시,공영주차장(고아읍 행정민원출장소 인근),,경상북도 구미시 고아읍 원호리 445번지,36.14974655,128.3312007,노외,17,평일+토요일+공휴일,00:00,23:59,무료,경상북도 구미시청,2026-04-16,,,,,false,전국주차장정보표준데이터,https://www.data.go.kr/data/15012896/standard.do,SOURCE_ONLY
evacuation_parking,parking:696ed02161b134a341a3,경상북도,구미시,시민행복주차장(왕산초등학교 인근),경상북도 구미시 임은길 22-5,경상북도 구미시 임은동 327,36.08753051,128.365617,노외,17,평일+토요일+공휴일,00:00,23:59,무료,경상북도 구미시청,2026-04-16,,,,,false,전국주차장정보표준데이터,https://www.data.go.kr/data/15012896/standard.do,SOURCE_ONLY
evacuation_parking,parking:6a5c54e0549178e6d168,경상북도,구미시,시민행복주차장(공단동 행정복지센터 인근),경상북도 구미시 1공단로 198-14,경상북도 구미시 공단동 265-29,36.10071758,128.3837459,노외,101,평일+토요일+공휴일,00:00,23:59,무료,경상북도 구미시청,2026-04-16,,,,,false,전국주차장정보표준데이터,https://www.data.go.kr/data/15012896/standard.do,SOURCE_ONLY
evacuation_parking,parking:6d32dfefb9a423bbe47b,경상북도,구미시,시민행복주차장(옥계 휴먼시아 인근),,경상북도 구미시 옥계동 1250번지,36.14219097,128.423127,노외,14,평일+토요일+공휴일,00:00,23:59,무료,경상북도 구미시청,2026-04-16,,,,,false,전국주차장정보표준데이터,https://www.data.go.kr/data/15012896/standard.do,SOURCE_ONLY
evacuation_parking,parking:6df0fadfa088cf4b70fa,경상북도,구미시,사곡역 후문 공영주차장,,경상북도 구미시 사곡동 603-349번지,36.0997349,128.35511,노외,58,평일+토요일+공휴일,00:00,23:59,무료,경상북도 구미시청,2026-04-16,,,,,false,전국주차장정보표준데이터,https://www.data.go.kr/data/15012896/standard.do,SOURCE_ONLY
evacuation_parking,parking:6ef72b1b72c1820db6c5,경상북도,구미시,공영주차장(원호프루지오 인근),,경상북도 구미시 고아읍 원호리 646번지,36.15594369,128.336846,노외,107,평일+토요일+공휴일,00:00,23:59,무료,경상북도 구미시청,2026-04-16,,,,,false,전국주차장정보표준데이터,https://www.data.go.kr/data/15012896/standard.do,SOURCE_ONLY
evacuation_parking,parking:6f1f788a67fa7f6ea4a3,경상북도,구미시,시청주차장,경상북도 구미시 송정대로 55,경상북도 구미시 송정동 50,36.12001528,128.3438213,부설,529,평일,08:00,23:59,유료,구미도시공사 주차시설팀,2026-04-17,,,,,false,전국주차장정보표준데이터,https://www.data.go.kr/data/15012896/standard.do,SOURCE_ONLY
evacuation_parking,parking:73094b0d683fb618b2d1,경상북도,구미시,시민행복주차장(남계초등학교 인근),경상북도 구미시 고아읍 선산대로 602,경상북도 구미시 고아읍 봉한리 911-113,36.18302113,128.3506242,노외,130,평일+토요일+공휴일,00:00,23:59,무료,경상북도 구미시청,2026-04-16,,,,,false,전국주차장정보표준데이터,https://www.data.go.kr/data/15012896/standard.do,SOURCE_ONLY
evacuation_parking,parking:78a85de526e2f45899eb,경상북도,구미시,시민행복주차장(쌍용예가 아파트 인근),,경상북도 구미시 산동읍 신당리 1803번지,36.16059793,128.4255947,노외,117,평일+토요일+공휴일,00:00,23:59,무료,경상북도 구미시청,2026-04-16,,,,,false,전국주차장정보표준데이터,https://www.data.go.kr/data/15012896/standard.do,SOURCE_ONLY
evacuation_parking,parking:79266e1fbf9d4016915b,경상북도,구미시,공영주차장(서부중기 인근),,경상북도 구미시 선산읍 화조리 987번지,36.24130221,128.3066125,노외,20,평일+토요일+공휴일,00:00,23:59,무료,경상북도 구미시청,2026-04-16,,,,,false,전국주차장정보표준데이터,https://www.data.go.kr/data/15012896/standard.do,SOURCE_ONLY
evacuation_parking,parking:7ac300bf85079d1866d3,경상북도,구미시,공영주차장(교리공원 인근),,경상북도 구미시 선산읍 동부리 814번지,36.24525868,128.3048537,노외,27,평일+토요일+공휴일,00:00,23:59,무료,경상북도 구미시청,2026-04-16,,,,,false,전국주차장정보표준데이터,https://www.data.go.kr/data/15012896/standard.do,SOURCE_ONLY
evacuation_parking,parking:7c0f19156fd36483a78c,경상북도,구미시,박정희대통령생가,경상북도 구미시 박정희로 99-15,경상북도 구미시 상모동 163,36.08907003,128.3493825,부설,76,평일+토요일+공휴일,00:00,23:59,무료,경상북도 구미시청,2026-04-16,,,,,false,전국주차장정보표준데이터,https://www.data.go.kr/data/15012896/standard.do,SOURCE_ONLY
evacuation_parking,parking:7d0eac42ebd5d406ba91,경상북도,구미시,원평가로6주차장,경상북도 구미시 금오시장로1길 4,경상북도 구미시 원평동 1029-11,36.12195623,128.3498758,노외,70,평일,09:00,18:00,유료,구미도시공사 주차시설팀,2026-04-17,,,,,false,전국주차장정보표준데이터,https://www.data.go.kr/data/15012896/standard.do,SOURCE_ONLY
evacuation_parking,parking:7d2504926a2dce825201,경상북도,구미시,노상주차장(순천향병원 앞),,경상북도 구미시 공단동 254번지,36.10350387,128.3853345,노상,20,평일+토요일+공휴일,00:00,23:59,무료,경상북도 구미시청,2026-04-16,,,,,false,전국주차장정보표준데이터,https://www.data.go.kr/data/15012896/standard.do,SOURCE_ONLY
evacuation_parking,parking:80c712695eec336018b7,경상북도,구미시,구미보건소,경상북도 구미시 선산대로 111,경상북도 구미시 지산동 853-12,36.13993514,128.3459537,부설,21,평일+토요일+공휴일,00:00,23:59,무료,경상북도 구미시청,2026-04-16,,,,,false,전국주차장정보표준데이터,https://www.data.go.kr/data/15012896/standard.do,SOURCE_ONLY
evacuation_parking,parking:80fd9b473ee0f0f1cb6a,경상북도,구미시,시민행복주차장(구미 문성 교회 인근),,경상북도 구미시 고아읍 문성리 1421번지,36.16166227,128.3518002,노외,18,평일+토요일+공휴일,00:00,23:59,무료,경상북도 구미시청,2026-04-16,,,,,false,전국주차장정보표준데이터,https://www.data.go.kr/data/15012896/standard.do,SOURCE_ONLY
evacuation_parking,parking:81ed6ddf16806e407d3b,경상북도,구미시,청소년수련원,경상북도 구미시 해평면 해평4길 12,경상북도 구미시 해평면 해평리 478,36.19757202,128.3702823,부설,110,평일+토요일+공휴일,00:00,23:59,무료,경상북도 구미시청,2026-04-16,,,,,false,전국주차장정보표준데이터,https://www.data.go.kr/data/15012896/standard.do,SOURCE_ONLY
evacuation_parking,parking:83219393d9866c6c355d,경상북도,구미시,양포동행정복지센터,경상북도 구미시 산호대로35길 6,경상북도 구미시 옥계동 794-3,36.13700608,128.4257381,부설,40,평일+토요일+공휴일,00:00,23:59,무료,경상북도 구미시청,2026-04-16,,,,,false,전국주차장정보표준데이터,https://www.data.go.kr/data/15012896/standard.do,SOURCE_ONLY
evacuation_parking,parking:8382b2ed553225fb305a,경상북도,구미시,시민행복주차장(신기초등학교 인근),,경상북도 구미시 신평동 70-86번지,36.12517664,128.3679173,노외,11,평일+토요일+공휴일,00:00,23:59,무료,경상북도 구미시청,2026-04-16,,,,,false,전국주차장정보표준데이터,https://www.data.go.kr/data/15012896/standard.do,SOURCE_ONLY
evacuation_parking,parking:83f1cf674a7aa61d74eb,경상북도,구미시,구미역 후면광장 지하주차장,경상북도 구미시 구미중앙로76,경상북도 구미시 원평동 1008-1,36.12833012,128.3309395,노외,260,평일+토요일+공휴일,00:00,23:59,유료,구미도시공사 주차시설팀,2026-04-17,,,,,false,전국주차장정보표준데이터,https://www.data.go.kr/data/15012896/standard.do,SOURCE_ONLY
evacuation_parking,parking:849fa90c6ede8766eae5,경상북도,구미시,노상주차장(형곡 금호어울림포레 뒷편),,경상북도 구미시 형곡동 227-1번지,36.11537636,128.3366683,노상,21,평일+토요일+공휴일,00:00,23:59,무료,경상북도 구미시청,2026-04-16,,,,,false,전국주차장정보표준데이터,https://www.data.go.kr/data/15012896/standard.do,SOURCE_ONLY
evacuation_parking,parking:852d1d93af5bb71844e0,경상북도,구미시,산동우항공원 공영주차장,경상북도 구미시 신당4로1길 56,경상북도 구미시 산동읍 신당리 2017,36.15387449,128.4316946,노외,233,평일+토요일+공휴일,00:00,23:59,유료,구미도시공사 주차시설팀,2026-04-17,,,,,false,전국주차장정보표준데이터,https://www.data.go.kr/data/15012896/standard.do,SOURCE_ONLY
evacuation_parking,parking:895d84f32353fad59a96,경상북도,구미시,원평동행정복지센터,경상북도 구미시 구미중앙로25길 20,경상북도 구미시 원평동 1026,36.127033,128.3400006,부설,15,평일+토요일+공휴일,00:00,23:59,무료,경상북도 구미시청,2026-04-16,,,,,false,전국주차장정보표준데이터,https://www.data.go.kr/data/15012896/standard.do,SOURCE_ONLY
evacuation_parking,parking:8a5ab3323bdfed52fd59,경상북도,구미시,시민행복주차장,,경상북도 구미시 산동읍 신당리 1652번지,36.1564236,128.438904,노외,18,평일+토요일+공휴일,00:00,23:59,무료,경상북도 구미시청,2026-04-16,,,,,false,전국주차장정보표준데이터,https://www.data.go.kr/data/15012896/standard.do,SOURCE_ONLY
evacuation_parking,parking:8b19c4e7e99a0bb97dee,경상북도,구미시,시민행복주차장(산동읍 중흥 3차 인근),,경상북도 구미시 산동읍 신당리 1654번지,36.156249,128.4388237,노외,18,평일+토요일+공휴일,00:00,23:59,무료,경상북도 구미시청,2026-04-16,,,,,false,전국주차장정보표준데이터,https://www.data.go.kr/data/15012896/standard.do,SOURCE_ONLY
evacuation_parking,parking:8d396f327ff5efaab9f1,경상북도,구미시,원평가로4주차장,경상북도 구미시 송원서로2길,경상북도 구미시 원평동 1040,36.12327996,128.3447111,노외,66,평일,09:00,18:00,유료,구미도시공사 주차시설팀,2026-04-17,,,,,false,전국주차장정보표준데이터,https://www.data.go.kr/data/15012896/standard.do,SOURCE_ONLY
evacuation_parking,parking:8edc1f2a5aab12ca159c,경상북도,구미시,황상복개천,,경상북도 구미시 황상동 248번지,36.11486757,128.4247823,노외,130,평일+토요일+공휴일,00:00,23:59,무료,경상북도 구미시청,2026-04-16,,,,,false,전국주차장정보표준데이터,https://www.data.go.kr/data/15012896/standard.do,SOURCE_ONLY
evacuation_parking,parking:8f6e1bc850c0bd5e5731,경상북도,구미시,단계천주차장(무료),경상북도 구미시 선산읍 단계동길 52,경상북도 구미시 선산읍 완전리 432,36.2410957,128.2983433,노외,459,평일+토요일+공휴일,00:00,23:59,무료,경상북도 구미시청,2026-04-16,,,,,false,전국주차장정보표준데이터,https://www.data.go.kr/data/15012896/standard.do,SOURCE_ONLY
evacuation_parking,parking:901f48693c6f94c3dc71,경상북도,구미시,시민행복주차장(신평시장),,경상북도 구미시 신평동 150-47번지,36.12285752,128.3620028,노외,117,평일+토요일+공휴일,00:00,23:59,무료,경상북도 구미시청,2026-04-16,,,,,false,전국주차장정보표준데이터,https://www.data.go.kr/data/15012896/standard.do,SOURCE_ONLY
evacuation_parking,parking:905f9b16e0f46ffc2409,경상북도,구미시,시민행복주차장(산림조합 인근),,경상북도 구미시 선산읍 완전리 13번지,36.24200536,128.3008581,노외,12,평일+토요일+공휴일,00:00,23:59,무료,경상북도 구미시청,2026-04-16,,,,,false,전국주차장정보표준데이터,https://www.data.go.kr/data/15012896/standard.do,SOURCE_ONLY
evacuation_parking,parking:92bd42c54da22de98595,경상북도,구미시,사곡역 후문주차장,경상북도 구미시 박정희로 236,경상북도 구미시 사곡동 603-349,36.0995798,128.3554192,노외,58,평일+토요일+공휴일,00:00,23:59,무료,구미도시공사 주차시설팀,2026-04-17,,,,,false,전국주차장정보표준데이터,https://www.data.go.kr/data/15012896/standard.do,SOURCE_ONLY
evacuation_parking,parking:947070693e6b97e19139,경상북도,구미시,시민행복주차장(산동읍 중흥 3차 인근),,경상북도 구미시 산동읍 신당리 1548번지,36.157051,128.437282,노외,9,평일+토요일+공휴일,00:00,23:59,무료,경상북도 구미시청,2026-04-16,,,,,false,전국주차장정보표준데이터,https://www.data.go.kr/data/15012896/standard.do,SOURCE_ONLY
evacuation_parking,parking:972141e44cf56aca2654,경상북도,구미시,우항공원 주차장(무료개방),,경상북도 구미시 산동읍 신당리 2017번지,36.15302997,128.431649,노외,67,평일+토요일+공휴일,00:00,23:59,무료,경상북도 구미시청,2026-04-16,,,,,false,전국주차장정보표준데이터,https://www.data.go.kr/data/15012896/standard.do,SOURCE_ONLY
evacuation_parking,parking:97323416b50d1a9a54bf,경상북도,구미시,노상주차장(광평복개천 옆),,경상북도 구미시 송정동 501번지,36.12227993,128.362245,노상,273,평일+토요일+공휴일,00:00,23:59,무료,경상북도 구미시청,2026-04-16,,,,,false,전국주차장정보표준데이터,https://www.data.go.kr/data/15012896/standard.do,SOURCE_ONLY
evacuation_parking,parking:97dc531f05d653b89838,경상북도,구미시,시민행복주차장(산동읍 행정복지센터 인근0,경상북도 구미시 산동읍 강동로 1040,경상북도 구미시 산동읍 적림리 94-6,36.16907352,128.4337221,노외,28,평일+토요일+공휴일,00:00,23:59,무료,경상북도 구미시청,2026-04-16,,,,,false,전국주차장정보표준데이터,https://www.data.go.kr/data/15012896/standard.do,SOURCE_ONLY
evacuation_parking,parking:9875ee4f4ca45fb9b381,경상북도,구미시,공단동사무소 앞 공영주차장,,경상북도 구미시 공단동 264-29번지,36.10038574,128.385359,노외,29,평일,09:00,17:50,유료,경상북도 구미시청,2026-04-16,,,,,false,전국주차장정보표준데이터,https://www.data.go.kr/data/15012896/standard.do,SOURCE_ONLY
evacuation_parking,parking:999f9ac8915a2a3b23b7,경상북도,구미시,노상주차장(공단BS호텔앞),경상북도 구미시 1공단로5길 86-15,경상북도 구미시 공단동 205,36.11024954,128.3770104,노상,60,평일+토요일+공휴일,00:00,23:59,무료,경상북도 구미시청,2026-04-16,,,,,false,전국주차장정보표준데이터,https://www.data.go.kr/data/15012896/standard.do,SOURCE_ONLY
evacuation_parking,parking:9a1057348ed32c5b8487,경상북도,구미시,인동도서관,경상북도 구미시 인동14길 14,경상북도 구미시 진평동 14,36.0994342,128.423668,부설,56,평일+토요일+공휴일,00:00,23:59,무료,경상북도 구미시청,2026-04-16,,,,,false,전국주차장정보표준데이터,https://www.data.go.kr/data/15012896/standard.do,SOURCE_ONLY
evacuation_parking,parking:9a8ad37c5c3c77c48a6f,경상북도,구미시,시민행복주차장(선주초 인근),,경상북도 구미시 봉곡동 232-4번지,36.15177929,128.3120001,노외,12,평일+토요일+공휴일,00:00,23:59,무료,경상북도 구미시청,2026-04-16,,,,,false,전국주차장정보표준데이터,https://www.data.go.kr/data/15012896/standard.do,SOURCE_ONLY
evacuation_parking,parking:9b6b5379cb7c98d2070a,경상북도,구미시,시민행복주차장(황상동 현대아파트 인근),,경상북도 구미시 황상동 268-7번지,36.11209357,128.4231046,노외,15,평일+토요일+공휴일,00:00,23:59,무료,경상북도 구미시청,2026-04-16,,,,,false,전국주차장정보표준데이터,https://www.data.go.kr/data/15012896/standard.do,SOURCE_ONLY
evacuation_parking,parking:9bbb89f73ce1def5ad5e,경상북도,구미시,금오산 공영주차장(제1주차장)-매표소앞,경상북도 구미시 금오산로 400,경상북도 구미시 남통동 산 24-9,36.11021128,128.3097188,노외,76,평일+토요일+공휴일,08:30,17:30,유료,경상북도 구미시청,2026-04-16,,,,,false,전국주차장정보표준데이터,https://www.data.go.kr/data/15012896/standard.do,SOURCE_ONLY
evacuation_parking,parking:9d76742411f369beb0e6,경상북도,구미시,공영주차장(명지공원 인근),,경상북도 구미시 봉곡동 213-6번지,36.15264678,128.3142043,노외,33,평일+토요일+공휴일,00:00,23:59,무료,경상북도 구미시청,2026-04-16,,,,,false,전국주차장정보표준데이터,https://www.data.go.kr/data/15012896/standard.do,SOURCE_ONLY
evacuation_parking,parking:9dfc5de9e9df0b74700c,경상북도,구미시,구평동 공영주차장,경상북도 구미시 인동38길 5-4,경상북도 구미시 구평동 448-1번지,36.09343032,128.4331011,노외,173,평일+토요일+공휴일,00:00,23:59,유료,경상북도 구미시청,2026-04-16,,,,,false,전국주차장정보표준데이터,https://www.data.go.kr/data/15012896/standard.do,SOURCE_ONLY
evacuation_parking,parking:9e0f2bb9436b9c51feac,경상북도,구미시,시민행복주차장(대우전자 사원아파트 인근),,경상북도 구미시 공단동 265-6번지,36.09966115,128.3832391,노외,77,평일+토요일+공휴일,00:00,23:59,무료,경상북도 구미시청,2026-04-16,,,,,false,전국주차장정보표준데이터,https://www.data.go.kr/data/15012896/standard.do,SOURCE_ONLY
evacuation_parking,parking:9e1dd040d56b173ff1ef,경상북도,구미시,광평천 3주차장,경상북도 구미시 신시로 14길,경상북도 구미시 송정동 505,36.11714,128.346012,노외,245,평일,08:00,23:59,유료,구미도시공사 주차시설팀,2026-04-17,,,,,false,전국주차장정보표준데이터,https://www.data.go.kr/data/15012896/standard.do,SOURCE_ONLY
evacuation_parking,parking:9f65e32a7c20ca7f8622,경상북도,구미시,광평천 주차장(3공영주차장),,경상북도 구미시 송정동 501번지,36.11616508,128.3491387,노외,247,평일,08:00,23:59,유료,경상북도 구미시청,2026-04-16,,,,,false,전국주차장정보표준데이터,https://www.data.go.kr/data/15012896/standard.do,SOURCE_ONLY
evacuation_parking,parking:9ffbb7fda77f02a1a19f,경상북도,구미시,도개면행정복지센터,경상북도 구미시 도개면 도안로 103,경상북도 구미시 도개면 궁기리 745-2,36.29927167,128.3307438,부설,19,평일+토요일+공휴일,00:00,23:59,무료,경상북도 구미시청,2026-04-16,,,,,false,전국주차장정보표준데이터,https://www.data.go.kr/data/15012896/standard.do,SOURCE_ONLY
evacuation_parking,parking:a01a1504f5386b0e0b69,경상북도,구미시,해평면행정복지센터,경상북도 구미시 해평면 강동로 1672,경상북도 구미시 해평면 월호리 464-8,36.1998455,128.3913267,부설,14,평일+토요일+공휴일,00:00,23:59,무료,경상북도 구미시청,2026-04-16,,,,,false,전국주차장정보표준데이터,https://www.data.go.kr/data/15012896/standard.do,SOURCE_ONLY
evacuation_parking,parking:a07e80928672711d10d2,경상북도,구미시,시민행복주차장(산동읍 중흥 3차 인근),,경상북도 구미시 산동읍 신당리 1618번지,36.157455,128.438773,노외,12,평일+토요일+공휴일,00:00,23:59,무료,경상북도 구미시청,2026-04-16,,,,,false,전국주차장정보표준데이터,https://www.data.go.kr/data/15012896/standard.do,SOURCE_ONLY
evacuation_parking,parking:a2311b188f1d739e4bbd,경상북도,구미시,인동동행정복지센터,경상북도 구미시 인동15길 42,경상북도 구미시 인의동 1022,36.10425613,128.4291192,부설,105,평일+토요일+공휴일,00:00,23:59,무료,경상북도 구미시청,2026-04-16,,,,,false,전국주차장정보표준데이터,https://www.data.go.kr/data/15012896/standard.do,SOURCE_ONLY
evacuation_parking,parking:a3d305353999a571f36f,경상북도,구미시,공영주차장(세인블루텍 뒤편),,경상북도 구미시 공단동 296-27번지,36.09465247,128.3905366,노외,26,평일+토요일+공휴일,00:00,23:59,무료,경상북도 구미시청,2026-04-16,,,,,false,전국주차장정보표준데이터,https://www.data.go.kr/data/15012896/standard.do,SOURCE_ONLY
evacuation_parking,parking:a3ff9441ec349d0d5e56,경상북도,구미시,광평천 6주차장,경상북도 구미시 신시로 14길,경상북도 구미시 형곡동 266,36.115096,128.33848,노외,124,평일,08:00,23:59,유료,구미도시공사 주차시설팀,2026-04-17,,,,,false,전국주차장정보표준데이터,https://www.data.go.kr/data/15012896/standard.do,SOURCE_ONLY
evacuation_parking,parking:a42ba25e81a41569c2f2,경상북도,구미시,시민행복주차장(대우전자 사원아파트 인근),,경상북도 구미시 공단동 265-4번지,36.09992236,128.3842052,노외,83,평일+토요일+공휴일,00:00,23:59,무료,경상북도 구미시청,2026-04-16,,,,,false,전국주차장정보표준데이터,https://www.data.go.kr/data/15012896/standard.do,SOURCE_ONLY
evacuation_parking,parking:a5055e6f5c1460fdf963,경상북도,구미시,지산동행정복지센터,경상북도 구미시 선산대로 105,경상북도 구미시 지산동 853-156,36.13943304,128.3458167,부설,10,평일+토요일+공휴일,00:00,23:59,무료,경상북도 구미시청,2026-04-16,,,,,false,전국주차장정보표준데이터,https://www.data.go.kr/data/15012896/standard.do,SOURCE_ONLY
evacuation_parking,parking:a52c5c22e2ee42870daf,경상북도,구미시,시민행복주차장(산동읍 중흥 3차 인근),,경상북도 구미시 산동읍 신당리 1637번지,36.156245,128.437627,노외,8,평일+토요일+공휴일,00:00,23:59,무료,경상북도 구미시청,2026-04-16,,,,,false,전국주차장정보표준데이터,https://www.data.go.kr/data/15012896/standard.do,SOURCE_ONLY
evacuation_parking,parking:a55ec21e05dec8ca1229,경상북도,구미시,공영주차장(DB스파월드 앞),,경상북도 구미시 송정동 491-1번지,36.11399494,128.3503499,노외,31,평일+토요일+공휴일,00:00,23:59,무료,경상북도 구미시청,2026-04-16,,,,,false,전국주차장정보표준데이터,https://www.data.go.kr/data/15012896/standard.do,SOURCE_ONLY
evacuation_parking,parking:a5eaf802fac29b34db29,경상북도,구미시,공단동 주차장,경상북도 구미시 산호대로 187,경상북도 구미시 공단동 262,36.10038574,128.385359,노외,23,평일,09:00,18:00,유료,구미도시공사 주차시설팀,2026-04-17,,,,,false,전국주차장정보표준데이터,https://www.data.go.kr/data/15012896/standard.do,SOURCE_ONLY
evacuation_parking,parking:a659655bd11c4c357c18,경상북도,구미시,공단동행정복지센터,경상북도 구미시 비산로 4,경상북도 구미시 공단동 112-2,36.11931264,128.3721979,부설,7,평일+토요일+공휴일,00:00,23:59,무료,경상북도 구미시청,2026-04-16,,,,,false,전국주차장정보표준데이터,https://www.data.go.kr/data/15012896/standard.do,SOURCE_ONLY
evacuation_parking,parking:a76fbcf06c4fe2fc6964,경상북도,구미시,시민행복주차장(진평 먹자골목 인근),,경상북도 구미시 진평동 21-6번지,36.096203,128.427998,노외,12,평일+토요일+공휴일,00:00,23:59,무료,경상북도 구미시청,2026-04-16,,,,,false,전국주차장정보표준데이터,https://www.data.go.kr/data/15012896/standard.do,SOURCE_ONLY
evacuation_parking,parking:a7c411899f5608eea9c7,경상북도,구미시,산동읍행정복지센터,경상북도 구미시 산동읍 적림2길 6-3,경상북도 구미시 산동읍 적림리 127-1,36.16972033,128.4337995,부설,12,평일+토요일+공휴일,00:00,23:59,무료,경상북도 구미시청,2026-04-16,,,,,false,전국주차장정보표준데이터,https://www.data.go.kr/data/15012896/standard.do,SOURCE_ONLY
evacuation_parking,parking:a926fc55bd7f28026d64,경상북도,구미시,공영주차장(대구은행 뒤편),,경상북도 구미시 봉곡동 284-5번지,36.14959919,128.3113077,노외,50,평일+토요일+공휴일,00:00,23:59,무료,경상북도 구미시청,2026-04-16,,,,,false,전국주차장정보표준데이터,https://www.data.go.kr/data/15012896/standard.do,SOURCE_ONLY
evacuation_parking,parking:aa4d476f0b4e8a5d4ec6,경상북도,구미시,박정희체육관,경상북도 구미시 박정희로 375-19,경상북도 구미시 광평동 산 50,36.1104912,128.3539944,부설,1202,평일+토요일+공휴일,00:00,23:59,무료,경상북도 구미시청,2026-04-16,,,,,false,전국주차장정보표준데이터,https://www.data.go.kr/data/15012896/standard.do,SOURCE_ONLY
evacuation_parking,parking:aa6fde2ac4fbafc4ef1f,경상북도,구미시,금오산제4주차장,경상북도 구미시 금오산로 339,경상북도 구미시 남통동 253,36.11330434,128.3155849,노외,69,평일+토요일+공휴일,08:30,17:30,유료,구미도시공사 주차시설팀,2026-04-17,,,,,false,전국주차장정보표준데이터,https://www.data.go.kr/data/15012896/standard.do,SOURCE_ONLY
evacuation_parking,parking:ab7c6a81263b4423ae0a,경상북도,구미시,공영주차장(대우APT 인근),,경상북도 구미시 옥계동 640-3번지,36.13791918,128.4157815,노외,60,평일+토요일+공휴일,00:00,23:59,무료,경상북도 구미시청,2026-04-16,,,,,false,전국주차장정보표준데이터,https://www.data.go.kr/data/15012896/standard.do,SOURCE_ONLY
evacuation_parking,parking:ad48b2b92d463702b11e,경상북도,구미시,송정 공영주차장,,경상북도 구미시 형곡동 855-3번지,36.11522,128.341591,노외,46,평일,08:00,23:59,유료,경상북도 구미시청,2026-04-16,,,,,false,전국주차장정보표준데이터,https://www.data.go.kr/data/15012896/standard.do,SOURCE_ONLY
evacuation_parking,parking:ae3301683adfd45fde1a,경상북도,구미시,시민행복주차장(도봉장로교회 인근),,경상북도 구미시 도량동 319-4번지,36.14210009,128.3215291,노외,7,평일+토요일+공휴일,00:00,23:59,무료,경상북도 구미시청,2026-04-16,,,,,false,전국주차장정보표준데이터,https://www.data.go.kr/data/15012896/standard.do,SOURCE_ONLY
evacuation_parking,parking:aeea6a57354076b9bf17,경상북도,구미시,무을면행정복지센터,,경상북도 구미시 무을면 송삼리 808번지,36.26092175,128.1977206,부설,28,평일+토요일+공휴일,00:00,23:59,무료,경상북도 구미시청,2026-04-16,,,,,false,전국주차장정보표준데이터,https://www.data.go.kr/data/15012896/standard.do,SOURCE_ONLY
evacuation_parking,parking:b36c77bfd51ffdd1695b,경상북도,구미시,공영주차장(도량 4주공 인근),,경상북도 구미시 도량동 816-5번지,36.14513207,128.3237089,노외,100,평일+토요일+공휴일,00:00,23:59,무료,경상북도 구미시청,2026-04-16,,,,,false,전국주차장정보표준데이터,https://www.data.go.kr/data/15012896/standard.do,SOURCE_ONLY
evacuation_parking,parking:b371a389caa1e3474373,경상북도,구미시,시민행복주차장(중앙시장 네거리),경상북도 구미시 산업로 79,경상북도 구미시 원평동 5-5,36.13356545,128.3320591,노외,19,평일+토요일+공휴일,00:00,23:59,무료,경상북도 구미시청,2026-04-16,,,,,false,전국주차장정보표준데이터,https://www.data.go.kr/data/15012896/standard.do,SOURCE_ONLY
evacuation_parking,parking:b740e250c0ac94432c59,경상북도,구미시,시민행복주차장(문성 레이크자이 인근),,경상북도 구미시 고아읍 문성리 1860번지,36.159631,128.348624,노외,17,평일+토요일+공휴일,00:00,23:59,무료,경상북도 구미시청,2026-04-16,,,,,false,전국주차장정보표준데이터,https://www.data.go.kr/data/15012896/standard.do,SOURCE_ONLY
evacuation_parking,parking:bb04d522c8992fed0127,경상북도,구미시,노인종합복지회관,경상북도 구미시 산책길 51,경상북도 구미시 원평동 460-1,36.12355207,128.3306169,부설,53,평일+토요일+공휴일,00:00,23:59,무료,경상북도 구미시청,2026-04-16,,,,,false,전국주차장정보표준데이터,https://www.data.go.kr/data/15012896/standard.do,SOURCE_ONLY
evacuation_parking,parking:bbd88e744d3a45777b8b,경상북도,구미시,원평가로7주차장,경상북도 구미시 송원동로 58,경상북도 구미시 원평동 1074-6,36.12155813,128.351315,노외,56,평일,09:00,18:00,유료,구미도시공사 주차시설팀,2026-04-17,,,,,false,전국주차장정보표준데이터,https://www.data.go.kr/data/15012896/standard.do,SOURCE_ONLY
evacuation_parking,parking:bc7a76b4ad966aee7796,경상북도,구미시,금오천 2주차장,경상북도 구미시 금오산로 53-9,경상북도 구미시 원평동 964-604,36.127517,128.33855,노외,143,평일,08:00,23:59,유료,구미도시공사 주차시설팀,2026-04-17,,,,,false,전국주차장정보표준데이터,https://www.data.go.kr/data/15012896/standard.do,SOURCE_ONLY
evacuation_parking,parking:bdee5ef5746d576680c3,경상북도,구미시,형곡도서관,경상북도 구미시 경은로 85,경상북도 구미시 형곡동 142,36.1137978,128.3352215,부설,23,평일+토요일+공휴일,00:00,23:59,무료,경상북도 구미시청,2026-04-16,,,,,false,전국주차장정보표준데이터,https://www.data.go.kr/data/15012896/standard.do,SOURCE_ONLY
evacuation_parking,parking:bed72ca27d0a4f5a5355,경상북도,구미시,고아읍행정복지센터,경상북도 구미시 고아읍 선산대로 980,경상북도 구미시 고아읍 관심리 621-1,36.21101308,128.3284526,부설,50,평일+토요일+공휴일,00:00,23:59,무료,경상북도 구미시청,2026-04-16,,,,,false,전국주차장정보표준데이터,https://www.data.go.kr/data/15012896/standard.do,SOURCE_ONLY
evacuation_parking,parking:bf73cb6e3b2fd90172d1,경상북도,구미시,옥성승마장,,경상북도 구미시 옥성면 옥관리 산 62번지,36.32647816,128.2772804,부설,106,평일+토요일+공휴일,00:00,23:59,무료,경상북도 구미시청,2026-04-16,,,,,false,전국주차장정보표준데이터,https://www.data.go.kr/data/15012896/standard.do,SOURCE_ONLY
evacuation_parking,parking:bf7f7f9dad7ffc7b095c,경상북도,구미시,시민행복주차장(구미먹거리허브 인근),,경상북도 구미시 사곡동 617번지,36.100296,128.357871,노외,40,평일+토요일+공휴일,00:00,23:59,무료,경상북도 구미시청,2026-04-16,,,,,false,전국주차장정보표준데이터,https://www.data.go.kr/data/15012896/standard.do,SOURCE_ONLY
evacuation_parking,parking:c16cb70d9b3cdf698aa1,경상북도,구미시,시민행복주차장(구미경찰서 인근),,경상북도 구미시 신평동 339-4번지,36.11674523,128.3635401,노외,9,평일+토요일+공휴일,00:00,23:59,무료,경상북도 구미시청,2026-04-16,,,,,false,전국주차장정보표준데이터,https://www.data.go.kr/data/15012896/standard.do,SOURCE_ONLY
evacuation_parking,parking:c2c1f28aeac970cc5da1,경상북도,구미시,봉곡도서관,,경상북도 구미시 봉곡동 566번지,36.15267228,128.3086158,부설,58,평일+토요일+공휴일,00:00,23:59,무료,경상북도 구미시청,2026-04-16,,,,,false,전국주차장정보표준데이터,https://www.data.go.kr/data/15012896/standard.do,SOURCE_ONLY
evacuation_parking,parking:c45f943a29eb42e526d3,경상북도,구미시,노상주차장(구미중학교 남측),,경상북도 구미시 도량동 703-3번지,36.11577874,128.3507141,노상,46,평일+토요일+공휴일,00:00,23:59,무료,경상북도 구미시청,2026-04-16,,,,,false,전국주차장정보표준데이터,https://www.data.go.kr/data/15012896/standard.do,SOURCE_ONLY
evacuation_parking,parking:c4cfd0c0fb21533b2b45,경상북도,구미시,시민행복주차장(금오공고 인근),,경상북도 구미시 공단동 103번지,36.121021,128.370165,노외,75,평일+토요일+공휴일,00:00,23:59,무료,경상북도 구미시청,2026-04-16,,,,,false,전국주차장정보표준데이터,https://www.data.go.kr/data/15012896/standard.do,SOURCE_ONLY
evacuation_parking,parking:c767bd462f99911a691d,경상북도,구미시,송정동행정복지센터,경상북도 구미시 송원동로 10,경상북도 구미시 송정동 72,36.11849015,128.3471708,부설,21,평일+토요일+공휴일,00:00,23:59,무료,경상북도 구미시청,2026-04-16,,,,,false,전국주차장정보표준데이터,https://www.data.go.kr/data/15012896/standard.do,SOURCE_ONLY
evacuation_parking,parking:c8dc46bdcea61ac28c6d,경상북도,구미시,원평가로2주차장,경상북도 구미시 금오시장로1길 4,경상북도 구미시 원평동 1029-11,36.12483421,128.3409403,노외,41,평일,09:00,18:00,유료,구미도시공사 주차시설팀,2026-04-17,,,,,false,전국주차장정보표준데이터,https://www.data.go.kr/data/15012896/standard.do,SOURCE_ONLY
evacuation_parking,parking:c97c3728cc2676a1efd2,경상북도,구미시,선산읍행정복지센터,,경상북도 구미시 선산읍 완전리 59-2번지,36.24334649,128.2988626,부설,10,평일+토요일+공휴일,00:00,23:59,무료,경상북도 구미시청,2026-04-16,,,,,false,전국주차장정보표준데이터,https://www.data.go.kr/data/15012896/standard.do,SOURCE_ONLY
evacuation_parking,parking:c9a0e75a162eba2b7542,경상북도,구미시,시민행복주차장(구미확장단지 골드클래스 인근),,경상북도 구미시 산동읍 신당리 1397번지,36.15493305,128.4286553,노외,26,평일+토요일+공휴일,00:00,23:59,무료,경상북도 구미시청,2026-04-16,,,,,false,전국주차장정보표준데이터,https://www.data.go.kr/data/15012896/standard.do,SOURCE_ONLY
evacuation_parking,parking:cac3b528265f432f8c7f,경상북도,구미시,시민행복주차장(옥계성당 인근),,경상북도 구미시 옥계동 1141번지,36.1441719,128.4220013,노외,12,평일+토요일+공휴일,00:00,23:59,무료,경상북도 구미시청,2026-04-16,,,,,false,전국주차장정보표준데이터,https://www.data.go.kr/data/15012896/standard.do,SOURCE_ONLY
evacuation_parking,parking:cc43064319c7a2b1233b,경상북도,구미시,공영주차장(계림요업 옆),,경상북도 구미시 공단동 265-8번지,36.09943428,128.382474,노외,80,평일+토요일+공휴일,00:00,23:59,무료,경상북도 구미시청,2026-04-16,,,,,false,전국주차장정보표준데이터,https://www.data.go.kr/data/15012896/standard.do,SOURCE_ONLY
evacuation_parking,parking:cc8cfef7736742875d96,경상북도,구미시,원평하수처리장,경상북도 구미시 산업로 193-105,경상북도 구미시 원평동 964-1,36.12534209,128.352548,부설,67,평일+토요일+공휴일,00:00,23:59,무료,경상북도 구미시청,2026-04-16,,,,,false,전국주차장정보표준데이터,https://www.data.go.kr/data/15012896/standard.do,SOURCE_ONLY
evacuation_parking,parking:ccb21bc926ffe53f8fa2,경상북도,구미시,금오천 주차장(1공영주차장),경상북도 구미시 금오산로 53-9,경상북도 구미시 원평동 964-604,36.1272621,128.3380952,노외,107,평일,08:00,23:59,유료,경상북도 구미시청,2026-04-16,,,,,false,전국주차장정보표준데이터,https://www.data.go.kr/data/15012896/standard.do,SOURCE_ONLY
evacuation_parking,parking:cd45af6125bd1509f3b9,경상북도,구미시,시민행복주차장(원남초 인근),,경상북도 구미시 선기동 747-55번지,36.131233,128.31804,노외,24,평일+토요일+공휴일,00:00,23:59,무료,경상북도 구미시청,2026-04-16,,,,,false,전국주차장정보표준데이터,https://www.data.go.kr/data/15012896/standard.do,SOURCE_ONLY
evacuation_parking,parking:cf5a979b7d295328f588,경상북도,구미시,시민행복주차장(디딜방아공원 인근),,경상북도 구미시 구평동 1034번지,36.09175903,128.4462492,노외,45,평일+토요일+공휴일,00:00,23:59,무료,경상북도 구미시청,2026-04-16,,,,,false,전국주차장정보표준데이터,https://www.data.go.kr/data/15012896/standard.do,SOURCE_ONLY
evacuation_parking,parking:d0a3384645a0846d1817,경상북도,구미시,광평천 4주차장,경상북도 구미시 신시로 14길,경상북도 구미시 송정동 505,36.11688,128.343017,노외,164,평일,08:00,23:59,유료,구미도시공사 주차시설팀,2026-04-17,,,,,false,전국주차장정보표준데이터,https://www.data.go.kr/data/15012896/standard.do,SOURCE_ONLY
evacuation_parking,parking:d0ef2c8a2f616f6d0aaf,경상북도,구미시,시민행복주차장(산동행정복지센터 인근),,경상북도 구미시 적림리 90번지,36.166008,128.426698,노외,10,평일+토요일+공휴일,00:00,23:59,무료,경상북도 구미시청,2026-04-16,,,,,false,전국주차장정보표준데이터,https://www.data.go.kr/data/15012896/standard.do,SOURCE_ONLY
evacuation_parking,parking:d15abc2c7e87cad88f8c,경상북도,구미시,도량동행정복지센터,경상북도 구미시 문장로12길 1,경상북도 구미시 도량동 792-254,36.14051866,128.3325757,부설,20,평일+토요일+공휴일,00:00,23:59,무료,경상북도 구미시청,2026-04-16,,,,,false,전국주차장정보표준데이터,https://www.data.go.kr/data/15012896/standard.do,SOURCE_ONLY
evacuation_parking,parking:d19128e928fc04f8d67f,경상북도,구미시,문화예술회관 주차장,경상북도 구미시 송정대로 89,경상북도 구미시 송정동 75,36.11837776,128.3489815,부설,120,평일,08:00,20:00,유료,경상북도 구미시청,2026-04-16,,,,,false,전국주차장정보표준데이터,https://www.data.go.kr/data/15012896/standard.do,SOURCE_ONLY
evacuation_parking,parking:d19e948b0d3b877d3ca4,경상북도,구미시,노상주차장(동아백화점 인근),경상북도 구미시 구미대로 409,경상북도 구미시 신평동 150-61,36.12319066,128.3623245,노상,109,평일+토요일+공휴일,00:00,23:59,무료,경상북도 구미시청,2026-04-16,,,,,false,전국주차장정보표준데이터,https://www.data.go.kr/data/15012896/standard.do,SOURCE_ONLY
evacuation_parking,parking:d1c75b0f7ffc6aeead63,경상북도,구미시,시민행복주차장(구미시립인동도서관 인근),,경상북도 구미시 진평동 9-8번지,36.09886636,128.4250805,노외,16,평일+토요일+공휴일,00:00,23:59,무료,경상북도 구미시청,2026-04-16,,,,,false,전국주차장정보표준데이터,https://www.data.go.kr/data/15012896/standard.do,SOURCE_ONLY
evacuation_parking,parking:d21b4e2de6d461c7e89d,경상북도,구미시,시민행복주차장(산동읍 중흥 3차 인근),,경상북도 구미시 산동읍 신당리 1569번지,36.15623159,128.436432,노외,8,평일+토요일+공휴일,00:00,23:59,무료,경상북도 구미시청,2026-04-16,,,,,false,전국주차장정보표준데이터,https://www.data.go.kr/data/15012896/standard.do,SOURCE_ONLY
evacuation_parking,parking:d3af7f84e96ff83f78b5,경상북도,구미시,공영주차장(검성지 인근),,경상북도 구미시 황상동 93-2번지,36.1163119,128.4347545,노외,14,평일+토요일+공휴일,00:00,23:59,무료,경상북도 구미시청,2026-04-16,,,,,false,전국주차장정보표준데이터,https://www.data.go.kr/data/15012896/standard.do,SOURCE_ONLY
evacuation_parking,parking:d466d08605de95ad88fa,경상북도,구미시,시민행복주차장(옥계성당 인근),,경상북도 구미시 옥계동 1179번지,36.14371474,128.422017,노외,9,평일+토요일+공휴일,00:00,23:59,무료,경상북도 구미시청,2026-04-16,,,,,false,전국주차장정보표준데이터,https://www.data.go.kr/data/15012896/standard.do,SOURCE_ONLY
evacuation_parking,parking:d52ed1d41d1fe7b1083b,경상북도,구미시,시민행복주차장(문성1리 마을회관 인근),,경상북도 구미시 고아읍 문성리 1287번지,36.116758,128.346002,노외,20,평일+토요일+공휴일,00:00,23:59,무료,경상북도 구미시청,2026-04-16,,,,,false,전국주차장정보표준데이터,https://www.data.go.kr/data/15012896/standard.do,SOURCE_ONLY
evacuation_parking,parking:d54c943ab5856a8824b7,경상북도,구미시,공영주차장(에프티지 인근),,경상북도 구미시 공단동 295-31번지,36.09464262,128.3886475,노외,32,평일+토요일+공휴일,00:00,23:59,무료,경상북도 구미시청,2026-04-16,,,,,false,전국주차장정보표준데이터,https://www.data.go.kr/data/15012896/standard.do,SOURCE_ONLY
evacuation_parking,parking:d593f8b294ce8c4648a6,경상북도,구미시,노상주차장(엘에스알스코 북측),,경상북도 구미시 송정동 9-10번지,36.1206409,128.3424595,노상,128,평일+토요일+공휴일,00:00,23:59,무료,경상북도 구미시청,2026-04-16,,,,,false,전국주차장정보표준데이터,https://www.data.go.kr/data/15012896/standard.do,SOURCE_ONLY
evacuation_parking,parking:d891e1da0860b9c244c2,경상북도,구미시,광평천 주차장(4공영주차장),,경상북도 구미시 송정동 505번지,36.11616508,128.3491387,노외,166,평일,08:00,23:59,유료,경상북도 구미시청,2026-04-16,,,,,false,전국주차장정보표준데이터,https://www.data.go.kr/data/15012896/standard.do,SOURCE_ONLY
evacuation_parking,parking:d9d4e280caa7f862547d,경상북도,구미시,이계천(도레이 앞),,경상북도 구미시 진평동 645번지,36.10478928,128.4012634,노외,132,평일+토요일+공휴일,00:00,23:59,무료,경상북도 구미시청,2026-04-16,,,,,false,전국주차장정보표준데이터,https://www.data.go.kr/data/15012896/standard.do,SOURCE_ONLY
evacuation_parking,parking:dba8d30285a40848a5ef,경상북도,구미시,광평천 2주차장,경상북도 구미시 신시로 14길,경상북도 구미시 송정동 505,36.115852,128.349762,노외,169,평일,08:00,23:59,유료,구미도시공사 주차시설팀,2026-04-17,,,,,false,전국주차장정보표준데이터,https://www.data.go.kr/data/15012896/standard.do,SOURCE_ONLY
evacuation_parking,parking:dbcd622c8b6ad68e0ab0,경상북도,구미시,공영주차장(엠피하이테크 인근),,경상북도 구미시 공단동 297-7번지,36.0888025,128.389835,노외,149,평일+토요일+공휴일,00:00,23:59,무료,경상북도 구미시청,2026-04-16,,,,,false,전국주차장정보표준데이터,https://www.data.go.kr/data/15012896/standard.do,SOURCE_ONLY
evacuation_parking,parking:de6bc08a9e39eb724e98,경상북도,구미시,농산물도매시장,경상북도 구미시 고아읍 선산대로 309,경상북도 구미시 고아읍 문성리 513,36.15676409,128.3499177,부설,435,평일+토요일+공휴일,00:00,23:59,무료,경상북도 구미시청,2026-04-16,,,,,false,전국주차장정보표준데이터,https://www.data.go.kr/data/15012896/standard.do,SOURCE_ONLY
evacuation_parking,parking:df48b6efe01d3ba420a6,경상북도,구미시,공영주차장(형곡프라자 앞),,경상북도 구미시 형곡동 147번지,36.11288249,128.3343334,노외,29,평일+토요일+공휴일,00:00,23:59,무료,경상북도 구미시청,2026-04-16,,,,,false,전국주차장정보표준데이터,https://www.data.go.kr/data/15012896/standard.do,SOURCE_ONLY
evacuation_parking,parking:df5f10b2c0f14d25d61b,경상북도,구미시,금오산대주차장,경상북도 구미시 금오산로 218,경상북도 구미시 남통동 164-1,36.11997866,128.3209145,노외,789,평일+토요일+공휴일,00:00,04:00,유료,구미도시공사 주차시설팀,2026-04-17,,,,,false,전국주차장정보표준데이터,https://www.data.go.kr/data/15012896/standard.do,SOURCE_ONLY
evacuation_parking,parking:e013f1c22bd82efb5bba,경상북도,구미시,공영주차장(신나리1차 인근),,경상북도 구미시 거의동 612-4번지,36.13754051,128.4121173,노외,16,평일+토요일+공휴일,00:00,23:59,무료,경상북도 구미시청,2026-04-16,,,,,false,전국주차장정보표준데이터,https://www.data.go.kr/data/15012896/standard.do,SOURCE_ONLY
evacuation_parking,parking:e0654fc143fec277c8c0,경상북도,구미시,시민행복주차장(오산초등학교 인근),,경상북도 구미시 오태동 609-8번지,36.07282511,128.3517208,노외,178,평일+토요일+공휴일,00:00,23:59,무료,경상북도 구미시청,2026-04-16,,,,,false,전국주차장정보표준데이터,https://www.data.go.kr/data/15012896/standard.do,SOURCE_ONLY
evacuation_parking,parking:e083cf93cb1a6743ca94,경상북도,구미시,구평동 공영주차장,경상북도 구미시 인동38길 5-4,경상북도 구미시 구평동 448-1,36.09322564,128.4330111,노외,173,평일+토요일+공휴일,08:00,23:59,유료,구미도시공사 주차시설팀,2026-04-17,,,,,false,전국주차장정보표준데이터,https://www.data.go.kr/data/15012896/standard.do,SOURCE_ONLY
evacuation_parking,parking:e21cdfcf04ff296c0d03,경상북도,구미시,노상주차장(금오산 진입로),,경상북도 구미시 원평동 423-29번지,36.24170969,128.2978319,노상,85,평일+토요일+공휴일,00:00,23:59,무료,경상북도 구미시청,2026-04-16,,,,,false,전국주차장정보표준데이터,https://www.data.go.kr/data/15012896/standard.do,SOURCE_ONLY
evacuation_parking,parking:e2785726d996c8c137ac,경상북도,구미시,선산체육관,경상북도 구미시 선산읍 단계동길 252,경상북도 구미시 선산읍 노상리 321-1,36.25790879,128.2904949,부설,53,평일+토요일+공휴일,00:00,23:59,무료,경상북도 구미시청,2026-04-16,,,,,false,전국주차장정보표준데이터,https://www.data.go.kr/data/15012896/standard.do,SOURCE_ONLY
evacuation_parking,parking:e3f33b83d33dd342d057,경상북도,구미시,공영주차장(도개 새마을금고 인근),,경상북도 구미시 도개면 궁기리 797-6번지,36.30079752,128.329372,노외,22,평일+토요일+공휴일,00:00,23:59,무료,경상북도 구미시청,2026-04-16,,,,,false,전국주차장정보표준데이터,https://www.data.go.kr/data/15012896/standard.do,SOURCE_ONLY
evacuation_parking,parking:e41247ac4ce6c6609608,경상북도,구미시,시민행복주차장(인동초등학교 인근),,경상북도 구미시 인의동 562번지,36.10490053,128.4226143,노외,26,평일+토요일+공휴일,00:00,23:59,무료,경상북도 구미시청,2026-04-16,,,,,false,전국주차장정보표준데이터,https://www.data.go.kr/data/15012896/standard.do,SOURCE_ONLY
evacuation_parking,parking:e597e41151e7577fc843,경상북도,구미시,금오천 3주차장,경상북도 구미시 금오산로 53-9,경상북도 구미시 원평동 964-604,26.128492,128.339705,노외,215,평일,08:00,23:59,유료,구미도시공사 주차시설팀,2026-04-17,,,,,false,전국주차장정보표준데이터,https://www.data.go.kr/data/15012896/standard.do,SOURCE_ONLY
evacuation_parking,parking:e5d8be5302d39be2ce56,경상북도,구미시,도량산림공원 공영주차장,,경상북도 구미시 도량동 874번지,36.141995,128.331771,노외,17,평일+토요일+공휴일,00:00,23:59,무료,경상북도 구미시청,2026-04-16,,,,,false,전국주차장정보표준데이터,https://www.data.go.kr/data/15012896/standard.do,SOURCE_ONLY
evacuation_parking,parking:e915960e0582744d6eeb,경상북도,구미시,구미시추모공원,경상북도 구미시 옥성면 추모공원로 81,경상북도 구미시 옥성면 농소리 982,36.31818883,128.26845,부설,121,평일+토요일+공휴일,00:00,23:59,무료,경상북도 구미시청,2026-04-16,,,,,false,전국주차장정보표준데이터,https://www.data.go.kr/data/15012896/standard.do,SOURCE_ONLY
evacuation_parking,parking:e92e4347acfaf2812df3,경상북도,구미시,금오천 1주차장,경상북도 구미시 금오산로 53-9,경상북도 구미시 원평동 964-604,36.127063,128.337896,노외,107,평일,08:00,23:59,유료,구미도시공사 주차시설팀,2026-04-17,,,,,false,전국주차장정보표준데이터,https://www.data.go.kr/data/15012896/standard.do,SOURCE_ONLY
evacuation_parking,parking:ebd31414bf9179911a74,경상북도,구미시,공영주차장(선주장로교회 인근),,경상북도 구미시 봉곡동 255-3번지,36.15109093,128.3077926,노외,43,평일+토요일+공휴일,00:00,23:59,무료,경상북도 구미시청,2026-04-16,,,,,false,전국주차장정보표준데이터,https://www.data.go.kr/data/15012896/standard.do,SOURCE_ONLY
evacuation_parking,parking:ee52ca0a9baa1fc75a50,경상북도,구미시,시민행복주차장(봉곡동 e편한세상 인근),,경상북도 구미시 봉곡동 172-1번지,36.15643,128.314909,노외,26,평일+토요일+공휴일,00:00,23:59,무료,경상북도 구미시청,2026-04-16,,,,,false,전국주차장정보표준데이터,https://www.data.go.kr/data/15012896/standard.do,SOURCE_ONLY
evacuation_parking,parking:ef08e57424e2126d64d3,경상북도,구미시,4단지 하수처리장,경상북도 구미시 첨단기업로 8,경상북도 구미시 금전동 848,36.13505164,128.4497999,부설,21,평일+토요일+공휴일,00:00,23:59,무료,경상북도 구미시청,2026-04-16,,,,,false,전국주차장정보표준데이터,https://www.data.go.kr/data/15012896/standard.do,SOURCE_ONLY
evacuation_parking,parking:f0f2dd4bbf6825cf7541,경상북도,구미시,원평가로8주차장,경상북도 구미시 송원동로 58-11,경상북도 구미시 원평동 1074-7,36.12157204,128.351802,노외,53,평일,09:00,18:00,유료,구미도시공사 주차시설팀,2026-04-17,,,,,false,전국주차장정보표준데이터,https://www.data.go.kr/data/15012896/standard.do,SOURCE_ONLY
evacuation_parking,parking:f3195151ef332879d226,경상북도,구미시,구미새마을중앙시장 제2주차장,,경상북도 구미시 원평동 112-9번지,36.13113765,128.3295733,노외,25,평일+토요일+공휴일,11:00,17:00,유료,경상북도 구미시청,2026-04-16,,,,,false,전국주차장정보표준데이터,https://www.data.go.kr/data/15012896/standard.do,SOURCE_ONLY
evacuation_parking,parking:f34919466bb7a82da013,경상북도,구미시,시민행복주차장(신평초등학교 인근),경상북도 구미시 신비로4길 16-3,경상북도 구미시 신평동 473-32,36.12118507,128.3641552,노외,10,평일+토요일+공휴일,00:00,23:59,무료,경상북도 구미시청,2026-04-16,,,,,false,전국주차장정보표준데이터,https://www.data.go.kr/data/15012896/standard.do,SOURCE_ONLY
evacuation_parking,parking:f3649a42c47eaa7f0e45,경상북도,구미시,원평가로3주차장,경상북도 구미시 금오시장로1길 4,경상북도 구미시 원평동 1029-11,36.1243007,128.3418911,노외,40,평일,09:00,18:00,유료,구미도시공사 주차시설팀,2026-04-17,,,,,false,전국주차장정보표준데이터,https://www.data.go.kr/data/15012896/standard.do,SOURCE_ONLY
evacuation_parking,parking:f47097d63bf7d015eb68,경상북도,구미시,노상주차장(원평3번도로),,경상북도 구미시 원평동 1085번지,36.12649649,128.3412977,노상,34,평일+토요일+공휴일,00:00,23:59,무료,경상북도 구미시청,2026-04-16,,,,,false,전국주차장정보표준데이터,https://www.data.go.kr/data/15012896/standard.do,SOURCE_ONLY
evacuation_parking,parking:f4a5cba73728ed84542c,경상북도,구미시,시민행복주차장(확장단지 골드디움 인근0,,경상북도 구미시 산동읍 신당리 1441번지,36.155942,128.433108,노외,97,평일+토요일+공휴일,00:00,23:59,무료,경상북도 구미시청,2026-04-16,,,,,false,전국주차장정보표준데이터,https://www.data.go.kr/data/15012896/standard.do,SOURCE_ONLY
evacuation_parking,parking:f549137e8b6fb66e334f,경상북도,구미시,각산 공영주차장,경상북도 구미시 금오산로 78,경상북도 구미시 원평동 964-257,36.1259637,128.3358869,노외,24,평일,08:00,23:59,유료,구미도시공사 주차시설팀,2026-04-17,,,,,false,전국주차장정보표준데이터,https://www.data.go.kr/data/15012896/standard.do,SOURCE_ONLY
evacuation_parking,parking:f5c579bdc06d8fffd4e3,경상북도,구미시,금오산제2주차장,경상북도 구미시 금오산로 347,경상북도 구미시 남통동 266-1,36.11271199,128.314857,노외,205,평일+토요일+공휴일,08:30,17:30,유료,구미도시공사 주차시설팀,2026-04-17,,,,,false,전국주차장정보표준데이터,https://www.data.go.kr/data/15012896/standard.do,SOURCE_ONLY
evacuation_parking,parking:f61594cd13a1ea579e07,경상북도,구미시,공영주차장(향교공원 인근),,경상북도 구미시 선산읍 교리 1195번지,36.25044199,128.3039751,노외,29,평일+토요일+공휴일,00:00,23:59,무료,경상북도 구미시청,2026-04-16,,,,,false,전국주차장정보표준데이터,https://www.data.go.kr/data/15012896/standard.do,SOURCE_ONLY
evacuation_parking,parking:f62c34b297d72e12f2d8,경상북도,구미시,단계천주차장,경상북도 구미시 선산읍 단계동길 98,경상북도 구미시 선산읍 완전리 43-2,36.24514608,128.2979618,노외,153,평일+토요일+공휴일,09:00,21:00,유료,구미도시공사 주차시설팀,2026-04-17,,,,,false,전국주차장정보표준데이터,https://www.data.go.kr/data/15012896/standard.do,SOURCE_ONLY
evacuation_parking,parking:f8abd4c5f8b1778a5496,경상북도,구미시,광평천 주차장(6공영주차장),,경상북도 구미시 형곡동 226번지,36.11398556,128.3294028,노외,124,평일,08:00,23:59,유료,경상북도 구미시청,2026-04-16,,,,,false,전국주차장정보표준데이터,https://www.data.go.kr/data/15012896/standard.do,SOURCE_ONLY
evacuation_parking,parking:f8b2b402cfaa1f09e621,경상북도,구미시,구미새마을중앙시장 제1주차장,,경상북도 구미시 원평동 109-11번지,36.13049284,128.3286921,노외,20,평일+토요일+공휴일,11:00,17:00,유료,경상북도 구미시청,2026-04-16,,,,,false,전국주차장정보표준데이터,https://www.data.go.kr/data/15012896/standard.do,SOURCE_ONLY
evacuation_parking,parking:1fd635938fb8bc1ee767,경상북도,김천시,황산2길,,경상북도 김천시 지좌동 761-34,36.11696956,128.1335169,노외,16,평일+토요일+공휴일,00:00,23:59,무료,경상북도 김천시,2026-04-17,,,,,false,전국주차장정보표준데이터,https://www.data.go.kr/data/15012896/standard.do,SOURCE_ONLY
evacuation_parking,parking:30dba29633df0c65f6ed,경상북도,김천시,자산동,경상북도 김천시 모암사랑1길 68,경상북도 김천시 모암동 177-9,36.12602744,128.1261498,노외,65,평일+토요일+공휴일,00:00,23:59,무료,경상북도 김천시,2026-04-17,,,,,false,전국주차장정보표준데이터,https://www.data.go.kr/data/15012896/standard.do,SOURCE_ONLY
evacuation_parking,parking:31315edbe1283c391668,경상북도,김천시,부곡길,,경상북도 김천시 부곡동 910-19,36.12588976,128.0940684,노외,41,평일+토요일+공휴일,00:00,23:59,무료,경상북도 김천시,2026-04-17,,,,,false,전국주차장정보표준데이터,https://www.data.go.kr/data/15012896/standard.do,SOURCE_ONLY
evacuation_parking,parking:36119016267664b22803,경상북도,김천시,교동,,경상북도 김천시 교동 592-1,36.13477015,128.0975975,노외,25,평일+토요일+공휴일,00:00,23:59,무료,경상북도 김천시,2026-04-17,,,,,false,전국주차장정보표준데이터,https://www.data.go.kr/data/15012896/standard.do,SOURCE_ONLY
evacuation_parking,parking:47b5d58a0f9b120ebabb,경상북도,김천시,황금,,경상북도 김천시 황금동 102-3,36.114961,128.1235129,노외,26,평일+토요일+공휴일,00:00,23:59,무료,경상북도 김천시,2026-04-17,,,,,false,전국주차장정보표준데이터,https://www.data.go.kr/data/15012896/standard.do,SOURCE_ONLY
evacuation_parking,parking:485952dbb84613dc81e6,경상북도,김천시,배시내,경상북도 김천시 감문면 배시내길 31,경상북도 김천시 감문면 태촌리 121-4,36.19069523,128.2298522,노외,20,평일+토요일+공휴일,00:00,23:59,무료,경상북도 김천시,2026-04-17,,,,,false,전국주차장정보표준데이터,https://www.data.go.kr/data/15012896/standard.do,SOURCE_ONLY
evacuation_parking,parking:53cb4c10e03f06d1c1f4,경상북도,김천시,황금시장 ~ 한신아파트 앞,,경상북도 김천시 황금동 111-5,36.11747888,128.1251407,노상,59,평일+토요일+공휴일,00:00,23:59,유료,경상북도 김천시,2026-04-17,,,,,false,전국주차장정보표준데이터,https://www.data.go.kr/data/15012896/standard.do,SOURCE_ONLY
evacuation_parking,parking:5794bb68fc34731ee467,경상북도,김천시,모암1,경상북도 김천시 자산로 71,경상북도 김천시 모암동 161-9,36.1191825,128.1237406,노외,43,평일+토요일+공휴일,00:00,23:59,유료,경상북도 김천시,2026-04-17,,,,,false,전국주차장정보표준데이터,https://www.data.go.kr/data/15012896/standard.do,SOURCE_ONLY
evacuation_parking,parking:69bd41cc5dccecd6728d,경상북도,김천시,성내,경상북도 김천시 충효5길 4,경상북도 김천시 성내동 81-9,36.122577,128.1209796,노외,13,평일+토요일+공휴일,00:00,23:59,무료,경상북도 김천시,2026-04-17,,,,,false,전국주차장정보표준데이터,https://www.data.go.kr/data/15012896/standard.do,SOURCE_ONLY
evacuation_parking,parking:7e3e9bcd98312c4cc9e5,경상북도,김천시,평화동서부,,경상북도 김천시 평화동 363-3,36.12491821,128.1083604,노외,22,평일+토요일+공휴일,00:00,23:59,무료,경상북도 김천시,2026-04-17,,,,,false,전국주차장정보표준데이터,https://www.data.go.kr/data/15012896/standard.do,SOURCE_ONLY
evacuation_parking,parking:89e477d406d8fcbe1ad9,경상북도,김천시,신음새동네1길,경상북도 김천시 신음새동네1길 37,경상북도 김천시 신음동 440-13,36.13484552,128.1213246,노외,16,평일+토요일+공휴일,00:00,23:59,무료,경상북도 김천시,2026-04-17,,,,,false,전국주차장정보표준데이터,https://www.data.go.kr/data/15012896/standard.do,SOURCE_ONLY
evacuation_parking,parking:8ebddb5ed2dae980fab6,경상북도,김천시,문화공영주차장,경상북도 김천시 김천로 208,경상북도 김천시 황금동 12-7,36.1183394,128.1229399,노외,34,평일+토요일+공휴일,00:00,23:59,유료,경상북도 김천시,2026-04-17,,,,,false,전국주차장정보표준데이터,https://www.data.go.kr/data/15012896/standard.do,SOURCE_ONLY
evacuation_parking,parking:8f764ff141cb49f15a54,경상북도,김천시,직지,,경상북도 김천시 대항면 향천리 307-4,36.11582593,128.0180969,노외,789,평일+토요일+공휴일,00:00,23:59,무료,경상북도 김천시,2026-04-17,,,,,false,전국주차장정보표준데이터,https://www.data.go.kr/data/15012896/standard.do,SOURCE_ONLY
evacuation_parking,parking:91ac403cbd58d8a2a8ef,경상북도,김천시,가메실5길,경상북도 김천시 가메실5길 28-9,경상북도 김천시 부곡동 281-8,36.12239605,128.100857,노외,23,평일+토요일+공휴일,00:00,23:59,무료,경상북도 김천시,2026-04-17,,,,,false,전국주차장정보표준데이터,https://www.data.go.kr/data/15012896/standard.do,SOURCE_ONLY
evacuation_parking,parking:9fca2859d4d67c03afba,경상북도,김천시,교동화물차,,경상북도 김천시 교동 607-4,36.132396,128.096825,노외,63,평일+토요일+공휴일,00:00,23:59,무료,경상북도 김천시,2026-04-17,,,,,false,전국주차장정보표준데이터,https://www.data.go.kr/data/15012896/standard.do,SOURCE_ONLY
evacuation_parking,parking:b066f3d3205f51549af5,경상북도,김천시,삼각로타리,,경상북도 김천시 모암동 136-2,36.1191521,128.1244723,노상,17,평일+토요일+공휴일,00:00,23:59,유료,경상북도 김천시,2026-04-17,,,,,false,전국주차장정보표준데이터,https://www.data.go.kr/data/15012896/standard.do,SOURCE_ONLY
evacuation_parking,parking:b27b0b8b9c2ab214a1a3,경상북도,김천시,자산,,경상북도 김천시 모암동 135-9,36.11966671,128.1258885,노외,8,평일+토요일+공휴일,00:00,23:59,무료,경상북도 김천시,2026-04-17,,,,,false,전국주차장정보표준데이터,https://www.data.go.kr/data/15012896/standard.do,SOURCE_ONLY
evacuation_parking,parking:b6b0bd003b5e5d1d88f3,경상북도,김천시,배다리길,경상북도 김천시 배다리길 113,경상북도 김천시 지좌동 233-3,36.12279924,128.1343977,노외,21,평일+토요일+공휴일,00:00,23:59,무료,경상북도 김천시,2026-04-17,,,,,false,전국주차장정보표준데이터,https://www.data.go.kr/data/15012896/standard.do,SOURCE_ONLY
evacuation_parking,parking:b9264a846667a7873a84,경상북도,김천시,한일길,,경상북도 김천시 교동 744-8,36.13517833,128.0955596,노외,13,평일+토요일+공휴일,00:00,23:59,무료,경상북도 김천시,2026-04-17,,,,,false,전국주차장정보표준데이터,https://www.data.go.kr/data/15012896/standard.do,SOURCE_ONLY
evacuation_parking,parking:b9872643a631209d23f8,경상북도,김천시,김천역 ~ 열린안경,,경상북도 김천시 평화동 245-3,36.12544313,128.1111219,노상,50,평일+토요일+공휴일,00:00,23:59,무료,경상북도 김천시,2026-04-17,,,,,false,전국주차장정보표준데이터,https://www.data.go.kr/data/15012896/standard.do,SOURCE_ONLY
evacuation_parking,parking:bee86c25c04157750f83,경상북도,김천시,모암2,,경상북도 김천시 모암동 190-7,36.12281373,128.1257368,노외,57,평일+토요일+공휴일,00:00,23:59,유료,경상북도 김천시,2026-04-17,,,,,false,전국주차장정보표준데이터,https://www.data.go.kr/data/15012896/standard.do,SOURCE_ONLY
evacuation_parking,parking:c2e3aff52cf9635903ef,경상북도,김천시,평화시장,경상북도 김천시 평화길 88,경상북도 김천시 평화동 334-6,36.12372186,128.1113355,노외,63,평일+토요일+공휴일,00:00,23:59,유료,경상북도 김천시,2026-04-17,,,,,false,전국주차장정보표준데이터,https://www.data.go.kr/data/15012896/standard.do,SOURCE_ONLY
evacuation_parking,parking:cba18ced97945ef5b902,경상북도,김천시,황금동,경상북도 김천시 양금로 193,경상북도 김천시 황금동 164-7,36.11138959,128.1224533,노외,17,평일+토요일+공휴일,00:00,23:59,무료,경상북도 김천시,2026-04-17,,,,,false,전국주차장정보표준데이터,https://www.data.go.kr/data/15012896/standard.do,SOURCE_ONLY
evacuation_parking,parking:cca7d185af34d9fb5fa4,경상북도,김천시,중앙시장,경상북도 김천시 중앙시장3길 12,경상북도 김천시 모암동 158-1,36.11866056,128.1251592,노외,44,평일+토요일+공휴일,00:00,23:59,무료,경상북도 김천시,2026-04-17,,,,,false,전국주차장정보표준데이터,https://www.data.go.kr/data/15012896/standard.do,SOURCE_ONLY
evacuation_parking,parking:cd8302026210ccc11181,경상북도,김천시,황금시장,경상북도 김천시 황금시장4길 20,경상북도 김천시 황금동 31-1,36.11665981,128.1252833,노외,36,평일+토요일+공휴일,00:00,23:59,유료,경상북도 김천시,2026-04-17,,,,,false,전국주차장정보표준데이터,https://www.data.go.kr/data/15012896/standard.do,SOURCE_ONLY
evacuation_parking,parking:e6524b38c8069fc37ca8,경상북도,김천시,지좌동,경상북도 김천시 마잠호동옛길 39-13,경상북도 김천시 지좌동 436-1,36.11960253,128.145382,노외,31,평일+토요일+공휴일,00:00,23:59,무료,경상북도 김천시,2026-04-17,,,,,false,전국주차장정보표준데이터,https://www.data.go.kr/data/15012896/standard.do,SOURCE_ONLY
evacuation_parking,parking:edb60bbf2ddce14db449,경상북도,김천시,구름다리5길,,경상북도 김천시 평화동 51-18,36.12607787,128.115789,노외,42,평일+토요일+공휴일,00:00,23:59,무료,경상북도 김천시,2026-04-17,,,,,false,전국주차장정보표준데이터,https://www.data.go.kr/data/15012896/standard.do,SOURCE_ONLY
evacuation_parking,parking:f61d1bb1662da64be76d,경상북도,김천시,문지왈,,경상북도 김천시 부곡동 1117-1,36.11948846,128.0892451,노외,47,평일+토요일+공휴일,00:00,23:59,무료,경상북도 김천시,2026-04-17,,,,,false,전국주차장정보표준데이터,https://www.data.go.kr/data/15012896/standard.do,SOURCE_ONLY
evacuation_parking,parking:fb6e61e50634dcde906b,경상북도,김천시,양천,,경상북도 김천시 양천동 392-2,36.0993889,128.1159515,노외,31,평일+토요일+공휴일,00:00,23:59,무료,경상북도 김천시,2026-04-17,,,,,false,전국주차장정보표준데이터,https://www.data.go.kr/data/15012896/standard.do,SOURCE_ONLY
evacuation_parking,parking:09b009b6f23fbe6ef8fc,경상북도,문경시,아자개장터 공영주차장,,경상북도 문경시 가은읍 왕능리 275-9,36.6469822064,128.0606802769,노외,29,평일+토요일+공휴일,09:00,18:00,무료,경상북도 문경시청,2026-04-17,,,,,false,전국주차장정보표준데이터,https://www.data.go.kr/data/15012896/standard.do,SOURCE_ONLY
evacuation_parking,parking:1167d6ee14651c9b01d2,경상북도,문경시,제19노상주차장,경상북도 문경시 점촌1길 24,경상북도 문경시 점촌동 251-11,36.5969549,128.1988298,노상,11,평일+토요일+공휴일,09:00,18:00,무료,경상북도 문경시청,2026-04-17,,,,,false,전국주차장정보표준데이터,https://www.data.go.kr/data/15012896/standard.do,SOURCE_ONLY
evacuation_parking,parking:169aa845acd01cbe8072,경상북도,문경시,제20노상주차장,경상북도 문경시 여고길 39-1,경상북도 문경시 모전동 37-1,36.59331466,128.1931943,노상,14,평일+토요일+공휴일,09:00,18:00,무료,경상북도 문경시청,2026-04-17,,,,,false,전국주차장정보표준데이터,https://www.data.go.kr/data/15012896/standard.do,SOURCE_ONLY
evacuation_parking,parking:16baf13fcf35626bd3e9,경상북도,문경시,제1노상주차장,경상북도 문경시 신흥로 15,경상북도 문경시 모전동 76-4,36.58597907,128.1938801,노상,13,평일+토요일+공휴일,09:00,18:00,무료,경상북도 문경시청,2026-04-17,,,,,false,전국주차장정보표준데이터,https://www.data.go.kr/data/15012896/standard.do,SOURCE_ONLY
evacuation_parking,parking:2090441f4b76e147263e,경상북도,문경시,제23노상주차장,경상북도 문경시 당교로 253,경상북도 문경시 모전동 860-8,36.58696327,128.1906517,노상,80,평일+토요일+공휴일,09:00,18:00,유료,경상북도 문경시청,2026-04-17,,,,,false,전국주차장정보표준데이터,https://www.data.go.kr/data/15012896/standard.do,SOURCE_ONLY
evacuation_parking,parking:23ee8f8d9ca3f6772e61,경상북도,문경시,시니어문화센터,경상북도 문경시 점촌5길 20,경상북도 문경시 점촌동 224,36.59748581,128.1984902,부설,106,평일+토요일+공휴일,09:00,18:00,유료,경상북도 문경시청,2026-04-17,,,,,false,전국주차장정보표준데이터,https://www.data.go.kr/data/15012896/standard.do,SOURCE_ONLY
evacuation_parking,parking:294bf5cb23b54e86e283,경상북도,문경시,제3노상주차장,경상북도 문경시 신흥로 74,경상북도 문경시 점촌동 121-23,36.5882568,128.197468,노상,44,평일+토요일+공휴일,09:00,18:00,무료,경상북도 문경시청,2026-04-17,,,,,false,전국주차장정보표준데이터,https://www.data.go.kr/data/15012896/standard.do,SOURCE_ONLY
evacuation_parking,parking:2e35ca75ed920bfac1f3,경상북도,문경시,제7노상주차장,경상북도 문경시 운동장로 80,경상북도 문경시 모전동 73-38,36.58784344,128.1963856,노상,49,평일+토요일+공휴일,09:00,18:00,무료,경상북도 문경시청,2026-04-17,,,,,false,전국주차장정보표준데이터,https://www.data.go.kr/data/15012896/standard.do,SOURCE_ONLY
evacuation_parking,parking:3026fa5906c78f83c567,경상북도,문경시,문경전통시장공영주차장,경상북도 문경시 문경읍 문희로 17-9,경상북도 문경시 문경읍 하리 93,36.73458691,128.1076219,노외,80,평일+토요일+공휴일,09:00,18:00,무료,경상북도 문경시청,2026-04-17,,,,,false,전국주차장정보표준데이터,https://www.data.go.kr/data/15012896/standard.do,SOURCE_ONLY
evacuation_parking,parking:3801d60d329c7c1d5573,경상북도,문경시,문경시보건소,경상북도 문경시 점촌1길 9,경상북도 문경시 점촌동 232,36.59602344,128.1978627,부설,69,평일+토요일+공휴일,09:00,18:00,유료,경상북도 문경시 보건소,2026-04-17,,,,,false,전국주차장정보표준데이터,https://www.data.go.kr/data/15012896/standard.do,SOURCE_ONLY
evacuation_parking,parking:39baaf2e8e78fac24a03,경상북도,문경시,문경시청 부설 주차타워,경상북도 문경시 시청2길 40,경상북도 문경시 모전동 214-7,36.5872484592,128.1862286192,부설,191,평일+토요일+공휴일,08:00,19:00,유료,경상북도 문경시청,2026-04-17,,,,,false,전국주차장정보표준데이터,https://www.data.go.kr/data/15012896/standard.do,SOURCE_ONLY
evacuation_parking,parking:440304da9b6047a84aa3,경상북도,문경시,제2노상주차장,경상북도 문경시 윤직동3길 2,경상북도 문경시 윤직동 568-1,36.5860042,128.1960741,노상,34,평일+토요일+공휴일,09:00,18:00,무료,경상북도 문경시청,2026-04-17,,,,,false,전국주차장정보표준데이터,https://www.data.go.kr/data/15012896/standard.do,SOURCE_ONLY
evacuation_parking,parking:4de98b31d15af42c20b8,경상북도,문경시,제10공영주차장,경상북도 문경시 신흥로 170,경상북도 문경시 점촌동 49-2,36.59673209,128.204198,노외,47,평일+토요일+공휴일,09:00,18:00,무료,경상북도 문경시청,2026-04-17,,,,,false,전국주차장정보표준데이터,https://www.data.go.kr/data/15012896/standard.do,SOURCE_ONLY
evacuation_parking,parking:4f0c1e2d688310be9247,경상북도,문경시,제5노상주차장,경상북도 문경시 돈달로 27,경상북도 문경시 모전동 27-30,36.59511248,128.1916842,노상,33,평일+토요일+공휴일,09:00,18:00,무료,경상북도 문경시청,2026-04-17,,,,,false,전국주차장정보표준데이터,https://www.data.go.kr/data/15012896/standard.do,SOURCE_ONLY
evacuation_parking,parking:5693f17e061f88166ff6,경상북도,문경시,제21노상주차장,경상북도 문경시 매봉1길 35,경상북도 문경시 모전동 908,36.58860227,128.1829687,노상,74,평일+토요일+공휴일,09:00,18:00,무료,경상북도 문경시청,2026-04-17,,,,,false,전국주차장정보표준데이터,https://www.data.go.kr/data/15012896/standard.do,SOURCE_ONLY
evacuation_parking,parking:59002d06b0e25f760ed5,경상북도,문경시,제15노상주차장,경상북도 문경시 흥덕로 16,경상북도 문경시 흥덕동 794-3,36.6009156,128.2045069,노상,15,평일+토요일+공휴일,09:00,18:00,무료,경상북도 문경시청,2026-04-17,,,,,false,전국주차장정보표준데이터,https://www.data.go.kr/data/15012896/standard.do,SOURCE_ONLY
evacuation_parking,parking:591fc402f0f4cc84f906,경상북도,문경시,제14노상주차장,경상북도 문경시 점촌7길 30,경상북도 문경시 점촌동 392-4,36.6004715,128.1991057,노상,17,평일+토요일+공휴일,09:00,18:00,무료,경상북도 문경시청,2026-04-17,,,,,false,전국주차장정보표준데이터,https://www.data.go.kr/data/15012896/standard.do,SOURCE_ONLY
evacuation_parking,parking:61cd464cf89881ead706,경상북도,문경시,제16공영주차장,경상북도 문경시 중앙로 134,경상북도 문경시 점촌동 174-7,36.5963460202,128.200532291,노외,39,평일+토요일+공휴일,09:00,18:00,유료,경상북도 문경시청,2026-04-17,,,,,false,전국주차장정보표준데이터,https://www.data.go.kr/data/15012896/standard.do,SOURCE_ONLY
evacuation_parking,parking:6225faf642ea1acbf265,경상북도,문경시,제15공영주차장,경상북도 문경시 점촌역길 3,경상북도 문경시 점촌동 163-2,36.59548934,128.2028036,노외,60,평일+토요일+공휴일,09:00,18:00,유료,경상북도 문경시청,2026-04-17,,,,,false,전국주차장정보표준데이터,https://www.data.go.kr/data/15012896/standard.do,SOURCE_ONLY
evacuation_parking,parking:63df1b3bfb2ed18fc81c,경상북도,문경시,제3주차장,경상북도 문경시 문경읍 새재로 845,경상북도 문경시 문경읍 하초리 265-2,36.7542947,128.0791903,노외,438,평일+토요일+공휴일,09:00,18:00,무료,경상북도 문경관광진흥공단,2026-04-17,,,,,false,전국주차장정보표준데이터,https://www.data.go.kr/data/15012896/standard.do,SOURCE_ONLY
evacuation_parking,parking:65ecebffc8b8de1fffe6,경상북도,문경시,제11노상주차장,경상북도 문경시 중앙공원길 12,경상북도 문경시 점촌동 181-39,36.59091567,128.196837,노상,39,평일+토요일+공휴일,09:00,18:00,무료,경상북도 문경시청,2026-04-17,,,,,false,전국주차장정보표준데이터,https://www.data.go.kr/data/15012896/standard.do,SOURCE_ONLY
evacuation_parking,parking:6ede4b1d9295fb668f6a,경상북도,문경시,제8공영주차장,경상북도 문경시 중앙로 113-1,경상북도 문경시 점촌동 242-27,36.59545005,128.198914,노외,35,평일+토요일+공휴일,09:00,18:00,유료,경상북도 문경시청,2026-04-17,,,,,false,전국주차장정보표준데이터,https://www.data.go.kr/data/15012896/standard.do,SOURCE_ONLY
evacuation_parking,parking:6fb01b446b4b39093243,경상북도,문경시,제4노상주차장,경상북도 문경시 신흥로 121,경상북도 문경시 점촌동 288-1,36.59231206,128.2000109,노상,128,평일+토요일+공휴일,09:00,18:00,무료,경상북도 문경시청,2026-04-17,,,,,false,전국주차장정보표준데이터,https://www.data.go.kr/data/15012896/standard.do,SOURCE_ONLY
evacuation_parking,parking:737d154b4a201d82a2ee,경상북도,문경시,중앙시장앞공영주차장,경상북도 문경시 중앙로 98,경상북도 문경시 점촌동 277-1,36.59378659,128.1986693,노외,44,평일+토요일+공휴일,09:00,18:00,유료,경상북도 문경시청,2026-04-17,,,,,false,전국주차장정보표준데이터,https://www.data.go.kr/data/15012896/standard.do,SOURCE_ONLY
evacuation_parking,parking:78cf42c924c7fd652a42,경상북도,문경시,제4주차장,,경상북도 문경시 문경읍 하초리 235,36.75250327,128.0802131,노외,915,평일+토요일+공휴일,09:00,18:00,무료,경상북도 문경관광진흥공단,2026-04-17,,,,,false,전국주차장정보표준데이터,https://www.data.go.kr/data/15012896/standard.do,SOURCE_ONLY
evacuation_parking,parking:79dc9ebbfd439e14a557,경상북도,문경시,제9공영주차장(중앙시장 주차타워),경상북도 문경시 중앙시장1길 12(점촌동),경상북도 문경시 점촌동 195-10,36.5942054,128.1969132,노외,130,평일+토요일+공휴일,08:00,19:00,유료,경상북도 문경시청,2026-04-17,,,,,false,전국주차장정보표준데이터,https://www.data.go.kr/data/15012896/standard.do,SOURCE_ONLY
evacuation_parking,parking:81e2deca9bedba6cf189,경상북도,문경시,제25노상주차장,경상북도 문경시 중앙로 21,경상북도 문경시 모전동 81-18,36.58859055,128.1931748,노상,57,평일+토요일+공휴일,09:00,18:00,무료,경상북도 문경시청,2026-04-17,,,,,false,전국주차장정보표준데이터,https://www.data.go.kr/data/15012896/standard.do,SOURCE_ONLY
evacuation_parking,parking:84c8d754527466dc1434,경상북도,문경시,제16노상주차장,경상북도 문경시 중앙로 188,경상북도 문경시 흥덕동 793-2,36.60108203,128.2031329,노상,18,평일+토요일+공휴일,09:00,18:00,무료,경상북도 문경시청,2026-04-17,,,,,false,전국주차장정보표준데이터,https://www.data.go.kr/data/15012896/standard.do,SOURCE_ONLY
evacuation_parking,parking:86369c7468760b74cc16,경상북도,문경시,제2공영주차장,경상북도 문경시 중앙4길 28-1,경상북도 문경시 점촌동 269-1,36.59407391,128.2018037,노외,170,평일+토요일+공휴일,09:00,18:00,무료,경상북도 문경시청,2026-04-17,,,,,false,전국주차장정보표준데이터,https://www.data.go.kr/data/15012896/standard.do,SOURCE_ONLY
evacuation_parking,parking:8b42d53bac260511ab8f,경상북도,문경시,제2주차장,경상북도 문경시 문경읍 새재로 913,경상북도 문경시 문경읍 상초리 517-2,36.75998459,128.0769258,노외,327,평일+토요일+공휴일,09:00,18:00,무료,경상북도 문경관광진흥공단,2026-04-17,,,,,false,전국주차장정보표준데이터,https://www.data.go.kr/data/15012896/standard.do,SOURCE_ONLY
evacuation_parking,parking:8bcd50c442987646a65d,경상북도,문경시,평생학습관,경상북도 문경시 시청2길 30,경상북도 문경시 모전동 257,36.58789046,128.1878109,부설,63,평일+토요일+공휴일,08:00,19:00,유료,경상북도 문경시청,2026-04-17,,,,,false,전국주차장정보표준데이터,https://www.data.go.kr/data/15012896/standard.do,SOURCE_ONLY
evacuation_parking,parking:8f4dcba6d6ff64535f4a,경상북도,문경시,제12노상주차장,경상북도 문경시 중앙로 160-1,경상북도 문경시 흥덕동 224-8,36.59881651,128.2021165,노상,18,평일+토요일+공휴일,09:00,18:00,무료,경상북도 문경시청,2026-04-17,,,,,false,전국주차장정보표준데이터,https://www.data.go.kr/data/15012896/standard.do,SOURCE_ONLY
evacuation_parking,parking:9b18b03ad53d0093438a,경상북도,문경시,제7공영주차장,경상북도 문경시 중앙로 152-1,경상북도 문경시 점촌동 53-3,36.59817914,128.2017177,노외,39,평일+토요일+공휴일,09:00,18:00,유료,경상북도 문경시청,2026-04-17,,,,,false,전국주차장정보표준데이터,https://www.data.go.kr/data/15012896/standard.do,SOURCE_ONLY
evacuation_parking,parking:9d1f37c816d893e826a5,경상북도,문경시,제22노상주차장,경상북도 문경시 중앙8길 1,경상북도 문경시 점촌동 176-6,36.5961698,128.200341,노상,6,평일+토요일+공휴일,09:00,18:00,무료,경상북도 문경시청,2026-04-17,,,,,false,전국주차장정보표준데이터,https://www.data.go.kr/data/15012896/standard.do,SOURCE_ONLY
evacuation_parking,parking:a164b2aae1b4047c59f7,경상북도,문경시,제12공영주차장,경상북도 문경시 신흥시장길 23-7,경상북도 문경시 흥덕동 794-7,36.60104936,128.2044137,노외,35,평일+토요일+공휴일,09:00,18:00,무료,경상북도 문경시청,2026-04-17,,,,,false,전국주차장정보표준데이터,https://www.data.go.kr/data/15012896/standard.do,SOURCE_ONLY
evacuation_parking,parking:a1c4cc078cadb2e0c9ef,경상북도,문경시,제8노상주차장,경상북도 문경시 운동장로 38,경상북도 문경시 모전동 81-13,36.58985275,128.19263,노상,17,평일+토요일+공휴일,09:00,18:00,무료,경상북도 문경시청,2026-04-17,,,,,false,전국주차장정보표준데이터,https://www.data.go.kr/data/15012896/standard.do,SOURCE_ONLY
evacuation_parking,parking:a43a3ad337b2b8789734,경상북도,문경시,중앙시장 공영주차장,경상북도 문경시 중앙시장길 31(점촌동),경상북도 문경시 점촌동 196-14,36.59476772,128.1975463,노외,28,평일+토요일+공휴일,08:00,19:00,유료,경상북도 문경시청,2026-04-17,,,,,false,전국주차장정보표준데이터,https://www.data.go.kr/data/15012896/standard.do,SOURCE_ONLY
evacuation_parking,parking:a44fd8a63f69259737e4,경상북도,문경시,제1주차장,,경상북도 문경시 문경읍 상초리 352-8,36.76067578,128.0761432,노외,324,평일+토요일+공휴일,09:00,18:00,유료,경상북도 문경관광진흥공단,2026-04-17,,,,,false,전국주차장정보표준데이터,https://www.data.go.kr/data/15012896/standard.do,SOURCE_ONLY
evacuation_parking,parking:a7e6518c1d4257f7e536,경상북도,문경시,제17노상주차장,경상북도 문경시 점촌로 42,경상북도 문경시 점촌동 256-5,36.5980137,128.1987198,노상,16,평일+토요일+공휴일,09:00,18:00,유료,경상북도 문경시청,2026-04-17,,,,,false,전국주차장정보표준데이터,https://www.data.go.kr/data/15012896/standard.do,SOURCE_ONLY
evacuation_parking,parking:b0de5c60beb4b2c9e23d,경상북도,문경시,모전도서관,경상북도 문경시 시청2길 45,경상북도 문경시 모전동 220-1,36.586674,128.1860632,부설,24,평일+토요일+공휴일,08:00,19:00,무료,경상북도 문경시청,2026-04-17,,,,,false,전국주차장정보표준데이터,https://www.data.go.kr/data/15012896/standard.do,SOURCE_ONLY
evacuation_parking,parking:bb21dac321e856185428,경상북도,문경시,제24노상주차장,경상북도 문경시 시청1길 31-1,경상북도 문경시 모전동 864,36.58626465,128.1880251,노상,8,평일+토요일+공휴일,09:00,18:00,유료,경상북도 문경시청,2026-04-17,,,,,false,전국주차장정보표준데이터,https://www.data.go.kr/data/15012896/standard.do,SOURCE_ONLY
evacuation_parking,parking:c0a27da9bd8dc4ced720,경상북도,문경시,제10노상주차장,경상북도 문경시 남산로 24,경상북도 문경시 점촌동 131-21,36.59190836,128.1995831,노상,13,평일+토요일+공휴일,09:00,18:00,유료,경상북도 문경시청,2026-04-17,,,,,false,전국주차장정보표준데이터,https://www.data.go.kr/data/15012896/standard.do,SOURCE_ONLY
evacuation_parking,parking:c81365d51ed345897c6c,경상북도,문경시,제6공영주차장,경상북도 문경시 호서로 82,경상북도 문경시 흥덕동 249-10,36.60153397,128.202173,노외,47,평일+토요일+공휴일,09:00,18:00,무료,경상북도 문경시청,2026-04-17,,,,,false,전국주차장정보표준데이터,https://www.data.go.kr/data/15012896/standard.do,SOURCE_ONLY
evacuation_parking,parking:c83d1cd7f3eeb4c3eea7,경상북도,문경시,제13공영주차장,경상북도 문경시 남산로 14,경상북도 문경시 점촌동 173-2,36.592371,128.1987921,노외,21,평일+토요일+공휴일,09:00,18:00,유료,경상북도 문경시청,2026-04-17,,,,,false,전국주차장정보표준데이터,https://www.data.go.kr/data/15012896/standard.do,SOURCE_ONLY
evacuation_parking,parking:d46b3bbc51146b24928e,경상북도,문경시,제6노상주차장,경상북도 문경시 돈달로 97,경상북도 문경시 점촌동 402-5,36.59951295,128.1969253,노상,58,평일+토요일+공휴일,09:00,18:00,무료,경상북도 문경시청,2026-04-17,,,,,false,전국주차장정보표준데이터,https://www.data.go.kr/data/15012896/standard.do,SOURCE_ONLY
evacuation_parking,parking:d97be9c269ffddf6285b,경상북도,문경시,문경시청,경상북도 문경시 당교로 225,경상북도 문경시 모전동 220,36.5869234,128.187405,부설,210,평일+토요일+공휴일,08:00,19:00,유료,경상북도 문경시청,2026-04-17,,,,,false,전국주차장정보표준데이터,https://www.data.go.kr/data/15012896/standard.do,SOURCE_ONLY
evacuation_parking,parking:db2e8a5229ab8c730cf7,경상북도,문경시,제13노상주차장,경상북도 문경시 점촌2길 55,경상북도 문경시 점촌동 393-1,36.59989661,128.198971,노상,11,평일+토요일+공휴일,09:00,18:00,무료,경상북도 문경시청,2026-04-17,,,,,false,전국주차장정보표준데이터,https://www.data.go.kr/data/15012896/standard.do,SOURCE_ONLY
evacuation_parking,parking:e2cd44f89b53bf02f4a3,경상북도,문경시,제4공영주차장,경상북도 문경시 점촌역길 3,경상북도 문경시 점촌동 163-2,36.59548934,128.2028036,노외,47,평일+토요일+공휴일,09:00,18:00,유료,경상북도 문경시청,2026-04-17,,,,,false,전국주차장정보표준데이터,https://www.data.go.kr/data/15012896/standard.do,SOURCE_ONLY
evacuation_parking,parking:e38adc86b05aad3cd7d0,경상북도,문경시,제26노상주차장,경상북도 문경시 중앙로 88,경상북도 문경시 점촌동 278-1,36.59322307,128.1978602,노상,35,평일+토요일+공휴일,09:00,18:00,유료,경상북도 문경시청,2026-04-17,,,,,false,전국주차장정보표준데이터,https://www.data.go.kr/data/15012896/standard.do,SOURCE_ONLY
evacuation_parking,parking:e6575a7c8ca81fc38163,경상북도,문경시,제1공영주차장,경상북도 문경시 모전로 54,경상북도 문경시 모전동 115-2,36.58610576,128.192314,노외,42,평일+토요일+공휴일,09:00,18:00,유료,경상북도 문경시청,2026-04-17,,,,,false,전국주차장정보표준데이터,https://www.data.go.kr/data/15012896/standard.do,SOURCE_ONLY
evacuation_parking,parking:e89135b6ee8e4bf942ce,경상북도,문경시,제14공영주차장,경상북도 문경시 중앙2길 21,경상북도 문경시 점촌동 280-4,36.59300142,128.1987278,노외,37,평일+토요일+공휴일,09:00,18:00,유료,경상북도 문경시청,2026-04-17,,,,,false,전국주차장정보표준데이터,https://www.data.go.kr/data/15012896/standard.do,SOURCE_ONLY
evacuation_parking,parking:e98d97533d169d2b1858,경상북도,문경시,제18노상주차장,경상북도 문경시 점촌로 1,경상북도 문경시 점촌동 166-2,36.59593193,128.2023601,노상,6,평일+토요일+공휴일,09:00,18:00,유료,경상북도 문경시청,2026-04-17,,,,,false,전국주차장정보표준데이터,https://www.data.go.kr/data/15012896/standard.do,SOURCE_ONLY
evacuation_parking,parking:f16e7d83a6ab114e2f4b,경상북도,문경시,제9노상주차장,경상북도 문경시 운동장로 4,경상북도 문경시 모전동 117-14,36.59159294,128.1893282,노상,23,평일+토요일+공휴일,09:00,18:00,무료,경상북도 문경시청,2026-04-17,,,,,false,전국주차장정보표준데이터,https://www.data.go.kr/data/15012896/standard.do,SOURCE_ONLY
evacuation_parking,parking:f3e80610c67df91cd1d9,경상북도,문경시,제3공영주차장,경상북도 문경시 중앙6길 10,경상북도 문경시 점촌동 245-45,36.59535921,128.2006786,노외,74,평일+토요일+공휴일,09:00,18:00,유료,경상북도 문경시청,2026-04-17,,,,,false,전국주차장정보표준데이터,https://www.data.go.kr/data/15012896/standard.do,SOURCE_ONLY
evacuation_parking,parking:f5539e876eb5b529b75f,경상북도,문경시,가은성당 앞 공영주차장,경상북도 문경시 가은읍 대야로 2491,경상북도 문경시 가은읍 왕능리 284-5,36.6453768536,128.062416,노외,10,평일+토요일+공휴일,09:00,18:00,무료,경상북도 문경시청,2026-04-17,,,,,false,전국주차장정보표준데이터,https://www.data.go.kr/data/15012896/standard.do,SOURCE_ONLY
evacuation_parking,parking:f5f69464eb9cdf08f24b,경상북도,문경시,문경시의회,경상북도 문경시 중앙로 50,경상북도 문경시 모전동 59-2,36.58992828,128.1967625,부설,88,평일+토요일+공휴일,09:00,18:00,유료,경상북도 문경시청,2026-04-17,,,,,false,전국주차장정보표준데이터,https://www.data.go.kr/data/15012896/standard.do,SOURCE_ONLY
evacuation_parking,parking:f8f28a0d90f60a68a724,경상북도,문경시,문화예술회관,경상북도 문경시 신흥로 101,경상북도 문경시 점촌동 118,36.5907201,128.1981767,부설,195,평일+토요일+공휴일,09:00,18:00,무료,경상북도 문경시청,2026-04-17,,,,,false,전국주차장정보표준데이터,https://www.data.go.kr/data/15012896/standard.do,SOURCE_ONLY
evacuation_parking,parking:fdd8ddc354188bc9d41a,경상북도,문경시,제27노상주차장,경상북도 문경시 중앙로 148,경상북도 문경시 점촌동 142-1,36.59773666,128.2014004,노상,44,평일+토요일+공휴일,09:00,18:00,무료,경상북도 문경시청,2026-04-17,,,,,false,전국주차장정보표준데이터,https://www.data.go.kr/data/15012896/standard.do,SOURCE_ONLY
evacuation_parking,parking:fdf121a88112bada74d6,경상북도,문경시,제5공영주차장,경상북도 문경시 신흥로 234,경상북도 문경시 흥덕동 789-9,36.60099065,128.2063689,노외,39,평일+토요일+공휴일,09:00,18:00,무료,경상북도 문경시청,2026-04-17,,,,,false,전국주차장정보표준데이터,https://www.data.go.kr/data/15012896/standard.do,SOURCE_ONLY
evacuation_parking,parking:01c7ecdc27708220c7b1,경상북도,봉화군,낙동강 레프팅 공영주차장 2,경상북도 봉화군 명호면 청량로 1136-12,경상북도 봉화군 명호면 도천리 200-4,36.857479,128.903327,노외,17,평일+토요일+공휴일,00:00,23:59,무료,경상북도 봉화군청,2026-04-20,,,,,false,전국주차장정보표준데이터,https://www.data.go.kr/data/15012896/standard.do,SOURCE_ONLY
evacuation_parking,parking:0e20dfa8f4802724b543,경상북도,봉화군,봉화교 밑(공영주차장),경상북도 봉화군 봉화읍 내성천2길 97,경상북도 봉화군 봉화읍 내성리 산6-1,36.893902,128.737211,노외,21,평일+토요일+공휴일,00:00,23:59,무료,경상북도 봉화군청,2026-04-20,,,,,false,전국주차장정보표준데이터,https://www.data.go.kr/data/15012896/standard.do,SOURCE_ONLY
evacuation_parking,parking:0edb1841df794709141c,경상북도,봉화군,봉화군 체육공원,,경상북도 봉화군 봉화읍 내성리 506,36.890397,128.737935,노외,285,평일+토요일+공휴일,00:00,23:59,무료,경상북도 봉화군청,2026-04-20,,,,,false,전국주차장정보표준데이터,https://www.data.go.kr/data/15012896/standard.do,SOURCE_ONLY
evacuation_parking,parking:16bdfab83edc93224513,경상북도,봉화군,석천계곡 입구(공영주차장),경상북도 봉화군 봉화읍 문수로 38-17,경상북도 봉화군 봉화읍 삼계리 180-2,36.900175,128.736463,노외,42,평일+토요일+공휴일,00:00,23:59,무료,경상북도 봉화군청,2026-04-20,,,,,false,전국주차장정보표준데이터,https://www.data.go.kr/data/15012896/standard.do,SOURCE_ONLY
evacuation_parking,parking:22738700a77db115dc44,경상북도,봉화군,구시장 공영주차장,,경상북도 봉화군 봉화읍 내성리 231-30,36.889416,128.739052,노외,43,평일+토요일+공휴일,00:00,23:59,무료,경상북도 봉화군청,2026-04-20,,,,,false,전국주차장정보표준데이터,https://www.data.go.kr/data/15012896/standard.do,SOURCE_ONLY
evacuation_parking,parking:24adc5b0167160e6c581,경상북도,봉화군,봉화군 테니스장(공영주차장),,경상북도 봉화군 봉화읍 내성리 412-3,36.888846,128.731191,노외,26,평일+토요일+공휴일,00:00,23:59,무료,경상북도 봉화군청,2026-04-20,,,,,false,전국주차장정보표준데이터,https://www.data.go.kr/data/15012896/standard.do,SOURCE_ONLY
evacuation_parking,parking:301d475f0fe8b9bc47bd,경상북도,봉화군,무진휴게소 주차장,경상북도 봉화군 소천면 청옥로 220,경상북도 봉화군 소천면 고선리 189-6,36.952056,128.996743,노외,21,평일+토요일+공휴일,00:00,23:59,무료,경상북도 봉화군청,2026-04-20,,,,,false,전국주차장정보표준데이터,https://www.data.go.kr/data/15012896/standard.do,SOURCE_ONLY
evacuation_parking,parking:34c5959e451f52d896df,경상북도,봉화군,석포교 강변주차장,경상북도 봉화군 석포면 석포로 153-6,경상북도 봉화군 석포면 석포리 421-7,37.044548,129.063512,노외,16,평일+토요일+공휴일,00:00,23:59,무료,경상북도 봉화군청,2026-04-20,,,,,false,전국주차장정보표준데이터,https://www.data.go.kr/data/15012896/standard.do,SOURCE_ONLY
evacuation_parking,parking:3e38dd20ae97c3da0ba0,경상북도,봉화군,춘양 파출소 주변,경상북도 봉화군 춘양면 의양로 49,경상북도 봉화군 춘양면 의양리 363-10,36.937098,128.913642,노상,43,평일+토요일+공휴일,00:00,23:59,무료,경상북도 봉화군청,2026-04-20,,,,,false,전국주차장정보표준데이터,https://www.data.go.kr/data/15012896/standard.do,SOURCE_ONLY
evacuation_parking,parking:3eb4dbe54066367ce344,경상북도,봉화군,낙동강 비나리 테마공원 공영주차장,경상북도 봉화군 명호면 청량로 1157,경상북도 봉화군 명호면 도천리 188,36.858884,128.900696,노외,96,평일+토요일+공휴일,00:00,23:59,무료,경상북도 봉화군청,2026-04-20,,,,,false,전국주차장정보표준데이터,https://www.data.go.kr/data/15012896/standard.do,SOURCE_ONLY
evacuation_parking,parking:41c7a5b7db072f43febe,경상북도,봉화군,석포역 앞 주차장,경상북도 봉화군 석포면 석포로1길 2,경상북도 봉화군 석포면 석포리 569-12,37.044552,129.062014,노외,16,평일+토요일+공휴일,00:00,23:59,무료,경상북도 봉화군청,2026-04-20,,,,,false,전국주차장정보표준데이터,https://www.data.go.kr/data/15012896/standard.do,SOURCE_ONLY
evacuation_parking,parking:440cff7ff30d543b05dc,경상북도,봉화군,재산우체국 앞 공영주차장,경상북도 봉화군 재산면 재산로 521,경상북도 봉화군 재산면 현동리 660-34,36.817525,128.962822,노외,22,평일+토요일+공휴일,00:00,23:59,무료,경상북도 봉화군청,2026-04-20,,,,,false,전국주차장정보표준데이터,https://www.data.go.kr/data/15012896/standard.do,SOURCE_ONLY
evacuation_parking,parking:451e8f230b26f3bba721,경상북도,봉화군,내성공영주차장,경상북도 봉화군 봉화읍 내성로4길 36,경상북도 봉화군 봉화읍 내성리 263-1,36.891007,128.741133,노외,60,평일+토요일+공휴일,00:00,23:59,무료,경상북도 봉화군청,2026-04-20,,,,,false,전국주차장정보표준데이터,https://www.data.go.kr/data/15012896/standard.do,SOURCE_ONLY
evacuation_parking,parking:473f1a53812a3672c153,경상북도,봉화군,봉화초등학교뒤 소규모주차장,,경상북도 봉화군 봉화읍 내성리 257-2,36.891865,128.741544,노외,8,평일+토요일+공휴일,00:00,23:59,무료,경상북도 봉화군청,2026-04-20,,,,,false,전국주차장정보표준데이터,https://www.data.go.kr/data/15012896/standard.do,SOURCE_ONLY
evacuation_parking,parking:488cd3e51c081e157f31,경상북도,봉화군,청소년센터 앞,경상북도 봉화군 봉화읍 내성로1길 17-49,경상북도 봉화군 봉화읍 내성리 187-1,36.887374,128.739206,노상,39,평일+토요일+공휴일,00:00,23:59,무료,경상북도 봉화군청,2026-04-20,,,,,false,전국주차장정보표준데이터,https://www.data.go.kr/data/15012896/standard.do,SOURCE_ONLY
evacuation_parking,parking:4ae5330eb43a995e44a8,경상북도,봉화군,농협하나로마트 앞,경상북도 봉화군 봉화읍 봉화로 1160,경상북도 봉화군 봉화읍 내성리 234-7,36.890666,128.737078,노상,30,평일+토요일+공휴일,00:00,23:59,무료,경상북도 봉화군청,2026-04-20,,,,,false,전국주차장정보표준데이터,https://www.data.go.kr/data/15012896/standard.do,SOURCE_ONLY
evacuation_parking,parking:59990517b3380c99dcc1,경상북도,봉화군,은어테마공원 공영주차장,경상북도 봉화군 봉화읍 범들로 447,경상북도 봉화군 봉화읍 석평리 625-1,36.888063,128.725514,노외,47,평일+토요일+공휴일,00:00,23:59,무료,경상북도 봉화군청,2026-04-20,,,,,false,전국주차장정보표준데이터,https://www.data.go.kr/data/15012896/standard.do,SOURCE_ONLY
evacuation_parking,parking:633de84a21b1e0267ba9,경상북도,봉화군,상운면사무소 주변,경상북도 봉화군 상운면 예봉로 1281,경상북도 봉화군 상운면 가곡리 400,36.833518,128.755058,노상,22,평일+토요일+공휴일,00:00,23:59,무료,경상북도 봉화군청,2026-04-20,,,,,false,전국주차장정보표준데이터,https://www.data.go.kr/data/15012896/standard.do,SOURCE_ONLY
evacuation_parking,parking:67db9604fb2ce29e956b,경상북도,봉화군,낙동강 레프팅 공영주차장 1,경상북도 봉화군 명호면 청량로 1136-46,경상북도 봉화군 명호면 도천리 200-3,36.856808,128.902776,노외,21,평일+토요일+공휴일,00:00,23:59,무료,경상북도 봉화군청,2026-04-20,,,,,false,전국주차장정보표준데이터,https://www.data.go.kr/data/15012896/standard.do,SOURCE_ONLY
evacuation_parking,parking:6acd6597fc8639bbfd45,경상북도,봉화군,석계교 강변주차장,경상북도 봉화군 석포면 석포로5길 11,경상북도 봉화군 석포면 석포리 417-1,37.045755,129.064608,노외,27,평일+토요일+공휴일,00:00,23:59,무료,경상북도 봉화군청,2026-04-20,,,,,false,전국주차장정보표준데이터,https://www.data.go.kr/data/15012896/standard.do,SOURCE_ONLY
evacuation_parking,parking:72a65a3122a090ef7671,경상북도,봉화군,청량산 공영주차장,,경상북도 봉화군 명호면 관창리 1728,36.786832,128.893252,노외,134,평일+토요일+공휴일,00:00,23:59,무료,경상북도 봉화군청,2026-04-20,,,,,false,전국주차장정보표준데이터,https://www.data.go.kr/data/15012896/standard.do,SOURCE_ONLY
evacuation_parking,parking:72f31669b70458c21b31,경상북도,봉화군,소로리 노상주차장,,경상북도 봉화군 춘양면 소로리 883,36.932527,128.912865,노상,5,평일+토요일+공휴일,00:00,23:59,무료,경상북도 봉화군청,2026-04-20,,,,,false,전국주차장정보표준데이터,https://www.data.go.kr/data/15012896/standard.do,SOURCE_ONLY
evacuation_parking,parking:7afe6fbf974fac5fd293,경상북도,봉화군,삼계회전 교차로 주변,,경상북도 봉화군 봉화읍 삼계리 315,36.894832,128.739143,노외,17,평일+토요일+공휴일,00:00,23:59,무료,경상북도 봉화군청,2026-04-20,,,,,false,전국주차장정보표준데이터,https://www.data.go.kr/data/15012896/standard.do,SOURCE_ONLY
evacuation_parking,parking:7f2ce73f3935100d9551,경상북도,봉화군,교촌로 주차장,,경상북도 봉화군 봉화읍 내성리 473-1,36.885422,128.734459,노외,30,평일+토요일+공휴일,00:00,23:59,무료,경상북도 봉화군청,2026-04-20,,,,,false,전국주차장정보표준데이터,https://www.data.go.kr/data/15012896/standard.do,SOURCE_ONLY
evacuation_parking,parking:7ff033ac86189b1a45bc,경상북도,봉화군,오전약수터 공영주차장,,경상북도 봉화군 물야면 오전리 96-1,37.012492,128.746323,노외,130,평일+토요일+공휴일,00:00,23:59,무료,경상북도 봉화군청,2026-04-20,,,,,false,전국주차장정보표준데이터,https://www.data.go.kr/data/15012896/standard.do,SOURCE_ONLY
evacuation_parking,parking:83cadb5fa254d7979748,경상북도,봉화군,봉성우체국 주변,경상북도 봉화군 봉성면 봉명로 558,경상북도 봉화군 봉성면 봉성리 367-5,36.884023,128.815746,노상,33,평일+토요일+공휴일,00:00,23:59,무료,경상북도 봉화군청,2026-04-20,,,,,false,전국주차장정보표준데이터,https://www.data.go.kr/data/15012896/standard.do,SOURCE_ONLY
evacuation_parking,parking:843b2159a22c7041d2b9,경상북도,봉화군,안동농약사 앞,경상북도 봉화군 봉화읍 봉화로 1135,경상북도 봉화군 봉화읍 내성리 426-11,36.891271,128.734266,노상,11,평일+토요일+공휴일,00:00,23:59,무료,경상북도 봉화군청,2026-04-20,,,,,false,전국주차장정보표준데이터,https://www.data.go.kr/data/15012896/standard.do,SOURCE_ONLY
evacuation_parking,parking:8b4a9023d282983cb7df,경상북도,봉화군,푸른마트 앞,경상북도 봉화군 봉화읍 내성로1길 17-77,경상북도 봉화군 봉화읍 내성리 188-7,36.887911,128.737917,노상,45,평일+토요일+공휴일,00:00,23:59,무료,경상북도 봉화군청,2026-04-20,,,,,false,전국주차장정보표준데이터,https://www.data.go.kr/data/15012896/standard.do,SOURCE_ONLY
evacuation_parking,parking:8f0ac8635d34fe81ef01,경상북도,봉화군,봉화군민회관 주변,경상북도 봉화군 봉화읍 내성로4길 6-44,경상북도 봉화군 봉화읍 내성리 42-1,36.888665,128.742824,노외,63,평일+토요일+공휴일,00:00,23:59,무료,경상북도 봉화군청,2026-04-20,,,,,false,전국주차장정보표준데이터,https://www.data.go.kr/data/15012896/standard.do,SOURCE_ONLY
evacuation_parking,parking:94590b6670a8387fd877,경상북도,봉화군,봉화제일교회 주변,경상북도 봉화군 봉화읍 내성로6길 14,경상북도 봉화군 봉화읍 내성리 302-1,36.889193,128.742136,노외,32,평일+토요일+공휴일,00:00,23:59,무료,경상북도 봉화군청,2026-04-20,,,,,false,전국주차장정보표준데이터,https://www.data.go.kr/data/15012896/standard.do,SOURCE_ONLY
evacuation_parking,parking:9ec4cef0d56187004762,경상북도,봉화군,봉화읍사무소 주변,,경상북도 봉화군 봉화읍 내성리 191-5,36.888046,128.738822,노상,43,평일+토요일+공휴일,00:00,23:59,무료,경상북도 봉화군청,2026-04-20,,,,,false,전국주차장정보표준데이터,https://www.data.go.kr/data/15012896/standard.do,SOURCE_ONLY
evacuation_parking,parking:a56b478adf39175e5350,경상북도,봉화군,산림조합 주변(2층 공영주차장),,경상북도 봉화군 봉화읍 내성리 250-6,36.891588,128.739632,노외,20,평일+토요일+공휴일,00:00,23:59,무료,경상북도 봉화군청,2026-04-20,,,,,false,전국주차장정보표준데이터,https://www.data.go.kr/data/15012896/standard.do,SOURCE_ONLY
evacuation_parking,parking:ad470bc0b3612fcdf116,경상북도,봉화군,엄약국 앞,경상북도 봉화군 봉화읍 봉화로 1157,경상북도 봉화군 봉화읍 내성리 236-10,36.891104,128.736729,노상,6,평일+토요일+공휴일,00:00,23:59,무료,경상북도 봉화군청,2026-04-20,,,,,false,전국주차장정보표준데이터,https://www.data.go.kr/data/15012896/standard.do,SOURCE_ONLY
evacuation_parking,parking:b2f7c1ca4f9c407f615e,경상북도,봉화군,봉화버스터미널 주변 주차장,,경상북도 봉화군 봉화읍 내성리 421-3,36.891744,128.736683,노외,52,평일+토요일+공휴일,00:00,23:59,무료,경상북도 봉화군청,2026-04-20,,,,,false,전국주차장정보표준데이터,https://www.data.go.kr/data/15012896/standard.do,SOURCE_ONLY
evacuation_parking,parking:c11857522e40b55331d3,경상북도,봉화군,"후계자 농묘, 백화점 주변",경상북도 봉화군 봉화읍 봉화로 1139,경상북도 봉화군 봉화읍 내성리 426-18,36.891267,128.734701,노상,19,평일+토요일+공휴일,00:00,23:59,무료,경상북도 봉화군청,2026-04-20,,,,,false,전국주차장정보표준데이터,https://www.data.go.kr/data/15012896/standard.do,SOURCE_ONLY
evacuation_parking,parking:c2e4bdaeb793783e86b8,경상북도,봉화군,삼천리자전거 주변,경상북도 봉화군 봉화읍 내성로1길 64-1,경상북도 봉화군 봉화읍 내성리 249-4,36.891451,128.739805,노상,34,평일+토요일+공휴일,00:00,23:59,무료,경상북도 봉화군청,2026-04-20,,,,,false,전국주차장정보표준데이터,https://www.data.go.kr/data/15012896/standard.do,SOURCE_ONLY
evacuation_parking,parking:c4d3cb2de24c4333bef2,경상북도,봉화군,재산면사무소 주변,경상북도 봉화군 재산면 재산로 499,경상북도 봉화군 재산면 현동리 753-5,36.815752,128.962155,노외,17,평일+토요일+공휴일,00:00,23:59,무료,경상북도 봉화군청,2026-04-20,,,,,false,전국주차장정보표준데이터,https://www.data.go.kr/data/15012896/standard.do,SOURCE_ONLY
evacuation_parking,parking:c62009678751ca915bb1,경상북도,봉화군,소천면 공영주차장(보건소 옆),경상북도 봉화군 소천면 소천로 1281-1,경상북도 봉화군 소천면 현동리 670-14,36.938449,129.002805,노외,23,평일+토요일+공휴일,00:00,23:59,무료,경상북도 봉화군청,2026-04-20,,,,,false,전국주차장정보표준데이터,https://www.data.go.kr/data/15012896/standard.do,SOURCE_ONLY
evacuation_parking,parking:c7a3bb322e3a75ebc809,경상북도,봉화군,명호식당 앞 공영주차장,경상북도 봉화군 명호면 도천길 15-5,경상북도 봉화군 명호면 도천리 255-6,36.858283,128.899503,노외,32,평일+토요일+공휴일,00:00,23:59,무료,경상북도 봉화군청,2026-04-20,,,,,false,전국주차장정보표준데이터,https://www.data.go.kr/data/15012896/standard.do,SOURCE_ONLY
evacuation_parking,parking:d1afe106eb53b7d532b4,경상북도,봉화군,봉화경찰서 주변,경상북도 봉화군 봉화읍 내성로 73,경상북도 봉화군 봉화읍 내성리 194-1,36.888823,128.739894,노상,10,평일+토요일+공휴일,00:00,23:59,무료,경상북도 봉화군청,2026-04-20,,,,,false,전국주차장정보표준데이터,https://www.data.go.kr/data/15012896/standard.do,SOURCE_ONLY
evacuation_parking,parking:d2293c17ccb15dc5f38b,경상북도,봉화군,춘양면 풋살장 주변,경상북도 봉화군 춘양면 운곡1길 27,경상북도 봉화군 춘양면 의양리 162-11,36.937069,128.919225,노외,15,평일+토요일+공휴일,00:00,23:59,무료,경상북도 봉화군청,2026-04-20,,,,,false,전국주차장정보표준데이터,https://www.data.go.kr/data/15012896/standard.do,SOURCE_ONLY
evacuation_parking,parking:d3f138c379fa2e1d35aa,경상북도,봉화군,법전면소재지 주차장,경상북도 봉화군 법전면 법전로 96,경상북도 봉화군 법전면 법전리 247-5,36.910579,128.876099,노외,23,평일+토요일+공휴일,00:00,23:59,무료,경상북도 봉화군청,2026-04-20,,,,,false,전국주차장정보표준데이터,https://www.data.go.kr/data/15012896/standard.do,SOURCE_ONLY
evacuation_parking,parking:d57af76fb4acf2b5b3bd,경상북도,봉화군,이화모텔 옆,경상북도 봉화군 봉화읍 내성천2길 75,경상북도 봉화군 봉화읍 내성리 236-19,36.891883,128.737202,노외,43,평일+토요일+공휴일,00:00,23:59,무료,경상북도 봉화군청,2026-04-20,,,,,false,전국주차장정보표준데이터,https://www.data.go.kr/data/15012896/standard.do,SOURCE_ONLY
evacuation_parking,parking:dabe7584cedbfdccf120,경상북도,봉화군,소천면 분천역 주변,경상북도 봉화군 소천면 분천길 44,경상북도 봉화군 소천면 분천리 936-4,36.931709,129.057595,노외,57,평일+토요일+공휴일,00:00,23:59,무료,경상북도 봉화군청,2026-04-20,,,,,false,전국주차장정보표준데이터,https://www.data.go.kr/data/15012896/standard.do,SOURCE_ONLY
evacuation_parking,parking:e623c8a1d7a65425baed,경상북도,봉화군,보건소 앞,경상북도 봉화군 봉화읍 거촌로 12-3,경상북도 봉화군 봉화읍 내성리 285,36.890924,128.742158,노상,5,평일+토요일+공휴일,00:00,23:59,무료,경상북도 봉화군청,2026-04-20,,,,,false,전국주차장정보표준데이터,https://www.data.go.kr/data/15012896/standard.do,SOURCE_ONLY
evacuation_parking,parking:e986e574d6560eeb245e,경상북도,봉화군,재산면사무소 주변,경상북도 봉화군 재산면 대내골길 4,경상북도 봉화군 재산면 현동리 763,36.816084,128.962084,노상,24,평일+토요일+공휴일,00:00,23:59,무료,경상북도 봉화군청,2026-04-20,,,,,false,전국주차장정보표준데이터,https://www.data.go.kr/data/15012896/standard.do,SOURCE_ONLY
evacuation_parking,parking:ecec8a9f3f5d49504b1b,경상북도,봉화군,신시장 공영주차장,경상북도 봉화군 봉화읍 꽃동네길 28,경상북도 봉화군 봉화읍 내성리 396-25,36.890066,128.734857,노외,113,평일+토요일+공휴일,00:00,23:59,무료,경상북도 봉화군청,2026-04-20,,,,,false,전국주차장정보표준데이터,https://www.data.go.kr/data/15012896/standard.do,SOURCE_ONLY
evacuation_parking,parking:edc14ed1728ed013f688,경상북도,봉화군,송이테마공원 공영주차장,경상북도 봉화군 봉화읍 내성로5길 11,경상북도 봉화군 봉화읍 내성리 192-6,36.889136,128.739429,노외,18,평일+토요일+공휴일,00:00,23:59,무료,경상북도 봉화군청,2026-04-20,,,,,false,전국주차장정보표준데이터,https://www.data.go.kr/data/15012896/standard.do,SOURCE_ONLY
evacuation_parking,parking:f0056724d1250a9f6bb2,경상북도,봉화군,봉성면 공영주차장,경상북도 봉화군 봉성면 이색골길 50,경상북도 봉화군 봉성면 봉성리 369-14,36.88324916,128.816813,노외,11,평일+토요일+공휴일,00:00,23:59,무료,경상북도 봉화군청,2026-04-20,,,,,false,전국주차장정보표준데이터,https://www.data.go.kr/data/15012896/standard.do,SOURCE_ONLY
evacuation_parking,parking:f27aecd0b3558a2c21cb,경상북도,봉화군,명호면사무소 주변,경상북도 봉화군 명호면 도천길 18-5,경상북도 봉화군 명호면 도천리 186-1,36.858663,128.900499,노상,38,평일+토요일+공휴일,00:00,23:59,무료,경상북도 봉화군청,2026-04-20,,,,,false,전국주차장정보표준데이터,https://www.data.go.kr/data/15012896/standard.do,SOURCE_ONLY
evacuation_parking,parking:f433112cc33e6a57f4d9,경상북도,봉화군,억지춘양시장 공영주차타워,경상북도 봉화군 춘양면 의양로 54,경상북도 봉화군 춘양면 의양리 351-2,36.936969,128.912926,노외,133,평일+토요일+공휴일,00:00,23:59,무료,경상북도 봉화군청,2026-04-20,,,,,false,전국주차장정보표준데이터,https://www.data.go.kr/data/15012896/standard.do,SOURCE_ONLY
evacuation_parking,parking:fa6ce1572d07d7ebcc7c,경상북도,봉화군,청량산 비나리정보화 마을,경상북도 봉화군 명호면 비나리길 156,경상북도 봉화군 명호면 풍호리 229-4,36.839359,128.879975,노외,12,평일+토요일+공휴일,00:00,23:59,무료,경상북도 봉화군청,2026-04-20,,,,,false,전국주차장정보표준데이터,https://www.data.go.kr/data/15012896/standard.do,SOURCE_ONLY
evacuation_parking,parking:02b0a793d3eddbfb531a,경상북도,상주시,화동면공영주차장,,경상북도 상주시 화동면 이소리 342-8,36.388715,127.955668,노외,22,평일+토요일+공휴일,00:00,23:59,무료,경상북도 상주시청,2026-04-17,,,,,false,전국주차장정보표준데이터,https://www.data.go.kr/data/15012896/standard.do,SOURCE_ONLY
evacuation_parking,parking:07a871cc27f71ed43b5b,경상북도,상주시,공영유료주차장,경상북도 상주시 상산로256-5,경상북도 상주시 남성동 85-49,36.41363033,128.159818,노외,88,평일+토요일+공휴일,00:00,23:59,유료,경상북도 상주시청,2026-04-17,,,,,false,전국주차장정보표준데이터,https://www.data.go.kr/data/15012896/standard.do,SOURCE_ONLY
evacuation_parking,parking:0efe3a5c59dd78aa483e,경상북도,상주시,함창읍공영주차장,,경상북도 상주시 함창읍 구향리 127-3,36.567621,128.1782832,노외,70,평일+토요일+공휴일,00:00,23:59,무료,경상북도 상주시청,2026-04-17,,,,,false,전국주차장정보표준데이터,https://www.data.go.kr/data/15012896/standard.do,SOURCE_ONLY
evacuation_parking,parking:0f2a37f386ed6156a4fe,경상북도,상주시,냉림동우리동네공영주차장,경상북도 상주시 냉림1길 43-19,경상북도 상주시 냉림동 224-1,36.42247106,128.1629489,노외,32,평일+토요일+공휴일,00:00,23:59,무료,경상북도 상주시청,2026-04-17,,,,,false,전국주차장정보표준데이터,https://www.data.go.kr/data/15012896/standard.do,SOURCE_ONLY
evacuation_parking,parking:3d58da58a8cb9bfb1fba,경상북도,상주시,낙양동쌈지공영주차장,,경상북도 상주시 낙양동 123-23,36.41072179,128.1531766,노외,71,평일+토요일+공휴일,00:00,23:59,무료,경상북도 상주시청,2026-04-17,,,,,false,전국주차장정보표준데이터,https://www.data.go.kr/data/15012896/standard.do,SOURCE_ONLY
evacuation_parking,parking:4845d53cbc0473a417d5,경상북도,상주시,중앙시장공영주차장,경상북도 상주시 상산로 256-25,경상북도 상주시 남성동 85-4,36.41402692,128.1604731,노외,16,평일+토요일+공휴일,00:00,23:59,무료,경상북도 상주시청,2026-04-17,,,,,false,전국주차장정보표준데이터,https://www.data.go.kr/data/15012896/standard.do,SOURCE_ONLY
evacuation_parking,parking:4bf96a10188089b42dfc,경상북도,상주시,화서면공영주차장,경상북도 상주시 화서면 화령남2길 5-2,경상북도 상주시 화서면 신봉리 139,36.4438171,127.9517374,노외,20,평일+토요일+공휴일,00:00,23:59,무료,경상북도 상주시청,2026-04-17,,,,,false,전국주차장정보표준데이터,https://www.data.go.kr/data/15012896/standard.do,SOURCE_ONLY
evacuation_parking,parking:4ff2849ecf18fe5ad237,경상북도,상주시,청리면청하리공영주차장,,경상북도 상주시 청리면 청하리 859-1,36.3383034,128.129111,노외,32,평일+토요일+공휴일,00:00,23:59,무료,경상북도 상주시청,2026-04-17,,,,,false,전국주차장정보표준데이터,https://www.data.go.kr/data/15012896/standard.do,SOURCE_ONLY
evacuation_parking,parking:651a16ba0a4c2b5e74df,경상북도,상주시,성동동쌈지공영주차장,,경상북도 상주시 성동동 67-1,36.41525193,128.168897,노외,60,평일+토요일+공휴일,00:00,23:59,무료,경상북도 상주시청,2026-04-17,,,,,false,전국주차장정보표준데이터,https://www.data.go.kr/data/15012896/standard.do,SOURCE_ONLY
evacuation_parking,parking:6a98a05c96ca91ea07d7,경상북도,상주시,남성동쌈지공영주차장,,경상북도 상주시 남성동 14-7,36.414342,128.158567,노외,20,평일+토요일+공휴일,00:00,23:59,무료,경상북도 상주시청,2026-04-17,,,,,false,전국주차장정보표준데이터,https://www.data.go.kr/data/15012896/standard.do,SOURCE_ONLY
evacuation_parking,parking:6af559923ff7f8afb988,경상북도,상주시,청구아파트옆공영주차장,,경상북도 상주시 신봉동 산 34,36.39720498,128.1494602,노외,15,평일+토요일+공휴일,00:00,23:59,무료,경상북도 상주시청,2026-04-17,,,,,false,전국주차장정보표준데이터,https://www.data.go.kr/data/15012896/standard.do,SOURCE_ONLY
evacuation_parking,parking:7a6021203aa43ee4df76,경상북도,상주시,북천둔치주차장,경상북도 상주시 계산8길 3,경상북도 상주시 계산동 243-1,36.42408954,128.1738524,노외,267,평일+토요일+공휴일,00:00,23:59,무료,경상북도 상주시청,2026-04-17,,,,,false,전국주차장정보표준데이터,https://www.data.go.kr/data/15012896/standard.do,SOURCE_ONLY
evacuation_parking,parking:7a9ad8e5d13a4ccd5e95,경상북도,상주시,함창초공영주차장,경상북도 상주시 함창읍 구향3길 24,경상북도 상주시 함창읍 구향리 48-1,36.5701103,128.1811622,노외,19,평일+토요일+공휴일,00:00,23:59,무료,경상북도 상주시청,2026-04-17,,,,,false,전국주차장정보표준데이터,https://www.data.go.kr/data/15012896/standard.do,SOURCE_ONLY
evacuation_parking,parking:80589f82a18d06809fef,경상북도,상주시,중앙시장주차타워,경상북도 상주시 왕산로 149,경상북도 상주시 남성동 110-1,36.41249583,128.1615147,노외,222,평일+토요일+공휴일,00:00,23:59,유료,경상북도 상주시청,2026-04-17,,,,,false,전국주차장정보표준데이터,https://www.data.go.kr/data/15012896/standard.do,SOURCE_ONLY
evacuation_parking,parking:8a59f89ef77cd8fe69e8,경상북도,상주시,상주기차역공영주차장,경상북도 상주시 남문1길 24,경상북도 상주시 성동동 611-6,36.40971054,128.1634401,노외,40,평일+토요일+공휴일,00:00,23:59,무료,경상북도 상주시청,2026-04-17,,,,,false,전국주차장정보표준데이터,https://www.data.go.kr/data/15012896/standard.do,SOURCE_ONLY
evacuation_parking,parking:9061b2cfa43293d87127,경상북도,상주시,구잠사곤충공영주차장,경상북도 상주시 신서문2길 75,경상북도 상주시 낙양동 123-29,36.41099341,128.155045,노외,116,평일+토요일+공휴일,00:00,23:59,무료,경상북도 상주시청,2026-04-17,,,,,false,전국주차장정보표준데이터,https://www.data.go.kr/data/15012896/standard.do,SOURCE_ONLY
evacuation_parking,parking:a738a12911ebf51a1be0,경상북도,상주시,모서면공영주차장,경상북도 상주시 모서면 삼포3길 35,경상북도 상주시 모서면 삼포리 235-9,36.34115071,127.9611812,노외,42,평일+토요일+공휴일,00:00,23:59,무료,경상북도 상주시청,2026-04-17,,,,,false,전국주차장정보표준데이터,https://www.data.go.kr/data/15012896/standard.do,SOURCE_ONLY
evacuation_parking,parking:b82f643579e8ca48afc0,경상북도,상주시,함창오동리공영주차장,,경상북도 상주시 함창읍 오동리 577-3,36.56608461,128.1815433,노외,12,평일+토요일+공휴일,00:00,23:59,무료,경상북도 상주시청,2026-04-17,,,,,false,전국주차장정보표준데이터,https://www.data.go.kr/data/15012896/standard.do,SOURCE_ONLY
evacuation_parking,parking:bda66216d68090e7f332,경상북도,상주시,인봉동공영주차장,경상북도 상주시 왕산로 254-2,경상북도 상주시 인봉동 57-3,36.41691469,128.1628943,노외,22,평일+토요일+공휴일,00:00,23:59,무료,경상북도 상주시청,2026-04-17,,,,,false,전국주차장정보표준데이터,https://www.data.go.kr/data/15012896/standard.do,SOURCE_ONLY
evacuation_parking,parking:bead5c80621b0cd364ac,경상북도,상주시,사벌면공영주차장,경상북도 상주시 사벌국면 덕담1길 63,경상북도 상주시 사벌국면 덕담리 380-8,36.46829754,128.2096039,노외,5,평일+토요일+공휴일,00:00,23:59,무료,경상북도 상주시청,2026-04-17,,,,,false,전국주차장정보표준데이터,https://www.data.go.kr/data/15012896/standard.do,SOURCE_ONLY
evacuation_parking,parking:d15194581e8d3addf543,경상북도,상주시,은척면유래공원주차장,,경상북도 상주시 은척면 우기리 344-7,36.53449327,128.0721855,노외,15,평일+토요일+공휴일,00:00,23:59,무료,경상북도 상주시청,2026-04-17,,,,,false,전국주차장정보표준데이터,https://www.data.go.kr/data/15012896/standard.do,SOURCE_ONLY
evacuation_parking,parking:d3607f72c5f4894e622c,경상북도,상주시,만산공원공영주차장,경상북도 상주시 경상대로 3137,경상북도 상주시 만산동 696-1,36.42709068,128.1515376,노외,58,평일+토요일+공휴일,00:00,23:59,무료,경상북도 상주시청,2026-04-17,,,,,false,전국주차장정보표준데이터,https://www.data.go.kr/data/15012896/standard.do,SOURCE_ONLY
evacuation_parking,parking:d8b09b85939876354d5f,경상북도,상주시,신봉동공영주차장,경상북도 상주시 상산로 156-10,경상북도 상주시 신봉동 111-1,36.40442623,128.1616421,노외,76,평일+토요일+공휴일,00:00,23:59,무료,경상북도 상주시청,2026-04-17,,,,,false,전국주차장정보표준데이터,https://www.data.go.kr/data/15012896/standard.do,SOURCE_ONLY
evacuation_parking,parking:e082ec7a24e673cd88fc,경상북도,상주시,복룡동공영주차장,경상북도 상주시 삼백로 185-21,경상북도 상주시 복룡동 478-3,36.41979759,128.1638417,노외,27,평일+토요일+공휴일,00:00,23:59,무료,경상북도 상주시청,2026-04-17,,,,,false,전국주차장정보표준데이터,https://www.data.go.kr/data/15012896/standard.do,SOURCE_ONLY
evacuation_parking,parking:e9c541b8ba420eafae86,경상북도,상주시,신봉동2차공영주차장,,경상북도 상주시 신봉동 598-1,36.39434662,128.1513813,노외,25,평일+토요일+공휴일,00:00,23:59,무료,경상북도 상주시청,2026-04-17,,,,,false,전국주차장정보표준데이터,https://www.data.go.kr/data/15012896/standard.do,SOURCE_ONLY
evacuation_parking,parking:fc4fc2d7668e6fc8ca72,경상북도,상주시,신봉동1차공영주차장,,경상북도 상주시 신봉동 544,36.39740949,128.149698,노외,19,평일+토요일+공휴일,00:00,23:59,무료,경상북도 상주시청,2026-04-17,,,,,false,전국주차장정보표준데이터,https://www.data.go.kr/data/15012896/standard.do,SOURCE_ONLY
evacuation_parking,parking:14cdc209b0904293ba6e,경상북도,성주군,군청 전정주차장,,경상북도 성주군 성주읍 경산리 283-1,35.9190428531,128.2837855586,부설,54,평일+토요일+공휴일,00:00,23:59,유료,경상북도 성주군청,2026-04-16,,,,,false,전국주차장정보표준데이터,https://www.data.go.kr/data/15012896/standard.do,SOURCE_ONLY
evacuation_parking,parking:1f67d01ea704801de708,경상북도,성주군,제1주차장(구경찰서),,경상북도 성주군 성주읍 경산리 172-4,35.91930867,128.2841971,노외,135,평일+토요일+공휴일,00:00,23:59,무료,경상북도 성주군청,2026-04-16,,,,,false,전국주차장정보표준데이터,https://www.data.go.kr/data/15012896/standard.do,SOURCE_ONLY
evacuation_parking,parking:23d39f8993ab712367d9,경상북도,성주군,이천제방 주차장,,경상북도 성주군 성주읍 경산리 765-3,35.91378526,128.2829294,노외,200,평일+토요일+공휴일,00:00,23:59,무료,경상북도 성주군청,2026-04-16,,,,,false,전국주차장정보표준데이터,https://www.data.go.kr/data/15012896/standard.do,SOURCE_ONLY
evacuation_parking,parking:2dedd25b5cb393aa9c4a,경상북도,성주군,성주전통시장 주차장,경상북도 성주군 성주읍 시장길 49,경상북도 성주군 성주읍 경산리 718-325,35.91407807,128.2851311,노외,129,평일+토요일+공휴일,00:00,23:59,유료,경상북도 성주군청,2026-04-16,,,,,false,전국주차장정보표준데이터,https://www.data.go.kr/data/15012896/standard.do,SOURCE_ONLY
evacuation_parking,parking:2f8e1844dc11237ef3de,경상북도,성주군,성주여고 맞은편 주차장,,경상북도 성주군 성주읍 경산리 356-2,35.91884179,128.281426,노외,5,평일+토요일+공휴일,00:00,23:59,무료,경상북도 성주군청,2026-04-16,,,,,false,전국주차장정보표준데이터,https://www.data.go.kr/data/15012896/standard.do,SOURCE_ONLY
evacuation_parking,parking:41f243b6634833d46deb,경상북도,성주군,별고을체육공원,,경상북도 성주군 성주읍 대흥리 905-3,35.91307892,128.2567841,노외,430,평일+토요일+공휴일,00:00,23:59,무료,경상북도 성주군청,2026-04-16,,,,,false,전국주차장정보표준데이터,https://www.data.go.kr/data/15012896/standard.do,SOURCE_ONLY
evacuation_parking,parking:5c98390f045ad86ee028,경상북도,성주군,놀벤져스(1호) 제2주차장,,경상북도 성주군 성주읍 백전리 650-1,35.922265,128.2791258,노외,8,평일+토요일+공휴일,00:00,23:59,무료,경상북도 성주군청,2026-04-16,,,,,false,전국주차장정보표준데이터,https://www.data.go.kr/data/15012896/standard.do,SOURCE_ONLY
evacuation_parking,parking:61ed42a2af985152875d,경상북도,성주군,생명문화공원 주차장,,경상북도 성주군 월항면 인촌리 218-9,36.0138759,128.2970361,노외,54,평일+토요일+공휴일,00:00,23:59,무료,경상북도 성주군청,2026-04-16,,,,,false,전국주차장정보표준데이터,https://www.data.go.kr/data/15012896/standard.do,SOURCE_ONLY
evacuation_parking,parking:7847ff8ceb7920c34337,경상북도,성주군,성주역사테마공원 주차장,,경상북도 성주군 성주읍 예산리 516 일원 외 2개소,35.9221246,128.2837306,노외,116,평일+토요일+공휴일,00:00,23:59,무료,경상북도 성주군청,2026-04-16,,,,,false,전국주차장정보표준데이터,https://www.data.go.kr/data/15012896/standard.do,SOURCE_ONLY
evacuation_parking,parking:945d72c62d39d8423033,경상북도,성주군,독용산성자연휴양림 주차장,,경상북도 성주군 금수면 봉두리 산110,35.90636658,128.1344133,노외,17,평일+토요일+공휴일,00:00,23:59,무료,경상북도 성주군청,2026-04-16,,,,,false,전국주차장정보표준데이터,https://www.data.go.kr/data/15012896/standard.do,SOURCE_ONLY
evacuation_parking,parking:9cab51e8c0036d728d99,경상북도,성주군,성산리 임시주차장(롯데카센터 맞은편),,경상북도 성주군 성주읍 성산리 646-9번지 외 9필지,35.916133,128.2891984,노외,80,평일+토요일+공휴일,00:00,23:59,무료,경상북도 성주군청,2026-04-16,,,,,false,전국주차장정보표준데이터,https://www.data.go.kr/data/15012896/standard.do,SOURCE_ONLY
evacuation_parking,parking:a2250ea8ed20ef5478f4,경상북도,성주군,성밖공원 주차장,,경상북도 성주군 성주읍 경산리 763-73,35.91525096,128.2808918,노외,80,평일+토요일+공휴일,00:00,23:59,무료,경상북도 성주군청,2026-04-16,,,,,false,전국주차장정보표준데이터,https://www.data.go.kr/data/15012896/standard.do,SOURCE_ONLY
evacuation_parking,parking:a40930661a671f603b3d,경상북도,성주군,성주어울림 공영주차장,경상북도 성주군 성주읍 경산길 17,경상북도 성주군 성주읍 경산리 597-2(버스터미널),35.9169276,128.2852814,노외,117,평일+토요일+공휴일,00:00,23:59,무료,경상북도 성주군청,2026-04-16,,,,,false,전국주차장정보표준데이터,https://www.data.go.kr/data/15012896/standard.do,SOURCE_ONLY
evacuation_parking,parking:a6af436ea58321c235e5,경상북도,성주군,성산 2주차장(디지털플라자 맞은편),,경상북도 성주군 성주읍 성산리 652-1번지 외 1필지,35.9171512,128.2907491,노외,42,평일+토요일+공휴일,00:00,23:59,무료,경상북도 성주군청,2026-04-16,,,,,false,전국주차장정보표준데이터,https://www.data.go.kr/data/15012896/standard.do,SOURCE_ONLY
evacuation_parking,parking:c5631ca86959dce438a5,경상북도,성주군,건강문화캠퍼스 주차장,경상북도 성주군 성주읍 성주읍1길 4,경상북도 성주군 성주읍 성산리 2101,35.9182616,128.290175,노외,168,평일+토요일+공휴일,00:00,23:59,유료,경상북도 성주군청,2026-04-16,,,,,false,전국주차장정보표준데이터,https://www.data.go.kr/data/15012896/standard.do,SOURCE_ONLY
evacuation_parking,parking:cce80fba7d1f6dc438cf,경상북도,성주군,성산2공원 주차장(커피스미스 성주점 옆),,경상북도 성주군 성주읍 성산리 546-13번지 외 2필지,35.9182941,128.2934325,노외,40,평일+토요일+공휴일,00:00,23:59,무료,경상북도 성주군청,2026-04-16,,,,,false,전국주차장정보표준데이터,https://www.data.go.kr/data/15012896/standard.do,SOURCE_ONLY
evacuation_parking,parking:d4f548b7ce7c463e9dbc,경상북도,성주군,성주군 공영주차장,경상북도 성주군 성주읍 성주로 3184,경상북도 성주군 성주읍 경산리 251,35.9201119,128.2825875,노외,231,평일+토요일+공휴일,00:00,23:59,무료,경상북도 성주군청,2026-04-16,,,,,false,전국주차장정보표준데이터,https://www.data.go.kr/data/15012896/standard.do,SOURCE_ONLY
evacuation_parking,parking:d5cae4e8fd1d63b2e5e1,경상북도,성주군,성주초교 후문 주차장,,경상북도 성주군 성주읍 경산리 138,35.9208532,128.2856441,노외,13,평일+토요일+공휴일,00:00,23:59,무료,경상북도 성주군청,2026-04-16,,,,,false,전국주차장정보표준데이터,https://www.data.go.kr/data/15012896/standard.do,SOURCE_ONLY
evacuation_parking,parking:e64bdb58d54e4e454a72,경상북도,성주군,벽진면 소재지 주차장,,경상북도 성주군 벽진면 수촌리 839 외 3필지,35.9477607,128.2169303,노외,26,평일+토요일+공휴일,00:00,23:59,무료,경상북도 성주군청,2026-04-16,,,,,false,전국주차장정보표준데이터,https://www.data.go.kr/data/15012896/standard.do,SOURCE_ONLY
evacuation_parking,parking:eeff8d19d1b5ea92c9d7,경상북도,성주군,놀벤져스(1호) 제1주차장,,경상북도 성주군 성주읍 백전리 643,35.9216189,128.2783076,노외,18,평일+토요일+공휴일,00:00,23:59,무료,경상북도 성주군청,2026-04-16,,,,,false,전국주차장정보표준데이터,https://www.data.go.kr/data/15012896/standard.do,SOURCE_ONLY
evacuation_parking,parking:036d0c73cb50c2c3fc4e,경상북도,안동시,낙동강둔치주차장-옥야동,,경상북도 안동시 옥야동 424,36.55766248,128.7213272,노외,446,평일+토요일+공휴일,00:00,23:59,무료,경상북도 안동시청,2026-04-16,,,,,false,전국주차장정보표준데이터,https://www.data.go.kr/data/15012896/standard.do,SOURCE_ONLY
evacuation_parking,parking:03f3730b90da5b5b5483,경상북도,안동시,대석동(대석1길 주변) 마을공동주차장,,경상북도 안동시 대석동 142-1,36.56650732,128.7251557,노외,19,평일+토요일+공휴일,00:00,23:59,무료,경상북도 안동시청,2026-04-16,,,,,false,전국주차장정보표준데이터,https://www.data.go.kr/data/15012896/standard.do,SOURCE_ONLY
evacuation_parking,parking:047c7887064d778ea477,경상북도,안동시,경동로1 노상유료,,경상북도 안동시 옥야동 339-9,36.5634492,128.7217896,노상,9,평일+토요일+공휴일,10:00,19:00,혼합,경상북도 안동시청,2026-04-16,,,,,false,전국주차장정보표준데이터,https://www.data.go.kr/data/15012896/standard.do,SOURCE_ONLY
evacuation_parking,parking:06027d4455a9903c6c67,경상북도,안동시,세영리첼 2차 옆 마을공동주차장,,경상북도 안동시 용상동 1517-81,36.5554528,128.7495326,노외,14,평일+토요일+공휴일,00:00,23:59,무료,경상북도 안동시청,2026-04-16,,,,,false,전국주차장정보표준데이터,https://www.data.go.kr/data/15012896/standard.do,SOURCE_ONLY
evacuation_parking,parking:07014795b73986747d5a,경상북도,안동시,명륜동 시청 후문 마을공동주차장 설치공사,,경상북도 안동시 명륜동 338-4,36.56913234,128.7297654,노외,8,평일+토요일+공휴일,00:00,23:59,무료,경상북도 안동시청,2026-04-16,,,,,false,전국주차장정보표준데이터,https://www.data.go.kr/data/15012896/standard.do,SOURCE_ONLY
evacuation_parking,parking:071bd61bf8f15eb1394c,경상북도,안동시,태화동 가정교회 주변 마을공동주차장,,경상북도 안동시 태화동 238-36,36.56020141,128.7121494,노외,8,평일+토요일+공휴일,00:00,23:59,무료,경상북도 안동시청,2026-04-16,,,,,false,전국주차장정보표준데이터,https://www.data.go.kr/data/15012896/standard.do,SOURCE_ONLY
evacuation_parking,parking:09b79a9f974b0e5031e2,경상북도,안동시,한국복지재가센터(구한전)뒤쪽,,경상북도 안동시 태화동 634-30,36.56674259,128.7091525,노상,14,평일+토요일+공휴일,00:00,23:59,무료,경상북도 안동시청,2026-04-16,,,,,false,전국주차장정보표준데이터,https://www.data.go.kr/data/15012896/standard.do,SOURCE_ONLY
evacuation_parking,parking:0b221f7ac5d52beb5337,경상북도,안동시,안기동 마을공동주차장(대원아파트 인근),,경상북도 안동시 운안동 173-8,36.57107671,128.7152926,노외,15,평일+토요일+공휴일,00:00,23:59,무료,경상북도 안동시청,2026-04-16,,,,,false,전국주차장정보표준데이터,https://www.data.go.kr/data/15012896/standard.do,SOURCE_ONLY
evacuation_parking,parking:0d1750b7b3cd1bf6f87f,경상북도,안동시,현진2차 앞,,경상북도 안동시 정하동 637-14,36.55044438,128.7321897,노상,30,평일+토요일+공휴일,00:00,23:59,무료,경상북도 안동시청,2026-04-16,,,,,false,전국주차장정보표준데이터,https://www.data.go.kr/data/15012896/standard.do,SOURCE_ONLY
evacuation_parking,parking:0d1f6f4a4b732d6b65d5,경상북도,안동시,안막동마을공동주차장,,경상북도 안동시 안막동 106-50,36.58059275,128.7332239,노외,13,평일+토요일+공휴일,00:00,23:59,무료,경상북도 안동시청,2026-04-16,,,,,false,전국주차장정보표준데이터,https://www.data.go.kr/data/15012896/standard.do,SOURCE_ONLY
evacuation_parking,parking:0de5a0d18b61b1d62fa8,경상북도,안동시,중앙로2 노상유료,,경상북도 안동시 서부동 152-2,36.56587172,128.7294777,노상,8,평일+토요일+공휴일,10:00,19:00,혼합,경상북도 안동시청,2026-04-16,,,,,false,전국주차장정보표준데이터,https://www.data.go.kr/data/15012896/standard.do,SOURCE_ONLY
evacuation_parking,parking:0f34b149a733a2467e3b,경상북도,안동시,평화동(적십자앞) 마을공동주차장 설치공사,,경상북도 안동시 평화동 395-51,36.56914109,128.7119565,노외,6,평일+토요일+공휴일,00:00,23:59,무료,경상북도 안동시청,2026-04-16,,,,,false,전국주차장정보표준데이터,https://www.data.go.kr/data/15012896/standard.do,SOURCE_ONLY
evacuation_parking,parking:0f4f61816c55eace0e08,경상북도,안동시,대안로5 노상유료,,경상북도 안동시 남문동 229-1,36.56464171,128.7292753,노상,14,평일+토요일+공휴일,10:00,19:00,혼합,경상북도 안동시청,2026-04-16,,,,,false,전국주차장정보표준데이터,https://www.data.go.kr/data/15012896/standard.do,SOURCE_ONLY
evacuation_parking,parking:13292d9ccac161730707,경상북도,안동시,구 안동병원 앞,경상북도 안동시 전거리길 57,경상북도 안동시 용상동 1592-31,36.55996577,128.7443966,노상,57,평일+토요일+공휴일,00:00,23:59,무료,경상북도 안동시청,2026-04-16,,,,,false,전국주차장정보표준데이터,https://www.data.go.kr/data/15012896/standard.do,SOURCE_ONLY
evacuation_parking,parking:13afeb344037206dfb9e,경상북도,안동시,안기동 한화1길 마을공동주차장,,경상북도 안동시 안기동 134-3,36.57172595,128.7167287,노외,10,평일+토요일+공휴일,00:00,23:59,무료,경상북도 안동시청,2026-04-16,,,,,false,전국주차장정보표준데이터,https://www.data.go.kr/data/15012896/standard.do,SOURCE_ONLY
evacuation_parking,parking:14eed16df75c65b25c49,경상북도,안동시,경안고등학교 동편,,경상북도 안동시 금곡동 124-19,36.5699227,128.7207227,노상,11,평일+토요일+공휴일,00:00,23:59,무료,경상북도 안동시청,2026-04-16,,,,,false,전국주차장정보표준데이터,https://www.data.go.kr/data/15012896/standard.do,SOURCE_ONLY
evacuation_parking,parking:14ef308c899164da533a,경상북도,안동시,명륜1주차장,,경상북도 안동시 명륜동 308-11,36.56970327,128.7302287,노외,17,평일+토요일+공휴일,00:00,23:59,무료,경상북도 안동시청,2026-04-16,,,,,false,전국주차장정보표준데이터,https://www.data.go.kr/data/15012896/standard.do,SOURCE_ONLY
evacuation_parking,parking:1749dd87621f6cf4a787,경상북도,안동시,태화동 삼성목욕탕 옆 마을공동주차장,,경상북도 안동시 태화동 912,36.56472794,128.7040809,노외,30,평일+토요일+공휴일,00:00,23:59,무료,경상북도 안동시청,2026-04-16,,,,,false,전국주차장정보표준데이터,https://www.data.go.kr/data/15012896/standard.do,SOURCE_ONLY
evacuation_parking,parking:180354f1bd7da25c7394,경상북도,안동시,서경지5길-광고마을-태화세차장,,경상북도 안동시 태화동 269,36.56224573,128.7141752,노상,16,평일+토요일+공휴일,00:00,23:59,무료,경상북도 안동시청,2026-04-16,,,,,false,전국주차장정보표준데이터,https://www.data.go.kr/data/15012896/standard.do,SOURCE_ONLY
evacuation_parking,parking:1a17d612eb3135be8c4f,경상북도,안동시,중앙신시장 주차타워,경상북도 안동시 경동로 602(옥야동),경상북도 안동시 옥야동327-3,36.56297787,128.7237306,노외,197,평일+토요일+공휴일,10:00,19:00,유료,경상북도 안동시청,2026-04-16,,,,,false,전국주차장정보표준데이터,https://www.data.go.kr/data/15012896/standard.do,SOURCE_ONLY
evacuation_parking,parking:2428677830b859a9d68a,경상북도,안동시,낙동강둔치주차장-수상동,,경상북도 안동시 수상동 820-1,36.54920372,128.7000941,노외,1000,평일+토요일+공휴일,00:00,23:59,무료,경상북도 안동시청,2026-04-16,,,,,false,전국주차장정보표준데이터,https://www.data.go.kr/data/15012896/standard.do,SOURCE_ONLY
evacuation_parking,parking:26d79a505ed2745d4018,경상북도,안동시,중앙로1 노상유료,,경상북도 안동시 서부동 172-2,36.56617745,128.7281176,노상,13,평일+토요일+공휴일,10:00,19:00,혼합,경상북도 안동시청,2026-04-16,,,,,false,전국주차장정보표준데이터,https://www.data.go.kr/data/15012896/standard.do,SOURCE_ONLY
evacuation_parking,parking:286a16b0ca0e6d863401,경상북도,안동시,태화동마을공동주차장(3택지),,경상북도 안동시 태화동 689-17,36.56917849,128.7056778,노외,17,평일+토요일+공휴일,00:00,23:59,무료,경상북도 안동시청,2026-04-16,,,,,false,전국주차장정보표준데이터,https://www.data.go.kr/data/15012896/standard.do,SOURCE_ONLY
evacuation_parking,parking:29442845278220fc890d,경상북도,안동시,태화동마을공동주차장,,경상북도 안동시 태화동 634-230,36.56620119,128.7077511,노외,5,평일+토요일+공휴일,00:00,23:59,무료,경상북도 안동시청,2026-04-16,,,,,false,전국주차장정보표준데이터,https://www.data.go.kr/data/15012896/standard.do,SOURCE_ONLY
evacuation_parking,parking:29b681f995ceb37d305b,경상북도,안동시,터미널공영주차장,,경상북도 안동시 송현동 833,36.5733987,128.6761196,노외,303,평일+토요일+공휴일,00:00,23:59,유료,경상북도 안동시청,2026-04-16,,,,,false,전국주차장정보표준데이터,https://www.data.go.kr/data/15012896/standard.do,SOURCE_ONLY
evacuation_parking,parking:2cd2f664de2b83ef8da8,경상북도,안동시,안동진명학교남편 마을공동주차장,,경상북도 안동시 평화동 71-254,36.5674454,128.7162093,노외,7,평일+토요일+공휴일,00:00,23:59,무료,경상북도 안동시청,2026-04-16,,,,,false,전국주차장정보표준데이터,https://www.data.go.kr/data/15012896/standard.do,SOURCE_ONLY
evacuation_parking,parking:312e331c40a277c19e66,경상북도,안동시,명륜2주차장,,경상북도 안동시 명륜동 328-8,36.56888333,128.7306904,노외,12,평일+토요일+공휴일,00:00,23:59,무료,경상북도 안동시청,2026-04-16,,,,,false,전국주차장정보표준데이터,https://www.data.go.kr/data/15012896/standard.do,SOURCE_ONLY
evacuation_parking,parking:33f866420a4ede5f9a5b,경상북도,안동시,라이온스회관-신덕방앗간,,경상북도 안동시 태화동 269,36.56224573,128.7141752,노상,19,평일+토요일+공휴일,00:00,23:59,무료,경상북도 안동시청,2026-04-16,,,,,false,전국주차장정보표준데이터,https://www.data.go.kr/data/15012896/standard.do,SOURCE_ONLY
evacuation_parking,parking:387e66d2e6278394e22f,경상북도,안동시,태화동 영남아파트 서편 마을공동주차장,,경상북도 안동시 태화동 634-223,36.56587693,128.7069432,노외,11,평일+토요일+공휴일,00:00,23:59,무료,경상북도 안동시청,2026-04-16,,,,,false,전국주차장정보표준데이터,https://www.data.go.kr/data/15012896/standard.do,SOURCE_ONLY
evacuation_parking,parking:3923eb134c269cf9ca91,경상북도,안동시,웅부공원공영주차장,,경상북도 안동시 동부동 85-3,36.5654539,128.732965,노외,300,평일+토요일+공휴일,00:00,23:59,혼합,경상북도 안동시청,2026-04-16,,,,,false,전국주차장정보표준데이터,https://www.data.go.kr/data/15012896/standard.do,SOURCE_ONLY
evacuation_parking,parking:3b99c98a0e461ac5d620,경상북도,안동시,송천동 논골길 마을공동주차장,,경상북도 안동시 송천동 480-2,36.54027566,128.797727,노외,10,평일+토요일+공휴일,00:00,23:59,무료,경상북도 안동시청,2026-04-16,,,,,false,전국주차장정보표준데이터,https://www.data.go.kr/data/15012896/standard.do,SOURCE_ONLY
evacuation_parking,parking:3cc688fcc03e25cf92c2,경상북도,안동시,신세동노상주차장,,경상북도 안동시 신세동 182,36.5649345,128.7382389,노상,21,평일+토요일+공휴일,00:00,23:59,무료,경상북도 안동시청,2026-04-16,,,,,false,전국주차장정보표준데이터,https://www.data.go.kr/data/15012896/standard.do,SOURCE_ONLY
evacuation_parking,parking:3e783ec4df991171641d,경상북도,안동시,구시장 주차장,경상북도 안동시 퇴계로 66(남문동),경상북도 안동시 남문동 221-33,36.56504669,128.726554,노외,118,평일+토요일+공휴일,09:00,22:00,유료,경상북도 안동시청,2026-04-16,,,,,false,전국주차장정보표준데이터,https://www.data.go.kr/data/15012896/standard.do,SOURCE_ONLY
evacuation_parking,parking:4367eb5fb17f096ff476,경상북도,안동시,용상동 중들제일 경로당앞 마을공동주차장,,경상북도 안동시 성곡동 산100,36.56262433,128.7856864,노외,8,평일+토요일+공휴일,00:00,23:59,무료,경상북도 안동시청,2026-04-16,,,,,false,전국주차장정보표준데이터,https://www.data.go.kr/data/15012896/standard.do,SOURCE_ONLY
evacuation_parking,parking:45b3c00480185f8e5135,경상북도,안동시,금곡동 마을공동주차장(경안여중 진입로 인근),,경상북도 안동시 금곡동 131-15,36.57111943,128.7216503,노외,8,평일+토요일+공휴일,00:00,23:59,무료,경상북도 안동시청,2026-04-16,,,,,false,전국주차장정보표준데이터,https://www.data.go.kr/data/15012896/standard.do,SOURCE_ONLY
evacuation_parking,parking:46085ac37e28f24aa98d,경상북도,안동시,안동의료원앞-태사2길 노상유료,,경상북도 안동시 북문동 484,36.56722666,128.7327697,노상,10,평일+토요일+공휴일,10:00,19:00,혼합,경상북도 안동시청,2026-04-16,,,,,false,전국주차장정보표준데이터,https://www.data.go.kr/data/15012896/standard.do,SOURCE_ONLY
evacuation_parking,parking:491e169ff05c5660c444,경상북도,안동시,안동중학교 주변 마을공동주차장,,경상북도 안동시 태화동 245-10,36.5622881,128.7126927,노외,4,평일+토요일+공휴일,00:00,23:59,무료,경상북도 안동시청,2026-04-16,,,,,false,전국주차장정보표준데이터,https://www.data.go.kr/data/15012896/standard.do,SOURCE_ONLY
evacuation_parking,parking:4b54c98a2e9a90c9dab9,경상북도,안동시,동부초등학교 앞 마을공동주차장,,경상북도 안동시 옥정동 427-4,36.56648004,128.7359394,노외,28,평일+토요일+공휴일,00:00,23:59,무료,경상북도 안동시청,2026-04-16,,,,,false,전국주차장정보표준데이터,https://www.data.go.kr/data/15012896/standard.do,SOURCE_ONLY
evacuation_parking,parking:4f19a377d593834ee261,경상북도,안동시,풍산시장 주차장,,경상북도 안동시 풍산읍 안교리 123-40,36.57790005,128.573615,노외,119,평일+토요일+공휴일,00:00,23:59,무료,경상북도 안동시청,2026-04-16,,,,,false,전국주차장정보표준데이터,https://www.data.go.kr/data/15012896/standard.do,SOURCE_ONLY
evacuation_parking,parking:513db1980965f0264783,경상북도,안동시,금곡동 서부파출소 건너편 마을공동주차장,,경상북도 안동시 금곡동 133-13,36.57104882,128.7199179,노외,2,평일+토요일+공휴일,00:00,23:59,무료,경상북도 안동시청,2026-04-16,,,,,false,전국주차장정보표준데이터,https://www.data.go.kr/data/15012896/standard.do,SOURCE_ONLY
evacuation_parking,parking:55d92f6fe3f26357af1e,경상북도,안동시,안동초등서편 노상유료,,경상북도 안동시 남문동 222-26,36.56488203,128.7277368,노상,23,평일+토요일+공휴일,10:00,19:00,혼합,경상북도 안동시청,2026-04-16,,,,,false,전국주차장정보표준데이터,https://www.data.go.kr/data/15012896/standard.do,SOURCE_ONLY
evacuation_parking,parking:55e95203b158c565a2c4,경상북도,안동시,태성드림하이츠 주변 마을공동주차장,,경상북도 안동시 태화동 648-14,36.5682107,128.7060583,노외,11,평일+토요일+공휴일,00:00,23:59,무료,경상북도 안동시청,2026-04-16,,,,,false,전국주차장정보표준데이터,https://www.data.go.kr/data/15012896/standard.do,SOURCE_ONLY
evacuation_parking,parking:57725a4c80fbd244f9f7,경상북도,안동시,신세동 성진골 마을공동주차장,,경상북도 안동시 신세동 93-2,36.56572558,128.7385592,노외,9,평일+토요일+공휴일,00:00,23:59,무료,경상북도 안동시청,2026-04-16,,,,,false,전국주차장정보표준데이터,https://www.data.go.kr/data/15012896/standard.do,SOURCE_ONLY
evacuation_parking,parking:584a91f9a1856d245460,경상북도,안동시,용상시장 주차장,경상북도 안동시 경동로 862(용상동),경상북도 안동시 용상동 1242,36.5594707,128.7501623,노외,113,평일+토요일+공휴일,00:00,23:59,무료,경상북도 안동시청,2026-04-16,,,,,false,전국주차장정보표준데이터,https://www.data.go.kr/data/15012896/standard.do,SOURCE_ONLY
evacuation_parking,parking:594e740864850e5746ea,경상북도,안동시,퇴계로1 노상유료,,경상북도 안동시 서부동 189,36.56619629,128.7278451,노상,4,평일+토요일+공휴일,10:00,19:00,혼합,경상북도 안동시청,2026-04-16,,,,,false,전국주차장정보표준데이터,https://www.data.go.kr/data/15012896/standard.do,SOURCE_ONLY
evacuation_parking,parking:5af87197ba1162340dd8,경상북도,안동시,안동터미널제2주차장,,경상북도 안동시 송현동 611-3,36.57421051,128.6811378,노상,110,평일+토요일+공휴일,00:00,23:59,무료,경상북도 안동시청,2026-04-16,,,,,false,전국주차장정보표준데이터,https://www.data.go.kr/data/15012896/standard.do,SOURCE_ONLY
evacuation_parking,parking:5b3b891e7250423315d4,경상북도,안동시,제일교회 앞,,경상북도 안동시 용상동 1179-146,36.55609766,128.7537095,노상,24,평일+토요일+공휴일,00:00,23:59,무료,경상북도 안동시청,2026-04-16,,,,,false,전국주차장정보표준데이터,https://www.data.go.kr/data/15012896/standard.do,SOURCE_ONLY
evacuation_parking,parking:5d49d802a208cfa91737,경상북도,안동시,중앙로5 노상유료,,경상북도 안동시 삼산동 112-3,36.56568877,128.7314758,노상,10,평일+토요일+공휴일,10:00,19:00,혼합,경상북도 안동시청,2026-04-16,,,,,false,전국주차장정보표준데이터,https://www.data.go.kr/data/15012896/standard.do,SOURCE_ONLY
evacuation_parking,parking:5e54c634075030bd8568,경상북도,안동시,운안5통놀이터-KBS,,경상북도 안동시 운안동 401-22,36.57041807,128.7114175,노상,28,평일+토요일+공휴일,00:00,23:59,무료,경상북도 안동시청,2026-04-16,,,,,false,전국주차장정보표준데이터,https://www.data.go.kr/data/15012896/standard.do,SOURCE_ONLY
evacuation_parking,parking:5ed129378c9fae26d16a,경상북도,안동시,경동로2 노상유료,,경상북도 안동시 옥야동 300-41,36.56366074,128.7226139,노상,10,평일+토요일+공휴일,10:00,19:00,혼합,경상북도 안동시청,2026-04-16,,,,,false,전국주차장정보표준데이터,https://www.data.go.kr/data/15012896/standard.do,SOURCE_ONLY
evacuation_parking,parking:621e26f934360d697d64,경상북도,안동시,중앙신시장 2주차장,,경상북도 안동시 옥야동 338-2,36.5636648,128.7220242,노외,22,평일+토요일+공휴일,10:00,19:00,혼합,경상북도 안동시청,2026-04-16,,,,,false,전국주차장정보표준데이터,https://www.data.go.kr/data/15012896/standard.do,SOURCE_ONLY
evacuation_parking,parking:63bf40294ea14b07ff95,경상북도,안동시,용상 세영리첼 2차 옆 마을공동주차장,,경상북도 안동시 용상동 1517-81,36.5554528,128.7495326,노외,14,평일+토요일+공휴일,00:00,23:59,무료,경상북도 안동시청,2026-04-16,,,,,false,전국주차장정보표준데이터,https://www.data.go.kr/data/15012896/standard.do,SOURCE_ONLY
evacuation_parking,parking:67769b2794026d48fb55,경상북도,안동시,송천동 향교앞 마을공동주차장,,경상북도 안동시 송천동 1196-3,36.55046861,128.786315,노외,38,평일+토요일+공휴일,00:00,23:59,무료,경상북도 안동시청,2026-04-16,,,,,false,전국주차장정보표준데이터,https://www.data.go.kr/data/15012896/standard.do,SOURCE_ONLY
evacuation_parking,parking:68c8159cdfc7cd570f75,경상북도,안동시,경동로4 노상유료,,경상북도 안동시 옥야동 335-28,36.56327039,128.7230519,노상,8,평일+토요일+공휴일,10:00,19:00,혼합,경상북도 안동시청,2026-04-16,,,,,false,전국주차장정보표준데이터,https://www.data.go.kr/data/15012896/standard.do,SOURCE_ONLY
evacuation_parking,parking:695af9ae7c1f0ba08438,경상북도,안동시,명륜3길 마을공동주차장,,경상북도 안동시 명륜동 337-7,36.570325,128.7299024,노외,3,평일+토요일+공휴일,00:00,23:59,무료,경상북도 안동시청,2026-04-16,,,,,false,전국주차장정보표준데이터,https://www.data.go.kr/data/15012896/standard.do,SOURCE_ONLY
evacuation_parking,parking:6e0184283353a62b74b3,경상북도,안동시,도산서원,,경상북도 안동시 도산면 토계리 673-1,36.72862054,128.8402918,노외,189,평일+토요일+공휴일,09:00,18:00,유료,경상북도 안동시청,2026-04-16,,,,,false,전국주차장정보표준데이터,https://www.data.go.kr/data/15012896/standard.do,SOURCE_ONLY
evacuation_parking,parking:718c9405b63276cec7b1,경상북도,안동시,안막동 계림플러스 주변 마을공동주차장,,경상북도 안동시 안막동 산138-1,36.57802356,128.7317952,노외,20,평일+토요일+공휴일,00:00,23:59,무료,경상북도 안동시청,2026-04-16,,,,,false,전국주차장정보표준데이터,https://www.data.go.kr/data/15012896/standard.do,SOURCE_ONLY
evacuation_parking,parking:74011a70bcd2632c5369,경상북도,안동시,태화동 태화경로당 주변 마을공동주차장,,경상북도 안동시 태화동 230-14,36.55921902,128.7119099,노외,3,평일+토요일+공휴일,00:00,23:59,무료,경상북도 안동시청,2026-04-16,,,,,false,전국주차장정보표준데이터,https://www.data.go.kr/data/15012896/standard.do,SOURCE_ONLY
evacuation_parking,parking:7435c4f1c7b65626dccc,경상북도,안동시,용상동 현대아파트 주변 마을공동주차장,,경상북도 안동시 용상동 산59-3,36.55689196,128.7633158,노외,30,평일+토요일+공휴일,00:00,23:59,무료,경상북도 안동시청,2026-04-16,,,,,false,전국주차장정보표준데이터,https://www.data.go.kr/data/15012896/standard.do,SOURCE_ONLY
evacuation_parking,parking:74defc5137f8a126097a,경상북도,안동시,풍산읍 하리리 일성당앞 마을공동주차장,,경상북도 안동시 풍산읍 하리리 2,36.57403596,128.5817582,노외,15,평일+토요일+공휴일,00:00,23:59,무료,경상북도 안동시청,2026-04-16,,,,,false,전국주차장정보표준데이터,https://www.data.go.kr/data/15012896/standard.do,SOURCE_ONLY
evacuation_parking,parking:786632153ba97b990b6a,경상북도,안동시,안기동 마을공동주차장,,경상북도 안동시 안기동 121-14,36.57131315,128.7176643,노외,22,평일+토요일+공휴일,00:00,23:59,무료,경상북도 안동시청,2026-04-16,,,,,false,전국주차장정보표준데이터,https://www.data.go.kr/data/15012896/standard.do,SOURCE_ONLY
evacuation_parking,parking:7a4faf8c14b4488ab5ce,경상북도,안동시,운흥동 산림조합서편 마을공동주차장,,경상북도 안동시 운흥동 185-15,36.56410301,128.7342538,노외,16,평일+토요일+공휴일,00:00,23:59,무료,경상북도 안동시청,2026-04-16,,,,,false,전국주차장정보표준데이터,https://www.data.go.kr/data/15012896/standard.do,SOURCE_ONLY
evacuation_parking,parking:7cc2ff4084b453d354e9,경상북도,안동시,구산림청앞-대안로 노상유료,,경상북도 안동시 운흥동 297,36.56398284,128.7322777,노상,9,평일+토요일+공휴일,10:00,19:00,혼합,경상북도 안동시청,2026-04-16,,,,,false,전국주차장정보표준데이터,https://www.data.go.kr/data/15012896/standard.do,SOURCE_ONLY
evacuation_parking,parking:7e3518cc7012e6cf56c8,경상북도,안동시,옥현공원 공영주차장,,경상북도 안동시 옥동 산17,36.56793131,128.7003312,노외,133,평일+토요일+공휴일,00:00,23:59,무료,경상북도 안동시청,2026-04-16,,,,,false,전국주차장정보표준데이터,https://www.data.go.kr/data/15012896/standard.do,SOURCE_ONLY
evacuation_parking,parking:80ce927de5a5150a850d,경상북도,안동시,안기동한화길마을공동주차장,,경상북도 안동시 안기동 147,36.57279156,128.7178304,노외,23,평일+토요일+공휴일,00:00,23:59,무료,경상북도 안동시청,2026-04-16,,,,,false,전국주차장정보표준데이터,https://www.data.go.kr/data/15012896/standard.do,SOURCE_ONLY
evacuation_parking,parking:83a4f64bcdbed15e62a8,경상북도,안동시,대산빌라 동편 마을공동주차장,,경상북도 안동시 운안동 403-21,36.5717806,128.7085923,노외,34,평일+토요일+공휴일,00:00,23:59,무료,경상북도 안동시청,2026-04-16,,,,,false,전국주차장정보표준데이터,https://www.data.go.kr/data/15012896/standard.do,SOURCE_ONLY
evacuation_parking,parking:886b9622d0ebc8ef01af,경상북도,안동시,운안동 동산주택 내 마을공동주차장,,경상북도 안동시 운안동 337-20,36.57140052,128.7153962,노외,10,평일+토요일+공휴일,00:00,23:59,무료,경상북도 안동시청,2026-04-16,,,,,false,전국주차장정보표준데이터,https://www.data.go.kr/data/15012896/standard.do,SOURCE_ONLY
evacuation_parking,parking:890d334dfa9e3b519d04,경상북도,안동시,안기동 소백경로당 주변 마을공동주차장,,경상북도 안동시 안기동 242-98,36.57718988,128.7162989,노외,7,평일+토요일+공휴일,00:00,23:59,무료,경상북도 안동시청,2026-04-16,,,,,false,전국주차장정보표준데이터,https://www.data.go.kr/data/15012896/standard.do,SOURCE_ONLY
evacuation_parking,parking:8a11297a0c7c99bcdc1d,경상북도,안동시,평생학습관 앞쪽,,경상북도 안동시 당북동 370-5,36.55970545,128.7195154,노상,30,평일+토요일+공휴일,00:00,23:59,무료,경상북도 안동시청,2026-04-16,,,,,false,전국주차장정보표준데이터,https://www.data.go.kr/data/15012896/standard.do,SOURCE_ONLY
evacuation_parking,parking:8a6acf0bf6ff238e53af,경상북도,안동시,중앙문화의거리주차장,경상북도 안동시 음식의길 29(남부동),경상북도 안동시 남부동 148-3,36.564664,128.731862,노외,97,평일+토요일+공휴일,09:00,22:00,유료,경상북도 안동시청,2026-04-16,,,,,false,전국주차장정보표준데이터,https://www.data.go.kr/data/15012896/standard.do,SOURCE_ONLY
evacuation_parking,parking:8b946980035d28a974c2,경상북도,안동시,중앙시장4-대안로 노상유료,,경상북도 안동시 안흥동 278-17,36.56531588,128.7260539,노상,15,평일+토요일+공휴일,10:00,19:00,혼합,경상북도 안동시청,2026-04-16,,,,,false,전국주차장정보표준데이터,https://www.data.go.kr/data/15012896/standard.do,SOURCE_ONLY
evacuation_parking,parking:94b98ab25223335fc259,경상북도,안동시,중앙시장2 노상유료,,경상북도 안동시 안흥동 280-17,36.56507193,128.7246774,노상,14,평일+토요일+공휴일,10:00,19:00,혼합,경상북도 안동시청,2026-04-16,,,,,false,전국주차장정보표준데이터,https://www.data.go.kr/data/15012896/standard.do,SOURCE_ONLY
evacuation_parking,parking:960af69e567765d4d497,경상북도,안동시,용상동(동문교회뒤) 마을공동주차장,,경상북도 안동시 용상동 1422-2,36.56253695,128.748049,노외,6,평일+토요일+공휴일,00:00,23:59,무료,경상북도 안동시청,2026-04-16,,,,,false,전국주차장정보표준데이터,https://www.data.go.kr/data/15012896/standard.do,SOURCE_ONLY
evacuation_parking,parking:96531286462858656e34,경상북도,안동시,구담시장 근처 마을공동주차장,,경상북도 안동시 풍천면 구담리 648-16,36.54166975,128.4657509,노외,17,평일+토요일+공휴일,00:00,23:59,무료,경상북도 안동시청,2026-04-16,,,,,false,전국주차장정보표준데이터,https://www.data.go.kr/data/15012896/standard.do,SOURCE_ONLY
evacuation_parking,parking:96fcbe8cf3eddfb177ae,경상북도,안동시,안기동 한화3길 마을공동주차장대원아파트 남동측 70m),,경상북도 안동시 안기동 152-11,36.57218661,128.7180514,노외,8,평일+토요일+공휴일,00:00,23:59,무료,경상북도 안동시청,2026-04-16,,,,,false,전국주차장정보표준데이터,https://www.data.go.kr/data/15012896/standard.do,SOURCE_ONLY
evacuation_parking,parking:984b62c6d672fc5af2aa,경상북도,안동시,대안로2 노상유료,,경상북도 안동시 남문동 229-1,36.56464171,128.7292753,노상,7,평일+토요일+공휴일,10:00,19:00,혼합,경상북도 안동시청,2026-04-16,,,,,false,전국주차장정보표준데이터,https://www.data.go.kr/data/15012896/standard.do,SOURCE_ONLY
evacuation_parking,parking:99a9e618cba503b78e45,경상북도,안동시,태사묘 동편,,경상북도 안동시 북문동 484,36.56722666,128.7327697,노상,13,평일+토요일+공휴일,00:00,23:59,무료,경상북도 안동시청,2026-04-16,,,,,false,전국주차장정보표준데이터,https://www.data.go.kr/data/15012896/standard.do,SOURCE_ONLY
evacuation_parking,parking:9b76a47637bd0854ea58,경상북도,안동시,서동문로(미성악기앞),,경상북도 안동시 신세동 164-5,36.56521264,128.7365234,노상,18,평일+토요일+공휴일,00:00,23:59,무료,경상북도 안동시청,2026-04-16,,,,,false,전국주차장정보표준데이터,https://www.data.go.kr/data/15012896/standard.do,SOURCE_ONLY
evacuation_parking,parking:9e4b47dbe7bfca308d67,경상북도,안동시,평화동 평화윗길 마을공동주차장,,경상북도 안동시 평화동 108-67,36.57031416,128.7162129,노외,5,평일+토요일+공휴일,00:00,23:59,무료,경상북도 안동시청,2026-04-16,,,,,false,전국주차장정보표준데이터,https://www.data.go.kr/data/15012896/standard.do,SOURCE_ONLY
evacuation_parking,parking:9ee59ac82cefa325c45f,경상북도,안동시,퇴계로2 노상유료,,경상북도 안동시 남문동 230,36.5650878,128.7261743,노상,5,평일+토요일+공휴일,10:00,19:00,혼합,경상북도 안동시청,2026-04-16,,,,,false,전국주차장정보표준데이터,https://www.data.go.kr/data/15012896/standard.do,SOURCE_ONLY
evacuation_parking,parking:a021da35c3fd0b2ae3f4,경상북도,안동시,고추상가 앞,,경상북도 안동시 옥야동 383-3 고추상가 앞,36.58741522,128.7418506,노상,39,평일+토요일+공휴일,00:00,23:59,무료,경상북도 안동시청,2026-04-16,,,,,false,전국주차장정보표준데이터,https://www.data.go.kr/data/15012896/standard.do,SOURCE_ONLY
evacuation_parking,parking:a069ab983ef38ca67075,경상북도,안동시,안기동마을공동주차장,,경상북도 안동시 안기동 139-1,36.57205615,128.7172681,노외,5,평일+토요일+공휴일,00:00,23:59,무료,경상북도 안동시청,2026-04-16,,,,,false,전국주차장정보표준데이터,https://www.data.go.kr/data/15012896/standard.do,SOURCE_ONLY
evacuation_parking,parking:a158427867dac50670cb,경상북도,안동시,월영교,,경상북도 안동시 상아동 502-1,36.57674613,128.7582418,노외,334,평일+토요일+공휴일,00:00,23:59,무료,경상북도 안동시청,2026-04-16,,,,,false,전국주차장정보표준데이터,https://www.data.go.kr/data/15012896/standard.do,SOURCE_ONLY
evacuation_parking,parking:a204669b274959d97e65,경상북도,안동시,옥동 주차타워,경상북도 안동시 옥동3길 21(옥동),경상북도 안동시 옥동 792-2,36.56148936,128.7014073,노외,316,평일+토요일+공휴일,08:00,22:00,혼합,경상북도 안동시청,2026-04-16,,,,,false,전국주차장정보표준데이터,https://www.data.go.kr/data/15012896/standard.do,SOURCE_ONLY
evacuation_parking,parking:a23ddaa46382284b4afc,경상북도,안동시,풍산 안교1리회관 앞 마을공동주차장,,경상북도 안동시 풍산읍 안교리 138,36.5798466,128.5706447,노외,34,평일+토요일+공휴일,00:00,23:59,무료,경상북도 안동시청,2026-04-16,,,,,false,전국주차장정보표준데이터,https://www.data.go.kr/data/15012896/standard.do,SOURCE_ONLY
evacuation_parking,parking:a29fb171226fe28d2662,경상북도,안동시,와룡면 가구리 복지회관 마을공동주차장,,경상북도 안동시 와룡면 가구리 724-5,36.61611979,128.767154,노외,34,평일+토요일+공휴일,00:00,23:59,무료,경상북도 안동시청,2026-04-16,,,,,false,전국주차장정보표준데이터,https://www.data.go.kr/data/15012896/standard.do,SOURCE_ONLY
evacuation_parking,parking:aba960d448200101aef2,경상북도,안동시,평화동마을공동주차장,,경상북도 안동시 평화동 372-56,36.57105927,128.7136947,노외,7,평일+토요일+공휴일,00:00,23:59,무료,경상북도 안동시청,2026-04-16,,,,,false,전국주차장정보표준데이터,https://www.data.go.kr/data/15012896/standard.do,SOURCE_ONLY
evacuation_parking,parking:af06c4fbfef92afc0dc5,경상북도,안동시,태화동 태화오거리주변 마을공동주차장,,경상북도 안동시 태화동 196-14,36.56591953,128.7126642,노외,9,평일+토요일+공휴일,00:00,23:59,무료,경상북도 안동시청,2026-04-16,,,,,false,전국주차장정보표준데이터,https://www.data.go.kr/data/15012896/standard.do,SOURCE_ONLY
evacuation_parking,parking:af2f158644941f9a341b,경상북도,안동시,당북동 당북2길 주변 마을공동주차장,,경상북도 안동시 당북동 109-8,36.56623227,128.7198055,노외,10,평일+토요일+공휴일,00:00,23:59,무료,경상북도 안동시청,2026-04-16,,,,,false,전국주차장정보표준데이터,https://www.data.go.kr/data/15012896/standard.do,SOURCE_ONLY
evacuation_parking,parking:af35f7978c3cf6c85906,경상북도,안동시,태화동 태성드림하이츠 주변 마을공동주차장,,경상북도 안동시 태화동 648-14,36.5682401,128.7060947,노외,11,평일+토요일+공휴일,00:00,23:59,무료,경상북도 안동시청,2026-04-16,,,,,false,전국주차장정보표준데이터,https://www.data.go.kr/data/15012896/standard.do,SOURCE_ONLY
evacuation_parking,parking:b1949d97b7bddec2be90,경상북도,안동시,신세동마을공동주차장,,경상북도 안동시 신세동 120-3,36.56706477,128.7377034,노외,8,평일+토요일+공휴일,00:00,23:59,무료,경상북도 안동시청,2026-04-16,,,,,false,전국주차장정보표준데이터,https://www.data.go.kr/data/15012896/standard.do,SOURCE_ONLY
evacuation_parking,parking:b1c683f474546a73d286,경상북도,안동시,안흥1주차장,,경상북도 안동시 안흥동 356-35,36.56146314,128.7253251,노외,13,평일+토요일+공휴일,00:00,23:59,무료,경상북도 안동시청,2026-04-16,,,,,false,전국주차장정보표준데이터,https://www.data.go.kr/data/15012896/standard.do,SOURCE_ONLY
evacuation_parking,parking:b75c7dd6011038f5b795,경상북도,안동시,천리고가교 좌측,,경상북도 안동시 안흥동 370-23,36.5629114,128.7259588,노상,13,평일+토요일+공휴일,00:00,23:59,무료,경상북도 안동시청,2026-04-16,,,,,false,전국주차장정보표준데이터,https://www.data.go.kr/data/15012896/standard.do,SOURCE_ONLY
evacuation_parking,parking:b8ab1b8b2f3de39c1671,경상북도,안동시,송현2주공 남쪽,,경상북도 안동시 송현동 295 송현주공2차아파트 남쪽,36.57797354,128.7103505,노상,8,평일+토요일+공휴일,00:00,23:59,무료,경상북도 안동시청,2026-04-16,,,,,false,전국주차장정보표준데이터,https://www.data.go.kr/data/15012896/standard.do,SOURCE_ONLY
evacuation_parking,parking:bb02d171bc14809ba089,경상북도,안동시,하회마을관광지,,경상북도 안동시 풍천면 하회리 254,36.55084409,128.5294195,노외,278,평일+토요일+공휴일,00:00,23:59,무료,경상북도 안동시청,2026-04-16,,,,,false,전국주차장정보표준데이터,https://www.data.go.kr/data/15012896/standard.do,SOURCE_ONLY
evacuation_parking,parking:be9afe05cc1bbc08786a,경상북도,안동시,구보훈청 앞 양면,,경상북도 안동시 용상동 1078-142,36.55322262,128.7556927,노상,36,평일+토요일+공휴일,00:00,23:59,무료,경상북도 안동시청,2026-04-16,,,,,false,전국주차장정보표준데이터,https://www.data.go.kr/data/15012896/standard.do,SOURCE_ONLY
evacuation_parking,parking:c074d341de518ab1975d,경상북도,안동시,태화동포도3길마을공동주차장,,경상북도 안동시 태화동 693-2,36.56980893,128.7063776,노외,22,평일+토요일+공휴일,00:00,23:59,무료,경상북도 안동시청,2026-04-16,,,,,false,전국주차장정보표준데이터,https://www.data.go.kr/data/15012896/standard.do,SOURCE_ONLY
evacuation_parking,parking:c3de99e5629d45d6d9dd,경상북도,안동시,서부시장,,경상북도 안동시 태화동 189-1,36.56551873,128.7135799,노외,39,평일+토요일+공휴일,10:00,19:00,유료,경상북도 안동시청,2026-04-16,,,,,false,전국주차장정보표준데이터,https://www.data.go.kr/data/15012896/standard.do,SOURCE_ONLY
evacuation_parking,parking:c430a7c9b90380ac7aa0,경상북도,안동시,배나무골길 마을공동주차장,,경상북도 안동시 신안동 27-5,36.56995235,128.7338129,노외,7,평일+토요일+공휴일,00:00,23:59,무료,경상북도 안동시청,2026-04-16,,,,,false,전국주차장정보표준데이터,https://www.data.go.kr/data/15012896/standard.do,SOURCE_ONLY
evacuation_parking,parking:c52dfddfcd53c7c19d7f,경상북도,안동시,낙동강둔치주차장-운흥동,,경상북도 안동시 운흥동 300,36.55867597,128.7296916,노외,300,평일+토요일+공휴일,00:00,23:59,무료,경상북도 안동시청,2026-04-16,,,,,false,전국주차장정보표준데이터,https://www.data.go.kr/data/15012896/standard.do,SOURCE_ONLY
evacuation_parking,parking:c75fba4bc9d3d8b32bee,경상북도,안동시,개목나루 문화공원,,경상북도 안동시 성곡동 815-1,36.57889909,128.7645861,노외,138,평일+토요일+공휴일,00:00,23:59,무료,경상북도 안동시청,2026-04-16,,,,,false,전국주차장정보표준데이터,https://www.data.go.kr/data/15012896/standard.do,SOURCE_ONLY
evacuation_parking,parking:cc6bd4aebd72f5fbb828,경상북도,안동시,용상동(현대2차동편) 마을 공동 주차장,,경상북도 안동시 용상동 600-23,36.55320302,128.7649915,노외,8,평일+토요일+공휴일,00:00,23:59,무료,경상북도 안동시청,2026-04-16,,,,,false,전국주차장정보표준데이터,https://www.data.go.kr/data/15012896/standard.do,SOURCE_ONLY
evacuation_parking,parking:cd16ba2d86f41a6e9dac,경상북도,안동시,중앙시장6-대안로 노상유료,,경상북도 안동시 옥야동 289-14,36.56507427,128.7228117,노상,13,평일+토요일+공휴일,10:00,19:00,혼합,경상북도 안동시청,2026-04-16,,,,,false,전국주차장정보표준데이터,https://www.data.go.kr/data/15012896/standard.do,SOURCE_ONLY
evacuation_parking,parking:cdcceaf70a5f27ef7f17,경상북도,안동시,평화동(평화윗길) 마을공동주차장,,경상북도 안동시 평화동 108-42,36.5702229,128.7163956,노외,3,평일+토요일+공휴일,00:00,23:59,무료,경상북도 안동시청,2026-04-16,,,,,false,전국주차장정보표준데이터,https://www.data.go.kr/data/15012896/standard.do,SOURCE_ONLY
evacuation_parking,parking:cfe9c210caa906359412,경상북도,안동시,경찰서 남쪽,,경상북도 안동시 당북동 447,36.56098463,128.7175023,노상,62,평일+토요일+공휴일,00:00,23:59,무료,경상북도 안동시청,2026-04-16,,,,,false,전국주차장정보표준데이터,https://www.data.go.kr/data/15012896/standard.do,SOURCE_ONLY
evacuation_parking,parking:d310a3147be2487d7403,경상북도,안동시,태화동 태화지구대 주변 마을공동주차장,,경상북도 안동시 태화동 247-27,36.56249183,128.7131801,노외,8,평일+토요일+공휴일,00:00,23:59,무료,경상북도 안동시청,2026-04-16,,,,,false,전국주차장정보표준데이터,https://www.data.go.kr/data/15012896/standard.do,SOURCE_ONLY
evacuation_parking,parking:d6c1e8ef0da023fa8499,경상북도,안동시,관광전자-태화주공,,경상북도 안동시 태화동 269,36.56224573,128.7141752,노상,35,평일+토요일+공휴일,00:00,23:59,무료,경상북도 안동시청,2026-04-16,,,,,false,전국주차장정보표준데이터,https://www.data.go.kr/data/15012896/standard.do,SOURCE_ONLY
evacuation_parking,parking:d8ca6967768dd40eea89,경상북도,안동시,중앙시장5-대안로 노상유료,,경상북도 안동시 옥야동 425-1,36.56464943,128.722977,노상,12,평일+토요일+공휴일,10:00,19:00,혼합,경상북도 안동시청,2026-04-16,,,,,false,전국주차장정보표준데이터,https://www.data.go.kr/data/15012896/standard.do,SOURCE_ONLY
evacuation_parking,parking:d9e945e00073eeb550be,경상북도,안동시,중앙로4 노상유료,,경상북도 안동시 삼산동 90-4,36.56604656,128.7318255,노상,12,평일+토요일+공휴일,10:00,19:00,혼합,경상북도 안동시청,2026-04-16,,,,,false,전국주차장정보표준데이터,https://www.data.go.kr/data/15012896/standard.do,SOURCE_ONLY
evacuation_parking,parking:da9bf35d01327e5cdb39,경상북도,안동시,중앙시장1 노상유료,,경상북도 안동시 대석동 214-2,36.56631649,128.7245327,노상,13,평일+토요일+공휴일,10:00,19:00,혼합,경상북도 안동시청,2026-04-16,,,,,false,전국주차장정보표준데이터,https://www.data.go.kr/data/15012896/standard.do,SOURCE_ONLY
evacuation_parking,parking:ddfc9f26cd5da68ba517,경상북도,안동시,북문시장주차장,,경상북도 안동시 율세동 410-5,36.56846524,128.732731,노외,30,평일+토요일+공휴일,00:00,23:59,무료,경상북도 안동시청,2026-04-16,,,,,false,전국주차장정보표준데이터,https://www.data.go.kr/data/15012896/standard.do,SOURCE_ONLY
evacuation_parking,parking:df4215ef50fd9db4c6e1,경상북도,안동시,운안동 마을공동주차장(대원한숲타운 인근),,경상북도 안동시 운안동 335,36.57229417,128.7149799,노외,6,평일+토요일+공휴일,00:00,23:59,무료,경상북도 안동시청,2026-04-16,,,,,false,전국주차장정보표준데이터,https://www.data.go.kr/data/15012896/standard.do,SOURCE_ONLY
evacuation_parking,parking:df982a1ca7b41011ff83,경상북도,안동시,용상동복개천,,경상북도 안동시 용상동 1543-1,36.55885304,128.752357,노외,123,평일+토요일+공휴일,00:00,23:59,무료,경상북도 안동시청,2026-04-16,,,,,false,전국주차장정보표준데이터,https://www.data.go.kr/data/15012896/standard.do,SOURCE_ONLY
evacuation_parking,parking:e226ef7633a4429b7471,경상북도,안동시,문화관광단지 주차장,경상북도 안동시 관광단지로318-10(성곡동),경상북도 안동시 성곡동 1551,36.56816305,128.7761329,노외,639,평일+토요일+공휴일,00:00,23:59,무료,경상북도 안동시청,2026-04-16,,,,,false,전국주차장정보표준데이터,https://www.data.go.kr/data/15012896/standard.do,SOURCE_ONLY
evacuation_parking,parking:e4590c48331b644ebb96,경상북도,안동시,법흥교 하단,경상북도 안동시 임청각길 63,경상북도 안동시 법흥동 20-3,36.56511335,128.7446908,노상,62,평일+토요일+공휴일,00:00,23:59,무료,경상북도 안동시청,2026-04-16,,,,,false,전국주차장정보표준데이터,https://www.data.go.kr/data/15012896/standard.do,SOURCE_ONLY
evacuation_parking,parking:e4a522e85e0b90793768,경상북도,안동시,낙동강둔치주차장-정하동,,경상북도 안동시 정하동 635,36.55254425,128.7203603,노외,200,평일+토요일+공휴일,00:00,23:59,무료,경상북도 안동시청,2026-04-16,,,,,false,전국주차장정보표준데이터,https://www.data.go.kr/data/15012896/standard.do,SOURCE_ONLY
evacuation_parking,parking:e4ade4a1148783063e26,경상북도,안동시,운안동(명성한마음타운앞) 마을공동주차장,,경상북도 안동시 운안동 348-2,36.57208048,128.7122259,노외,13,평일+토요일+공휴일,00:00,23:59,무료,경상북도 안동시청,2026-04-16,,,,,false,전국주차장정보표준데이터,https://www.data.go.kr/data/15012896/standard.do,SOURCE_ONLY
evacuation_parking,parking:e5605faf93f49f79a8e5,경상북도,안동시,경동로3 노상유료,,경상북도 안동시 옥야동 336-3,36.56328177,128.722661,노상,12,평일+토요일+공휴일,10:00,19:00,혼합,경상북도 안동시청,2026-04-16,,,,,false,전국주차장정보표준데이터,https://www.data.go.kr/data/15012896/standard.do,SOURCE_ONLY
evacuation_parking,parking:e67ea442ff4da1452718,경상북도,안동시,퇴계로3 노상유료,,경상북도 안동시 남문동 228-4,36.56479973,128.726189,노상,9,평일+토요일+공휴일,10:00,19:00,혼합,경상북도 안동시청,2026-04-16,,,,,false,전국주차장정보표준데이터,https://www.data.go.kr/data/15012896/standard.do,SOURCE_ONLY
evacuation_parking,parking:e6ec6ced4bc856d74ff9,경상북도,안동시,스마일마트-참새방앗간,,경상북도 안동시 운안동 479-6,36.57154365,128.7131318,노상,20,평일+토요일+공휴일,00:00,23:59,무료,경상북도 안동시청,2026-04-16,,,,,false,전국주차장정보표준데이터,https://www.data.go.kr/data/15012896/standard.do,SOURCE_ONLY
evacuation_parking,parking:e7e1dc5da8acfcbe74dd,경상북도,안동시,탈춤공연장,,경상북도 안동시 운흥동 300-15,36.56050653,128.7306335,노외,46,평일+토요일+공휴일,00:00,23:59,무료,경상북도 안동시청,2026-04-16,,,,,false,전국주차장정보표준데이터,https://www.data.go.kr/data/15012896/standard.do,SOURCE_ONLY
evacuation_parking,parking:eb4877aa9b7a434e548f,경상북도,안동시,청소년수련관 앞,,경상북도 안동시 옥야동 384-2,36.55916286,128.7212373,노상,108,평일+토요일+공휴일,00:00,23:59,무료,경상북도 안동시청,2026-04-16,,,,,false,전국주차장정보표준데이터,https://www.data.go.kr/data/15012896/standard.do,SOURCE_ONLY
evacuation_parking,parking:eb789c435ff997cd6023,경상북도,안동시,낙동강둔치주차장-태화동,,경상북도 안동시 태화동 545,36.55754111,128.7083374,노외,365,평일+토요일+공휴일,00:00,23:59,무료,경상북도 안동시청,2026-04-16,,,,,false,전국주차장정보표준데이터,https://www.data.go.kr/data/15012896/standard.do,SOURCE_ONLY
evacuation_parking,parking:ef9fe4e5feb1fa366dac,경상북도,안동시,운흥동(안동체육관 주변) 마을공동주차장,,경상북도 안동시 운흥동 272-6,36.56111313,128.7280365,노외,4,평일+토요일+공휴일,00:00,23:59,무료,경상북도 안동시청,2026-04-16,,,,,false,전국주차장정보표준데이터,https://www.data.go.kr/data/15012896/standard.do,SOURCE_ONLY
evacuation_parking,parking:efef5998a1c4618ebaf5,경상북도,안동시,목성동(대석4길 주변) 마을공동주차장,,경상북도 안동시 목성동 65-15,36.56615762,128.7269169,노외,10,평일+토요일+공휴일,00:00,23:59,무료,경상북도 안동시청,2026-04-16,,,,,false,전국주차장정보표준데이터,https://www.data.go.kr/data/15012896/standard.do,SOURCE_ONLY
evacuation_parking,parking:f252a1216bdd1c5e5267,경상북도,안동시,안동시청 부설주차장,경상북도 안동시 퇴계로 115(명륜동),경상북도 안동시 명륜동 344,36.56818304,128.7302592,부설,552,평일+토요일+공휴일,08:00,19:00,혼합,경상북도 안동시청,2026-04-16,,,,,false,전국주차장정보표준데이터,https://www.data.go.kr/data/15012896/standard.do,SOURCE_ONLY
evacuation_parking,parking:f67ca3617fe08a8746ae,경상북도,안동시,서울식당앞-중앙로 노상유료,,경상북도 안동시 동부동 454,36.5650744,128.7343336,노상,10,평일+토요일+공휴일,10:00,19:00,혼합,경상북도 안동시청,2026-04-16,,,,,false,전국주차장정보표준데이터,https://www.data.go.kr/data/15012896/standard.do,SOURCE_ONLY
evacuation_parking,parking:f8bce22cff3a44895390,경상북도,안동시,김재왕내과앞 노상유료,,경상북도 안동시 동부동 453-1,36.56550134,128.7331494,노상,6,평일+토요일+공휴일,10:00,19:00,혼합,경상북도 안동시청,2026-04-16,,,,,false,전국주차장정보표준데이터,https://www.data.go.kr/data/15012896/standard.do,SOURCE_ONLY
evacuation_parking,parking:f8f8d3b4679be9a26420,경상북도,안동시,중앙시장3 노상유료,,경상북도 안동시 안흥동 282-4,36.56432465,128.7244198,노상,15,평일+토요일+공휴일,10:00,19:00,혼합,경상북도 안동시청,2026-04-16,,,,,false,전국주차장정보표준데이터,https://www.data.go.kr/data/15012896/standard.do,SOURCE_ONLY
evacuation_parking,parking:f9b7ec80b013cab255ec,경상북도,안동시,중앙로3 노상유료,,경상북도 안동시 삼산동 112-3,36.56568877,128.7314758,노상,9,평일+토요일+공휴일,10:00,19:00,혼합,경상북도 안동시청,2026-04-16,,,,,false,전국주차장정보표준데이터,https://www.data.go.kr/data/15012896/standard.do,SOURCE_ONLY
evacuation_parking,parking:fb75cd0adc4c232552d4,경상북도,안동시,대안로1 노상유료,,경상북도 안동시 남부동 250-1,36.56417702,128.7311107,노상,12,평일+토요일+공휴일,10:00,19:00,혼합,경상북도 안동시청,2026-04-16,,,,,false,전국주차장정보표준데이터,https://www.data.go.kr/data/15012896/standard.do,SOURCE_ONLY
evacuation_parking,parking:fbebeb1451aa65bb1c35,경상북도,안동시,삼성생명 북편,,경상북도 안동시 운흥동 138-1,36.56427754,128.7335956,노상,13,평일+토요일+공휴일,00:00,23:59,무료,경상북도 안동시청,2026-04-16,,,,,false,전국주차장정보표준데이터,https://www.data.go.kr/data/15012896/standard.do,SOURCE_ONLY
evacuation_parking,parking:0a947ee7f2e4e6909fec,경상북도,영덕군,영덕군청주차장,경상북도 영덕군 영덕읍 군청길 116,경상북도 영덕군 영덕읍 남석리 310-3,36.41503388,129.3654012,부설,257,평일+토요일+공휴일,00:00,23:59,무료,경상북도 영덕군청,2026-04-16,,,,,false,전국주차장정보표준데이터,https://www.data.go.kr/data/15012896/standard.do,SOURCE_ONLY
evacuation_parking,parking:4442eafe9df8cbd4726a,경상북도,영덕군,오십천둔치주차장,경상북도 영덕군 영덕읍 경동로 8338,경상북도 영덕군 영덕읍 화개리 251,36.4184647162,129.3641712132,노외,200,평일+토요일+공휴일,00:00,23:59,무료,경상북도 영덕군청,2026-04-16,,,,,false,전국주차장정보표준데이터,https://www.data.go.kr/data/15012896/standard.do,SOURCE_ONLY
evacuation_parking,parking:6d228832ebb40c43ced2,경상북도,영덕군,남석리 1-6 공영주차장,경상북도 영덕군 영덕읍 중앙길 102-11,경상북도 영덕군 영덕읍 덕곡리 161-10,36.41169995,129.3691131188,노외,20,평일+토요일+공휴일,00:00,23:59,무료,경상북도 영덕군청,2026-04-16,,,,,false,전국주차장정보표준데이터,https://www.data.go.kr/data/15012896/standard.do,SOURCE_ONLY
evacuation_parking,parking:c0d4f390ce51cc69ebf6,경상북도,영덕군,산림조합 옆 공영주차장,,경상북도 영덕군 영덕읍 남석리 8-7,36.41122193,129.3691111,노외,12,평일+토요일+공휴일,00:00,23:59,무료,경상북도 영덕군청,2026-04-16,,,,,false,전국주차장정보표준데이터,https://www.data.go.kr/data/15012896/standard.do,SOURCE_ONLY
evacuation_parking,parking:e1ca0837c52a8b4b671f,경상북도,영덕군,강구공영주차장,경상북도 영덕군 강구면 강영로 33,경상북도 영덕군 강구면 강구리 363-3,36.3634935,129.3831895,노상,189,평일+토요일+공휴일,00:00,23:59,무료,경상북도 영덕군청,2026-04-16,,,,,false,전국주차장정보표준데이터,https://www.data.go.kr/data/15012896/standard.do,SOURCE_ONLY
evacuation_parking,parking:f5bbc5893268e12ba482,경상북도,영덕군,(구)영덕버스터미널 공영주차장,경상북도 영덕군 영덕읍 덕곡길 99,경상북도 영덕군 영덕읍 남석리 1-3,36.41184556,129.368800236,노외,26,평일+토요일+공휴일,00:00,23:59,무료,경상북도 영덕군청,2026-04-16,,,,,false,전국주차장정보표준데이터,https://www.data.go.kr/data/15012896/standard.do,SOURCE_ONLY
evacuation_parking,parking:00fa72a66f5ac04c192e,경상북도,영양군,석보행정복지센터,경상북도 영양군 석보면 원리3길 19,경상북도 영양군 석보면 원리리 292,36.55793456,129.1242948,부설,22,평일+토요일+공휴일,00:00,23:59,무료,경상북도 영양군청,2026-04-17,,,,,false,전국주차장정보표준데이터,https://www.data.go.kr/data/15012896/standard.do,SOURCE_ONLY
evacuation_parking,parking:11782d2bf33f53bc4833,경상북도,영양군,보건소,경상북도 영양군 영양읍 동서대로 82,경상북도 영양군 영양읍 동부리 164-1,36.66194441,129.118027,부설,30,평일+토요일+공휴일,00:00,23:59,무료,경상북도 영양군청,2026-04-17,,,,,false,전국주차장정보표준데이터,https://www.data.go.kr/data/15012896/standard.do,SOURCE_ONLY
evacuation_parking,parking:400d50db522e98b0b61a,경상북도,영양군,영양군청 주차장,경상북도 영양군 영양읍 군청길 37,경상북도 영양군 영양읍 서부리 379-1,36.66735774,129.1126844,부설,146,평일+토요일+공휴일,00:01,23:59,무료,경상북도 영양군청,2026-04-17,,,,,false,전국주차장정보표준데이터,https://www.data.go.kr/data/15012896/standard.do,SOURCE_ONLY
evacuation_parking,parking:42c7eeaf4e19862fbac3,경상북도,영양군,주실마을주차장,,경상북도 영양군 일월면 주곡리 549-3,36.7191563,129.0967466,노외,68,평일+토요일+공휴일,00:00,23:59,무료,경상북도 영양군청,2026-04-17,,,,,false,전국주차장정보표준데이터,https://www.data.go.kr/data/15012896/standard.do,SOURCE_ONLY
evacuation_parking,parking:4336d6b14209280d6dc3,경상북도,영양군,영양군민회관,경상북도 영양군 영양읍 군민회관길 46,경상북도 영양군 영양읍 서부리 141-1,36.65978281,129.1170133,부설,85,평일+토요일+공휴일,00:00,23:59,무료,경상북도 영양군청,2026-04-17,,,,,false,전국주차장정보표준데이터,https://www.data.go.kr/data/15012896/standard.do,SOURCE_ONLY
evacuation_parking,parking:55a58c9b90bb3299c6c2,경상북도,영양군,일월행정복지센터,경상북도 영양군 일월면 영양로 2419,경상북도 영양군 일월면 도계리 653-2,36.702374,129.128765,부설,20,평일+토요일+공휴일,00:00,23:59,무료,경상북도 영양군청,2026-04-17,,,,,false,전국주차장정보표준데이터,https://www.data.go.kr/data/15012896/standard.do,SOURCE_ONLY
evacuation_parking,parking:5c0dc236f155154efb32,경상북도,영양군,조지훈문학관,경상북도 영양군 일월면 주실길 55,경상북도 영양군 일월면 주곡리 222,36.718679,129.102553,부설,10,평일+토요일+공휴일,00:00,23:59,무료,경상북도 영양군청,2026-04-17,,,,,false,전국주차장정보표준데이터,https://www.data.go.kr/data/15012896/standard.do,SOURCE_ONLY
evacuation_parking,parking:6060656ee2bf42a10ab9,경상북도,영양군,수비행정복지센터,경상북도 영양군 수비면 한티로 503,경상북도 영양군 수비면 발리리 503-1,36.765217,129.202568,부설,18,평일+토요일+공휴일,00:00,23:59,무료,경상북도 영양군청,2026-04-17,,,,,false,전국주차장정보표준데이터,https://www.data.go.kr/data/15012896/standard.do,SOURCE_ONLY
evacuation_parking,parking:6ab2901d225050d65cc1,경상북도,영양군,청기면복지회관주차장,경상북도 영양군 청기면 청기로 1139,경상북도 영양군 청기면 청기리 758-3,36.660875,129.063304,부설,15,평일+토요일+공휴일,06:00,23:59,무료,경상북도 영양군청,2026-04-17,,,,,false,전국주차장정보표준데이터,https://www.data.go.kr/data/15012896/standard.do,SOURCE_ONLY
evacuation_parking,parking:774442ce44a6f7d0d63a,경상북도,영양군,영양군 공영주차장,경상북도 영양군 영양읍 군청길 25,경상북도 영양군 영양읍 서부리 381,36.66632258,129.1105844,노외,131,평일+토요일+공휴일,00:00,23:59,무료,경상북도 영양군청,2026-04-17,,,,,false,전국주차장정보표준데이터,https://www.data.go.kr/data/15012896/standard.do,SOURCE_ONLY
evacuation_parking,parking:7d21f952a85bc5163ab8,경상북도,영양군,두들마을 주차장,,경상북도 영양군 석보면 원리리 331-3,36.55923178,129.1269268,노외,23,평일+토요일+공휴일,00:00,23:59,무료,경상북도 영양군청,2026-04-17,,,,,false,전국주차장정보표준데이터,https://www.data.go.kr/data/15012896/standard.do,SOURCE_ONLY
evacuation_parking,parking:870bdaa23aebaebf2ef8,경상북도,영양군,입암면복지회관,경상북도 영양군 입암면 조기리길 18,경상북도 영양군 입암면 신구리 480-3,36.594105,129.090393,부설,11,평일+토요일+공휴일,00:00,23:59,무료,경상북도 영양군청,2026-04-17,,,,,false,전국주차장정보표준데이터,https://www.data.go.kr/data/15012896/standard.do,SOURCE_ONLY
evacuation_parking,parking:88d128f32fe45a105678,경상북도,영양군,입암행정복지센터,경상북도 영양군 입암면 조기리길 10,경상북도 영양군 입암면 신구리 481-1,36.59305783,129.090267,부설,30,평일+토요일+공휴일,00:00,23:59,무료,경상북도 영양군청,2026-04-17,,,,,false,전국주차장정보표준데이터,https://www.data.go.kr/data/15012896/standard.do,SOURCE_ONLY
evacuation_parking,parking:8cd7d6655b59acf10b21,경상북도,영양군,연당서석지 주차장,경상북도 영양군 입암면 서석지1길 10,경상북도 영양군 입암면 연당리 394-2,36.61195684,129.0696114,노외,23,평일+토요일+공휴일,00:00,23:59,무료,경상북도 영양군청,2026-04-17,,,,,false,전국주차장정보표준데이터,https://www.data.go.kr/data/15012896/standard.do,SOURCE_ONLY
evacuation_parking,parking:9c9209fabe0570ca8b6d,경상북도,영양군,영양반딧불이 생태공원,경상북도 영양군 수비면 반딧불이로 129,경상북도 영양군 수비면 수하리 255-1,36.830693,129.270169,부설,52,평일+토요일+공휴일,00:00,23:59,무료,경상북도 영양군청,2026-04-17,,,,,false,전국주차장정보표준데이터,https://www.data.go.kr/data/15012896/standard.do,SOURCE_ONLY
evacuation_parking,parking:a3ea147848669a0695d5,경상북도,영양군,영양행정복지센터,경상북도 영양군 영양읍 군청길 53,경상북도 영양군 영양읍 동부리 550-10,36.66716018,129.1141042,부설,40,평일+토요일+공휴일,00:00,23:59,무료,경상북도 영양군청,2026-04-17,,,,,false,전국주차장정보표준데이터,https://www.data.go.kr/data/15012896/standard.do,SOURCE_ONLY
evacuation_parking,parking:a95ef2aa834c8b89089c,경상북도,영양군,청소년수련원,경상북도 영양군 수비면 반딧불이로 227,경상북도 영양군 수비면 수하리 240,36.838397,129.269422,부설,48,평일+토요일+공휴일,00:00,23:59,무료,경상북도 영양군청,2026-04-17,,,,,false,전국주차장정보표준데이터,https://www.data.go.kr/data/15012896/standard.do,SOURCE_ONLY
evacuation_parking,parking:aad0fe7f597d1371bb19,경상북도,영양군,입암면복지회관건너편,경상북도 영양군 입암면 조기리길 18,경상북도 영양군 입암면 신구리 480-3,36.59418413,129.0903656,부설,26,평일+토요일+공휴일,00:00,23:59,무료,경상북도 영양군청,2026-04-17,,,,,false,전국주차장정보표준데이터,https://www.data.go.kr/data/15012896/standard.do,SOURCE_ONLY
evacuation_parking,parking:b13900d8fd8046c25447,경상북도,영양군,선바위관광지,경상북도 영양군 입암면 영양로 883-16,경상북도 영양군 입암면 신구리 95,36.608537,129.082023,부설,57,평일+토요일+공휴일,00:00,23:59,무료,경상북도 영양군청,2026-04-17,,,,,false,전국주차장정보표준데이터,https://www.data.go.kr/data/15012896/standard.do,SOURCE_ONLY
evacuation_parking,parking:b90340aa4190e5d5d1df,경상북도,영양군,영양군민체육센터,경상북도 영양군 영양읍 군민회관길 70,경상북도 영양군 영양읍 서부리 135,36.658942,129.116877,부설,79,평일+토요일+공휴일,00:00,23:59,무료,경상북도 영양군청,2026-04-17,,,,,false,전국주차장정보표준데이터,https://www.data.go.kr/data/15012896/standard.do,SOURCE_ONLY
evacuation_parking,parking:cb7cf2c6bf79ab750da6,경상북도,영양군,청기면사무소주차장,경상북도 영양군 청기면 청기1길 9-6,경상북도 영양군 청기면 청기리 791-1,36.661414,129.062462,부설,17,평일+토요일+공휴일,06:00,23:59,무료,경상북도 영양군청,2026-04-17,,,,,false,전국주차장정보표준데이터,https://www.data.go.kr/data/15012896/standard.do,SOURCE_ONLY
evacuation_parking,parking:cd80ddf862be4906eb5d,경상북도,영양군,농업기술센터,경상북도 영양군 영양읍 영양창수로 339,경상북도 영양군 영양읍 대천리 568,36.655339,129.147918,부설,125,평일+토요일+공휴일,09:00,23:59,무료,경상북도 영양군청,2026-04-17,,,,,false,전국주차장정보표준데이터,https://www.data.go.kr/data/15012896/standard.do,SOURCE_ONLY
evacuation_parking,parking:e5e0a6ae429c5d155f8c,경상북도,영양군,산촌생활박물관 주차장,경상북도 영양군 입암면 영양로 963,경상북도 영양군 입암면 연당리 20,36.615803,129.084696,부설,45,평일+토요일+공휴일,00:00,23:59,무료,경상북도 영양군청,2026-04-17,,,,,false,전국주차장정보표준데이터,https://www.data.go.kr/data/15012896/standard.do,SOURCE_ONLY
evacuation_parking,parking:f22dd4b699fd90a423d1,경상북도,영양군,전통시장 주차장,경상북도 영양군 영양읍 시장 6길 1-6,경상북도 영양군 영양읍 서부리 288-3,36.66423521,129.1165135,부설,10,평일+토요일+공휴일,00:00,23:59,무료,경상북도 영양군청,2026-04-17,,,,,false,전국주차장정보표준데이터,https://www.data.go.kr/data/15012896/standard.do,SOURCE_ONLY
evacuation_parking,parking:f5f0d061ed589a673eea,경상북도,영양군,영양문화원,경상북도 영양군 영양읍 군민회관길 7,경상북도 영양군 영양읍 서부리 2-15,36.663469,129.117524,부설,24,평일+토요일+공휴일,00:00,23:59,무료,경상북도 영양군청,2026-04-17,,,,,false,전국주차장정보표준데이터,https://www.data.go.kr/data/15012896/standard.do,SOURCE_ONLY
evacuation_parking,parking:0061cebaf7d2c81bdb0e,경상북도,영주시,가흥2동 공영주차장,,경상북도 영주시 가흥동 465-3(가흥2동 주민센터 앞),36.829071,128.6115992,노외,16,평일+토요일+공휴일,00:00,23:59,무료,경상북도 영주시청,2026-04-23,,,,,false,전국주차장정보표준데이터,https://www.data.go.kr/data/15012896/standard.do,SOURCE_ONLY
evacuation_parking,parking:0350d83097e9a7b9b3d1,경상북도,영주시,풍기 소방서↔풍기파출소사거리,,경상북도 영주시 풍기읍 성내리 151-1,36.87087767,128.5239548,노상,35,평일+토요일+공휴일,00:00,23:59,무료,경상북도 영주시청,2026-04-23,,,,,false,전국주차장정보표준데이터,https://www.data.go.kr/data/15012896/standard.do,SOURCE_ONLY
evacuation_parking,parking:09794419850cc74e1cbc,경상북도,영주시,인삼박물관 주차장,,경상북도 영주시 풍기읍 창락리 455,36.8890569,128.4762151,노외,69,평일+토요일+공휴일,00:00,23:59,무료,경상북도 영주시청,2026-04-23,,,,,false,전국주차장정보표준데이터,https://www.data.go.kr/data/15012896/standard.do,SOURCE_ONLY
evacuation_parking,parking:0b371402223a2ca08047,경상북도,영주시,휴천2동 공영주차장,,경상북도 영주시 휴천동 489-3(홈플러스 뒤),36.80860685,128.6223905,노외,20,평일+토요일+공휴일,00:00,23:59,무료,경상북도 영주시청,2026-04-23,,,,,false,전국주차장정보표준데이터,https://www.data.go.kr/data/15012896/standard.do,SOURCE_ONLY
evacuation_parking,parking:0d45f385c1b4ef7eac08,경상북도,영주시,노상제8구간,,경상북도 영주시 휴천동 320-8,36.81061432,128.623684,노상,30,평일+토요일+공휴일,00:00,23:59,무료,경상북도 영주시청,2026-04-23,,,,,false,전국주차장정보표준데이터,https://www.data.go.kr/data/15012896/standard.do,SOURCE_ONLY
evacuation_parking,parking:1165af94d31482c2c715,경상북도,영주시,영주동 공영주차장(동궁주택↔반구정입구),,경상북도 영주시 영주동 508-1,36.8254022,128.6178278,노상,95,평일+토요일+공휴일,00:00,23:59,무료,경상북도 영주시청,2026-04-23,,,,,false,전국주차장정보표준데이터,https://www.data.go.kr/data/15012896/standard.do,SOURCE_ONLY
evacuation_parking,parking:1811931e693bb8913556,경상북도,영주시,관사골 지구,,경상북도 영주시 영주동 158-1,36.82916271,128.6193021,노외,26,평일+토요일+공휴일,00:00,23:59,무료,경상북도 영주시청,2026-04-23,,,,,false,전국주차장정보표준데이터,https://www.data.go.kr/data/15012896/standard.do,SOURCE_ONLY
evacuation_parking,parking:1cc5faae0e638fa39e75,경상북도,영주시,하망동 공영주차장(하망동주민센터앞철로변),,경상북도 영주시 하망동 554,36.82352404,128.6289463,노상,52,평일+토요일+공휴일,00:00,23:59,무료,경상북도 영주시청,2026-04-23,,,,,false,전국주차장정보표준데이터,https://www.data.go.kr/data/15012896/standard.do,SOURCE_ONLY
evacuation_parking,parking:1efb2e0f01742f866cf7,경상북도,영주시,부석면 일원 공영주차장,,경상북도 영주시 부석면 소천리 385-3,36.97971033,128.6561211,노외,20,평일+토요일+공휴일,00:00,23:59,무료,경상북도 영주시청,2026-04-23,,,,,false,전국주차장정보표준데이터,https://www.data.go.kr/data/15012896/standard.do,SOURCE_ONLY
evacuation_parking,parking:2b466984949aa8342055,경상북도,영주시,가흥2동 공영주차장,,경상북도 영주시 가흥동 480-57,36.83046011,128.609668,노외,77,평일+토요일+공휴일,00:00,23:59,무료,경상북도 영주시청,2026-04-23,,,,,false,전국주차장정보표준데이터,https://www.data.go.kr/data/15012896/standard.do,SOURCE_ONLY
evacuation_parking,parking:2fc6fe4378c2aea2700e,경상북도,영주시,충혼탑 주차장,,경상북도 영주시 휴천동 1111,36.81715959,128.6471917,노외,56,평일+토요일+공휴일,00:00,23:59,무료,경상북도 영주시청,2026-04-23,,,,,false,전국주차장정보표준데이터,https://www.data.go.kr/data/15012896/standard.do,SOURCE_ONLY
evacuation_parking,parking:31a3b108b55b35f5fc8b,경상북도,영주시,휴천3동 공영주차장,,경상북도 영주시 휴천동 642-1081(세무서사거리 및),36.81943547,128.6215251,노외,20,평일+토요일+공휴일,00:00,23:59,무료,경상북도 영주시청,2026-04-23,,,,,false,전국주차장정보표준데이터,https://www.data.go.kr/data/15012896/standard.do,SOURCE_ONLY
evacuation_parking,parking:32b75d37f85014fbbfd7,경상북도,영주시,시청로 노상주차장(시청↔영주역),,경상북도 영주시 휴천동 330,36.81224687,128.623387,노상,30,평일+토요일+공휴일,00:00,23:59,무료,경상북도 영주시청,2026-04-23,,,,,false,전국주차장정보표준데이터,https://www.data.go.kr/data/15012896/standard.do,SOURCE_ONLY
evacuation_parking,parking:3a2fc400c924a4feb32d,경상북도,영주시,노상제7구간,,경상북도 영주시 휴천동 257,36.81040487,128.6249671,노상,81,평일+토요일,00:00,23:59,유료,경상북도 영주시청,2026-04-23,,,,,false,전국주차장정보표준데이터,https://www.data.go.kr/data/15012896/standard.do,SOURCE_ONLY
evacuation_parking,parking:3bbf83e6542330797335,경상북도,영주시,상망동 영남동산아파트 인근 공영주차장,,경상북도 영주시 상망동 838-1,36.8316029534,128.6341940326,노외,43,평일+토요일+공휴일,00:00,23:59,무료,경상북도 영주시청,2026-04-23,,,,,false,전국주차장정보표준데이터,https://www.data.go.kr/data/15012896/standard.do,SOURCE_ONLY
evacuation_parking,parking:3dd3f34aa97c99635591,경상북도,영주시,영주동 공영주차장(평생학습센터↔소산쌈밥),,경상북도 영주시 영주동 539,36.82707776,128.6165056,노상,139,평일+토요일+공휴일,00:00,23:59,무료,경상북도 영주시청,2026-04-23,,,,,false,전국주차장정보표준데이터,https://www.data.go.kr/data/15012896/standard.do,SOURCE_ONLY
evacuation_parking,parking:3f81589b14d1752aae34,경상북도,영주시,한절마 지구,,경상북도 영주시 가흥동 322-4,36.81368041,128.6127436,노외,31,평일+토요일+공휴일,00:00,23:59,무료,경상북도 영주시청,2026-04-23,,,,,false,전국주차장정보표준데이터,https://www.data.go.kr/data/15012896/standard.do,SOURCE_ONLY
evacuation_parking,parking:475119d5152ad1f31b32,경상북도,영주시,대영고등학교 인근 공영주차장,,경상북도 영주시 휴천동 392-8,36.8093915852,128.6311517669,노외,90,평일+토요일+공휴일,00:00,23:59,무료,경상북도 영주시청,2026-04-23,,,,,false,전국주차장정보표준데이터,https://www.data.go.kr/data/15012896/standard.do,SOURCE_ONLY
evacuation_parking,parking:48dcf1e7ce055f27c0c2,경상북도,영주시,서천둔치 주차장,,경상북도 영주시 가흥동 1381-1(가흥동 시영아파트 앞),36.8298804,128.6131392,노외,52,평일+토요일+공휴일,00:00,23:59,무료,경상북도 영주시청,2026-04-23,,,,,false,전국주차장정보표준데이터,https://www.data.go.kr/data/15012896/standard.do,SOURCE_ONLY
evacuation_parking,parking:4aa5c6dcacec2eee9b40,경상북도,영주시,풍기읍 서부리 공영주차장,,경상북도 영주시 풍기읍 서부리 106-2,36.87202076,128.527065,노외,66,평일+토요일+공휴일,00:00,23:59,무료,경상북도 영주시청,2026-04-23,,,,,false,전국주차장정보표준데이터,https://www.data.go.kr/data/15012896/standard.do,SOURCE_ONLY
evacuation_parking,parking:5825d9d93f235731ae10,경상북도,영주시,이산면사무소 인근 공영주차장,,경상북도 영주시 이산면 원리 446-1,36.82161187,128.6559875,노외,30,평일+토요일+공휴일,00:00,23:59,무료,경상북도 영주시청,2026-04-23,,,,,false,전국주차장정보표준데이터,https://www.data.go.kr/data/15012896/standard.do,SOURCE_ONLY
evacuation_parking,parking:5e1ed1a3422d7592e883,경상북도,영주시,노상제5구간,,경상북도 영주시 영주동 424-9,36.820604,128.6216223,노상,36,평일+토요일,00:00,23:59,유료,경상북도 영주시청,2026-04-23,,,,,false,전국주차장정보표준데이터,https://www.data.go.kr/data/15012896/standard.do,SOURCE_ONLY
evacuation_parking,parking:5e364bdf58e2eafad2dc,경상북도,영주시,휴천2동 공영주차장,,경상북도 영주시 휴천동 458-11(현대1차 아파트 옆),36.80494131,128.6210029,노외,6,평일+토요일+공휴일,00:00,23:59,무료,경상북도 영주시청,2026-04-23,,,,,false,전국주차장정보표준데이터,https://www.data.go.kr/data/15012896/standard.do,SOURCE_ONLY
evacuation_parking,parking:6009f8893e283a1dacca,경상북도,영주시,하망동 제5공영 주차장,,경상북도 영주시 하망동 328-11(팡팡가요주점 뒤편),36.82478989,128.626769,노외,16,평일+토요일+공휴일,00:00,23:59,무료,경상북도 영주시청,2026-04-23,,,,,false,전국주차장정보표준데이터,https://www.data.go.kr/data/15012896/standard.do,SOURCE_ONLY
evacuation_parking,parking:606d9ac8ca177b71cf37,경상북도,영주시,대일요리학원 인근 공영주차장,,경상북도 영주시 휴천동 718-2,36.8209023122,128.6264706539,노외,55,평일+토요일+공휴일,00:00,23:59,무료,경상북도 영주시청,2026-04-23,,,,,false,전국주차장정보표준데이터,https://www.data.go.kr/data/15012896/standard.do,SOURCE_ONLY
evacuation_parking,parking:6185d8f289bf722995da,경상북도,영주시,구성로 노상주차장(구 휴천3동사무소↔KT영주지사),,경상북도 영주시 휴천동 677,36.81741202,128.6273375,노상,50,평일+토요일+공휴일,00:00,23:59,무료,경상북도 영주시청,2026-04-23,,,,,false,전국주차장정보표준데이터,https://www.data.go.kr/data/15012896/standard.do,SOURCE_ONLY
evacuation_parking,parking:622b8a239b59ed63d2db,경상북도,영주시,구도립도서관 인근 공영주차장,,경상북도 영주시 가흥동 26-9,36.81982542,128.6169798,노외,13,평일+토요일+공휴일,00:00,23:59,무료,경상북도 영주시청,2026-04-23,,,,,false,전국주차장정보표준데이터,https://www.data.go.kr/data/15012896/standard.do,SOURCE_ONLY
evacuation_parking,parking:63f9fc12b6e934ea53e6,경상북도,영주시,영주 철도 고가 하부 주차장,,경상북도 영주시 영주동 470-24,36.8215460018,128.6196581286,노외,183,평일+토요일+공휴일,00:00,23:59,무료,경상북도 영주시청,2026-04-23,,,,,false,전국주차장정보표준데이터,https://www.data.go.kr/data/15012896/standard.do,SOURCE_ONLY
evacuation_parking,parking:68b6102a7b0d3fd503ea,경상북도,영주시,영주동 골목시장 주차장,,경상북도 영주시 영주동 321-10,36.82554243,128.6230766,노외,70,평일+토요일+공휴일,00:00,23:59,유료,경상북도 영주시청,2026-04-23,,,,,false,전국주차장정보표준데이터,https://www.data.go.kr/data/15012896/standard.do,SOURCE_ONLY
evacuation_parking,parking:6b0b2c42494a64a9dc2e,경상북도,영주시,노상제2구간,,경상북도 영주시 하망동 321-9,36.82697642,128.6263341,노상,43,평일+토요일,00:00,23:59,유료,경상북도 영주시청,2026-04-23,,,,,false,전국주차장정보표준데이터,https://www.data.go.kr/data/15012896/standard.do,SOURCE_ONLY
evacuation_parking,parking:6e202ee59200da4bbd4f,경상북도,영주시,선비촌 주차장,,경상북도 영주시 순흥면 청구리 357,36.92847353,128.5834337,노외,133,평일+토요일+공휴일,00:00,23:59,무료,경상북도 영주시청,2026-04-23,,,,,false,전국주차장정보표준데이터,https://www.data.go.kr/data/15012896/standard.do,SOURCE_ONLY
evacuation_parking,parking:6e51ff97a39bc745bc0a,경상북도,영주시,풍기홈마트부근,,경상북도 영주시 풍기읍 성내리 112-1,36.86888781,128.5243669,노상,12,평일+토요일+공휴일,00:00,23:59,무료,경상북도 영주시청,2026-04-23,,,,,false,전국주차장정보표준데이터,https://www.data.go.kr/data/15012896/standard.do,SOURCE_ONLY
evacuation_parking,parking:6ff336a798e6ab997b27,경상북도,영주시,하망동 공영주차장,,경상북도 영주시 하망동 335-6(YMCA앞),36.82426186,128.6280445,노외,26,평일+토요일+공휴일,00:00,23:59,무료,경상북도 영주시청,2026-04-23,,,,,false,전국주차장정보표준데이터,https://www.data.go.kr/data/15012896/standard.do,SOURCE_ONLY
evacuation_parking,parking:7670715d27ada630915c,경상북도,영주시,휴천1동 공영주차장,,경상북도 영주시 휴천동 195-1(동부1차아파트 인근),36.81484869,128.629599,노외,30,평일+토요일+공휴일,00:00,23:59,무료,경상북도 영주시청,2026-04-23,,,,,false,전국주차장정보표준데이터,https://www.data.go.kr/data/15012896/standard.do,SOURCE_ONLY
evacuation_parking,parking:78cc602dc60f762677ac,경상북도,영주시,가흥2동 공영주차장,,경상북도 영주시 가흥동 522-50(화성리버빌 앞),36.8330138,128.6126402,노외,11,평일+토요일+공휴일,00:00,23:59,무료,경상북도 영주시청,2026-04-23,,,,,false,전국주차장정보표준데이터,https://www.data.go.kr/data/15012896/standard.do,SOURCE_ONLY
evacuation_parking,parking:7c6c17eaf75b0e3e8cd4,경상북도,영주시,노상제1구간,,경상북도 영주시 영주동 26,36.82877622,128.6253863,노상,15,평일+토요일,00:00,23:59,유료,경상북도 영주시청,2026-04-23,,,,,false,전국주차장정보표준데이터,https://www.data.go.kr/data/15012896/standard.do,SOURCE_ONLY
evacuation_parking,parking:7c8c6552c1b4fef0a9f8,경상북도,영주시,명륜길 노상주차장(하망동137-12-상망동안양원),,경상북도 영주시 하망동137-12,36.8298234,128.6278651,노상,7,평일+토요일+공휴일,00:00,23:59,무료,경상북도 영주시청,2026-04-23,,,,,false,전국주차장정보표준데이터,https://www.data.go.kr/data/15012896/standard.do,SOURCE_ONLY
evacuation_parking,parking:81089df51044fa7f421e,경상북도,영주시,노상제3구간,,경상북도 영주시 하망동 343-12,36.82396204,128.6256471,노상,12,평일+토요일,00:00,23:59,유료,경상북도 영주시청,2026-04-23,,,,,false,전국주차장정보표준데이터,https://www.data.go.kr/data/15012896/standard.do,SOURCE_ONLY
evacuation_parking,parking:820a99f694c6fae7f0a0,경상북도,영주시,봉현면 일원 공영주차장,,경상북도 영주시 봉현면 오현리 339-3,36.86341464,128.5236975,노외,26,평일+토요일+공휴일,00:00,23:59,무료,경상북도 영주시청,2026-04-23,,,,,false,전국주차장정보표준데이터,https://www.data.go.kr/data/15012896/standard.do,SOURCE_ONLY
evacuation_parking,parking:83434d6c03de3d8f47e6,경상북도,영주시,노상제4구간,,경상북도 영주시 영주동 547-2,36.82530568,128.6209383,노상,76,평일+토요일,00:00,23:59,유료,경상북도 영주시청,2026-04-23,,,,,false,전국주차장정보표준데이터,https://www.data.go.kr/data/15012896/standard.do,SOURCE_ONLY
evacuation_parking,parking:86840140cdc149393a9e,경상북도,영주시,문수면 적동리 인근 공영주차장,,경상북도 영주시 문수면 적동리 367-3,36.77065161,128.6307683,노외,23,평일+토요일+공휴일,00:00,23:59,무료,경상북도 영주시청,2026-04-23,,,,,false,전국주차장정보표준데이터,https://www.data.go.kr/data/15012896/standard.do,SOURCE_ONLY
evacuation_parking,parking:87c8ed0fe646df174ac3,경상북도,영주시,휴천3동 공영주차장,,경상북도 영주시 휴천동 666-21(휴천3동주민센터 인근),36.81755541,128.6256733,노외,12,평일+토요일+공휴일,00:00,23:59,무료,경상북도 영주시청,2026-04-23,,,,,false,전국주차장정보표준데이터,https://www.data.go.kr/data/15012896/standard.do,SOURCE_ONLY
evacuation_parking,parking:88a2d5649ed001524d2f,경상북도,영주시,노상제11구간,,경상북도 영주시 가흥동 1459-3,36.81483201,128.6193848,노상,48,평일+토요일+공휴일,00:00,23:59,무료,경상북도 영주시청,2026-04-23,,,,,false,전국주차장정보표준데이터,https://www.data.go.kr/data/15012896/standard.do,SOURCE_ONLY
evacuation_parking,parking:8cbb320c8fe0d636faed,경상북도,영주시,서천둔치 주차장,,경상북도 영주시 가흥동 1382(문화예술회관 앞),36.82133024,128.6140761,노외,174,평일+토요일+공휴일,00:00,23:59,무료,경상북도 영주시청,2026-04-23,,,,,false,전국주차장정보표준데이터,https://www.data.go.kr/data/15012896/standard.do,SOURCE_ONLY
evacuation_parking,parking:8d71856b4841cbd6f261,경상북도,영주시,가흥 어린이테마공원 지하주차장,,경상북도 영주시 가흥동 1622-1,36.81563962,128.6035609,노외,97,평일+토요일+공휴일,00:00,23:59,무료,경상북도 영주시청,2026-04-23,,,,,false,전국주차장정보표준데이터,https://www.data.go.kr/data/15012896/standard.do,SOURCE_ONLY
evacuation_parking,parking:8e1203fb562c5682f6fa,경상북도,영주시,지천로 노상주차장(남부육거리↔현대1차아파트),,경상북도 영주시 휴천동 563,36.80508563,128.6190861,노상,16,평일+토요일+공휴일,00:00,23:59,무료,경상북도 영주시청,2026-04-23,,,,,false,전국주차장정보표준데이터,https://www.data.go.kr/data/15012896/standard.do,SOURCE_ONLY
evacuation_parking,parking:8f6cb4051f32e24c4e46,경상북도,영주시,임시 노상주차장(세무서사거리 ↔ 영일건널목),,경상북도 영주시 영주동 570,36.82124704,128.6192764,노상,75,평일+토요일+공휴일,00:00,23:59,무료,경상북도 영주시청,2026-04-23,,,,,false,전국주차장정보표준데이터,https://www.data.go.kr/data/15012896/standard.do,SOURCE_ONLY
evacuation_parking,parking:9370793bd068b4c0e543,경상북도,영주시,목민로 노상주차장(시청↔남부육거리↔캐논대리점↔영주문화회관),,경상북도 영주시 영주동 339-10,36.8261978,128.6213324,노상,50,평일+토요일+공휴일,00:00,23:59,무료,경상북도 영주시청,2026-04-23,,,,,false,전국주차장정보표준데이터,https://www.data.go.kr/data/15012896/standard.do,SOURCE_ONLY
evacuation_parking,parking:96aa5aefefd504564cdd,경상북도,영주시,풍기역 인근,,경상북도 영주시 풍기읍 서부리 70,36.87376455,128.5247383,노상,41,평일+토요일+공휴일,00:00,23:59,무료,경상북도 영주시청,2026-04-23,,,,,false,전국주차장정보표준데이터,https://www.data.go.kr/data/15012896/standard.do,SOURCE_ONLY
evacuation_parking,parking:985bacdd97588c5405cd,경상북도,영주시,가흥동 현대아파트 인근 공영주차장,,경상북도 영주시 가흥동 521-2,36.83352461,128.6101467,노외,52,평일+토요일+공휴일,00:00,23:59,무료,경상북도 영주시청,2026-04-23,,,,,false,전국주차장정보표준데이터,https://www.data.go.kr/data/15012896/standard.do,SOURCE_ONLY
evacuation_parking,parking:9904fed30220a05cafd0,경상북도,영주시,휴천1동 공영주차장,,경상북도 영주시 휴천동 709-9(현대골든빌라 옆),36.82052153,128.6279991,노외,31,평일+토요일+공휴일,00:00,23:59,무료,경상북도 영주시청,2026-04-23,,,,,false,전국주차장정보표준데이터,https://www.data.go.kr/data/15012896/standard.do,SOURCE_ONLY
evacuation_parking,parking:9b7910ebc7ba007ee777,경상북도,영주시,휴천1동 공영주차장,,경상북도 영주시 휴천동 122-5(세림빌라 인근),36.81781536,128.6306803,노외,8,평일+토요일+공휴일,00:00,23:59,무료,경상북도 영주시청,2026-04-23,,,,,false,전국주차장정보표준데이터,https://www.data.go.kr/data/15012896/standard.do,SOURCE_ONLY
evacuation_parking,parking:9c65f93d812c273fa970,경상북도,영주시,광복로 노상주차장(봉화삼거리↔상망동주민센터),,경상북도 영주시 하망동 154-3,36.82810598,128.6283306,노상,32,평일+토요일+공휴일,00:00,23:59,무료,경상북도 영주시청,2026-04-23,,,,,false,전국주차장정보표준데이터,https://www.data.go.kr/data/15012896/standard.do,SOURCE_ONLY
evacuation_parking,parking:a205e58a273b5b3b73a7,경상북도,영주시,영주1동 공영주차장,,경상북도 영주시 영주동 19-2(시의회앞),36.82795023,128.6259494,노외,52,평일+토요일+공휴일,00:00,23:59,무료,경상북도 영주시청,2026-04-23,,,,,false,전국주차장정보표준데이터,https://www.data.go.kr/data/15012896/standard.do,SOURCE_ONLY
evacuation_parking,parking:a2424f28303d2a7b70b2,경상북도,영주시,시민운동장 주차장,,경상북도 영주시 가흥동 243,36.80845623,128.6077181,노외,265,평일+토요일+공휴일,00:00,23:59,무료,경상북도 영주시청,2026-04-23,,,,,false,전국주차장정보표준데이터,https://www.data.go.kr/data/15012896/standard.do,SOURCE_ONLY
evacuation_parking,parking:a478944e6bcbb20b95d5,경상북도,영주시,가흥동1945번지 주차장,,경상북도 영주시 가흥동 1945,36.81225797,128.6081824,노외,20,평일+토요일+공휴일,00:00,23:59,무료,경상북도 영주시청,2026-04-23,,,,,false,전국주차장정보표준데이터,https://www.data.go.kr/data/15012896/standard.do,SOURCE_ONLY
evacuation_parking,parking:a5ca9aa7b0a5da219dcb,경상북도,영주시,휴천동 현대1차아파트 인근 공영주차장,,경상북도 영주시 휴천동 456-11,36.81563962,128.6035609,노외,34,평일+토요일+공휴일,00:00,23:59,무료,경상북도 영주시청,2026-04-23,,,,,false,전국주차장정보표준데이터,https://www.data.go.kr/data/15012896/standard.do,SOURCE_ONLY
evacuation_parking,parking:ac06b6efd26e39ec5459,경상북도,영주시,하망동 봉화삼거리 공영주차장,,경상북도 영주시 하망동 246-14,36.82896254,128.6334155,노외,24,평일+토요일+공휴일,00:00,23:59,무료,경상북도 영주시청,2026-04-23,,,,,false,전국주차장정보표준데이터,https://www.data.go.kr/data/15012896/standard.do,SOURCE_ONLY
evacuation_parking,parking:ae2f174f682921883b31,경상북도,영주시,가흥신도시 제1공영주차장,,경상북도 영주시 가흥동 1829,36.81413127,128.6064652,노외,77,평일+토요일+공휴일,00:00,23:59,무료,경상북도 영주시청,2026-04-23,,,,,false,전국주차장정보표준데이터,https://www.data.go.kr/data/15012896/standard.do,SOURCE_ONLY
evacuation_parking,parking:b27ee52e97c6a84fe66f,경상북도,영주시,구공무원아파트주차장,,경상북도 영주시 하망동 202-7,36.83120488,128.6314941,노외,25,평일+토요일+공휴일,00:00,23:59,무료,경상북도 영주시청,2026-04-23,,,,,false,전국주차장정보표준데이터,https://www.data.go.kr/data/15012896/standard.do,SOURCE_ONLY
evacuation_parking,parking:b30de1dbbeeec84a374d,경상북도,영주시,휴천2동 공영주차장,,경상북도 영주시 휴천동 317-8(휴천2동사무소 뒤),36.81079266,128.6221699,노외,45,평일+토요일+공휴일,00:00,23:59,무료,경상북도 영주시청,2026-04-23,,,,,false,전국주차장정보표준데이터,https://www.data.go.kr/data/15012896/standard.do,SOURCE_ONLY
evacuation_parking,parking:b43caf732e05344b969c,경상북도,영주시,신사골 지구,,경상북도 영주시 영주동 19-101,36.83054362,128.6254674,노외,18,평일+토요일+공휴일,00:00,23:59,무료,경상북도 영주시청,2026-04-23,,,,,false,전국주차장정보표준데이터,https://www.data.go.kr/data/15012896/standard.do,SOURCE_ONLY
evacuation_parking,parking:b6ea18d41e2ea2bdd785,경상북도,영주시,대동로 노상주차장(벨리나웨딩↔남산초등 사거리),,경상북도 영주시 휴천동 302-1,36.81438625,128.6230017,노상,26,평일+토요일+공휴일,00:00,23:59,무료,경상북도 영주시청,2026-04-23,,,,,false,전국주차장정보표준데이터,https://www.data.go.kr/data/15012896/standard.do,SOURCE_ONLY
evacuation_parking,parking:bb9c4e635d3da30965f5,경상북도,영주시,노상제6구간,,경상북도 영주시 휴천동 642-483,36.81420337,128.6218772,노상,51,평일+토요일,00:00,23:59,유료,경상북도 영주시청,2026-04-23,,,,,false,전국주차장정보표준데이터,https://www.data.go.kr/data/15012896/standard.do,SOURCE_ONLY
evacuation_parking,parking:bc00452a5b279b6247a4,경상북도,영주시,평은면 공영주차장,,경상북도 영주시 평은면 평은리 1106-3,36.76181033,128.6956784,노외,45,평일+토요일+공휴일,00:00,23:59,무료,경상북도 영주시청,2026-04-23,,,,,false,전국주차장정보표준데이터,https://www.data.go.kr/data/15012896/standard.do,SOURCE_ONLY
evacuation_parking,parking:be48b6851c3ce0f1b8a5,경상북도,영주시,가흥신도시 주차타워,,경상북도 영주시 가흥동 1654,36.81776476,128.6054287,노외,191,평일+토요일+공휴일,00:00,23:59,무료,경상북도 영주시청,2026-04-23,,,,,false,전국주차장정보표준데이터,https://www.data.go.kr/data/15012896/standard.do,SOURCE_ONLY
evacuation_parking,parking:c01e166116d2cbc57126,경상북도,영주시,하망동 3공영 주차장,,경상북도 영주시 하망동 326-10(서울산부인과 건너),36.82519071,128.6263624,노외,37,평일+토요일,00:00,23:59,유료,경상북도 영주시청,2026-04-23,,,,,false,전국주차장정보표준데이터,https://www.data.go.kr/data/15012896/standard.do,SOURCE_ONLY
evacuation_parking,parking:c74a3ed248dee04a11bb,경상북도,영주시,부석사 주차장,,경상북도 영주시 부석면 북지리 301-1,36.99417773,128.680257,노외,400,평일+토요일+공휴일,00:00,23:59,유료,경상북도 영주시청,2026-04-23,,,,,false,전국주차장정보표준데이터,https://www.data.go.kr/data/15012896/standard.do,SOURCE_ONLY
evacuation_parking,parking:c7a6ab823d960809cc58,경상북도,영주시,중앙로 노상주차장(영주동298-22앞-흥법사포교당뒤편),,경상북도 영주시 영주동298-22,36.82382621,128.6210286,노상,10,평일+토요일+공휴일,00:00,23:59,무료,경상북도 영주시청,2026-04-23,,,,,false,전국주차장정보표준데이터,https://www.data.go.kr/data/15012896/standard.do,SOURCE_ONLY
evacuation_parking,parking:ca18ab7324722c459d38,경상북도,영주시,신도시 정도너츠 인근 주차장,,경상북도 영주시 가흥동 1813,36.81379263,128.6062806,노외,12,평일+토요일+공휴일,00:00,23:59,무료,경상북도 영주시청,2026-04-23,,,,,false,전국주차장정보표준데이터,https://www.data.go.kr/data/15012896/standard.do,SOURCE_ONLY
evacuation_parking,parking:cbe14452d74956767c0b,경상북도,영주시,소수서원 주차장,,경상북도 영주시 순흥면 내죽리 152-1,36.92690292,128.5798048,노외,144,평일+토요일+공휴일,00:00,23:59,무료,경상북도 영주시청,2026-04-23,,,,,false,전국주차장정보표준데이터,https://www.data.go.kr/data/15012896/standard.do,SOURCE_ONLY
evacuation_parking,parking:ce7daab30acb176d2cb0,경상북도,영주시,영주종합터미널공영주차장,,경상북도 영주시 가흥동 671-2,36.82717016,128.6052795,노외,128,평일+토요일+공휴일,00:00,23:59,유료,경상북도 영주시청,2026-04-23,,,,,false,전국주차장정보표준데이터,https://www.data.go.kr/data/15012896/standard.do,SOURCE_ONLY
evacuation_parking,parking:cf0bef9d611c7124032a,경상북도,영주시,노상제9구간,,경상북도 영주시 휴천동 257,36.81040487,128.6249671,노상,35,평일+토요일+공휴일,00:00,23:59,무료,경상북도 영주시청,2026-04-23,,,,,false,전국주차장정보표준데이터,https://www.data.go.kr/data/15012896/standard.do,SOURCE_ONLY
evacuation_parking,parking:cf3e1937e690e646967f,경상북도,영주시,원당로 노상주차장(봉화삼거리↔동부파출소),,경상북도 영주시 상망동 861-13,36.82941657,128.6352492,노상,22,평일+토요일+공휴일,00:00,23:59,무료,경상북도 영주시청,2026-04-23,,,,,false,전국주차장정보표준데이터,https://www.data.go.kr/data/15012896/standard.do,SOURCE_ONLY
evacuation_parking,parking:d8f12d2dab746717ae29,경상북도,영주시,풍기 성동상가앞 주차장,,경상북도 영주시 풍기읍 성내리 14,36.87058788,128.5266206,노외,11,평일+토요일+공휴일,00:00,23:59,무료,경상북도 영주시청,2026-04-23,,,,,false,전국주차장정보표준데이터,https://www.data.go.kr/data/15012896/standard.do,SOURCE_ONLY
evacuation_parking,parking:da8c3170403fb66c15d5,경상북도,영주시,남산현대아파트 인근 공영주차장,,경상북도 영주시 휴천동 1777-4,36.8051124,128.6320166,노외,26,평일+토요일+공휴일,00:00,23:59,무료,경상북도 영주시청,2026-04-23,,,,,false,전국주차장정보표준데이터,https://www.data.go.kr/data/15012896/standard.do,SOURCE_ONLY
evacuation_parking,parking:dc761748cd53aada24cc,경상북도,영주시,소수박물관 주차장,,경상북도 영주시 순흥면 청구리 346,36.92592352,128.582312,노외,10,평일+토요일+공휴일,00:00,23:59,무료,경상북도 영주시청,2026-04-23,,,,,false,전국주차장정보표준데이터,https://www.data.go.kr/data/15012896/standard.do,SOURCE_ONLY
evacuation_parking,parking:ddd99a5c4ed502488d71,경상북도,영주시,영주2동 공영주차장,,경상북도 영주시 영주동 470-235(서부파출소),36.82285324,128.6178951,노외,4,평일+토요일+공휴일,00:00,23:59,무료,경상북도 영주시청,2026-04-23,,,,,false,전국주차장정보표준데이터,https://www.data.go.kr/data/15012896/standard.do,SOURCE_ONLY
evacuation_parking,parking:e0cc9ffd6d3e865106c0,경상북도,영주시,영주동거점주차장,,경상북도 영주시 영주동 412-1,36.82293204,128.6215744,노외,157,평일+토요일,00:00,23:59,무료,경상북도 영주시청,2026-04-23,,,,,false,전국주차장정보표준데이터,https://www.data.go.kr/data/15012896/standard.do,SOURCE_ONLY
evacuation_parking,parking:e5397450b38c07933633,경상북도,영주시,하망동 공설시장 주차타워,,경상북도 영주시 하망동 548-13,36.8222957,128.6254774,노외,180,평일+토요일+공휴일,00:00,23:59,유료,경상북도 영주시청,2026-04-23,,,,,false,전국주차장정보표준데이터,https://www.data.go.kr/data/15012896/standard.do,SOURCE_ONLY
evacuation_parking,parking:e577c5fefe17ceaf792b,경상북도,영주시,대동로 노상주차장 (궁전맨션 뒤),,경상북도 영주시 휴천동 726,36.81518979,128.6244726,노상,28,평일+토요일+공휴일,00:00,23:59,무료,경상북도 영주시청,2026-04-23,,,,,false,전국주차장정보표준데이터,https://www.data.go.kr/data/15012896/standard.do,SOURCE_ONLY
evacuation_parking,parking:ec500f75c0077d57b9d0,경상북도,영주시,휴천현대아파트 인근 공영주차장,,경상북도 영주시 휴천동 563,36.80508563,128.6190861,노외,65,평일+토요일+공휴일,00:00,23:59,무료,경상북도 영주시청,2026-04-23,,,,,false,전국주차장정보표준데이터,https://www.data.go.kr/data/15012896/standard.do,SOURCE_ONLY
evacuation_parking,parking:f0930b6b90c51ace8e15,경상북도,영주시,한정공원,,경상북도 영주시 문정동 706,36.79850461,128.6170098,노외,22,평일+토요일+공휴일,00:00,23:59,무료,경상북도 영주시청,2026-04-23,,,,,false,전국주차장정보표준데이터,https://www.data.go.kr/data/15012896/standard.do,SOURCE_ONLY
evacuation_parking,parking:f0ebe284adccc3389f77,경상북도,영주시,향교골 지구,,경상북도 영주시 하망동 157-4,36.82938594,128.6284694,노외,30,평일+토요일+공휴일,00:00,23:59,무료,경상북도 영주시청,2026-04-23,,,,,false,전국주차장정보표준데이터,https://www.data.go.kr/data/15012896/standard.do,SOURCE_ONLY
evacuation_parking,parking:f24b97afaf6e000e4ac0,경상북도,영주시,노상제10구간,,경상북도 영주시 휴천동 642-295,36.81759123,128.6210791,노상,37,평일+토요일+공휴일,00:00,23:59,무료,경상북도 영주시청,2026-04-23,,,,,false,전국주차장정보표준데이터,https://www.data.go.kr/data/15012896/standard.do,SOURCE_ONLY
evacuation_parking,parking:f2883e69c087861981a6,경상북도,영주시,영주동 공영주차장(영주동 543-6↔서울우유대리점↔KT&G 영주지점),,경상북도 영주시 영주동 543-6,36.82935144,128.6167023,노상,148,평일+토요일+공휴일,00:00,23:59,무료,경상북도 영주시청,2026-04-23,,,,,false,전국주차장정보표준데이터,https://www.data.go.kr/data/15012896/standard.do,SOURCE_ONLY
evacuation_parking,parking:f2b63ac9ca4cb75798a8,경상북도,영주시,풍기읍 공영주차장,,경상북도 영주시 풍기읍 동부리 493-21,36.86841214,128.5326381,노외,13,평일+토요일+공휴일,00:00,23:59,무료,경상북도 영주시청,2026-04-23,,,,,false,전국주차장정보표준데이터,https://www.data.go.kr/data/15012896/standard.do,SOURCE_ONLY
evacuation_parking,parking:f2c965c2a0ab21ca4f46,경상북도,영주시,원당로 노상주차장(봉화삼거리↔광시당사거리↔그랜드컨벤션웨딩↔영주시탁구장),,경상북도 영주시 휴천동 40-2,36.81981008,128.6235465,노상,260,평일+토요일+공휴일,00:00,23:59,무료,경상북도 영주시청,2026-04-23,,,,,false,전국주차장정보표준데이터,https://www.data.go.kr/data/15012896/standard.do,SOURCE_ONLY
evacuation_parking,parking:f45fcc84ea85d587ea13,경상북도,영주시,상망동 공영주차장,,경상북도 영주시 하망동 223-15,36.82896799,128.631305,노외,8,평일+토요일+공휴일,00:00,23:59,무료,경상북도 영주시청,2026-04-23,,,,,false,전국주차장정보표준데이터,https://www.data.go.kr/data/15012896/standard.do,SOURCE_ONLY
evacuation_parking,parking:f6cb9e511e0e0a03d99a,경상북도,영주시,휴천1동 기려자 공영주차장,,경상북도 영주시 휴천동 112-1,36.8167826993,128.630426354,노외,20,평일+토요일+공휴일,00:00,23:59,무료,경상북도 영주시청,2026-04-23,,,,,false,전국주차장정보표준데이터,https://www.data.go.kr/data/15012896/standard.do,SOURCE_ONLY
evacuation_parking,parking:f8104b6a8351ec9b057f,경상북도,영주시,풍기롯데리아↔파리바게뜨↔풍기동부교회,,경상북도 영주시 풍기읍 성내리 27-16,36.8703371,128.5254544,노상,32,평일+토요일+공휴일,00:00,23:59,무료,경상북도 영주시청,2026-04-23,,,,,false,전국주차장정보표준데이터,https://www.data.go.kr/data/15012896/standard.do,SOURCE_ONLY
evacuation_parking,parking:f912d34a70f4a19ebed2,경상북도,영주시,지천로 노상주차장(꽃동산로터리 ↔ 남부육거리),,경상북도 영주시 휴천동 642-241,36.81289445,128.6209365,노상,103,평일+토요일+공휴일,00:00,23:59,무료,경상북도 영주시청,2026-04-23,,,,,false,전국주차장정보표준데이터,https://www.data.go.kr/data/15012896/standard.do,SOURCE_ONLY
evacuation_parking,parking:fb73b0aefc9f494b1b2b,경상북도,영주시,영주동 공영주차장(세운빌라↔상공회의소),,경상북도 영주시 영주동 489-4,36.82542759,128.6170214,노상,177,평일+토요일+공휴일,00:00,23:59,무료,경상북도 영주시청,2026-04-23,,,,,false,전국주차장정보표준데이터,https://www.data.go.kr/data/15012896/standard.do,SOURCE_ONLY
evacuation_parking,parking:fda2808825928ec3bb20,경상북도,영주시,영주로 노상주차장 (하망동 성당 뒤편),,경상북도 영주시 하망동 450-23,36.82598739,128.6294899,노상,28,평일+토요일+공휴일,00:00,23:59,무료,경상북도 영주시청,2026-04-23,,,,,false,전국주차장정보표준데이터,https://www.data.go.kr/data/15012896/standard.do,SOURCE_ONLY
evacuation_parking,parking:018a7feb38d87a8726ae,경상북도,영천시,영천하수처리장 부설주차장,경상북도 영천시 동강포길 25-2,경상북도 영천시 도남동 713,35.92705053,128.9288202,부설,26,평일+토요일+공휴일,00:00,23:59,무료,경상북도 영천시청,2026-07-03,,,,,false,전국주차장정보표준데이터,https://www.data.go.kr/data/15012896/standard.do,SOURCE_ONLY
evacuation_parking,parking:020d7be6662fb313f990,경상북도,영천시,충혼탑 부설주차장,,경상북도 영천시 교촌동 205-1,35.9675657,128.9265939,부설,28,평일+토요일+공휴일,00:00,23:59,유료,경상북도 영천시청,2026-07-03,,,,,false,전국주차장정보표준데이터,https://www.data.go.kr/data/15012896/standard.do,SOURCE_ONLY
evacuation_parking,parking:02631cb1f686898b8f2f,경상북도,영천시,동성교회 공유주차장,,경상북도 영천시 야사동 111,35.97716664,128.9473266,부설,37,평일+토요일,00:00,23:59,무료,동성교회,2026-07-03,,,,,false,전국주차장정보표준데이터,https://www.data.go.kr/data/15012896/standard.do,SOURCE_ONLY
evacuation_parking,parking:038d9e80b1cb020ba9a5,경상북도,영천시,치산관광지 부설주차장,,경상북도 영천시 신녕면 치산리 1587,36.05036479,128.7107276,부설,281,평일+토요일+공휴일,00:00,23:59,무료,경상북도 영천시청,2026-07-03,,,,,false,전국주차장정보표준데이터,https://www.data.go.kr/data/15012896/standard.do,SOURCE_ONLY
evacuation_parking,parking:055adb81abe01db327f6,경상북도,영천시,"조교1,2 쌈지공영주차장",,"경상북도 영천시 조교동 382,394",35.97715462,128.962729,노외,9,평일+토요일+공휴일,00:00,23:59,무료,경상북도 영천시청,2026-07-03,,,,,false,전국주차장정보표준데이터,https://www.data.go.kr/data/15012896/standard.do,SOURCE_ONLY
evacuation_parking,parking:057d67f36e281c8b9142,경상북도,영천시,망정1 공영주차장,,경상북도 영천시 망정동 175-1,35.97569883,128.949719,노외,20,평일+토요일+공휴일,00:00,23:59,무료,경상북도 영천시청,2026-07-03,,,,,false,전국주차장정보표준데이터,https://www.data.go.kr/data/15012896/standard.do,SOURCE_ONLY
evacuation_parking,parking:05dd588630263704822d,경상북도,영천시,쌍계1 공영주차장,,경상북도 영천시 쌍계동 263-3,35.9634505,128.9083063,노외,16,평일+토요일+공휴일,00:00,23:59,무료,경상북도 영천시청,2026-07-03,,,,,false,전국주차장정보표준데이터,https://www.data.go.kr/data/15012896/standard.do,SOURCE_ONLY
evacuation_parking,parking:06fcb61ab9434951edcb,경상북도,영천시,화산1 공영주차장,,경상북도 영천시 화산면 유성리 591-18,36.01876029,128.8547812,노외,21,평일+토요일+공휴일,00:00,23:59,무료,경상북도 영천시청,2026-07-03,,,,,false,전국주차장정보표준데이터,https://www.data.go.kr/data/15012896/standard.do,SOURCE_ONLY
evacuation_parking,parking:07b7b73d668ab9194723,경상북도,영천시,고경면행정복지센터 부설주차장,경상북도 영천시 고경면 호국로 1065-25,경상북도 영천시 고경면 해선리 309-2,36.00173978,129.0457846,부설,69,평일+토요일+공휴일,00:00,23:59,무료,경상북도 영천시청,2026-07-03,,,,,false,전국주차장정보표준데이터,https://www.data.go.kr/data/15012896/standard.do,SOURCE_ONLY
evacuation_parking,parking:08c4b0dbeb267237c284,경상북도,영천시,신녕면교류센터 부설주차장,경상북도 영천시 신녕면 본관시장길 34,경상북도 영천시 신녕면 화성리 903-9,36.04308064,128.78716,부설,27,평일+토요일+공휴일,00:00,23:59,무료,경상북도 영천시청,2026-07-03,,,,,false,전국주차장정보표준데이터,https://www.data.go.kr/data/15012896/standard.do,SOURCE_ONLY
evacuation_parking,parking:0923ff0789f1600d3328,경상북도,영천시,문외1 공영주차장,,경상북도 영천시 문외동 138-1,35.9740994,128.9329034,노외,31,평일+토요일+공휴일,00:00,23:59,무료,경상북도 영천시청,2026-07-03,,,,,false,전국주차장정보표준데이터,https://www.data.go.kr/data/15012896/standard.do,SOURCE_ONLY
evacuation_parking,parking:0b8d9d7fcb229b3de475,경상북도,영천시,영천시보건소 부설주차장,경상북도 영천시 옛군청1길 31,경상북도 영천시 문내동 152-1,35.9687455,128.9324014,부설,52,평일+토요일+공휴일,00:00,23:59,무료,경상북도 영천시청,2026-07-03,,,,,false,전국주차장정보표준데이터,https://www.data.go.kr/data/15012896/standard.do,SOURCE_ONLY
evacuation_parking,parking:0e758a0da30a0006dd1d,경상북도,영천시,영천시민회관 서편 노상주차장,,경상북도 영천시 문외동 316-6,35.97124715,128.9376157,노상,16,평일+토요일+공휴일,00:00,23:59,무료,경상북도 영천시청,2026-07-03,,,,,false,전국주차장정보표준데이터,https://www.data.go.kr/data/15012896/standard.do,SOURCE_ONLY
evacuation_parking,parking:0e83bb59bc1039995a6d,경상북도,영천시,완산로 구간(영천공설시장사거리~영동교사거리) 노상유료주차장,경상북도 영천시 완산로 55,경상북도 영천시 완산동 988-23,35.9649932,128.9386184,노상,32,평일+토요일+공휴일,00:00,23:59,유료,경상북도 영천시청,2026-07-03,,,,,false,전국주차장정보표준데이터,https://www.data.go.kr/data/15012896/standard.do,SOURCE_ONLY
evacuation_parking,parking:0ec212c632b32297b2b0,경상북도,영천시,대창면문화센터 부설주차장,경상북도 영천시 대창면 금박로 1033,경상북도 영천시 대창면 대창리 1028,35.87594641,128.8937309,부설,49,평일+토요일+공휴일,00:00,23:59,무료,경상북도 영천시청,2026-07-03,,,,,false,전국주차장정보표준데이터,https://www.data.go.kr/data/15012896/standard.do,SOURCE_ONLY
evacuation_parking,parking:111c62bb2bea83159374,경상북도,영천시,금호읍행정복지센터 부설주차장,경상북도 영천시 금호읍 금호로153,경상북도 영천시 금호읍 교대리 149-2,35.93333733,128.8776435,부설,46,평일+토요일+공휴일,00:00,23:59,무료,경상북도 영천시청,2026-07-03,,,,,false,전국주차장정보표준데이터,https://www.data.go.kr/data/15012896/standard.do,SOURCE_ONLY
evacuation_parking,parking:1419fe7d01240b740dc5,경상북도,영천시,화룡1 공영주차장,,경상북도 영천시 화룡동 210-3,35.96391203,128.9208431,노외,39,평일+토요일+공휴일,00:00,23:59,무료,경상북도 영천시청,2026-07-03,,,,,false,전국주차장정보표준데이터,https://www.data.go.kr/data/15012896/standard.do,SOURCE_ONLY
evacuation_parking,parking:14d030147f3dd41840bd,경상북도,영천시,영천역~완산오거리 노상주차장,,경상북도 영천시 완산동 929-2,35.96087702,128.9380759,노상,88,평일+토요일+공휴일,00:00,23:59,무료,경상북도 영천시청,2026-07-03,,,,,false,전국주차장정보표준데이터,https://www.data.go.kr/data/15012896/standard.do,SOURCE_ONLY
evacuation_parking,parking:15d5f18a81d79969e1f6,경상북도,영천시,종합스포츠센터 부설주차장,경상북도 영천시 운동장로 94,경상북도 영천시 교촌동 336-1,35.97099884,128.9230929,부설,114,평일+토요일+공휴일,00:00,23:59,무료,경상북도 영천시청,2026-07-03,,,,,false,전국주차장정보표준데이터,https://www.data.go.kr/data/15012896/standard.do,SOURCE_ONLY
evacuation_parking,parking:1602f903058a527c008b,경상북도,영천시,자양면복지회관 부설주차장,경상북도 영천시 자양면 포은로 1625-12,경상북도 영천시 자양면 성곡리 552-2,36.07883812,129.018649,부설,9,평일+토요일+공휴일,00:00,23:59,무료,경상북도 영천시청,2026-07-03,,,,,false,전국주차장정보표준데이터,https://www.data.go.kr/data/15012896/standard.do,SOURCE_ONLY
evacuation_parking,parking:16d9167b7e7cc69dda79,경상북도,영천시,청통면복지회관 부설주차장,경상북도 영천시 청통면 청통초등길11,경상북도 영천시 청통면 치일리 13,35.99202561,128.8234241,부설,102,평일+토요일+공휴일,00:00,23:59,무료,경상북도 영천시청,2026-07-03,,,,,false,전국주차장정보표준데이터,https://www.data.go.kr/data/15012896/standard.do,SOURCE_ONLY
evacuation_parking,parking:1707b3ad22e3ecb021d8,경상북도,영천시,완산근린공원 ~e편한세상2단지,경상북도 영천시 완산9길15,경상북도 영천시 완산동 1436,35.96215912,128.9420847,노상,53,평일+토요일+공휴일,00:00,23:59,무료,경상북도 영천시청,2026-07-03,,,,,false,전국주차장정보표준데이터,https://www.data.go.kr/data/15012896/standard.do,SOURCE_ONLY
evacuation_parking,parking:18a58d1c7366e4a2b8f1,경상북도,영천시,신녕공설시장 부설주차장,경상북도 영천시 신녕면 본관시장길 3,경상북도 영천시 신녕면 화성리 866-1,36.04209096,128.7874685,부설,28,평일+토요일+공휴일,00:00,23:59,무료,경상북도 영천시청,2026-07-03,,,,,false,전국주차장정보표준데이터,https://www.data.go.kr/data/15012896/standard.do,SOURCE_ONLY
evacuation_parking,parking:199e4d8b0d4026252d0e,경상북도,영천시,화남면다목적회관 부설주차장,경상북도 영천시 화남면 신화로 1198,경상북도 영천시 화남면 삼창리 850,36.05901332,128.8900085,부설,6,평일+토요일+공휴일,00:00,23:59,무료,경상북도 영천시청,2026-07-03,,,,,false,전국주차장정보표준데이터,https://www.data.go.kr/data/15012896/standard.do,SOURCE_ONLY
evacuation_parking,parking:1a45a0bdbf22796538f0,경상북도,영천시,영천생활체육관 부설주차장,경상북도 영천시 운동장로 55,경상북도 영천시 교촌동 282-1,35.96782527,128.9235801,부설,11,평일+토요일+공휴일,00:00,23:59,무료,경상북도 영천시청,2026-07-03,,,,,false,전국주차장정보표준데이터,https://www.data.go.kr/data/15012896/standard.do,SOURCE_ONLY
evacuation_parking,parking:1b6d408c59cbea8fa97f,경상북도,영천시,트라이얼마트~영천농산물도매시장,,경상북도 영천시 조교동 679-8,35.97036877,128.9530655,노상,19,평일+토요일+공휴일,00:00,23:59,무료,경상북도 영천시청,2026-07-03,,,,,false,전국주차장정보표준데이터,https://www.data.go.kr/data/15012896/standard.do,SOURCE_ONLY
evacuation_parking,parking:2291d6bbd7be12cd4c64,경상북도,영천시,야사동 명성교회 나눔주차장,경상북도 영천시 보목2길 8,경상북도 영천시 야사동 291-2,35.97130308,128.9411709,부설,17,평일+토요일,00:00,23:59,무료,명성교회,2026-07-03,,,,,false,전국주차장정보표준데이터,https://www.data.go.kr/data/15012896/standard.do,SOURCE_ONLY
evacuation_parking,parking:24250ca1e16bd5f79956,경상북도,영천시,삼산무지개타운아파트진입로~영동고등학교 노상주차장,,경상북도 영천시 문외동 50-8,35.97388057,128.9386699,노상,106,평일+토요일+공휴일,00:00,23:59,무료,경상북도 영천시청,2026-07-03,,,,,false,전국주차장정보표준데이터,https://www.data.go.kr/data/15012896/standard.do,SOURCE_ONLY
evacuation_parking,parking:249d19ca5a8992342ec9,경상북도,영천시,문외5 공영주차장,,경상북도 영천시 문외동 154-26,35.970793,128.935097,노외,7,평일+토요일+공휴일,00:00,23:59,무료,경상북도 영천시청,2026-07-03,,,,,false,전국주차장정보표준데이터,https://www.data.go.kr/data/15012896/standard.do,SOURCE_ONLY
evacuation_parking,parking:3055b873469cc5f4c622,경상북도,영천시,남부동행정복지센터 부설주차장,경상북도 영천시 쇠늘안길 5,경상북도 영천시 도동 178-10,35.94149504,128.9351747,부설,52,평일+토요일+공휴일,00:00,23:59,무료,경상북도 영천시청,2026-07-03,,,,,false,전국주차장정보표준데이터,https://www.data.go.kr/data/15012896/standard.do,SOURCE_ONLY
evacuation_parking,parking:312a72854f9e532ca252,경상북도,영천시,완산2 공영주차장,,경상북도 영천시 완산동 952,35.96204339,128.9399606,노외,27,평일+토요일+공휴일,00:00,23:59,무료,경상북도 영천시청,2026-07-03,,,,,false,전국주차장정보표준데이터,https://www.data.go.kr/data/15012896/standard.do,SOURCE_ONLY
evacuation_parking,parking:364da4428eb89b971336,경상북도,영천시,임고면행정복지센터 부설주차장,경상북도 영천시 임고면 포은로 491,경상북도 영천시 임고면 양항리 616-1,36.02049979,128.9738177,부설,43,평일+토요일+공휴일,00:00,23:59,무료,경상북도 영천시청,2026-07-03,,,,,false,전국주차장정보표준데이터,https://www.data.go.kr/data/15012896/standard.do,SOURCE_ONLY
evacuation_parking,parking:38fbb8d015d1c406165b,경상북도,영천시,시민운동장 부설주차장,경상북도 영천시 운동장로 84,경상북도 영천시 교촌동 314,35.96869222,128.9244833,부설,116,평일+토요일+공휴일,00:00,23:59,무료,경상북도 영천시청,2026-07-03,,,,,false,전국주차장정보표준데이터,https://www.data.go.kr/data/15012896/standard.do,SOURCE_ONLY
evacuation_parking,parking:3d4ee6cbd517824b8c13,경상북도,영천시,영천시평생학습관 부설주차장,경상북도 영천시 최무선로 243,경상북도 영천시 성내동 140,35.96528965,128.9265493,부설,40,평일+토요일+공휴일,00:00,23:59,무료,경상북도 영천시청,2026-07-03,,,,,false,전국주차장정보표준데이터,https://www.data.go.kr/data/15012896/standard.do,SOURCE_ONLY
evacuation_parking,parking:4089613368fe1c0296b3,경상북도,영천시,그린환경센터 부설주차장,경상북도 영천시 바깥완산길 433,경상북도 영천시 완산동 산 3-1,35.96461799,128.9694261,부설,42,평일+토요일+공휴일,00:00,23:59,무료,경상북도 영천시청,2026-07-03,,,,,false,전국주차장정보표준데이터,https://www.data.go.kr/data/15012896/standard.do,SOURCE_ONLY
evacuation_parking,parking:4818d00d3177270608b7,경상북도,영천시,북안농공단지 노상주차장,경상북도 영천시 북안면 북안공단길 27,경상북도 영천시 북안면 반정리 150-1,35.93352392,128.9967091,노상,70,평일+토요일+공휴일,00:00,23:59,무료,경상북도 영천시청,2026-07-03,,,,,false,전국주차장정보표준데이터,https://www.data.go.kr/data/15012896/standard.do,SOURCE_ONLY
evacuation_parking,parking:4880313653c4b2a5b6bb,경상북도,영천시,금호하수처리장 부설주차장,경상북도 영천시 금호읍 대구대길 340,경상북도 영천시 금호읍 신대리 737-91,35.91152907,128.8568068,부설,18,평일+토요일+공휴일,00:00,23:59,무료,경상북도 영천시청,2026-07-03,,,,,false,전국주차장정보표준데이터,https://www.data.go.kr/data/15012896/standard.do,SOURCE_ONLY
evacuation_parking,parking:4992974dc779e067387c,경상북도,영천시,영천댐공원 부설주차장,경상북도 영천시 임고면 신방로 19,경상북도 영천시 임고면 삼매리 68-1,36.05650522,129.0112647,부설,186,평일+토요일+공휴일,00:00,23:59,무료,경상북도 영천시청,2026-07-03,,,,,false,전국주차장정보표준데이터,https://www.data.go.kr/data/15012896/standard.do,SOURCE_ONLY
evacuation_parking,parking:4b4badbcf174506947de,경상북도,영천시,창구1 공영주차장,경상북도 영천시 최무선로 301,경상북도 영천시 창구동 35-7,35.96789589,128.9322775,노외,17,평일+토요일+공휴일,00:00,23:59,무료,경상북도 영천시청,2026-07-03,,,,,false,전국주차장정보표준데이터,https://www.data.go.kr/data/15012896/standard.do,SOURCE_ONLY
evacuation_parking,parking:4bb4256b86e819fd52e6,경상북도,영천시,완산3 공영주차장,경상북도 영천시 완산둑길 76,경상북도 영천시 완산동 1048-11,35.966082,128.9367594,노외,6,평일+토요일+공휴일,00:00,23:59,무료,경상북도 영천시청,2026-07-03,,,,,false,전국주차장정보표준데이터,https://www.data.go.kr/data/15012896/standard.do,SOURCE_ONLY
evacuation_parking,parking:4bc4f1ed2a864f8d8839,경상북도,영천시,영천역~약전2길 노상주차장(영천역에서 우측 삼산주택 방향),,경상북도 영천시 완산동 933-4,35.95995926,128.9400396,노상,57,평일+토요일+공휴일,00:00,23:59,무료,경상북도 영천시청,2026-07-03,,,,,false,전국주차장정보표준데이터,https://www.data.go.kr/data/15012896/standard.do,SOURCE_ONLY
evacuation_parking,parking:4eb88c0d6e517deec50e,경상북도,영천시,과전1 공영주차장,경상북도 영천시 백신애길 10,경상북도 영천시 과전동 91,35.96690965,128.9294005,노외,9,평일+토요일+공휴일,00:00,23:59,무료,경상북도 영천시청,2026-07-03,,,,,false,전국주차장정보표준데이터,https://www.data.go.kr/data/15012896/standard.do,SOURCE_ONLY
evacuation_parking,parking:4f78cda6da28e1492474,경상북도,영천시,금호1 임시공영주차장,,경상북도 영천시 금호읍 교대리 191-3,35.93338173,128.8742924,노외,22,평일+토요일+공휴일,00:00,23:59,무료,경상북도 영천시청,2026-07-03,,,,,false,전국주차장정보표준데이터,https://www.data.go.kr/data/15012896/standard.do,SOURCE_ONLY
evacuation_parking,parking:559fcb6464f6ff521f2a,경상북도,영천시,영천시민회관 부설주차장,경상북도 영천시 시청로 17,경상북도 영천시 문외동 25,35.97216113,128.9375736,부설,52,평일+토요일+공휴일,00:00,23:59,무료,경상북도 영천시청,2026-07-03,,,,,false,전국주차장정보표준데이터,https://www.data.go.kr/data/15012896/standard.do,SOURCE_ONLY
evacuation_parking,parking:581d152c03eb432402a7,경상북도,영천시,영천실내체육관 부설주차장,경상북도 영천시 운동장로 54,경상북도 영천시 교촌동 288-4,35.96769534,128.9241637,부설,190,평일+토요일+공휴일,00:00,23:59,무료,경상북도 영천시청,2026-07-03,,,,,false,전국주차장정보표준데이터,https://www.data.go.kr/data/15012896/standard.do,SOURCE_ONLY
evacuation_parking,parking:588116979d6bbe8d1321,경상북도,영천시,영천시농업기술센터 부설주차장,경상북도 영천시 천문로 622-13,경상북도 영천시 오미동 1146-2,35.99091892,128.9259658,부설,119,평일+토요일+공휴일,00:00,23:59,무료,경상북도 영천시청,2026-07-03,,,,,false,전국주차장정보표준데이터,https://www.data.go.kr/data/15012896/standard.do,SOURCE_ONLY
evacuation_parking,parking:58d5a5aa0d489dd477c5,경상북도,영천시,대창면행정복지센터 부설주차장,경상북도 영천시 대창면 금박로 1057-7,경상북도 영천시 대창면 대창리 783-1,35.87575952,128.8946967,부설,12,평일+토요일+공휴일,00:00,23:59,무료,경상북도 영천시청,2026-07-03,,,,,false,전국주차장정보표준데이터,https://www.data.go.kr/data/15012896/standard.do,SOURCE_ONLY
evacuation_parking,parking:5aaabefffd3fb7d2e9c1,경상북도,영천시,북안면행정복지센터 부설주차장,경상북도 영천시 북안면 운북로 1995,경상북도 영천시 북안면 고지리 549-1,35.9152761,129.0089509,부설,39,평일+토요일+공휴일,00:00,23:59,무료,경상북도 영천시청,2026-07-03,,,,,false,전국주차장정보표준데이터,https://www.data.go.kr/data/15012896/standard.do,SOURCE_ONLY
evacuation_parking,parking:5c03a5abe201357221b2,경상북도,영천시,동부동행정복지센터 부설주차장,경상북도 영천시 상록4길 63,경상북도 영천시 야사동 334-18,35.97449969,128.9425488,부설,16,평일+토요일+공휴일,00:00,23:59,무료,경상북도 영천시청,2026-07-03,,,,,false,전국주차장정보표준데이터,https://www.data.go.kr/data/15012896/standard.do,SOURCE_ONLY
evacuation_parking,parking:5c0ec77a6f99fc914620,경상북도,영천시,영천시장애인종합복지관 부설주차장,경상북도 영천시 보목2길 10,경상북도 영천시 야사동 280-2,35.97112289,128.9412811,부설,14,평일+토요일+공휴일,00:00,23:59,무료,경상북도 영천시청,2026-07-03,,,,,false,전국주차장정보표준데이터,https://www.data.go.kr/data/15012896/standard.do,SOURCE_ONLY
evacuation_parking,parking:5fdea3dc096c153692e5,경상북도,영천시,중앙동행정복지센터 부설주차장,경상북도 영천시 천문로 402-4,경상북도 영천시 문내동 2-4,35.97324195,128.9299623,부설,28,평일+토요일+공휴일,00:00,23:59,무료,경상북도 영천시청,2026-07-03,,,,,false,전국주차장정보표준데이터,https://www.data.go.kr/data/15012896/standard.do,SOURCE_ONLY
evacuation_parking,parking:60b86f6b7c5bca6f36c3,경상북도,영천시,시민궁도장 부설주차장,경상북도 영천시 운동장로 96,경상북도 영천시 교촌동 330-3,35.97235447,128.9243652,부설,43,평일+토요일+공휴일,00:00,23:59,무료,경상북도 영천시청,2026-07-03,,,,,false,전국주차장정보표준데이터,https://www.data.go.kr/data/15012896/standard.do,SOURCE_ONLY
evacuation_parking,parking:613ef690c67873362131,경상북도,영천시,창신1길 노상주차장,,경상북도 영천시 망정동 534,35.98893086,128.9544528,노상,40,평일+토요일+공휴일,00:00,23:59,무료,경상북도 영천시청,2026-07-03,,,,,false,전국주차장정보표준데이터,https://www.data.go.kr/data/15012896/standard.do,SOURCE_ONLY
evacuation_parking,parking:66487890d7085ed865e4,경상북도,영천시,영천시립도서관 부설주차장,경상북도 영천시 중앙동1길 80,경상북도 영천시 문외동 245-3,35.97545743,128.9330011,부설,88,평일+토요일+공휴일,00:00,23:59,무료,경상북도 영천시청,2026-07-03,,,,,false,전국주차장정보표준데이터,https://www.data.go.kr/data/15012896/standard.do,SOURCE_ONLY
evacuation_parking,parking:68fd9096079859e7c0c5,경상북도,영천시,청통면행정복지센터 부설주차장,경상북도 영천시 청통면 금송로978,경상북도 영천시 청통면 치일리 14-1,35.99236812,128.8230975,부설,29,평일+토요일+공휴일,00:00,23:59,무료,경상북도 영천시청,2026-07-03,,,,,false,전국주차장정보표준데이터,https://www.data.go.kr/data/15012896/standard.do,SOURCE_ONLY
evacuation_parking,parking:6bb9107b2a3522f2fd6f,경상북도,영천시,임고강변공원 부설주차장,,경상북도 영천시 임고면 덕연리 154,36.04721364,128.9935397,부설,204,평일+토요일+공휴일,00:00,23:59,무료,경상북도 영천시청,2026-07-03,,,,,false,전국주차장정보표준데이터,https://www.data.go.kr/data/15012896/standard.do,SOURCE_ONLY
evacuation_parking,parking:6fc7fe520649b69a09dc,경상북도,영천시,문내2 임시공영주차장,,경상북도 영천시 문내동 229-11,35.97336135,128.932311,노외,12,평일+토요일+공휴일,00:00,23:59,무료,경상북도 영천시청,2026-07-03,,,,,false,전국주차장정보표준데이터,https://www.data.go.kr/data/15012896/standard.do,SOURCE_ONLY
evacuation_parking,parking:6fe3b603f64f68940c56,경상북도,영천시,봉동1 공영주차장,경상북도 영천시 봉동1길 55,경상북도 영천시 봉동 670-7,35.933297,128.9441546,노외,23,평일+토요일+공휴일,00:00,23:59,무료,경상북도 영천시청,2026-07-03,,,,,false,전국주차장정보표준데이터,https://www.data.go.kr/data/15012896/standard.do,SOURCE_ONLY
evacuation_parking,parking:73c26ff3783bdcda6e85,경상북도,영천시,금호로 노상주차장,,경상북도 영천시 금호읍 덕성리 254-3,35.93028633,128.868212,노상,101,평일+토요일+공휴일,00:00,23:59,무료,경상북도 영천시청,2026-07-03,,,,,false,전국주차장정보표준데이터,https://www.data.go.kr/data/15012896/standard.do,SOURCE_ONLY
evacuation_parking,parking:75d2e75dc1bedb355659,경상북도,영천시,문외2 임시공영주차장,,경상북도 영천시 문외동 247-9,35.97326875,128.9359318,노외,34,평일+토요일+공휴일,00:00,23:59,무료,경상북도 영천시청,2026-07-03,,,,,false,전국주차장정보표준데이터,https://www.data.go.kr/data/15012896/standard.do,SOURCE_ONLY
evacuation_parking,parking:75d428f970d6fbe24a8d,경상북도,영천시,교촌1 공영주차장,경상북도 영천시 교촌길 24,경상북도 영천시 교촌동 65,35.9696871,128.9289335,노외,15,평일+토요일+공휴일,00:00,23:59,무료,경상북도 영천시청,2026-07-03,,,,,false,전국주차장정보표준데이터,https://www.data.go.kr/data/15012896/standard.do,SOURCE_ONLY
evacuation_parking,parking:7809866ce172e2249336,경상북도,영천시,신녕면복지회관 부설주차장,경상북도 영천시 신녕면 화성중앙길 28,경상북도 영천시 신녕면 화성리 414-2,36.04451499,128.7897391,부설,9,평일+토요일+공휴일,00:00,23:59,무료,경상북도 영천시청,2026-07-03,,,,,false,전국주차장정보표준데이터,https://www.data.go.kr/data/15012896/standard.do,SOURCE_ONLY
evacuation_parking,parking:7b55ce4593a81b681f83,경상북도,영천시,완산2 임시공영주차장,,경상북도 영천시 완산동 1416,35.9635689,128.9452051,노외,22,평일+토요일+공휴일,00:00,23:59,무료,경상북도 영천시청,2026-07-03,,,,,false,전국주차장정보표준데이터,https://www.data.go.kr/data/15012896/standard.do,SOURCE_ONLY
evacuation_parking,parking:7c76f1ec7a2f5d4cac4c,경상북도,영천시,영천시청 부설주차장(의회포함),경상북도 영천시 시청로 16,경상북도 영천시 문외동 27,35.97331241,128.9384784,부설,276,평일+토요일+공휴일,00:00,23:59,유료,영천시 시설관리공단,2026-07-03,,,,,false,전국주차장정보표준데이터,https://www.data.go.kr/data/15012896/standard.do,SOURCE_ONLY
evacuation_parking,parking:81787ea65c4384a05cea,경상북도,영천시,금호1 공영주차장,,경상북도 영천시 금호읍 교대리 185-1,35.93296678,128.8758642,노외,15,평일+토요일+공휴일,00:00,23:59,무료,경상북도 영천시청,2026-07-03,,,,,false,전국주차장정보표준데이터,https://www.data.go.kr/data/15012896/standard.do,SOURCE_ONLY
evacuation_parking,parking:827cb55f1839f6cc9581,경상북도,영천시,노계문학관 부설주차장,경상북도 영천시 북안면 신평탑골길 93-33,경상북도 영천시 북안면 도천리 296,35.88853436,129.0219796,부설,30,평일+토요일+공휴일,00:00,23:59,무료,경상북도 영천시청,2026-07-03,,,,,false,전국주차장정보표준데이터,https://www.data.go.kr/data/15012896/standard.do,SOURCE_ONLY
evacuation_parking,parking:8be12c78993bf01a7fcf,경상북도,영천시,문내1 임시공영주차장,,경상북도 영천시 문내동 5-11,35.97492706,128.9317904,노외,10,평일+토요일+공휴일,00:00,23:59,무료,경상북도 영천시청,2026-07-03,,,,,false,전국주차장정보표준데이터,https://www.data.go.kr/data/15012896/standard.do,SOURCE_ONLY
evacuation_parking,parking:8ea9e45a2a7d7136be8c,경상북도,영천시,문외4 공영주차장,,경상북도 영천시 문외동 182-16,35.97063772,128.9373423,노외,19,평일+토요일+공휴일,00:00,23:59,무료,경상북도 영천시청,2026-07-03,,,,,false,전국주차장정보표준데이터,https://www.data.go.kr/data/15012896/standard.do,SOURCE_ONLY
evacuation_parking,parking:969d34be916832e75624,경상북도,영천시,화남면행정복지센터 부설주차장,경상북도 영천시 화남면 신화로 1197,경상북도 영천시 화남면 삼창리 1023-2,36.0591417,128.8891012,부설,23,평일+토요일+공휴일,00:00,23:59,무료,경상북도 영천시청,2026-07-03,,,,,false,전국주차장정보표준데이터,https://www.data.go.kr/data/15012896/standard.do,SOURCE_ONLY
evacuation_parking,parking:99b05eb8c3c2490539b7,경상북도,영천시,금호강 둔치 다목적광장1 공영주차장,경상북도 영천시 최무선로 364,경상북도 영천시 문외동 317,35.97037774,128.938074,노외,58,평일+토요일+공휴일,00:00,23:59,무료,경상북도 영천시청,2026-07-03,,,,,false,전국주차장정보표준데이터,https://www.data.go.kr/data/15012896/standard.do,SOURCE_ONLY
evacuation_parking,parking:a000a60197935b500100,경상북도,영천시,야사1 임시공영주차장,경상북도 영천시 안야사길 187-3,경상북도 영천시 야사동 23-5,35.98334631,128.9494821,노외,77,평일+토요일+공휴일,00:00,23:59,무료,경상북도 영천시청,2026-07-03,,,,,false,전국주차장정보표준데이터,https://www.data.go.kr/data/15012896/standard.do,SOURCE_ONLY
evacuation_parking,parking:a082203a3c5a1449738a,경상북도,영천시,완산동 중앙교회 나눔주차장,경상북도 영천시 완산중앙8길 21,경상북도 영천시 완산동 907-13,35.9619365,128.9382663,부설,40,평일+토요일,00:00,23:59,무료,중앙교회,2026-07-03,,,,,false,전국주차장정보표준데이터,https://www.data.go.kr/data/15012896/standard.do,SOURCE_ONLY
evacuation_parking,parking:a2ac2c92172ebbcdfcd3,경상북도,영천시,금호강 둔치 다목적광장2 공영주차장,,경상북도 영천시 금노동 683,35.95934603,128.9239763,노외,26,평일+토요일+공휴일,00:00,23:59,무료,경상북도 영천시청,2026-07-03,,,,,false,전국주차장정보표준데이터,https://www.data.go.kr/data/15012896/standard.do,SOURCE_ONLY
evacuation_parking,parking:a2feddc1a7e4f952d0c8,경상북도,영천시,서부동행정복지센터 부설주차장,경상북도 영천시 장수로 19,경상북도 영천시 화룡동 219-11,35.96384433,128.9209685,부설,54,평일+토요일+공휴일,00:00,23:59,무료,경상북도 영천시청,2026-07-03,,,,,false,전국주차장정보표준데이터,https://www.data.go.kr/data/15012896/standard.do,SOURCE_ONLY
evacuation_parking,parking:a546346af0345341bef1,경상북도,영천시,완산1 공영주차장,,경상북도 영천시 완산동 1082-22,35.96239775,128.9345376,노외,14,평일+토요일+공휴일,00:00,23:59,무료,경상북도 영천시청,2026-07-03,,,,,false,전국주차장정보표준데이터,https://www.data.go.kr/data/15012896/standard.do,SOURCE_ONLY
evacuation_parking,parking:a7a4a4ccbaabfa3fcd69,경상북도,영천시,영천공설시장 부설주차장,경상북도 영천시 시장4길 30,경상북도 영천시 완산동 982-31,35.9642216,128.9375154,부설,170,평일+토요일+공휴일,00:00,23:59,유료,영천공설시장상인회,2026-07-03,,,,,false,전국주차장정보표준데이터,https://www.data.go.kr/data/15012896/standard.do,SOURCE_ONLY
evacuation_parking,parking:ac3bce7552cf422be656,경상북도,영천시,망정3 공영주차장,,경상북도 영천시 망정동 309-11,35.9799675,128.9517556,노외,38,평일+토요일+공휴일,00:00,23:59,무료,경상북도 영천시청,2026-07-03,,,,,false,전국주차장정보표준데이터,https://www.data.go.kr/data/15012896/standard.do,SOURCE_ONLY
evacuation_parking,parking:b16448ab654352b7805c,경상북도,영천시,시청 동남편 노상주차장,,경상북도 영천시 문외동 50-15,35.9729553,128.9396939,노상,89,평일+토요일+공휴일,00:00,23:59,무료,경상북도 영천시청,2026-07-03,,,,,false,전국주차장정보표준데이터,https://www.data.go.kr/data/15012896/standard.do,SOURCE_ONLY
evacuation_parking,parking:b3c9e929b8e985698839,경상북도,영천시,신녕면행정복지센터 부설주차장,경상북도 영천시 신녕면 화성중앙길 30,경상북도 영천시 신녕면 화성리 419,36.04533349,128.7897606,부설,31,평일+토요일+공휴일,00:00,23:59,무료,경상북도 영천시청,2026-07-03,,,,,false,전국주차장정보표준데이터,https://www.data.go.kr/data/15012896/standard.do,SOURCE_ONLY
evacuation_parking,parking:b5c2df858070bd8f68db,경상북도,영천시,은해사 주차장,,경상북도 영천시 청통면 치일리 292-1,35.9911453,128.8004015,노외,299,평일+토요일+공휴일,00:00,23:59,무료,경상북도 영천시청,2026-07-03,,,,,false,전국주차장정보표준데이터,https://www.data.go.kr/data/15012896/standard.do,SOURCE_ONLY
evacuation_parking,parking:b5d720d88e0260bad410,경상북도,영천시,시장로 구간(완산오거리~영천공설시장사거리) 노상유료주차장,,경상북도 영천시 완산동 1069-10,35.9632215,128.9366588,노상,53,평일+토요일+공휴일,00:00,23:59,유료,경상북도 영천시청,2026-07-03,,,,,false,전국주차장정보표준데이터,https://www.data.go.kr/data/15012896/standard.do,SOURCE_ONLY
evacuation_parking,parking:b700b1b3ba24d6b4a1f6,경상북도,영천시,북안면복지회관 부설주차장,경상북도 영천시 북안면 운북로 2043,경상북도 영천시 북안면 임포리 389,35.91930609,129.0077319,부설,36,평일+토요일+공휴일,00:00,23:59,무료,경상북도 영천시청,2026-07-03,,,,,false,전국주차장정보표준데이터,https://www.data.go.kr/data/15012896/standard.do,SOURCE_ONLY
evacuation_parking,parking:b83d6a2356ead3253aaf,경상북도,영천시,본촌농공단지 공용주차장,,경상북도 영천시 본촌동 450,35.918216,128.9525346,노외,155,평일+토요일+공휴일,00:00,23:59,무료,경상북도 영천시청,2026-07-03,,,,,false,전국주차장정보표준데이터,https://www.data.go.kr/data/15012896/standard.do,SOURCE_ONLY
evacuation_parking,parking:b8f98a9e8a3542c97063,경상북도,영천시,금호공설시장 부설주차장,경상북도 영천시 금호읍 금호로 101,경상북도 영천시 금호읍 교대리 167-35,35.93166871,128.8733581,부설,58,평일+토요일+공휴일,00:00,23:59,무료,경상북도 영천시청,2026-07-03,,,,,false,전국주차장정보표준데이터,https://www.data.go.kr/data/15012896/standard.do,SOURCE_ONLY
evacuation_parking,parking:ba9ef3cebf223aa5c9bf,경상북도,영천시,영천예술창작스튜디오 부설주차장,,경상북도 영천시 교촌동 300-4,35.96693617,128.9254322,부설,22,평일+토요일+공휴일,00:00,23:59,무료,경상북도 영천시청,2026-07-03,,,,,false,전국주차장정보표준데이터,https://www.data.go.kr/data/15012896/standard.do,SOURCE_ONLY
evacuation_parking,parking:bb8f1e9ad2b8c88cd51b,경상북도,영천시,운주산휴양림 부설주차장,,경상북도 영천시 임고면 황강리 15,36.03573496,128.9970898,부설,60,평일+토요일+공휴일,00:00,23:59,무료,경상북도 영천시청,2026-07-03,,,,,false,전국주차장정보표준데이터,https://www.data.go.kr/data/15012896/standard.do,SOURCE_ONLY
evacuation_parking,parking:bc8bc321b3bd444559d5,경상북도,영천시,문외3 임시공영주차장,,경상북도 영천시 문외동 137-4,35.9732227,128.9328009,노외,11,평일+토요일+공휴일,00:00,23:59,무료,경상북도 영천시청,2026-07-03,,,,,false,전국주차장정보표준데이터,https://www.data.go.kr/data/15012896/standard.do,SOURCE_ONLY
evacuation_parking,parking:bd894db35fa9ed4e61cc,경상북도,영천시,북안1 공영주차장,,경상북도 영천시 북안면 임포리 243-3,35.91810553,129.0110763,노외,14,평일+토요일+공휴일,00:00,23:59,무료,경상북도 영천시청,2026-07-03,,,,,false,전국주차장정보표준데이터,https://www.data.go.kr/data/15012896/standard.do,SOURCE_ONLY
evacuation_parking,parking:c27517bf63acc42219bd,경상북도,영천시,포은정몽주생가 부설주차장,경상북도 영천시 임고면 효자로 342,경상북도 영천시 임고면 우항리 183,36.01110024,128.9901976,부설,11,평일+토요일+공휴일,00:00,23:59,무료,경상북도 영천시청,2026-07-03,,,,,false,전국주차장정보표준데이터,https://www.data.go.kr/data/15012896/standard.do,SOURCE_ONLY
evacuation_parking,parking:c43920f9e18a5cb648f9,경상북도,영천시,망정2 공영주차장,,경상북도 영천시 망정동 417-21,35.98715344,128.9570031,노외,79,평일+토요일+공휴일,00:00,23:59,무료,경상북도 영천시청,2026-07-03,,,,,false,전국주차장정보표준데이터,https://www.data.go.kr/data/15012896/standard.do,SOURCE_ONLY
evacuation_parking,parking:c565a780ff23b53d749b,경상북도,영천시,완산1 임시공영주차장,,경상북도 영천시 완산동 910-3,35.96218646,128.939599,노외,43,평일+토요일+공휴일,00:00,23:59,무료,경상북도 영천시청,2026-07-03,,,,,false,전국주차장정보표준데이터,https://www.data.go.kr/data/15012896/standard.do,SOURCE_ONLY
evacuation_parking,parking:c9a8a753e3838064058f,경상북도,영천시,화산면행정복지센터 부설주차장,경상북도 영천시 화산면 연지길 16,경상북도 영천시 화산면 유성리 1289,36.02024683,128.8520843,부설,48,평일+토요일+공휴일,00:00,23:59,무료,경상북도 영천시청,2026-07-03,,,,,false,전국주차장정보표준데이터,https://www.data.go.kr/data/15012896/standard.do,SOURCE_ONLY
evacuation_parking,parking:cae51dcb6718e6435677,경상북도,영천시,임고서원 충효문화수련원 부설주차장,경상북도 영천시 임고면 포은로 447,경상북도 영천시 임고면 양항리 493,36.01691292,128.9733585,부설,58,평일+토요일+공휴일,00:00,23:59,무료,경상북도 영천시청,2026-07-03,,,,,false,전국주차장정보표준데이터,https://www.data.go.kr/data/15012896/standard.do,SOURCE_ONLY
evacuation_parking,parking:cc43f2c422b21d8f3233,경상북도,영천시,문외3 공영주차장,,경상북도 영천시 문외동 258-7,35.97193662,128.9357336,노외,28,평일+토요일+공휴일,00:00,23:59,무료,경상북도 영천시청,2026-07-03,,,,,false,전국주차장정보표준데이터,https://www.data.go.kr/data/15012896/standard.do,SOURCE_ONLY
evacuation_parking,parking:d016505d35e201d1a380,경상북도,영천시,성내1 공영주차장,,경상북도 영천시 성내동 196-2,35.9630624,128.9255309,노외,21,평일+토요일+공휴일,00:00,23:59,무료,경상북도 영천시청,2026-07-03,,,,,false,전국주차장정보표준데이터,https://www.data.go.kr/data/15012896/standard.do,SOURCE_ONLY
evacuation_parking,parking:d3d07e8251c2b9faa545,경상북도,영천시,신녕1 공영주차장,경상북도 영천시 신녕면 장수로 1690-1,경상북도 영천시 신녕면 화성리 847-16,36.04283969,128.7885359,노외,44,평일+토요일+공휴일,00:00,23:59,무료,경상북도 영천시청,2026-07-03,,,,,false,전국주차장정보표준데이터,https://www.data.go.kr/data/15012896/standard.do,SOURCE_ONLY
evacuation_parking,parking:d55e4291074e4d83894b,경상북도,영천시,화북면행정복지센터 부설주차장,경상북도 영천시 화북면 화북길 93,경상북도 영천시 화북면 자천리 1470,36.10805795,128.9197447,부설,24,평일+토요일+공휴일,00:00,23:59,무료,경상북도 영천시청,2026-07-03,,,,,false,전국주차장정보표준데이터,https://www.data.go.kr/data/15012896/standard.do,SOURCE_ONLY
evacuation_parking,parking:d591fead26e72995753f,경상북도,영천시,봉동교회 공유주차장,경상북도 영천시 봉동1길 19-2,경상북도 영천시 봉동 660-2,35.93206572,128.9447364,부설,19,평일+토요일,00:00,23:59,무료,봉동교회,2026-07-03,,,,,false,전국주차장정보표준데이터,https://www.data.go.kr/data/15012896/standard.do,SOURCE_ONLY
evacuation_parking,parking:d8e0fc7b3ec334c5aee5,경상북도,영천시,화산면복지회관 부설주차장,경상북도 영천시 화산면 연지길 5,경상북도 영천시 화산면 유성리 1377-1,36.01952808,128.8519588,부설,21,평일+토요일+공휴일,00:00,23:59,무료,경상북도 영천시청,2026-07-03,,,,,false,전국주차장정보표준데이터,https://www.data.go.kr/data/15012896/standard.do,SOURCE_ONLY
evacuation_parking,parking:de2e4432b330a644746d,경상북도,영천시,화북면민복지회관 부설주차장,경상북도 영천시 화북면 자천9길 9,경상북도 영천시 화북면 자천리 787-1,36.11044756,128.9226098,부설,30,평일+토요일+공휴일,00:00,23:59,무료,경상북도 영천시청,2026-07-03,,,,,false,전국주차장정보표준데이터,https://www.data.go.kr/data/15012896/standard.do,SOURCE_ONLY
evacuation_parking,parking:de8339650edda53d0479,경상북도,영천시,전통문화체험관 부설주차장,경상북도 영천시 운동장로 54,경상북도 영천시 교촌동 288-4,35.96769534,128.9241637,부설,18,평일+토요일+공휴일,00:00,23:59,무료,경상북도 영천시청,2026-07-03,,,,,false,전국주차장정보표준데이터,https://www.data.go.kr/data/15012896/standard.do,SOURCE_ONLY
evacuation_parking,parking:e14fcf897c73948862af,경상북도,영천시,영천시통합정수장 부설주차장,경상북도 영천시 임고면 신방로 50-35,경상북도 영천시 임고면 삼매리 산 24-20,36.0565418,129.0180625,부설,34,평일+토요일+공휴일,00:00,23:59,무료,경상북도 영천시청,2026-07-03,,,,,false,전국주차장정보표준데이터,https://www.data.go.kr/data/15012896/standard.do,SOURCE_ONLY
evacuation_parking,parking:e270e20e2251e9e4bc1f,경상북도,영천시,금호체육관 부설주차장,경상북도 영천시 금호읍 금호로 171,경상북도 영천시 금호읍 교대리 130-3,35.9339045,128.8798006,부설,13,평일+토요일+공휴일,00:00,23:59,무료,경상북도 영천시청,2026-07-03,,,,,false,전국주차장정보표준데이터,https://www.data.go.kr/data/15012896/standard.do,SOURCE_ONLY
evacuation_parking,parking:e3be8c8ae80db9a53644,경상북도,영천시,문내1 공영주차장,,"경상북도 영천시 문내동229-12,",35.97319167,128.9324236,노외,36,평일+토요일+공휴일,00:00,23:59,무료,경상북도 영천시청,2026-07-03,,,,,false,전국주차장정보표준데이터,https://www.data.go.kr/data/15012896/standard.do,SOURCE_ONLY
evacuation_parking,parking:e740a1dd5167afa0866f,경상북도,영천시,최무선과학관 부설주차장,경상북도 영천시 금호읍 창산길 100-29,경상북도 영천시 금호읍 원기리 277,35.90779233,128.8811882,부설,92,평일+토요일+공휴일,00:00,23:59,무료,경상북도 영천시청,2026-07-03,,,,,false,전국주차장정보표준데이터,https://www.data.go.kr/data/15012896/standard.do,SOURCE_ONLY
evacuation_parking,parking:e76ac55445f7fb9bf84d,경상북도,영천시,임고면복지회관 부설주차장,경상북도 영천시 임고면 포은로 491,경상북도 영천시 임고면 양항리 616-1,36.02049979,128.9738177,부설,7,평일+토요일+공휴일,00:00,23:59,무료,경상북도 영천시청,2026-07-03,,,,,false,전국주차장정보표준데이터,https://www.data.go.kr/data/15012896/standard.do,SOURCE_ONLY
evacuation_parking,parking:e7b54b6c13eeb698a0a2,경상북도,영천시,영천역~금노사거리(영천초등) 노상주차장,,경상북도 영천시 완산동 1115-1,35.96038259,128.9352075,노상,59,평일+토요일+공휴일,00:00,23:59,무료,경상북도 영천시청,2026-07-03,,,,,false,전국주차장정보표준데이터,https://www.data.go.kr/data/15012896/standard.do,SOURCE_ONLY
evacuation_parking,parking:e9c54b99ddfae99fc989,경상북도,영천시,문외2 공영주차장,,경상북도 영천시 문외동 3-6,35.97577968,128.9383628,노외,37,평일+토요일+공휴일,00:00,23:59,무료,경상북도 영천시청,2026-07-03,,,,,false,전국주차장정보표준데이터,https://www.data.go.kr/data/15012896/standard.do,SOURCE_ONLY
evacuation_parking,parking:ed0f9af26abea06aab68,경상북도,영천시,야사1 공영주차장,,경상북도 영천시 야사동 283-10,35.97130607,128.939997,노외,15,평일+토요일+공휴일,00:00,23:59,무료,경상북도 영천시청,2026-07-03,,,,,false,전국주차장정보표준데이터,https://www.data.go.kr/data/15012896/standard.do,SOURCE_ONLY
evacuation_parking,parking:ed315e96a5e8ca62e473,경상북도,영천시,조양공원 부설주차장,,경상북도 영천시 창구동 26-10,35.96711811,128.9321242,부설,22,평일+토요일+공휴일,00:00,23:59,무료,경상북도 영천시청,2026-07-03,,,,,false,전국주차장정보표준데이터,https://www.data.go.kr/data/15012896/standard.do,SOURCE_ONLY
evacuation_parking,parking:f14b6d02610e2c4fa221,경상북도,영천시,완산동행정복지센터 부설주차장,경상북도 영천시 완산2길 9,경상북도 영천시 완산동 994,35.96486375,128.9397927,부설,27,평일+토요일+공휴일,00:00,23:59,무료,경상북도 영천시청,2026-07-03,,,,,false,전국주차장정보표준데이터,https://www.data.go.kr/data/15012896/standard.do,SOURCE_ONLY
evacuation_parking,parking:f354ed3313533dc2652a,경상북도,영천시,영천역~영천공설시장사거리 노상주차장,,경상북도 영천시 완산동 909-2,35.96204115,128.9390654,노상,54,평일+토요일+공휴일,00:00,23:59,무료,경상북도 영천시청,2026-07-03,,,,,false,전국주차장정보표준데이터,https://www.data.go.kr/data/15012896/standard.do,SOURCE_ONLY
evacuation_parking,parking:f47289d81019df4e5c1f,경상북도,영천시,영천경찰서 공유주차장,,경상북도 영천시 금호읍 원제리 105-2,35.9523656,128.9042636,부설,20,평일+토요일+공휴일,00:00,23:59,무료,영천경찰서,2026-07-03,,,,,false,전국주차장정보표준데이터,https://www.data.go.kr/data/15012896/standard.do,SOURCE_ONLY
evacuation_parking,parking:f67ccf3e40cce0514cb7,경상북도,영천시,영천역 앞 공영주차장,,경상북도 영천시 완산동 939-22,35.96001201,128.9404671,노외,7,평일+토요일+공휴일,00:00,23:59,무료,경상북도 영천시청,2026-07-03,,,,,false,전국주차장정보표준데이터,https://www.data.go.kr/data/15012896/standard.do,SOURCE_ONLY
evacuation_parking,parking:f863c29f71c62fc26128,경상북도,영천시,영천시 장애인회관 부설주차장,경상북도 영천시 천문로 210-7,경상북도 영천시 금노동 372-16,35.95714035,128.9327578,부설,49,평일+토요일+공휴일,00:00,23:59,무료,경상북도 영천시청,2026-07-03,,,,,false,전국주차장정보표준데이터,https://www.data.go.kr/data/15012896/standard.do,SOURCE_ONLY
evacuation_parking,parking:f9b51b8358e2c56ea677,경상북도,영천시,성내2 공영주차장,경상북도 영천시 최무선로 266,경상북도 영천시 성내동 47,35.96577671,128.9294034,노외,25,평일+토요일+공휴일,00:00,23:59,무료,경상북도 영천시청,2026-07-03,,,,,false,전국주차장정보표준데이터,https://www.data.go.kr/data/15012896/standard.do,SOURCE_ONLY
evacuation_parking,parking:fc9a496061e4b8317c34,경상북도,영천시,북안2 공영주차장,경상북도 영천시 북안면 운북로 2020,경상북도 영천시 북안면 임포리 265,35.91757786,129.0095609,노외,31,평일+토요일+공휴일,00:00,23:59,무료,경상북도 영천시청,2026-07-03,,,,,false,전국주차장정보표준데이터,https://www.data.go.kr/data/15012896/standard.do,SOURCE_ONLY
evacuation_parking,parking:fd28504d07482fdd346f,경상북도,영천시,자양면행정복지센터 부설주차장,경상북도 영천시 자양면 포은로 1631,경상북도 영천시 자양면 성곡리 549-1,36.0784011,129.0185376,부설,17,평일+토요일+공휴일,00:00,23:59,무료,경상북도 영천시청,2026-07-03,,,,,false,전국주차장정보표준데이터,https://www.data.go.kr/data/15012896/standard.do,SOURCE_ONLY
evacuation_parking,parking:feeb334565d0676d001f,경상북도,영천시,야사2 공영주차장,경상북도 영천시 호국로 24-37,경상북도 영천시 야사동 289-3,35.97119387,128.9409425,노외,15,평일+토요일+공휴일,00:00,23:59,무료,경상북도 영천시청,2026-07-03,,,,,false,전국주차장정보표준데이터,https://www.data.go.kr/data/15012896/standard.do,SOURCE_ONLY
evacuation_parking,parking:20c82e56d492d93ab4cf,경상북도,예천군,중앙로 주차장,,경상북도 예천군 예천읍 노하리 61,36.65801874,128.4550105,노외,26,평일+토요일+공휴일,00:00,23:59,유료,경상북도 예천군청,2026-04-16,,,,,false,전국주차장정보표준데이터,https://www.data.go.kr/data/15012896/standard.do,SOURCE_ONLY
evacuation_parking,parking:2c2b45485aa6363e4946,경상북도,예천군,개심사지 노상주차장,,경상북도 예천군 예천읍 남본리 180-3,36.65178511,128.4557,노상,29,평일+토요일+공휴일,00:00,23:59,무료,경상북도 예천군청,2026-04-16,,,,,false,전국주차장정보표준데이터,https://www.data.go.kr/data/15012896/standard.do,SOURCE_ONLY
evacuation_parking,parking:2d17b86d9477a2c88f50,경상북도,예천군,예천읍 상설시장주차장,,경상북도 예천군 예천읍 동본리 553,36.65600156,128.456683,노외,26,평일+토요일+공휴일,00:00,23:59,무료,경상북도 예천군청,2026-04-16,,,,,false,전국주차장정보표준데이터,https://www.data.go.kr/data/15012896/standard.do,SOURCE_ONLY
evacuation_parking,parking:3657237d1087e1a81450,경상북도,예천군,백전리 생태하천 주차장,,경상북도 예천군 예천읍 백전리 94-55,36.66281086,128.4602092,노외,26,평일+토요일+공휴일,00:00,23:59,무료,경상북도 예천군청,2026-04-16,,,,,false,전국주차장정보표준데이터,https://www.data.go.kr/data/15012896/standard.do,SOURCE_ONLY
evacuation_parking,parking:3cfa36cc4f597fb04d54,경상북도,예천군,맛고을길 공영주차장,,경상북도 예천군 예천읍 동본리 494-1,36.65806213,128.45786,노외,30,평일+토요일+공휴일,00:00,23:59,무료,경상북도 예천군청,2026-04-16,,,,,false,전국주차장정보표준데이터,https://www.data.go.kr/data/15012896/standard.do,SOURCE_ONLY
evacuation_parking,parking:497eb141d4cef84b20d6,경상북도,예천군,노상주차장(백한의원~권병원),,경상북도 예천군 예천읍 남본리 221-20,36.65607755,128.4548143,노상,114,평일+토요일+공휴일,00:00,23:59,유료,경상북도 예천군청,2026-04-16,,,,,false,전국주차장정보표준데이터,https://www.data.go.kr/data/15012896/standard.do,SOURCE_ONLY
evacuation_parking,parking:61b460685861bab96589,경상북도,예천군,중앙시장 주차장,,경상북도 예천군 예천읍 노하리 67-18,36.65709874,128.4554117,노외,12,평일+토요일+공휴일,00:00,23:59,무료,경상북도 예천군청,2026-04-16,,,,,false,전국주차장정보표준데이터,https://www.data.go.kr/data/15012896/standard.do,SOURCE_ONLY
evacuation_parking,parking:6f672a8d4109532f3e0c,경상북도,예천군,맛고을 제3주차장,,경상북도 예천군 예천읍 남본리 222-85,36.65531618,128.4516376,노외,19,평일+토요일+공휴일,00:00,23:59,유료,경상북도 예천군청,2026-04-16,,,,,false,전국주차장정보표준데이터,https://www.data.go.kr/data/15012896/standard.do,SOURCE_ONLY
evacuation_parking,parking:7b59710afbffa2f64685,경상북도,예천군,용궁시장 주차장,,경상북도 예천군 용궁면 읍부리 329-1,36.60675598,128.2754745,노상,40,평일+토요일+공휴일,00:00,23:59,무료,경상북도 예천군청,2026-04-16,,,,,false,전국주차장정보표준데이터,https://www.data.go.kr/data/15012896/standard.do,SOURCE_ONLY
evacuation_parking,parking:8d388530f29dbbbc5677,경상북도,예천군,예천군제1공영주차장,,경상북도 예천군 호명읍 산합리 1411,36.57566076,128.4891409,노외,128,평일+토요일+공휴일,00:00,23:59,무료,경상북도 예천군청,2026-04-16,,,,,false,전국주차장정보표준데이터,https://www.data.go.kr/data/15012896/standard.do,SOURCE_ONLY
evacuation_parking,parking:a7c7adbcff3282d53ecf,경상북도,예천군,보건소앞 노상주차장(보건소~경찰서),,경상북도 예천군 예천읍 서본리 1-2,36.65705923,128.4526868,노상,27,평일+토요일+공휴일,00:00,23:59,무료,경상북도 예천군청,2026-04-16,,,,,false,전국주차장정보표준데이터,https://www.data.go.kr/data/15012896/standard.do,SOURCE_ONLY
evacuation_parking,parking:ad2d1e83fdef8e30598b,경상북도,예천군,효자로 제1주차장,,경상북도 예천군 예천읍 노하리 73-2,36.65714765,128.4546596,노외,21,평일+토요일+공휴일,00:00,23:59,유료,경상북도 예천군청,2026-04-16,,,,,false,전국주차장정보표준데이터,https://www.data.go.kr/data/15012896/standard.do,SOURCE_ONLY
evacuation_parking,parking:b6d4a84da188df6409f5,경상북도,예천군,백전천 주차장,,경상북도 예천군 예천읍 백전리 447-77,36.66299966,128.4612138,노외,45,평일+토요일+공휴일,00:00,23:59,무료,경상북도 예천군청,2026-04-16,,,,,false,전국주차장정보표준데이터,https://www.data.go.kr/data/15012896/standard.do,SOURCE_ONLY
evacuation_parking,parking:bc7c9cd761720c8717e4,경상북도,예천군,효자로 제2주차장,,경상북도 예천군 예천읍 남본리 233-2,36.65564897,128.4512302,노외,26,평일+토요일+공휴일,00:00,23:59,유료,경상북도 예천군청,2026-04-16,,,,,false,전국주차장정보표준데이터,https://www.data.go.kr/data/15012896/standard.do,SOURCE_ONLY
evacuation_parking,parking:c50a12c981bcb0357e3f,경상북도,예천군,맛고을 제2주차장,,경상북도 예천군 예천읍 남본리 222-52,36.65559091,128.4526347,노외,21,평일+토요일+공휴일,00:00,23:59,유료,경상북도 예천군청,2026-04-16,,,,,false,전국주차장정보표준데이터,https://www.data.go.kr/data/15012896/standard.do,SOURCE_ONLY
evacuation_parking,parking:cefa8d526f9247e3f017,경상북도,예천군,한천길 노상주차장,,경상북도 예천군 예천읍 동본리 557-3,36.65544424,128.4571119,노상,154,평일+토요일+공휴일,00:00,23:59,무료,경상북도 예천군청,2026-04-16,,,,,false,전국주차장정보표준데이터,https://www.data.go.kr/data/15012896/standard.do,SOURCE_ONLY
evacuation_parking,parking:d4c185270aeec5a07d70,경상북도,예천군,패밀리파크 공영주차장,,경상북도 예천군 호명읍 산합리 74,36.57227756,128.4880715,노외,95,평일+토요일+공휴일,00:00,23:59,무료,경상북도 예천군청,2026-04-16,,,,,false,전국주차장정보표준데이터,https://www.data.go.kr/data/15012896/standard.do,SOURCE_ONLY
evacuation_parking,parking:d5bbcfac5122aea2ba61,경상북도,예천군,한천주차장,,경상북도 예천군 예천읍 동본리 580,36.65897876,128.4620834,노외,720,평일+토요일+공휴일,00:00,23:59,무료,경상북도 예천군청,2026-04-16,,,,,false,전국주차장정보표준데이터,https://www.data.go.kr/data/15012896/standard.do,SOURCE_ONLY
evacuation_parking,parking:e40bf7781d9314008da5,경상북도,예천군,맛고을 제1주차장,,경상북도 예천군 예천읍 남본리 223-10,36.65613627,128.4538338,노외,22,평일+토요일+공휴일,00:00,23:59,유료,경상북도 예천군청,2026-04-16,,,,,false,전국주차장정보표준데이터,https://www.data.go.kr/data/15012896/standard.do,SOURCE_ONLY
evacuation_parking,parking:ec35c5778c5e389aca33,경상북도,예천군,예천군제2공영주차장,,경상북도 예천군 호명읍 산합리 1425,36.5757901,128.4914193,노외,86,평일+토요일+공휴일,00:00,23:59,무료,경상북도 예천군청,2026-04-16,,,,,false,전국주차장정보표준데이터,https://www.data.go.kr/data/15012896/standard.do,SOURCE_ONLY
evacuation_parking,parking:065d73bfa343f03d7458,경상북도,울릉군,어울림주차장,경상북도 울릉군 울릉읍 도동길 14,경상북도 울릉군 울릉읍 도동리 23,37.48156337,130.9097085,노외,41,평일+토요일+공휴일,00:00,23:59,무료,경상북도 울릉군청,2026-04-17,,,,,false,전국주차장정보표준데이터,https://www.data.go.kr/data/15012896/standard.do,SOURCE_ONLY
evacuation_parking,parking:74598fc84964100e5be6,경상북도,울릉군,도동공영주차장,경상북도 울릉군 울릉읍 도동2길 23,경상북도 울릉군 울릉읍 도동리 56,37.48315539,130.9076885,노외,50,평일+토요일+공휴일,00:00,23:59,유료,경상북도 울릉군청,2026-04-17,,,,,false,전국주차장정보표준데이터,https://www.data.go.kr/data/15012896/standard.do,SOURCE_ONLY
evacuation_parking,parking:8892700fb546abde8e9d,경상북도,울릉군,울릉군공영주차장,경상북도 울릉군 울릉읍 도동2길 96,경상북도 울릉군 울릉읍 도동리 253,37.48494497,130.9041943,노외,107,평일+토요일+공휴일,00:00,23:59,유료,경상북도 울릉군청,2026-04-17,,,,,false,전국주차장정보표준데이터,https://www.data.go.kr/data/15012896/standard.do,SOURCE_ONLY
evacuation_parking,parking:dbc1e409dfa7f5401f8a,경상북도,울릉군,저동공영주차장,경상북도 울릉군 울릉읍 봉래1길 30-3,경상북도 울릉군 울릉읍 도동리 299,37.49174596,130.9099829,노외,98,평일+토요일+공휴일,00:00,23:59,유료,경상북도 울릉군청,2026-04-17,,,,,false,전국주차장정보표준데이터,https://www.data.go.kr/data/15012896/standard.do,SOURCE_ONLY
evacuation_parking,parking:0580ac58bdc209d69a06,경상북도,울진군,울진향교앞 공영주차장,경상북도 울진군 울진읍 향교로34-13,,36.99455149,129.398506,노상,30,평일+토요일+공휴일,00:00,23:59,무료,경상북도 울진군,2026-04-20,,,,,false,전국주차장정보표준데이터,https://www.data.go.kr/data/15012896/standard.do,SOURCE_ONLY
evacuation_parking,parking:234823a7dfe5dd76474d,경상북도,울진군,죽변전통시장 공영주차장,경상북도 울진군 죽변면 죽변중앙로 159,,37.059607,129.421699,노외,38,평일+토요일+공휴일,00:00,23:59,무료,경상북도 울진군,2026-04-20,,,,,false,전국주차장정보표준데이터,https://www.data.go.kr/data/15012896/standard.do,SOURCE_ONLY
evacuation_parking,parking:263937569287448a0d03,경상북도,울진군,죽변한전사택입구 공영주차장,경상북도 울진군 죽변면 죽변북로 58,,37.064148,129.419173,노상,27,평일+토요일+공휴일,00:00,23:59,무료,경상북도 울진군,2026-04-20,,,,,false,전국주차장정보표준데이터,https://www.data.go.kr/data/15012896/standard.do,SOURCE_ONLY
evacuation_parking,parking:280aad4102e437fc1d2e,경상북도,울진군,구산해수욕장 공영주차장,경상북도 울진군 기성면 기성로 108,,36.75328435,129.4672159,노외,152,평일+토요일+공휴일,00:00,23:59,무료,경상북도 울진군,2026-04-20,,,,,false,전국주차장정보표준데이터,https://www.data.go.kr/data/15012896/standard.do,SOURCE_ONLY
evacuation_parking,parking:292586d10251f2f5c0b7,경상북도,울진군,백암온천 광장  공영주차장,경상북도 울진군 온정면 온천로 46,,36.720385,129.339259,노외,58,평일+토요일+공휴일,00:00,23:59,무료,경상북도 울진군,2026-04-20,,,,,false,전국주차장정보표준데이터,https://www.data.go.kr/data/15012896/standard.do,SOURCE_ONLY
evacuation_parking,parking:2a625e2a856123fb46d7,경상북도,울진군,평해시장 공영주차장,경상북도 울진군 평해읍 평해로 64-18,,36.726347,129.442421,노외,34,평일+토요일+공휴일,00:00,23:59,무료,경상북도 울진군,2026-04-20,,,,,false,전국주차장정보표준데이터,https://www.data.go.kr/data/15012896/standard.do,SOURCE_ONLY
evacuation_parking,parking:2bb85f7ad9816b096c1c,경상북도,울진군,봉평해수욕장 공영주차장,경상북도 울진군 죽변면 울진북로1166,,37.042917,129.413005,노외,47,평일+토요일+공휴일,00:00,23:59,무료,경상북도 울진군,2026-04-20,,,,,false,전국주차장정보표준데이터,https://www.data.go.kr/data/15012896/standard.do,SOURCE_ONLY
evacuation_parking,parking:2ce3a62e48a502c948f5,경상북도,울진군,후포한마음광장 공영주차장,경상북도 울진군 후포면 울진대게로 63,,36.6783712,129.4469613,노외,198,평일+토요일+공휴일,00:00,23:59,무료,경상북도 울진군,2026-04-20,,,,,false,전국주차장정보표준데이터,https://www.data.go.kr/data/15012896/standard.do,SOURCE_ONLY
evacuation_parking,parking:36cd85ceae3a039db4a3,경상북도,울진군,임광아파트 공영주차장,경상북도 울진군 후포면 상밤터1길 40,경상북도 울진군 후포면 삼율리 530-3,36.684397,129.4407395,노외,12,평일+토요일+공휴일,00:00,23:59,무료,경상북도 울진군,2026-04-20,,,,,false,전국주차장정보표준데이터,https://www.data.go.kr/data/15012896/standard.do,SOURCE_ONLY
evacuation_parking,parking:3d1666d2bc2e6864e811,경상북도,울진군,성류굴종합운동장 공영주차장,경상북도 울진군 근남면 구산수곡길717,,36.958278,129.374835,노외,563,평일+토요일+공휴일,00:00,23:59,무료,경상북도 울진군,2026-04-20,,,,,false,전국주차장정보표준데이터,https://www.data.go.kr/data/15012896/standard.do,SOURCE_ONLY
evacuation_parking,parking:3d9ea13f925d6485649d,경상북도,울진군,후포5리 마을회관 앞 주차장,,경상북도 울진군 후포면 후포리 1031-1,36.67927882,129.4476155,노외,10,평일+토요일+공휴일,00:00,23:59,무료,경상북도 울진군,2026-04-20,,,,,false,전국주차장정보표준데이터,https://www.data.go.kr/data/15012896/standard.do,SOURCE_ONLY
evacuation_parking,parking:3f52a6911b9359dfa994,경상북도,울진군,죽변면(드라마세트장) 공용주차장,,경상북도 울진군 죽변면 죽변리 1,37.05822136,129.4278915,노외,10,평일+토요일+공휴일,00:00,23:59,무료,경상북도 울진군,2026-04-20,,,,,false,전국주차장정보표준데이터,https://www.data.go.kr/data/15012896/standard.do,SOURCE_ONLY
evacuation_parking,parking:41057546bc819b3fe12e,경상북도,울진군,후포생활체육공원 공영주차장,경상북도 울진군 후포면 후포삼칠길 233,,36.689444,129.4574087,노외,79,평일+토요일+공휴일,00:00,23:59,무료,경상북도 울진군,2026-04-20,,,,,false,전국주차장정보표준데이터,https://www.data.go.kr/data/15012896/standard.do,SOURCE_ONLY
evacuation_parking,parking:43fccd7d682fa1693fc6,경상북도,울진군,2호관사앞  공영주차장,경상북도 울진군 울진읍 읍내10길19,,36.9971891,129.403005,노외,40,평일+토요일+공휴일,00:00,23:59,무료,경상북도 울진군,2026-04-20,,,,,false,전국주차장정보표준데이터,https://www.data.go.kr/data/15012896/standard.do,SOURCE_ONLY
evacuation_parking,parking:44b582d834b292a35f5f,경상북도,울진군,후포7리 동회관 공영주차장,경상북도 울진군 후포면 후포7길 63,,36.68623122,129.460368,노외,30,평일+토요일+공휴일,00:00,23:59,무료,경상북도 울진군,2026-04-20,,,,,false,전국주차장정보표준데이터,https://www.data.go.kr/data/15012896/standard.do,SOURCE_ONLY
evacuation_parking,parking:45341b9f0cf2a2463092,경상북도,울진군,민물고기연구센터 공영주차장,경상북도 울진군 근남면 불영계곡로 3532,,36.966554,129.380989,노외,80,평일+토요일+공휴일,00:00,23:59,무료,경상북도 울진군,2026-04-20,,,,,false,전국주차장정보표준데이터,https://www.data.go.kr/data/15012896/standard.do,SOURCE_ONLY
evacuation_parking,parking:4748b7066af71004436f,경상북도,울진군,연호공원 공영주차장,경상북도 울진군 울진읍 연호로47,,36.994654,129.406559,노외,119,평일+토요일+공휴일,00:00,23:59,무료,경상북도 울진군,2026-04-20,,,,,false,전국주차장정보표준데이터,https://www.data.go.kr/data/15012896/standard.do,SOURCE_ONLY
evacuation_parking,parking:47fc49e722a2979301b6,경상북도,울진군,백암상가앞 공영주차장,경상북도 울진군 온정면 백암온천로 1266-1,,36.722437,129.342473,노상,36,평일+토요일+공휴일,00:00,23:59,무료,경상북도 울진군,2026-04-20,,,,,false,전국주차장정보표준데이터,https://www.data.go.kr/data/15012896/standard.do,SOURCE_ONLY
evacuation_parking,parking:4a3e24b9808a93e9129f,경상북도,울진군,울진등기소 앞 공영주차장,경상북도 울진군 울진읍 월변2길 33,경상북도 울진군 울진읍 읍내리 336,36.989255,129.396614,노외,100,평일+토요일+공휴일,00:00,23:59,무료,경상북도 울진군,2026-04-20,,,,,false,전국주차장정보표준데이터,https://www.data.go.kr/data/15012896/standard.do,SOURCE_ONLY
evacuation_parking,parking:4ec10cdb7f74419c648d,경상북도,울진군,평해시장옆 공영주차장,경상북도 울진군 평해읍 평해로 61,,36.726032,129.4412285,노상,52,평일+토요일+공휴일,00:00,23:59,무료,경상북도 울진군,2026-04-20,,,,,false,전국주차장정보표준데이터,https://www.data.go.kr/data/15012896/standard.do,SOURCE_ONLY
evacuation_parking,parking:4f40c680f220ad8487f7,경상북도,울진군,후포면사무소앞  공영주차장,경상북도 울진군 후포면 삼율로 7-20,,36.678614,129.4390912,노상,11,평일+토요일+공휴일,00:00,23:59,무료,경상북도 울진군,2026-04-20,,,,,false,전국주차장정보표준데이터,https://www.data.go.kr/data/15012896/standard.do,SOURCE_ONLY
evacuation_parking,parking:513563b18949dbca962f,경상북도,울진군,근남농협앞 공영주차장,경상북도 울진군 근남면 망양정로1177,,36.963937,129.3983354,노외,11,평일+토요일+공휴일,00:00,23:59,무료,경상북도 울진군,2026-04-20,,,,,false,전국주차장정보표준데이터,https://www.data.go.kr/data/15012896/standard.do,SOURCE_ONLY
evacuation_parking,parking:51ddc9be3ebbf5345b9a,경상북도,울진군,성류굴 민영주차장,경상북도 울진군 근남면 성류굴로 225,,36.95566454,129.3804882,노외,147,평일+토요일+공휴일,00:00,23:59,무료,경상북도 울진군,2026-04-20,,,,,false,전국주차장정보표준데이터,https://www.data.go.kr/data/15012896/standard.do,SOURCE_ONLY
evacuation_parking,parking:56cad207f42ba8c847d4,경상북도,울진군,평해읍사무소 옆 공영주차장,,경상북도 울진군 북면 부구리 526-2,37.10116997,129.3663646,노외,17,평일+토요일+공휴일,00:00,23:59,무료,경상북도 울진군,2026-04-20,,,,,false,전국주차장정보표준데이터,https://www.data.go.kr/data/15012896/standard.do,SOURCE_ONLY
evacuation_parking,parking:59733acaa79cb556877b,경상북도,울진군,죽변면사무소앞 주차장,,경상북도 울진군 죽변면 후정리 322-12,37.0563283959,129.4147679894,노외,54,평일+토요일+공휴일,00:00,23:59,무료,경상북도 울진군,2026-04-20,,,,,false,전국주차장정보표준데이터,https://www.data.go.kr/data/15012896/standard.do,SOURCE_ONLY
evacuation_parking,parking:5981d3fb77bd551b07fc,경상북도,울진군,금음4리 해안 공영주차장,경상북도 울진군 후포면 옥동길 36,,36.64482869,129.423042,노외,35,평일+토요일+공휴일,00:00,23:59,무료,경상북도 울진군,2026-04-20,,,,,false,전국주차장정보표준데이터,https://www.data.go.kr/data/15012896/standard.do,SOURCE_ONLY
evacuation_parking,parking:623d7780a5024d3f758b,경상북도,울진군,성류굴 공영주차장,경상북도 울진군 근남면 성류굴로 225,,36.95566454,129.3804882,노외,138,평일+토요일+공휴일,00:00,23:59,무료,경상북도 울진군,2026-04-20,,,,,false,전국주차장정보표준데이터,https://www.data.go.kr/data/15012896/standard.do,SOURCE_ONLY
evacuation_parking,parking:63123122e0470d98b8c7,경상북도,울진군,죽변파출소앞(죽변4리) 공영주차장,경상북도 울진군 죽변면 죽변중앙로 159,,37.059607,129.421699,노상,169,평일+토요일+공휴일,00:00,23:59,무료,경상북도 울진군,2026-04-20,,,,,false,전국주차장정보표준데이터,https://www.data.go.kr/data/15012896/standard.do,SOURCE_ONLY
evacuation_parking,parking:67149bc2b93afec047db,경상북도,울진군,후포해안도로 공영주차장,경상북도 울진군 후포면 울진대게로 28,,36.676891,129.443688,노상,278,평일+토요일+공휴일,00:00,23:59,무료,경상북도 울진군,2026-04-20,,,,,false,전국주차장정보표준데이터,https://www.data.go.kr/data/15012896/standard.do,SOURCE_ONLY
evacuation_parking,parking:677995c4467a9efe4112,경상북도,울진군,울진원자력전시관 민영주차장,경상북도 울진군 북면 울진북로2040,,37.09728438,129.3715577,노외,300,평일+토요일+공휴일,00:00,23:59,무료,경상북도 울진군,2026-04-20,,,,,false,전국주차장정보표준데이터,https://www.data.go.kr/data/15012896/standard.do,SOURCE_ONLY
evacuation_parking,parking:6944af6e309f41e63600,경상북도,울진군,후포여객선터미널 공영주차장,경상북도 울진군 후포면 울진대게로 236-3,,36.678764,129.462945,노외,124,평일+토요일+공휴일,00:00,23:59,무료,경상북도 울진군,2026-04-20,,,,,false,전국주차장정보표준데이터,https://www.data.go.kr/data/15012896/standard.do,SOURCE_ONLY
evacuation_parking,parking:69cf24dfb228ff0b56f0,경상북도,울진군,월송정 민영주차장,경상북도 울진군 평해읍 월송정로 517,,36.743829,129.468713,노외,20,평일+토요일+공휴일,00:00,23:59,무료,경상북도 울진군,2026-04-20,,,,,false,전국주차장정보표준데이터,https://www.data.go.kr/data/15012896/standard.do,SOURCE_ONLY
evacuation_parking,parking:80b292bb959919dcd2ab,경상북도,울진군,근남농협 왕피천변 공영주차장,경상북도 울진군 근남면 망양정로1177,,36.963937,129.3983354,노외,70,평일+토요일+공휴일,00:00,23:59,무료,경상북도 울진군,2026-04-20,,,,,false,전국주차장정보표준데이터,https://www.data.go.kr/data/15012896/standard.do,SOURCE_ONLY
evacuation_parking,parking:81d739595c09bd23f55d,경상북도,울진군,울진시장 공영주차장,경상북도 울진군 울진읍 읍내1길18,,36.99191817,129.4022802,노외,151,평일+토요일+공휴일,00:00,23:59,무료,경상북도 울진군,2026-04-20,,,,,false,전국주차장정보표준데이터,https://www.data.go.kr/data/15012896/standard.do,SOURCE_ONLY
evacuation_parking,parking:831f21b473ffddc15764,경상북도,울진군,온정면사무소 광장 공영주차장,경상북도 울진군 온정면 소태로 23,,36.72411072,129.345393,노외,94,평일+토요일+공휴일,00:00,23:59,무료,경상북도 울진군,2026-04-20,,,,,false,전국주차장정보표준데이터,https://www.data.go.kr/data/15012896/standard.do,SOURCE_ONLY
evacuation_parking,parking:8c7f0f0fba5f0f5853d0,경상북도,울진군,엑스포공원 공영주차장,,경상북도 울진군 근남면 수산리 346,36.96870242,129.401084,노외,42,평일+토요일+공휴일,00:00,23:59,무료,경상북도 울진군,2026-04-20,,,,,false,전국주차장정보표준데이터,https://www.data.go.kr/data/15012896/standard.do,SOURCE_ONLY
evacuation_parking,parking:8dcecdd62a77fff64e49,경상북도,울진군,기성터미널옆 공영주차장,경상북도 울진군 기성면 척산3길 11,,36.798431,129.452645,노외,36,평일+토요일+공휴일,00:00,23:59,무료,경상북도 울진군,2026-04-20,,,,,false,전국주차장정보표준데이터,https://www.data.go.kr/data/15012896/standard.do,SOURCE_ONLY
evacuation_parking,parking:8e7dae44d52ff64c4a0a,경상북도,울진군,죽변1리(죽변농협뒤)공영주차장,경상북도 울진군 죽변면 죽변북로16,경상북도 울진군 죽변면 죽변리 427-16,37.060707,129.421316,노외,50,평일+토요일+공휴일,00:00,23:59,무료,경상북도 울진군,2026-04-20,,,,,false,전국주차장정보표준데이터,https://www.data.go.kr/data/15012896/standard.do,SOURCE_ONLY
evacuation_parking,parking:9273be3ca85999a9836c,경상북도,울진군,망양해수욕장 공영주차장,경상북도 울진군 기성면 망양1길 7,,36.842865,129.4337481,노외,134,평일+토요일+공휴일,00:00,23:59,무료,경상북도 울진군,2026-04-20,,,,,false,전국주차장정보표준데이터,https://www.data.go.kr/data/15012896/standard.do,SOURCE_ONLY
evacuation_parking,parking:96cbc26dae88f12d92cc,경상북도,울진군,구문화원 공영주차장,경상북도 울진군 울진읍 울진중앙로115-21,,36.992248,129.4000949,노외,43,평일+토요일+공휴일,00:00,23:59,무료,경상북도 울진군,2026-04-20,,,,,false,전국주차장정보표준데이터,https://www.data.go.kr/data/15012896/standard.do,SOURCE_ONLY
evacuation_parking,parking:9b7847c2dec55ff41cb1,경상북도,울진군,평해읍 광장 공영주차장,경상북도 울진군 평해읍 평해로 82,,36.728099,129.441514,노상,32,평일+토요일+공휴일,00:00,23:59,무료,경상북도 울진군,2026-04-20,,,,,false,전국주차장정보표준데이터,https://www.data.go.kr/data/15012896/standard.do,SOURCE_ONLY
evacuation_parking,parking:9b8ebe08e118fba40072,경상북도,울진군,후포1리 공영주차장,경상북도 울진군 후포면 울진대게로132-12,,36.681306,129.4547002,노외,36,평일+토요일+공휴일,00:00,23:59,무료,경상북도 울진군,2026-04-20,,,,,false,전국주차장정보표준데이터,https://www.data.go.kr/data/15012896/standard.do,SOURCE_ONLY
evacuation_parking,parking:a166ed26faafa52be803,경상북도,울진군,후포2리 공용주차장,,경상북도 울진군 후포면 후포리 601,36.682712,129.456077,노외,8,평일+토요일+공휴일,00:00,23:59,무료,경상북도 울진군,2026-04-20,,,,,false,전국주차장정보표준데이터,https://www.data.go.kr/data/15012896/standard.do,SOURCE_ONLY
evacuation_parking,parking:a95b1a0b1c19c6ee576b,경상북도,울진군,남사고유적지 공영주차장,경상북도 울진군 근남면 누금길14-13,,36.956548,129.359484,노외,75,평일+토요일+공휴일,00:00,23:59,무료,경상북도 울진군,2026-04-20,,,,,false,전국주차장정보표준데이터,https://www.data.go.kr/data/15012896/standard.do,SOURCE_ONLY
evacuation_parking,parking:a98d643edd47b3443b76,경상북도,울진군,부구리 공용주차장,,경상북도 울진군 평해읍 평해리 928-13,36.72809227,129.4407696,노외,38,평일+토요일+공휴일,00:00,23:59,무료,경상북도 울진군,2026-04-20,,,,,false,전국주차장정보표준데이터,https://www.data.go.kr/data/15012896/standard.do,SOURCE_ONLY
evacuation_parking,parking:b150941c5fbbe8a50b95,경상북도,울진군,북면사무소(광장) 공영주차장,경상북도 울진군 북면 부구3길12,,37.104865,129.3730882,노외,25,평일+토요일+공휴일,00:00,23:59,무료,경상북도 울진군,2026-04-20,,,,,false,전국주차장정보표준데이터,https://www.data.go.kr/data/15012896/standard.do,SOURCE_ONLY
evacuation_parking,parking:b93df6589150d5510fd3,경상북도,울진군,울진군청 공영주차장,경상북도 울진군 울진읍 울진중앙로 121,,36.993095,129.4005165,부설,67,평일+토요일+공휴일,00:00,23:59,혼합,경상북도 울진군청,2026-04-20,,,,,false,전국주차장정보표준데이터,https://www.data.go.kr/data/15012896/standard.do,SOURCE_ONLY
evacuation_parking,parking:bea63ee4bb2fc62a922b,경상북도,울진군,기성복지회관옆  공영주차장,경상북도 울진군 기성면 척산3길 11,,36.798431,129.452645,노외,7,평일+토요일+공휴일,00:00,23:59,무료,경상북도 울진군,2026-04-20,,,,,false,전국주차장정보표준데이터,https://www.data.go.kr/data/15012896/standard.do,SOURCE_ONLY
evacuation_parking,parking:bf981e3d689920091ec0,경상북도,울진군,죽변2리  공영주차장,경상북도 울진군 죽변면 죽변중앙로 159,,37.059607,129.421699,노외,24,평일+토요일+공휴일,00:00,23:59,무료,경상북도 울진군,2026-04-20,,,,,false,전국주차장정보표준데이터,https://www.data.go.kr/data/15012896/standard.do,SOURCE_ONLY
evacuation_parking,parking:c67b6318dc5403a3572c,경상북도,울진군,평해버스정류장앞 공영주차장,,경상북도 울진군 평해읍 평해리 813-1,36.72549014,129.4417607,노상,15,평일+토요일+공휴일,00:00,23:59,무료,경상북도 울진군,2026-04-20,,,,,false,전국주차장정보표준데이터,https://www.data.go.kr/data/15012896/standard.do,SOURCE_ONLY
evacuation_parking,parking:cafb9d1fe4835601c162,경상북도,울진군,망양해수욕장 공영주차장,,경상북도 울진군 기성면 망양리 140-1,36.84338152,129.4330485,노외,118,평일+토요일+공휴일,00:00,23:59,무료,경상북도 울진군,2026-04-20,,,,,false,전국주차장정보표준데이터,https://www.data.go.kr/data/15012896/standard.do,SOURCE_ONLY
evacuation_parking,parking:d036de4e629dec4598df,경상북도,울진군,흥부시장 공영주차장,경상북도 울진군 북면 부구3길12,,37.104865,129.3730882,노외,42,평일+토요일+공휴일,00:00,23:59,무료,경상북도 울진군,2026-04-20,,,,,false,전국주차장정보표준데이터,https://www.data.go.kr/data/15012896/standard.do,SOURCE_ONLY
evacuation_parking,parking:d3a7524393551b9454fb,경상북도,울진군,후포6리 공영주차장,경상북도 울진군 후포면 울진대게로324,,36.685541,129.464409,노외,30,평일+토요일+공휴일,00:00,23:59,무료,경상북도 울진군,2026-04-20,,,,,false,전국주차장정보표준데이터,https://www.data.go.kr/data/15012896/standard.do,SOURCE_ONLY
evacuation_parking,parking:d6da0a94cc923933443e,경상북도,울진군,부구천변  공영주차장,경상북도 울진군 북면 부구3길12,,37.104865,129.3730882,노외,20,평일+토요일+공휴일,00:00,23:59,무료,경상북도 울진군,2026-04-20,,,,,false,전국주차장정보표준데이터,https://www.data.go.kr/data/15012896/standard.do,SOURCE_ONLY
evacuation_parking,parking:d760079801e41d3b5b0c,경상북도,울진군,죽변4리,,경상북도 울진군 죽변면 죽변리20-30,37.057638,129.425665,노외,56,평일+토요일+공휴일,00:00,23:59,무료,경상북도 울진군,2026-04-20,,,,,false,전국주차장정보표준데이터,https://www.data.go.kr/data/15012896/standard.do,SOURCE_ONLY
evacuation_parking,parking:d979a2c5ab2ee1851756,경상북도,울진군,후정해수욕장 공영주차장,경상북도 울진군 죽변면 울진북로1138,,37.040459,129.413916,노외,97,평일+토요일+공휴일,00:00,23:59,무료,경상북도 울진군,2026-04-20,,,,,false,전국주차장정보표준데이터,https://www.data.go.kr/data/15012896/standard.do,SOURCE_ONLY
evacuation_parking,parking:dde78d8358ae0dea466c,경상북도,울진군,남대천변 공영주차장,경상북도 울진군 울진읍 향교로 24,경상북도 울진군 울진읍 읍내리 450,36.99290147,129.3991278,노외,454,평일+토요일+공휴일,00:00,23:59,무료,경상북도 울진군,2026-04-20,,,,,false,전국주차장정보표준데이터,https://www.data.go.kr/data/15012896/standard.do,SOURCE_ONLY
evacuation_parking,parking:e6665b5b91a942bdcf9b,경상북도,울진군,봉평신라비 홍보관 공영주차장,경상북도 울진군 죽변면 봉화길 15,,37.043701,129.409344,노외,104,평일+토요일+공휴일,00:00,23:59,무료,경상북도 울진군,2026-04-20,,,,,false,전국주차장정보표준데이터,https://www.data.go.kr/data/15012896/standard.do,SOURCE_ONLY
evacuation_parking,parking:ea3dd558323073b233b8,경상북도,울진군,신성슈퍼앞(성심한의원) 공영주차장,경상북도 울진군 울진읍 강변로99,,36.990344,129.399236,노상,50,평일+토요일+공휴일,00:00,23:59,무료,경상북도 울진군,2026-04-20,,,,,false,전국주차장정보표준데이터,https://www.data.go.kr/data/15012896/standard.do,SOURCE_ONLY
evacuation_parking,parking:f11948e9c68eccf506e1,경상북도,울진군,나곡해수욕장 공영주차장,경상북도 울진군 북면 나실길24,,37.12588129,129.3708452,노외,46,평일+토요일+공휴일,00:00,23:59,무료,경상북도 울진군,2026-04-20,,,,,false,전국주차장정보표준데이터,https://www.data.go.kr/data/15012896/standard.do,SOURCE_ONLY
evacuation_parking,parking:fd0d9247f40697ca596e,경상북도,울진군,덕구온천 민영주차장,경상북도 울진군 북면 덕구온천로924,,37.079048,129.284252,노외,2200,평일+토요일+공휴일,00:00,23:59,무료,경상북도 울진군,2026-04-20,,,,,false,전국주차장정보표준데이터,https://www.data.go.kr/data/15012896/standard.do,SOURCE_ONLY
evacuation_parking,parking:fde9441231fbef29121d,경상북도,울진군,구산4리(안잘미)마을주차장,,경상북도 울진군 근남면 구산리 836,36.943468,129.367039,노외,30,평일+토요일+공휴일,00:00,23:59,무료,경상북도 울진군,2026-04-20,,,,,false,전국주차장정보표준데이터,https://www.data.go.kr/data/15012896/standard.do,SOURCE_ONLY
evacuation_parking,parking:005ee28c4a9f5d5cbcd9,경상북도,의성군,안계토매리 공영주차장,,경상북도 의성군 안계면 토매리 200-21,36.3783268,128.4439081,노외,14,평일+토요일+공휴일,00:00,23:59,무료,경상북도 의성군청,2026-04-17,,,,,false,전국주차장정보표준데이터,https://www.data.go.kr/data/15012896/standard.do,SOURCE_ONLY
evacuation_parking,parking:05ee3f1b8e1b280996b1,경상북도,의성군,의성후죽1길 공영주차장,,경상북도 의성군 의성읍 후죽리 484-1,36.3541317,128.6953924,노외,19,평일+토요일+공휴일,00:00,23:59,무료,경상북도 의성군청,2026-04-17,,,,,false,전국주차장정보표준데이터,https://www.data.go.kr/data/15012896/standard.do,SOURCE_ONLY
evacuation_parking,parking:0c974c331e5023d62a41,경상북도,의성군,다인서릉리공영주차장,,경상북도 의성군 다인면 서릉리 171-1,36.45142149,128.353917,노외,38,평일+토요일+공휴일,00:00,23:59,무료,경상북도 의성군청,2026-04-17,,,,,false,전국주차장정보표준데이터,https://www.data.go.kr/data/15012896/standard.do,SOURCE_ONLY
evacuation_parking,parking:154d9f2a08b80910c454,경상북도,의성군,신평청운2리공영주차장,,경상북도 의성군 신평면 청운리 755,36.4942265165,128.4680187086,노외,20,평일+토요일+공휴일,00:00,23:59,무료,경상북도 의성군청,2026-04-17,,,,,false,전국주차장정보표준데이터,https://www.data.go.kr/data/15012896/standard.do,SOURCE_ONLY
evacuation_parking,parking:15783df8009f37836c4e,경상북도,의성군,의성상리리공영주차장,,경상북도 의성군 의성읍 상리리 704-12,36.3513220684,128.705118,노외,21,평일+토요일+공휴일,00:00,23:59,무료,경상북도 의성군청,2026-04-17,,,,,false,전국주차장정보표준데이터,https://www.data.go.kr/data/15012896/standard.do,SOURCE_ONLY
evacuation_parking,parking:1a94641f77fc314648fc,경상북도,의성군,단밀속암리공영주차장,,경상북도 의성군 단밀면 속암리 162-6,36.376152,128.3828093129,노외,12,평일+토요일+공휴일,00:00,23:59,무료,경상북도 의성군청,2026-04-17,,,,,false,전국주차장정보표준데이터,https://www.data.go.kr/data/15012896/standard.do,SOURCE_ONLY
evacuation_parking,parking:1efb9a513305ad122d3a,경상북도,의성군,동산2길 공영주차장,,경상북도 의성군 의성읍 도동리 780-1,36.34689196,128.7035088,노외,5,평일+토요일+공휴일,00:00,23:59,무료,경상북도 의성군청,2026-04-17,,,,,false,전국주차장정보표준데이터,https://www.data.go.kr/data/15012896/standard.do,SOURCE_ONLY
evacuation_parking,parking:1ff95308f26adf2a5278,경상북도,의성군,금성온누리터공영주차장,,경상북도 의성군 금성면 대리리 135-4,36.2598001988,128.6795497846,노외,45,평일+토요일+공휴일,00:00,23:59,무료,경상북도 의성군청,2026-04-17,,,,,false,전국주차장정보표준데이터,https://www.data.go.kr/data/15012896/standard.do,SOURCE_ONLY
evacuation_parking,parking:20205db62c0180277934,경상북도,의성군,다인용곡1리공영주차장,,경상북도 의성군 다인면 용곡리 479-3,36.519222,128.358511,노외,46,평일+토요일+공휴일,00:00,23:59,무료,경상북도 의성군청,2026-04-17,,,,,false,전국주차장정보표준데이터,https://www.data.go.kr/data/15012896/standard.do,SOURCE_ONLY
evacuation_parking,parking:265f712a3c6b624107db,경상북도,의성군,온누리터 주거지주차장,,경상북도 의성군 의성읍 후죽리 461-2,36.355509,128.6954609,노외,187,평일+토요일+공휴일,00:00,23:59,유료,경상북도 의성군청,2026-04-17,,,,,false,전국주차장정보표준데이터,https://www.data.go.kr/data/15012896/standard.do,SOURCE_ONLY
evacuation_parking,parking:27e02f604299c215b7f0,경상북도,의성군,후죽2길 2공영주차장,,경상북도 의성군 의성읍 후죽리 499-5,36.3548873,128.6971824,노외,10,평일+토요일+공휴일,00:00,23:59,무료,경상북도 의성군청,2026-04-17,,,,,false,전국주차장정보표준데이터,https://www.data.go.kr/data/15012896/standard.do,SOURCE_ONLY
evacuation_parking,parking:28ca3a045fa3f150094b,경상북도,의성군,청구2단지 노상주차장,,경상북도 의성군 의성읍 중리리 937,36.35307486,128.7023539,노상,16,평일+토요일+공휴일,00:00,23:59,무료,경상북도 의성군청,2026-04-17,,,,,false,전국주차장정보표준데이터,https://www.data.go.kr/data/15012896/standard.do,SOURCE_ONLY
evacuation_parking,parking:293a6bfb8740a7248cdc,경상북도,의성군,상리길 2공영주차장,,경상북도 의성군 의성읍 상리리 676,36.3511714,128.702892,노외,14,평일+토요일+공휴일,00:00,23:59,무료,경상북도 의성군청,2026-04-17,,,,,false,전국주차장정보표준데이터,https://www.data.go.kr/data/15012896/standard.do,SOURCE_ONLY
evacuation_parking,parking:2e743e1a5d8fce959bce,경상북도,의성군,구봉길 공영주차장,,경상북도 의성군 의성읍 도서리 124-3,36.3449019,128.6975337,노외,45,평일+토요일+공휴일,00:00,23:59,무료,경상북도 의성군청,2026-04-17,,,,,false,전국주차장정보표준데이터,https://www.data.go.kr/data/15012896/standard.do,SOURCE_ONLY
evacuation_parking,parking:37e62bd8e6a5b6d30376,경상북도,의성군,오거리 마을주차장,,경상북도 의성군 안계면 용기리 850-40,36.3866110746,128.4350348741,노외,21,평일+토요일+공휴일,00:00,23:59,무료,경상북도 의성군청,2026-04-17,,,,,false,전국주차장정보표준데이터,https://www.data.go.kr/data/15012896/standard.do,SOURCE_ONLY
evacuation_parking,parking:3a705a565cf3d90a8bd1,경상북도,의성군,문소1길 노상주차장,,경상북도 의성군 의성읍 중리리708-1,36.35285646,128.6991944,노상,51,평일+토요일+공휴일,00:00,23:59,무료,경상북도 의성군청,2026-04-17,,,,,false,전국주차장정보표준데이터,https://www.data.go.kr/data/15012896/standard.do,SOURCE_ONLY
evacuation_parking,parking:3cba0b5e3000b391e752,경상북도,의성군,아사천공영주차장,,경상북도 의성군 의성읍 후죽리 624-2,36.34949426,128.697223,노외,129,평일+토요일+공휴일,00:00,23:59,무료,경상북도 의성군청,2026-04-17,,,,,false,전국주차장정보표준데이터,https://www.data.go.kr/data/15012896/standard.do,SOURCE_ONLY
evacuation_parking,parking:4489d96d7527199e299f,경상북도,의성군,중앙길 노상주차장,,경상북도 의성군 의성읍 도동리 921-5,36.347408,128.6975847,노상,43,평일+토요일+공휴일,00:00,23:59,무료,경상북도 의성군청,2026-04-17,,,,,false,전국주차장정보표준데이터,https://www.data.go.kr/data/15012896/standard.do,SOURCE_ONLY
evacuation_parking,parking:471f73069b32a227add0,경상북도,의성군,안계시장 주차장,,경상북도 의성군 안계면 용기리 477,36.3846239,128.4394245,노외,95,평일+토요일+공휴일,00:00,23:59,무료,경상북도 의성군청,2026-04-17,,,,,false,전국주차장정보표준데이터,https://www.data.go.kr/data/15012896/standard.do,SOURCE_ONLY
evacuation_parking,parking:4befb061fdfc0241d462,경상북도,의성군,도동도서길 공영주차장,,경상북도 의성군 의성읍 도동리 946-3,36.34645709,128.6982711,노외,20,평일+토요일+공휴일,00:00,23:59,무료,경상북도 의성군청,2026-04-17,,,,,false,전국주차장정보표준데이터,https://www.data.go.kr/data/15012896/standard.do,SOURCE_ONLY
evacuation_parking,parking:576a5e645d552c073434,경상북도,의성군,문소1길 주차장,,경상북도 의성군 의성읍 중리리 825-2,36.3512034,128.6992469,노외,11,평일+토요일+공휴일,00:00,23:59,무료,경상북도 의성군청,2026-04-17,,,,,false,전국주차장정보표준데이터,https://www.data.go.kr/data/15012896/standard.do,SOURCE_ONLY
evacuation_parking,parking:58c1197131365fd216d2,경상북도,의성군,상리공영주차장,,경상북도 의성군 의성읍 상리리 742-29,36.3503516,128.7043372,노외,52,평일+토요일+공휴일,00:00,23:59,무료,경상북도 의성군청,2026-04-17,,,,,false,전국주차장정보표준데이터,https://www.data.go.kr/data/15012896/standard.do,SOURCE_ONLY
evacuation_parking,parking:592d12bd056fc8aa4d86,경상북도,의성군,다인서릉삼거리공영주차장,,경상북도 의성군 다인면 서릉리 198-5,36.4507909,128.3522703,노외,10,평일+토요일+공휴일,00:00,23:59,무료,경상북도 의성군청,2026-04-17,,,,,false,전국주차장정보표준데이터,https://www.data.go.kr/data/15012896/standard.do,SOURCE_ONLY
evacuation_parking,parking:5e9aad35af4ce9969333,경상북도,의성군,금성탑리공영주차장,,경상북도 의성군 금성면 탑리리 1324-1,36.2613309,128.6816703,노외,40,평일+토요일+공휴일,00:00,23:59,무료,경상북도 의성군청,2026-04-17,,,,,false,전국주차장정보표준데이터,https://www.data.go.kr/data/15012896/standard.do,SOURCE_ONLY
evacuation_parking,parking:62d51754ab100c88bcba,경상북도,의성군,동련사앞 공영주차장,,경상북도 의성군 의성읍 도동리 806-2,36.34993228,128.7047743,노외,22,평일+토요일+공휴일,00:00,23:59,무료,경상북도 의성군청,2026-04-17,,,,,false,전국주차장정보표준데이터,https://www.data.go.kr/data/15012896/standard.do,SOURCE_ONLY
evacuation_parking,parking:6514decf5862501fecbc,경상북도,의성군,동서1길 주차장,,경상북도 의성군 의성읍 상리리 711,36.34981262,128.7015499,노외,13,평일+토요일+공휴일,00:00,23:59,무료,경상북도 의성군청,2026-04-17,,,,,false,전국주차장정보표준데이터,https://www.data.go.kr/data/15012896/standard.do,SOURCE_ONLY
evacuation_parking,parking:66204510b00ab68708d2,경상북도,의성군,단북이연1리공영주차장,,경상북도 의성군 단북면 이연리 710,36.388084,128.405361745,노외,7,평일+토요일+공휴일,00:00,23:59,무료,경상북도 의성군청,2026-04-17,,,,,false,전국주차장정보표준데이터,https://www.data.go.kr/data/15012896/standard.do,SOURCE_ONLY
evacuation_parking,parking:6e933091c5b2b173d447,경상북도,의성군,의성중리리키움센터공영주차장,,경상북도 의성군 의성읍 중리리 777,36.35046504,128.7016585,노외,8,평일+토요일+공휴일,00:00,23:59,무료,경상북도 의성군청,2026-04-17,,,,,false,전국주차장정보표준데이터,https://www.data.go.kr/data/15012896/standard.do,SOURCE_ONLY
evacuation_parking,parking:706abc9fd9e0bb26180e,경상북도,의성군,금성탑리길 공영주차장,,경상북도 의성군 금성면 대리리 73-5,36.2567992,128.6807753,노외,17,평일+토요일+공휴일,00:00,23:59,무료,경상북도 의성군청,2026-04-17,,,,,false,전국주차장정보표준데이터,https://www.data.go.kr/data/15012896/standard.do,SOURCE_ONLY
evacuation_parking,parking:7fe304dcbe78bb0ea7f1,경상북도,의성군,봉양 공영주차장,,경상북도 의성군 봉양면 화전리 136-10,36.2995241,128.5785714,노외,39,평일+토요일+공휴일,00:00,23:59,무료,경상북도 의성군청,2026-04-17,,,,,false,전국주차장정보표준데이터,https://www.data.go.kr/data/15012896/standard.do,SOURCE_ONLY
evacuation_parking,parking:85e5b7e7d80d8360ebe9,경상북도,의성군,단밀주선리공영주차장,,경상북도 의성군 단밀면 주선리 443,36.37361789,128.3818607,노외,27,평일+토요일+공휴일,00:00,23:59,무료,경상북도 의성군청,2026-04-17,,,,,false,전국주차장정보표준데이터,https://www.data.go.kr/data/15012896/standard.do,SOURCE_ONLY
evacuation_parking,parking:865fcab523d4f654d95a,경상북도,의성군,금성 공영주차장,,경상북도 의성군 금성면 대리리 30-20,36.2533708,128.6827075,노외,65,평일+토요일+공휴일,00:00,23:59,무료,경상북도 의성군청,2026-04-17,,,,,false,전국주차장정보표준데이터,https://www.data.go.kr/data/15012896/standard.do,SOURCE_ONLY
evacuation_parking,parking:935b6ba52c7da1663ea1,경상북도,의성군,군청후문 노상주차장,,경상북도 의성군 의성읍 후죽리 509-8,36.35296608,128.6975002,노상,12,평일+토요일+공휴일,00:00,23:59,무료,경상북도 의성군청,2026-04-17,,,,,false,전국주차장정보표준데이터,https://www.data.go.kr/data/15012896/standard.do,SOURCE_ONLY
evacuation_parking,parking:9aad260d5159ba2c1f0a,경상북도,의성군,대동길공영주차장,,경상북도 의성군 의성읍 상리리 695-7,36.3507847,128.703578,노외,22,평일+토요일+공휴일,00:00,23:59,무료,경상북도 의성군청,2026-04-17,,,,,false,전국주차장정보표준데이터,https://www.data.go.kr/data/15012896/standard.do,SOURCE_ONLY
evacuation_parking,parking:9b593fce47b984b648c4,경상북도,의성군,의성북부길 공영주차장,,경상북도 의성군 의성읍 후죽리 372-1,36.36001151,128.6926656,노외,49,평일+토요일+공휴일,00:00,23:59,무료,경상북도 의성군청,2026-04-17,,,,,false,전국주차장정보표준데이터,https://www.data.go.kr/data/15012896/standard.do,SOURCE_ONLY
evacuation_parking,parking:9cd971239016e8f3e8c6,경상북도,의성군,점곡서변공영주차장,,경상북도 의성군 점곡면 서변리 119,36.42471544,128.7684003,노외,109,평일+토요일+공휴일,00:00,23:59,무료,경상북도 의성군청,2026-04-17,,,,,false,전국주차장정보표준데이터,https://www.data.go.kr/data/15012896/standard.do,SOURCE_ONLY
evacuation_parking,parking:a2658a2f25671080a235,경상북도,의성군,북원4길 공영주차장,,경상북도 의성군 의성읍 후죽리 858-4,36.3565812,128.6926215,노외,10,평일+토요일+공휴일,00:00,23:59,무료,경상북도 의성군청,2026-04-17,,,,,false,전국주차장정보표준데이터,https://www.data.go.kr/data/15012896/standard.do,SOURCE_ONLY
evacuation_parking,parking:a5830461adfc2d9b5e9c,경상북도,의성군,금성탑리공영주차장,,경상북도 의성군 금성면 탑리리 652-1,36.2542076,128.684051,노외,51,평일+토요일+공휴일,00:00,23:59,무료,경상북도 의성군청,2026-04-17,,,,,false,전국주차장정보표준데이터,https://www.data.go.kr/data/15012896/standard.do,SOURCE_ONLY
evacuation_parking,parking:ae70adb4687be60ebacc,경상북도,의성군,동서2길 2주차장,,경상북도 의성군 의성읍 후죽리 602-1,36.3508439,128.6979087,노외,43,평일+토요일+공휴일,00:00,23:59,유료,경상북도 의성군청,2026-04-17,,,,,false,전국주차장정보표준데이터,https://www.data.go.kr/data/15012896/standard.do,SOURCE_ONLY
evacuation_parking,parking:b368314e81f4862e0438,경상북도,의성군,향굣길 주차장,,경상북도 의성군 의성읍 도서리 178-1,36.3479325,128.6971395,노외,11,평일+토요일+공휴일,00:00,23:59,무료,경상북도 의성군청,2026-04-17,,,,,false,전국주차장정보표준데이터,https://www.data.go.kr/data/15012896/standard.do,SOURCE_ONLY
evacuation_parking,parking:b80c048f6ae485229e32,경상북도,의성군,동서2길 1주차장,,경상북도 의성군 의성읍 후죽리 720,36.3508883,128.6960697,노외,17,평일+토요일+공휴일,00:00,23:59,유료,경상북도 의성군청,2026-04-17,,,,,false,전국주차장정보표준데이터,https://www.data.go.kr/data/15012896/standard.do,SOURCE_ONLY
evacuation_parking,parking:c31520d98d61f62b1c5c,경상북도,의성군,가음면가산공영주차장,,경상북도 의성군 가음면 가산리 875-6,36.23258499,128.7267849,노외,16,평일+토요일+공휴일,00:00,23:59,무료,경상북도 의성군청,2026-04-17,,,,,false,전국주차장정보표준데이터,https://www.data.go.kr/data/15012896/standard.do,SOURCE_ONLY
evacuation_parking,parking:c3859da3ec52df05597b,경상북도,의성군,염매시장 2공영주차장,,경상북도 의성군 의성읍 후죽리670-2,36.35013854,128.6948478,노외,40,평일+토요일+공휴일,00:00,23:59,유료,경상북도 의성군청,2026-04-17,,,,,false,전국주차장정보표준데이터,https://www.data.go.kr/data/15012896/standard.do,SOURCE_ONLY
evacuation_parking,parking:cb5056d8e0278d645941,경상북도,의성군,후죽2길 주차장,,경상북도 의성군 의성읍 후죽리 500-3,36.3546623,128.6977213,노외,32,평일+토요일+공휴일,00:00,23:59,무료,경상북도 의성군청,2026-04-17,,,,,false,전국주차장정보표준데이터,https://www.data.go.kr/data/15012896/standard.do,SOURCE_ONLY
evacuation_parking,parking:cfc7b723d5c3348c0b30,경상북도,의성군,안계시장길 공영주차장,,경상북도 의성군 안계면 용기리 850-76,36.38628492,128.4357201,노외,27,평일+토요일+공휴일,00:00,23:59,무료,경상북도 의성군청,2026-04-17,,,,,false,전국주차장정보표준데이터,https://www.data.go.kr/data/15012896/standard.do,SOURCE_ONLY
evacuation_parking,parking:d4bbb8884708823782dc,경상북도,의성군,의성후죽3리 공영주차장,,경상북도 의성군 의성읍 후죽리 457-39,36.3569557,128.6960046,노외,20,평일+토요일+공휴일,00:00,23:59,무료,경상북도 의성군청,2026-04-17,,,,,false,전국주차장정보표준데이터,https://www.data.go.kr/data/15012896/standard.do,SOURCE_ONLY
evacuation_parking,parking:d56b87caa1160ee40370,경상북도,의성군,옥산입암리공영주차장,,경상북도 의성군 옥산면 입암리 1105-42,36.40068209,128.8032646,노외,17,평일+토요일+공휴일,00:00,23:59,무료,경상북도 의성군청,2026-04-17,,,,,false,전국주차장정보표준데이터,https://www.data.go.kr/data/15012896/standard.do,SOURCE_ONLY
evacuation_parking,parking:d76bd902b929898d6f3f,경상북도,의성군,염매시장 1공영주차장,,경상북도 의성군 의성읍 후죽리690-1,36.350359,128.6954187,노외,13,평일+토요일+공휴일,00:00,23:59,유료,경상북도 의성군청,2026-04-17,,,,,false,전국주차장정보표준데이터,https://www.data.go.kr/data/15012896/standard.do,SOURCE_ONLY
evacuation_parking,parking:d8f6060ce941cba06219,경상북도,의성군,안계용기6길 공영주차장,,경상북도 의성군 안계면 용기리 858-3,36.3860099,128.4336707,노외,8,평일+토요일+공휴일,00:00,23:59,무료,경상북도 의성군청,2026-04-17,,,,,false,전국주차장정보표준데이터,https://www.data.go.kr/data/15012896/standard.do,SOURCE_ONLY
evacuation_parking,parking:d96263fd2934a0593bf7,경상북도,의성군,금성시장 주차장,,경상북도 의성군 금성면산운리 643-15,36.2519028,128.6857967,노외,50,평일+토요일+공휴일,00:00,23:59,무료,경상북도 의성군청,2026-04-17,,,,,false,전국주차장정보표준데이터,https://www.data.go.kr/data/15012896/standard.do,SOURCE_ONLY
evacuation_parking,parking:db671826424b62038a5e,경상북도,의성군,상리길 1공영주차장,,경상북도 의성군 의성읍 상리리 682-5,36.3509563,128.7023755,노외,31,평일+토요일+공휴일,00:00,23:59,무료,경상북도 의성군청,2026-04-17,,,,,false,전국주차장정보표준데이터,https://www.data.go.kr/data/15012896/standard.do,SOURCE_ONLY
evacuation_parking,parking:e0a03490f11c58a8900d,경상북도,의성군,전통시장 공영주차장,,경상북도 의성군 의성읍 도동리 665-3,36.3447327,128.7001952,노외,53,평일+토요일+공휴일,00:00,23:59,무료,경상북도 의성군청,2026-04-17,,,,,false,전국주차장정보표준데이터,https://www.data.go.kr/data/15012896/standard.do,SOURCE_ONLY
evacuation_parking,parking:e8ef26a46fdab2796557,경상북도,의성군,중앙길주차장,,경상북도 의성군 의성읍 도동리 918-1,36.3476659,128.6976453,노외,11,평일+토요일+공휴일,00:00,23:59,무료,경상북도 의성군청,2026-04-17,,,,,false,전국주차장정보표준데이터,https://www.data.go.kr/data/15012896/standard.do,SOURCE_ONLY
evacuation_parking,parking:eac04d3ce96dc07bb3e2,경상북도,의성군,다인서릉리공영주차장2,,경상북도 의성군 다인면 서릉리 149-13,36.4494689,128.3549187,노외,14,평일+토요일+공휴일,00:00,23:59,무료,경상북도 의성군청,2026-04-17,,,,,false,전국주차장정보표준데이터,https://www.data.go.kr/data/15012896/standard.do,SOURCE_ONLY
evacuation_parking,parking:eb952af10c65cad492d7,경상북도,의성군,문소2길 주차장,,경상북도 의성군 의성읍 도동리 951,36.34783126,128.6987737,노외,15,평일+토요일+공휴일,00:00,23:59,무료,경상북도 의성군청,2026-04-17,,,,,false,전국주차장정보표준데이터,https://www.data.go.kr/data/15012896/standard.do,SOURCE_ONLY
evacuation_parking,parking:f35ccf3506c3d716b428,경상북도,의성군,안계 공영주차장,,경상북도 의성군 안계면 용기리 466-2,36.38504469,128.4390073,노외,92,평일+토요일+공휴일,00:00,23:59,무료,경상북도 의성군청,2026-04-17,,,,,false,전국주차장정보표준데이터,https://www.data.go.kr/data/15012896/standard.do,SOURCE_ONLY
evacuation_parking,parking:f3f422ae33fac197337b,경상북도,의성군,안평기도2리공영주차장,,경상북도 의성군 안평면 기도리 117,36.3814144631,128.575458776,노외,10,평일+토요일+공휴일,00:00,23:59,무료,경상북도 의성군청,2026-04-17,,,,,false,전국주차장정보표준데이터,https://www.data.go.kr/data/15012896/standard.do,SOURCE_ONLY
evacuation_parking,parking:fb65daaa86e75a2fa0aa,경상북도,의성군,마늘직거래장터주차장,,경상북도 의성군 의성읍 도서리 124-5,36.344631,128.6973985,노외,98,평일+토요일+공휴일,00:00,23:59,무료,경상북도 의성군청,2026-04-17,,,,,false,전국주차장정보표준데이터,https://www.data.go.kr/data/15012896/standard.do,SOURCE_ONLY
evacuation_parking,parking:fbe244c7b3b2256c7d9b,경상북도,의성군,후죽4길 노상주차장,,경상북도 의성군 의성읍 후죽리 490-5,36.3543995,128.696195,노상,26,평일+토요일+공휴일,00:00,23:59,무료,경상북도 의성군청,2026-04-17,,,,,false,전국주차장정보표준데이터,https://www.data.go.kr/data/15012896/standard.do,SOURCE_ONLY
evacuation_parking,parking:09c2b42eea53bc6719e2,경상북도,청도군,문화체육센터공영주차장,경상북도 청도군 화양읍 청려로 1846,경상북도 청도군 화양읍 동천리 457,35.64838523,128.7186823,노외,250,평일+토요일+공휴일,00:00,23:59,무료,경상북도 청도군청,2026-04-23,,,,,false,전국주차장정보표준데이터,https://www.data.go.kr/data/15012896/standard.do,SOURCE_ONLY
evacuation_parking,parking:0ffdf992cad7b69d9e8a,경상북도,청도군,이서면사무소주차장,경상북도 청도군 이서면 이서로 145-18,경상북도 청도군 이서면 학산리 167-1,35.66323744,128.6705765,노외,50,평일+토요일+공휴일,00:00,23:59,무료,경상북도 청도군청,2026-04-23,,,,,false,전국주차장정보표준데이터,https://www.data.go.kr/data/15012896/standard.do,SOURCE_ONLY
evacuation_parking,parking:11150a4e6cbb4fe18ddf,경상북도,청도군,고수구길공영주차장,,경상북도 청도군 청도읍 고수리 478-9,35.64362095,128.7419519,노외,25,평일+토요일+공휴일,00:00,23:59,무료,경상북도 청도군청,2026-04-23,,,,,false,전국주차장정보표준데이터,https://www.data.go.kr/data/15012896/standard.do,SOURCE_ONLY
evacuation_parking,parking:173876b28649303045e2,경상북도,청도군,청도베이스볼파크주차장,경상북도 청도군 운문면 운문로 2374,경상북도 청도군 운문면 순지리 618,35.72246042,128.9290482,노외,70,평일+토요일+공휴일,00:00,23:59,무료,경상북도 청도군청,2026-04-23,,,,,false,전국주차장정보표준데이터,https://www.data.go.kr/data/15012896/standard.do,SOURCE_ONLY
evacuation_parking,parking:1b0eaa313052c99fb763,경상북도,청도군,청도시장제4주차장,,경상북도 청도군 청도읍 고수리 780,35.64301376,128.7448178,노외,39,평일+토요일+공휴일,00:00,23:59,무료,경상북도 청도군청,2026-04-23,,,,,false,전국주차장정보표준데이터,https://www.data.go.kr/data/15012896/standard.do,SOURCE_ONLY
evacuation_parking,parking:240209a1358aa62b9164,경상북도,청도군,풍각시장고추전주차장,경상북도 청도군 풍각면 송서5길 10,경상북도 청도군 풍각면 송서리 561-1,35.64082506,128.6192927,노외,25,평일+토요일+공휴일,00:00,23:59,무료,경상북도 청도군청,2026-04-23,,,,,false,전국주차장정보표준데이터,https://www.data.go.kr/data/15012896/standard.do,SOURCE_ONLY
evacuation_parking,parking:267590f7ccbb242344cf,경상북도,청도군,청도시장제3주차장,,경상북도 청도군 청도읍 고수리 747-7,35.6451459,128.7461535,노외,27,평일+토요일+공휴일,00:00,23:59,무료,경상북도 청도군청,2026-04-23,,,,,false,전국주차장정보표준데이터,https://www.data.go.kr/data/15012896/standard.do,SOURCE_ONLY
evacuation_parking,parking:2b0e4f4dbf64fd757e33,경상북도,청도군,운문면사무소주차장,경상북도 청도군 운문면 청려로 4707,경상북도 청도군 운문면 대천리 1462-146,35.71568523,128.9135083,노외,25,평일+토요일+공휴일,00:00,23:59,무료,경상북도 청도군청,2026-04-23,,,,,false,전국주차장정보표준데이터,https://www.data.go.kr/data/15012896/standard.do,SOURCE_ONLY
evacuation_parking,parking:2c52530cdd36deb44d97,경상북도,청도군,화양읍사무소주차장,경상북도 청도군 화양읍 도주관로 159,경상북도 청도군 화양읍 동상리 58,35.64983354,128.7061764,노외,25,평일+토요일+공휴일,00:00,23:59,무료,경상북도 청도군청,2026-04-23,,,,,false,전국주차장정보표준데이터,https://www.data.go.kr/data/15012896/standard.do,SOURCE_ONLY
evacuation_parking,parking:2d4f3b345694a3a9bdf2,경상북도,청도군,설레임마당주차장,,경상북도 청도군 청도읍 고수리 638,35.64187994,128.7424927,노외,50,평일+토요일+공휴일,00:00,23:59,무료,경상북도 청도군청,2026-04-23,,,,,false,전국주차장정보표준데이터,https://www.data.go.kr/data/15012896/standard.do,SOURCE_ONLY
evacuation_parking,parking:3111c947565d5ec0de61,경상북도,청도군,풍각쟁이광장주차장,경상북도 청도군 풍각면 송서로 62-10,경상북도 청도군 풍각면 송서리 503-6,35.6390793,128.617391,노외,10,평일+토요일+공휴일,00:00,23:59,무료,경상북도 청도군청,2026-04-23,,,,,false,전국주차장정보표준데이터,https://www.data.go.kr/data/15012896/standard.do,SOURCE_ONLY
evacuation_parking,parking:31aa21e76322b4520a66,경상북도,청도군,매전보건지소주차장,경상북도 청도군 매전면 청려로 3679,경상북도 청도군 매전면 동산리 234-1,35.66670538,128.8544882,노외,10,평일+토요일+공휴일,00:00,23:59,무료,경상북도 청도군청,2026-04-23,,,,,false,전국주차장정보표준데이터,https://www.data.go.kr/data/15012896/standard.do,SOURCE_ONLY
evacuation_parking,parking:3f823a762ad125a6b454,경상북도,청도군,청도군청공영주차장,경상북도 청도군 화양읍 청화로 70,경상북도 청도군 화양읍 범곡리 133,35.64725258,128.7339869,노외,200,평일+토요일+공휴일,00:00,23:59,무료,경상북도 청도군청,2026-04-23,,,,,false,전국주차장정보표준데이터,https://www.data.go.kr/data/15012896/standard.do,SOURCE_ONLY
evacuation_parking,parking:428c83173a055d3fe582,경상북도,청도군,청도군보건소공영주차장,경상북도 청도군 화양읍 청화로 79-11,경상북도 청도군 화양읍 범곡리 96,35.64862586,128.7372382,노외,60,평일+토요일+공휴일,00:00,23:59,무료,경상북도 청도군청,2026-04-23,,,,,false,전국주차장정보표준데이터,https://www.data.go.kr/data/15012896/standard.do,SOURCE_ONLY
evacuation_parking,parking:58f1800e979e74a1113b,경상북도,청도군,풍각면사무소주차장,경상북도 청도군 풍각면 송서로 70,경상북도 청도군 풍각면 송서리 501,35.63888891,128.6183089,노외,55,평일+토요일+공휴일,00:00,23:59,무료,경상북도 청도군청,2026-04-23,,,,,false,전국주차장정보표준데이터,https://www.data.go.kr/data/15012896/standard.do,SOURCE_ONLY
evacuation_parking,parking:68e87b21dc9b89f42e71,경상북도,청도군,맑은길주차장,경상북도 청도군 청도읍 고수동5길 6,경상북도 청도군 청도읍 고수리845-1,35.6410562,128.7470351,노외,168,평일+토요일+공휴일,00:00,23:59,무료,경상북도 청도군청,2026-04-23,,,,,false,전국주차장정보표준데이터,https://www.data.go.kr/data/15012896/standard.do,SOURCE_ONLY
evacuation_parking,parking:792edf8014e31e8ca4ed,경상북도,청도군,청도군농업기술센터주차장,경상북도 청도군 화양읍 청화3길10,경상북도 청도군 화양읍 범곡리 147,35.64921218,128.7344841,노외,80,평일+토요일+공휴일,00:00,23:59,무료,경상북도 청도군청,2026-04-23,,,,,false,전국주차장정보표준데이터,https://www.data.go.kr/data/15012896/standard.do,SOURCE_ONLY
evacuation_parking,parking:7bf69b5ab24e0b82df2d,경상북도,청도군,범곡리공영주차장,,경상북도 청도군 화양읍 범곡리 551,35.64669572,128.7329666,노외,37,평일+토요일+공휴일,00:00,23:59,무료,경상북도 청도군청,2026-04-23,,,,,false,전국주차장정보표준데이터,https://www.data.go.kr/data/15012896/standard.do,SOURCE_ONLY
evacuation_parking,parking:8c065da67f51fdb8f0d6,경상북도,청도군,복개천주차장,경상북도 청도군 화양읍 청화로 70,경상북도 청도군 화양읍 범곡리 133,35.64725258,128.7339993,노외,150,평일+토요일+공휴일,00:00,23:59,무료,경상북도 청도군청,2026-04-23,,,,,false,전국주차장정보표준데이터,https://www.data.go.kr/data/15012896/standard.do,SOURCE_ONLY
evacuation_parking,parking:8c88056d3d878257ed8e,경상북도,청도군,각북면사무소주차장,경상북도 청도군 각북면 헐티로 801,경상북도 청도군 각북면 남산리 120,35.68730359,128.5892764,노외,45,평일+토요일+공휴일,00:00,23:59,무료,경상북도 청도군청,2026-04-23,,,,,false,전국주차장정보표준데이터,https://www.data.go.kr/data/15012896/standard.do,SOURCE_ONLY
evacuation_parking,parking:90fe335fb4361e741476,경상북도,청도군,풍각보건지소주차장,경상북도 청도군 풍각면 송서로 81,경상북도 청도군 풍각면 송서리 486-1,35.63974752,128.6197627,노외,20,평일+토요일+공휴일,00:00,23:59,무료,경상북도 청도군청,2026-04-23,,,,,false,전국주차장정보표준데이터,https://www.data.go.kr/data/15012896/standard.do,SOURCE_ONLY
evacuation_parking,parking:93dba4307027218dce31,경상북도,청도군,금빛센터주차장,경상북도 청도군 금천면 청려로4221-9,경상북도 청도군 금천면 동곡리 721,35.69191987,128.8897137,노외,45,평일+토요일+공휴일,00:00,23:59,무료,경상북도 청도군청,2026-04-23,,,,,false,전국주차장정보표준데이터,https://www.data.go.kr/data/15012896/standard.do,SOURCE_ONLY
evacuation_parking,parking:9952b2ec10f7d32d8e82,경상북도,청도군,청도시장제2주차장,,경상북도 청도군 청도읍 고수리 751-2,35.64480354,128.7473821,노외,23,평일+토요일+공휴일,00:00,23:59,무료,경상북도 청도군청,2026-04-23,,,,,false,전국주차장정보표준데이터,https://www.data.go.kr/data/15012896/standard.do,SOURCE_ONLY
evacuation_parking,parking:a4dd41461d16bd43b81d,경상북도,청도군,금천면사무소주차장,경상북도 청도군 금천면 선암로 575,경상북도 청도군 금천면 동곡리 879,35.68718156,128.8924163,노외,65,평일+토요일+공휴일,00:00,23:59,무료,경상북도 청도군청,2026-04-23,,,,,false,전국주차장정보표준데이터,https://www.data.go.kr/data/15012896/standard.do,SOURCE_ONLY
evacuation_parking,parking:b2613c70632e4cae10ce,경상북도,청도군,청도군보건소공영주차장,경상북도 청도군 화양읍 청화로 79-11,경상북도 청도군 화양읍 범곡리 96,35.64862586,128.7372613,노외,100,평일+토요일+공휴일,00:00,23:59,무료,경상북도 청도군청,2026-04-23,,,,,false,전국주차장정보표준데이터,https://www.data.go.kr/data/15012896/standard.do,SOURCE_ONLY
evacuation_parking,parking:b3cea0d7999597cef842,경상북도,청도군,운문사주차장,경상북도 청도군 운문면 운문사길 144,경상북도 청도군 운문면 신원리 1706-1,35.6715558,128.9567363,노외,150,평일+토요일+공휴일,08:30,18:00,유료,대한불교조계종 운문사,2026-04-23,,,,,false,전국주차장정보표준데이터,https://www.data.go.kr/data/15012896/standard.do,SOURCE_ONLY
evacuation_parking,parking:b4e26222f6637492a2ed,경상북도,청도군,매전면사무소주차장,경상북도 청도군 매전면 청려로 3693,경상북도 청도군 매전면 동산리 233-1,35.66680356,128.8553506,노외,40,평일+토요일+공휴일,00:00,23:59,무료,경상북도 청도군청,2026-04-23,,,,,false,전국주차장정보표준데이터,https://www.data.go.kr/data/15012896/standard.do,SOURCE_ONLY
evacuation_parking,parking:b63a0bad8856c2b6d72e,경상북도,청도군,청도시장길공영주차장,,경상북도 청도군 청도읍 고수리 472-1,35.6442814,128.7436162,노외,23,평일+토요일+공휴일,00:00,23:59,무료,경상북도 청도군청,2026-04-23,,,,,false,전국주차장정보표준데이터,https://www.data.go.kr/data/15012896/standard.do,SOURCE_ONLY
evacuation_parking,parking:b7ad6581c99ca022dc2a,경상북도,청도군,각남면사무소주차장,경상북도 청도군 각남면 각남로 74,경상북도 청도군 각남면 예리리 545-11,35.64182058,128.6589435,노외,30,평일+토요일+공휴일,00:00,23:59,무료,경상북도 청도군청,2026-04-23,,,,,false,전국주차장정보표준데이터,https://www.data.go.kr/data/15012896/standard.do,SOURCE_ONLY
evacuation_parking,parking:c56fa62c0b6989524863,경상북도,청도군,고수구길(아리랑식당옆)공영주차장,,경상북도 청도군 청도읍 고수리 512-21,35.6438092,128.7406889,노외,14,평일+토요일+공휴일,00:00,23:59,무료,경상북도 청도군청,2026-04-23,,,,,false,전국주차장정보표준데이터,https://www.data.go.kr/data/15012896/standard.do,SOURCE_ONLY
evacuation_parking,parking:c61f97bc7abf96e73a92,경상북도,청도군,청도소싸움경기장,경상북도 청도군 화양읍 남성현로 348,경상북도 청도군 화양읍 삼신리 693-2,35.68673395,128.7251463,노외,217,평일+토요일+공휴일,09:00,18:00,무료,청도공영사업공사,2026-04-16,,,,,false,전국주차장정보표준데이터,https://www.data.go.kr/data/15012896/standard.do,SOURCE_ONLY
evacuation_parking,parking:ccb6ed2f8652faf81f5c,경상북도,청도군,청도군공설운동장주차장,경상북도 청도군 화양읍 청려로 1848,경상북도 청도군 화양읍 동천리 502,35.64883787,128.720746,노외,30,평일+토요일+공휴일,00:00,23:59,무료,경상북도 청도군청,2026-04-23,,,,,false,전국주차장정보표준데이터,https://www.data.go.kr/data/15012896/standard.do,SOURCE_ONLY
evacuation_parking,parking:d2405f4d6dec0f17bc46,경상북도,청도군,고수구길(고수5리)공영주차장,경상북도 청도군 청도읍 고수동2길 40-3,경상북도 청도군 청도읍 고수리 478-21,35.6448812,128.7428907,노외,5,평일+토요일+공휴일,00:00,23:59,무료,경상북도 청도군청,2026-04-23,,,,,false,전국주차장정보표준데이터,https://www.data.go.kr/data/15012896/standard.do,SOURCE_ONLY
evacuation_parking,parking:d4c42a6b42b41d3506bf,경상북도,청도군,매전면복합체육시설주차장,경상북도 청도군 매전면 청려로 3666-27,경상북도 청도군 매전면 동산리 286,35.66526396,128.8544802,노외,40,평일+토요일+공휴일,00:00,23:59,무료,경상북도 청도군청,2026-04-23,,,,,false,전국주차장정보표준데이터,https://www.data.go.kr/data/15012896/standard.do,SOURCE_ONLY
evacuation_parking,parking:d715eec81045d4697c6f,경상북도,청도군,각북남산리공영주차장,,경상북도 청도군 각북면 오산리1095-4,35.7173952,128.5558939,노외,50,평일+토요일+공휴일,00:00,23:59,무료,경상북도 청도군청,2026-04-23,,,,,false,전국주차장정보표준데이터,https://www.data.go.kr/data/15012896/standard.do,SOURCE_ONLY
evacuation_parking,parking:d9f7c9e785030cba42ac,경상북도,청도군,청도읍사무소주차장,경상북도 청도군 청도읍 청도신기길 83-7,경상북도 청도군 청도읍 고수리 51-5,35.65070961,128.7438245,노외,30,평일+토요일+공휴일,00:00,23:59,무료,경상북도 청도군청,2026-04-23,,,,,false,전국주차장정보표준데이터,https://www.data.go.kr/data/15012896/standard.do,SOURCE_ONLY
evacuation_parking,parking:f0da32d94f87e567adb7,경상북도,청도군,고수6리공영주차장,,경상북도 청도군 청도읍 고수리 983-52,35.64068769,128.7419613,노외,20,평일+토요일+공휴일,00:00,23:59,무료,경상북도 청도군청,2026-04-23,,,,,false,전국주차장정보표준데이터,https://www.data.go.kr/data/15012896/standard.do,SOURCE_ONLY
evacuation_parking,parking:f31b008f09b768bb61b5,경상북도,청도군,풍각우체국옆주차장,경상북도 청도군 풍각면 헐티로 235,경상북도 청도군 풍각면 봉기리 1333-71,35.64148573,128.6154737,노외,40,평일+토요일+공휴일,00:00,23:59,무료,경상북도 청도군청,2026-04-23,,,,,false,전국주차장정보표준데이터,https://www.data.go.kr/data/15012896/standard.do,SOURCE_ONLY
evacuation_parking,parking:0edb10e807c0cf57cf3d,경상북도,청송군,방호정주차장,경상북도 청송군 안덕면 방호정로 126-5,경상북도 청송군 안덕면 신성리 148-1,36.32843519,128.9867216,노외,49,평일+토요일+공휴일,00:00,23:59,유료,방호정주차장,2026-04-17,,,,,false,전국주차장정보표준데이터,https://www.data.go.kr/data/15012896/standard.do,SOURCE_ONLY
evacuation_parking,parking:0f5b17e2f6ee91efa1ac,경상북도,청송군,청송향교주차장,,경상북도 청송군 청송읍 월막리 250-1,36.43442891,129.0575595,노외,20,평일+토요일+공휴일,00:00,23:59,무료,경상북도 청송군청,2026-04-17,,,,,false,전국주차장정보표준데이터,https://www.data.go.kr/data/15012896/standard.do,SOURCE_ONLY
evacuation_parking,parking:1b9ae1b7b1d8a3a9b9b4,경상북도,청송군,청송시장주차장,경상북도 청송군 청송읍 현충로 106,경상북도 청송군 청송읍 월막리 423-1,36.4351163,129.052185,노외,24,평일+토요일+공휴일,00:00,23:59,무료,경상북도 청송군청,2026-04-17,,,,,false,전국주차장정보표준데이터,https://www.data.go.kr/data/15012896/standard.do,SOURCE_ONLY
evacuation_parking,parking:26929955fab2a1939f3f,경상북도,청송군,칼낙동네 앞,,경상북도 청송군 안덕면 명당리 342-1,36.28720108,128.955907,노외,22,평일+토요일+공휴일,00:00,23:59,무료,경상북도 청송군청,2026-04-17,,,,,false,전국주차장정보표준데이터,https://www.data.go.kr/data/15012896/standard.do,SOURCE_ONLY
evacuation_parking,parking:384a0dd44d6012c68c56,경상북도,청송군,파천면덕천1리신축주차장,,경상북도 청송군 파천면 덕천리 36,36.4356028412,129.0295664882,노외,44,평일+토요일+공휴일,00:00,23:59,무료,경상북도 청송군청,2026-04-17,,,,,false,전국주차장정보표준데이터,https://www.data.go.kr/data/15012896/standard.do,SOURCE_ONLY
evacuation_parking,parking:40f6ff8ff355e76beca7,경상북도,청송군,진보농협 뒤 주차장,경상북도 청송군 진보면 진안로 14,경상북도 청송군 진보면 진안리 127-5,36.52749261,129.0452811043,노외,106,평일+토요일+공휴일,00:00,23:59,무료,경상북도 청송군청,2026-04-17,,,,,false,전국주차장정보표준데이터,https://www.data.go.kr/data/15012896/standard.do,SOURCE_ONLY
evacuation_parking,parking:4eed14d4c67995bef411,경상북도,청송군,진보시장주차장,경상북도 청송군 진보면 진안남1길7-1,경상북도 청송군 진보면 진안리 127-3,36.52760895,129.0457018,노외,56,평일+토요일+공휴일,00:00,23:59,무료,경상북도 청송군청,2026-04-17,,,,,false,전국주차장정보표준데이터,https://www.data.go.kr/data/15012896/standard.do,SOURCE_ONLY
evacuation_parking,parking:6077aae48664a5957a82,경상북도,청송군,주왕산면 상의리 민영주차장,,경상북도 청송군 주왕산면 상의리 576,36.39107406,129.139433,노외,36,평일+토요일+공휴일,00:00,23:59,유료,주왕산면 상의리 민영주차장,2026-04-17,,,,,false,전국주차장정보표준데이터,https://www.data.go.kr/data/15012896/standard.do,SOURCE_ONLY
evacuation_parking,parking:7f6348f629339dbe8d3a,경상북도,청송군,청송국민노인요양원,,경상북도 청송군 청송읍 부곡리 637-5,36.45701395,129.0721834377,노외,4,평일+토요일+공휴일,00:00,23:59,무료,청송국민노인요양원,2026-04-17,,,,,false,전국주차장정보표준데이터,https://www.data.go.kr/data/15012896/standard.do,SOURCE_ONLY
evacuation_parking,parking:8039f8b58dfb993d52d8,경상북도,청송군,파천초등학교 입구 주차장,,경상북도 청송군 파천면 관리 764,36.44421955,129.0318086,노외,25,평일+토요일+공휴일,00:00,23:59,무료,경상북도 청송군청,2026-04-17,,,,,false,전국주차장정보표준데이터,https://www.data.go.kr/data/15012896/standard.do,SOURCE_ONLY
evacuation_parking,parking:8a5ff3d9e845ee316b3f,경상북도,청송군,진보주차장,경상북도 청송군 진보면 진보로 118-3,경상북도 청송군 진보면 진안리 384-24,36.52832412,129.0449366,노상,95,평일+토요일+공휴일,00:00,23:59,무료,경상북도 청송군청,2026-04-17,,,,,false,전국주차장정보표준데이터,https://www.data.go.kr/data/15012896/standard.do,SOURCE_ONLY
evacuation_parking,parking:908f0267e6c1483a9803,경상북도,청송군,청송강변주차장,,경상북도 청송군 청송읍 월막리 362,36.43241106,129.0557186,노외,147,평일+토요일+공휴일,00:00,23:59,무료,경상북도 청송군청,2026-04-17,,,,,false,전국주차장정보표준데이터,https://www.data.go.kr/data/15012896/standard.do,SOURCE_ONLY
evacuation_parking,parking:9ab4e6267e170a78bb5a,경상북도,청송군,주왕산 민영주차장,,경상북도 청송군 주왕산면 상의리 308-1,36.390411,129.139927,노외,30,평일+토요일+공휴일,00:00,23:59,유료,주왕산 민영주차장,2026-04-17,,,,,false,전국주차장정보표준데이터,https://www.data.go.kr/data/15012896/standard.do,SOURCE_ONLY
evacuation_parking,parking:a092fc487eda321daa2e,경상북도,청송군,주왕산공영주차장,경상북도 청송군 주왕산면 양지마을길 19,경상북도 청송군 주왕산면 상의리 621-1,36.38957702,129.1348857,노외,700,평일+토요일+공휴일,00:00,23:59,무료,경상북도 청송군청,2026-04-17,,,,,false,전국주차장정보표준데이터,https://www.data.go.kr/data/15012896/standard.do,SOURCE_ONLY
evacuation_parking,parking:a348bed18a2fa1fddad9,경상북도,청송군,현동복지회관 앞,,경상북도 청송군 현동면 도평리 743-4,36.28814077,129.0175028,노상,38,평일+토요일+공휴일,00:00,23:59,무료,경상북도 청송군청,2026-04-17,,,,,false,전국주차장정보표준데이터,https://www.data.go.kr/data/15012896/standard.do,SOURCE_ONLY
evacuation_parking,parking:a3bd7d2dc88702670a5a,경상북도,청송군,삼이횟집 옆,,경상북도 청송군 진보면 진안리 48-1,36.52914746,129.046539,노외,18,평일+토요일+공휴일,00:00,23:59,무료,경상북도 청송군청,2026-04-17,,,,,false,전국주차장정보표준데이터,https://www.data.go.kr/data/15012896/standard.do,SOURCE_ONLY
evacuation_parking,parking:ae13740fe513ce0f06c5,경상북도,청송군,현동시장주차장,,경상북도 청송군 현동면 도평리 839-3,36.28978803,129.0160862,노외,39,평일+토요일+공휴일,00:00,23:59,무료,경상북도 청송군청,2026-04-17,,,,,false,전국주차장정보표준데이터,https://www.data.go.kr/data/15012896/standard.do,SOURCE_ONLY
evacuation_parking,parking:b68d3a366e48296392a7,경상북도,청송군,소헌공원주차장,경상북도 청송군 청송읍 월막8길 6,경상북도 청송군 청송읍 월막리 391-3,36.43343136,129.0550479,노외,21,평일+토요일+공휴일,00:00,23:59,무료,경상북도 청송군청,2026-04-17,,,,,false,전국주차장정보표준데이터,https://www.data.go.kr/data/15012896/standard.do,SOURCE_ONLY
evacuation_parking,parking:b7bf878a5242f5c39704,경상북도,청송군,화목시장,경상북도 청송군 현서면 구산2길9,경상북도 청송군 현서면 구산리 100-25,36.27514916,128.8970675,노상,45,평일+토요일+공휴일,00:00,23:59,무료,경상북도 청송군청,2026-04-17,,,,,false,전국주차장정보표준데이터,https://www.data.go.kr/data/15012896/standard.do,SOURCE_ONLY
evacuation_parking,parking:c38be5d6fb54e3d6f645,경상북도,청송군,송소고택 노외 주차장,경상북도 청송군 파천면 송소고택길 15-2,경상북도 청송군 파천면 덕천리 176,36.43617486,129.026556,노외,50,평일+토요일+공휴일,00:00,23:59,무료,경상북도 청송군청,2026-04-17,,,,,false,전국주차장정보표준데이터,https://www.data.go.kr/data/15012896/standard.do,SOURCE_ONLY
evacuation_parking,parking:c44d74289bb86d740a11,경상북도,청송군,진안유료주차장,경상북도 청송군 진보면 진보로 114,경상북도 청송군 진보면 진안리 468-6,36.5286677,129.0438783,노외,15,평일+토요일+공휴일,00:00,23:59,유료,진안유료주차장,2026-04-17,,,,,false,전국주차장정보표준데이터,https://www.data.go.kr/data/15012896/standard.do,SOURCE_ONLY
evacuation_parking,parking:c5981b99f36f68960e7a,경상북도,청송군,멕시카나(구 화통치킨) 맞은편 주차장,,경상북도 청송군 진보면 진안리 79-10,36.52846601,129.048361,노외,20,평일+토요일+공휴일,00:00,23:59,무료,경상북도 청송군청,2026-04-17,,,,,false,전국주차장정보표준데이터,https://www.data.go.kr/data/15012896/standard.do,SOURCE_ONLY
evacuation_parking,parking:c6b6f3abd7099aa81e6e,경상북도,청송군,민박촌노외주차장,,경상북도 청송군 주왕산면 상의리 499-8,36.39152586,129.1398627,노외,26,평일+토요일+공휴일,00:00,23:59,유료,향촌민박식당,2026-04-17,,,,,false,전국주차장정보표준데이터,https://www.data.go.kr/data/15012896/standard.do,SOURCE_ONLY
evacuation_parking,parking:d3908e7d3f1896c7ade2,경상북도,청송군,도평초등학교 앞 주차장,,경상북도 청송군 현동면 도평리 734-1,36.2897129797,129.019501325,노외,20,평일+토요일+공휴일,00:00,23:59,무료,경상북도 청송군청,2026-04-17,,,,,false,전국주차장정보표준데이터,https://www.data.go.kr/data/15012896/standard.do,SOURCE_ONLY
evacuation_parking,parking:d730dad4852922d0cb28,경상북도,청송군,진보유료주차장,,경상북도 청송군 진보면 진안리 468-6,36.5286677,129.0438783,노외,19,평일+토요일+공휴일,00:00,23:59,유료,진보유료주차장,2026-04-17,,,,,false,전국주차장정보표준데이터,https://www.data.go.kr/data/15012896/standard.do,SOURCE_ONLY
evacuation_parking,parking:e1d607a0727be75450c4,경상북도,청송군,국골구거복개주차장,경상북도 청송군 청송읍 현충로 106,경상북도 청송군 청송읍 월막리 423-1,36.4351472326,129.0521198532,노외,47,평일+토요일+공휴일,00:00,23:59,무료,경상북도 청송군청,2026-04-17,,,,,false,전국주차장정보표준데이터,https://www.data.go.kr/data/15012896/standard.do,SOURCE_ONLY
evacuation_parking,parking:e457a6872e4d282048a1,경상북도,청송군,주왕산국립공원주차장,,경상북도 청송군 주왕산면 상의리 299,36.39053523,129.1413053146,노외,454,평일+토요일+공휴일,00:00,23:59,유료,주왕산국립공원,2026-04-17,,,,,false,전국주차장정보표준데이터,https://www.data.go.kr/data/15012896/standard.do,SOURCE_ONLY
evacuation_parking,parking:eeaa03b5633af83f5b2d,경상북도,청송군,청송주차장,경상북도 청송군 청송읍 중앙로 209,경상북도 청송군 청송읍 월막리 426-5,36.43574,129.0530156,노상,104,평일+토요일+공휴일,00:00,23:59,무료,경상북도 청송군청,2026-04-17,,,,,false,전국주차장정보표준데이터,https://www.data.go.kr/data/15012896/standard.do,SOURCE_ONLY
evacuation_parking,parking:055a31d98dafc36272bb,경상북도,칠곡군,왜관역앞 노상주차장,,경상북도 칠곡군 왜관읍 왜관리 230-55,35.9923992642,128.399484599,노상,21,평일+토요일+공휴일,00:01,23:59,무료,경상북도 칠곡군,2026-04-17,,,,,false,전국주차장정보표준데이터,https://www.data.go.kr/data/15012896/standard.do,SOURCE_ONLY
evacuation_parking,parking:05d1f9f0068e8d7050ac,경상북도,칠곡군,아곡리 안찔,,경상북도 칠곡군 왜관읍 아곡리 538-2,36.01051567,128.4241916,노외,10,평일+토요일+공휴일,00:01,23:59,무료,경상북도 칠곡군,2026-04-17,,,,,false,전국주차장정보표준데이터,https://www.data.go.kr/data/15012896/standard.do,SOURCE_ONLY
evacuation_parking,parking:05f0680a3e5ce71a8640,경상북도,칠곡군,중앙로9길 공영주차장,,경상북도 칠곡군 왜관읍 왜관리 262-75,35.99117185,128.396526,노외,12,평일+토요일+공휴일,00:01,23:59,무료,경상북도 칠곡군,2026-04-17,,,,,false,전국주차장정보표준데이터,https://www.data.go.kr/data/15012896/standard.do,SOURCE_ONLY
evacuation_parking,parking:061b2d311417a3ffce86,경상북도,칠곡군,왜관2주공아파트 앞 노상주차장,,경상북도 칠곡군 왜관읍 왜관리 780-121,35.9820392419,128.3966875131,노상,10,평일+토요일+공휴일,00:01,23:59,무료,경상북도 칠곡군,2026-04-17,,,,,false,전국주차장정보표준데이터,https://www.data.go.kr/data/15012896/standard.do,SOURCE_ONLY
evacuation_parking,parking:0a0e5c31c8f9fd9b3da2,경상북도,칠곡군,친환경체육공원,,경상북도 칠곡군 약목면 복성리 1166-58,36.04280159,128.3698877,노외,10,평일+토요일+공휴일,00:01,23:59,무료,경상북도 칠곡군,2026-04-17,,,,,false,전국주차장정보표준데이터,https://www.data.go.kr/data/15012896/standard.do,SOURCE_ONLY
evacuation_parking,parking:0c666ab77a7ac8f317c4,경상북도,칠곡군,누릿재,,경상북도 칠곡군 동명면 남원리 산173,36.0037715682,128.5766282318,노외,24,평일+토요일+공휴일,00:01,23:59,무료,경상북도 칠곡군,2026-04-17,,,,,false,전국주차장정보표준데이터,https://www.data.go.kr/data/15012896/standard.do,SOURCE_ONLY
evacuation_parking,parking:0cd3c070181aa13f17fb,경상북도,칠곡군,로얄3차앞 공영주차장,,경상북도 칠곡군 왜관읍 왜관리 775-9,35.98447222,128.3996738,노외,45,평일+토요일+공휴일,00:01,23:59,무료,경상북도 칠곡군,2026-04-17,,,,,false,전국주차장정보표준데이터,https://www.data.go.kr/data/15012896/standard.do,SOURCE_ONLY
evacuation_parking,parking:0dcc3ddc07598f0326a9,경상북도,칠곡군,경남산업 앞,,경상북도 칠곡군 왜관읍 금산리 1006-2,35.96339328,128.4207249,노외,20,평일+토요일+공휴일,00:01,23:59,무료,경상북도 칠곡군,2026-04-17,,,,,false,전국주차장정보표준데이터,https://www.data.go.kr/data/15012896/standard.do,SOURCE_ONLY
evacuation_parking,parking:0f3c3c2e19739e725c9d,경상북도,칠곡군,석적읍중리 노상주차장,,경상북도 칠곡군 석적읍 중리 284,36.0776855211,128.414300975,노상,216,평일+토요일+공휴일,00:01,23:59,무료,경상북도 칠곡군,2026-04-17,,,,,false,전국주차장정보표준데이터,https://www.data.go.kr/data/15012896/standard.do,SOURCE_ONLY
evacuation_parking,parking:14450d7eddae33b55e52,경상북도,칠곡군,낙화담,,경상북도 칠곡군 지천면 창평리 629-1,35.97044637,128.4897782,노외,36,평일+토요일+공휴일,00:01,23:59,무료,경상북도 칠곡군,2026-04-17,,,,,false,전국주차장정보표준데이터,https://www.data.go.kr/data/15012896/standard.do,SOURCE_ONLY
evacuation_parking,parking:16cbacb43c8a90312b88,경상북도,칠곡군,상공회의소 옆,,경상북도 칠곡군 왜관읍 삼청리 1101-4,35.97413136,128.4268576,노외,150,평일+토요일+공휴일,00:01,23:59,무료,경상북도 칠곡군,2026-04-17,,,,,false,전국주차장정보표준데이터,https://www.data.go.kr/data/15012896/standard.do,SOURCE_ONLY
evacuation_parking,parking:16e42123c2e399f1fc63,경상북도,칠곡군,송림사 외,,경상북도 칠곡군 동명면 구덕리 88-84,35.98150831,128.5774993,노외,10,평일+토요일+공휴일,00:01,23:59,무료,경상북도 칠곡군,2026-04-17,,,,,false,전국주차장정보표준데이터,https://www.data.go.kr/data/15012896/standard.do,SOURCE_ONLY
evacuation_parking,parking:177e1f0608df9f7ca45e,경상북도,칠곡군,공단운동장 입구,,경상북도 칠곡군 왜관읍 금산리 986,35.96641436,128.4170036,노외,25,평일+토요일+공휴일,00:01,23:59,무료,경상북도 칠곡군,2026-04-17,,,,,false,전국주차장정보표준데이터,https://www.data.go.kr/data/15012896/standard.do,SOURCE_ONLY
evacuation_parking,parking:190f389b552503864046,경상북도,칠곡군,금암리 공영주차장,,경상북도 칠곡군 동명면 금암리 436,35.98866533,128.5544107,노외,14,평일+토요일+공휴일,00:01,23:59,무료,경상북도 칠곡군,2026-04-17,,,,,false,전국주차장정보표준데이터,https://www.data.go.kr/data/15012896/standard.do,SOURCE_ONLY
evacuation_parking,parking:1989a17ba8c523714066,경상북도,칠곡군,평장노인회관 앞 주차장,,경상북도 칠곡군 왜관읍 왜관리 646-1,35.98669563,128.4082127,노외,30,평일+토요일+공휴일,00:01,23:59,무료,경상북도 칠곡군,2026-04-17,,,,,false,전국주차장정보표준데이터,https://www.data.go.kr/data/15012896/standard.do,SOURCE_ONLY
evacuation_parking,parking:1b256afe3ad5f553aeca,경상북도,칠곡군,약목고가도로밑 공영주차장,,경상북도 칠곡군 약목면 관호리 156-3,36.0204156729,128.3838660961,노외,51,평일+토요일+공휴일,00:01,23:59,무료,경상북도 칠곡군,2026-04-17,,,,,false,전국주차장정보표준데이터,https://www.data.go.kr/data/15012896/standard.do,SOURCE_ONLY
evacuation_parking,parking:1e0e3d31899e946cfd5c,경상북도,칠곡군,상공회의소 옆,,경상북도 칠곡군 왜관읍 삼청리 1101-4,35.97413136,128.4268576,노외,150,평일+토요일+공휴일,00:01,23:59,무료,경상북도 칠곡군,2026-04-17,,,,,false,전국주차장정보표준데이터,https://www.data.go.kr/data/15012896/standard.do,SOURCE_ONLY
evacuation_parking,parking:1f03b106a05c43fd8f22,경상북도,칠곡군,대원바이오텍,,경상북도 칠곡군 왜관읍 금산리 1006,35.96358473,128.4132088,노외,53,평일+토요일+공휴일,00:01,23:59,무료,경상북도 칠곡군,2026-04-17,,,,,false,전국주차장정보표준데이터,https://www.data.go.kr/data/15012896/standard.do,SOURCE_ONLY
evacuation_parking,parking:1fdf165a73371751d56a,경상북도,칠곡군,약목버스터미널,,경상북도 칠곡군 약목면 복성리 864,36.03489159,128.3655584,노외,12,평일+토요일+공휴일,00:01,23:59,무료,경상북도 칠곡군,2026-04-17,,,,,false,전국주차장정보표준데이터,https://www.data.go.kr/data/15012896/standard.do,SOURCE_ONLY
evacuation_parking,parking:2651749bc6c1af782e28,경상북도,칠곡군,섬내공원 주차장,,경상북도 칠곡군 석적읍 중리 884-122,36.07607425,128.4066892,노외,17,평일+토요일+공휴일,00:01,23:59,무료,경상북도 칠곡군,2026-04-17,,,,,false,전국주차장정보표준데이터,https://www.data.go.kr/data/15012896/standard.do,SOURCE_ONLY
evacuation_parking,parking:2e15fb083336a9e850ff,경상북도,칠곡군,(임시)중리 공영주차장,,경상북도 칠곡군 석적읍 중리 245-9,36.07405963,128.4147107,노외,10,평일+토요일+공휴일,00:01,23:59,무료,경상북도 칠곡군,2026-04-17,,,,,false,전국주차장정보표준데이터,https://www.data.go.kr/data/15012896/standard.do,SOURCE_ONLY
evacuation_parking,parking:2e6b37399a1ecb5b1b43,경상북도,칠곡군,지천역 앞,,경상북도 칠곡군 지천면 용산리 632-30,35.89765666,128.5003318,노외,18,평일+토요일+공휴일,00:01,23:59,무료,경상북도 칠곡군,2026-04-17,,,,,false,전국주차장정보표준데이터,https://www.data.go.kr/data/15012896/standard.do,SOURCE_ONLY
evacuation_parking,parking:317155208aefbb58d342,경상북도,칠곡군,읍사무소 뒤 공영주차장,,경상북도 칠곡군 왜관읍 왜관리 277-18,35.9891151645,128.398414781,노외,12,평일+토요일+공휴일,00:01,23:59,무료,경상북도 칠곡군,2026-04-17,,,,,false,전국주차장정보표준데이터,https://www.data.go.kr/data/15012896/standard.do,SOURCE_ONLY
evacuation_parking,parking:324b80b2fe082e203b2a,경상북도,칠곡군,어르신전당 앞,,경상북도 칠곡군 왜관읍 왜관리 273-1,35.98957566,128.3974541,노외,25,평일+토요일+공휴일,00:01,23:59,무료,경상북도 칠곡군,2026-04-17,,,,,false,전국주차장정보표준데이터,https://www.data.go.kr/data/15012896/standard.do,SOURCE_ONLY
evacuation_parking,parking:337a33210d05c689778b,경상북도,칠곡군,동명팔거천 공영주차장,,경상북도 칠곡군 동명면 금암리 1364-108,35.99098236,128.5519303,노외,100,평일+토요일+공휴일,00:01,23:59,무료,경상북도 칠곡군,2026-04-17,,,,,false,전국주차장정보표준데이터,https://www.data.go.kr/data/15012896/standard.do,SOURCE_ONLY
evacuation_parking,parking:34b5c24af662de702489,경상북도,칠곡군,석전2리 임시공영 주차장,,경상북도 칠곡군 왜관읍 석전리 835,36.00387065,128.4124591,노외,25,평일+토요일+공휴일,00:01,23:59,무료,경상북도 칠곡군,2026-04-17,,,,,false,전국주차장정보표준데이터,https://www.data.go.kr/data/15012896/standard.do,SOURCE_ONLY
evacuation_parking,parking:35b55ae837db9717e1c4,경상북도,칠곡군,칠곡도서관 앞 공영주차장,,경상북도 칠곡군 왜관읍 왜관리 1542,35.9758274,128.3995016,노외,44,평일+토요일+공휴일,00:01,23:59,무료,경상북도 칠곡군,2026-04-17,,,,,false,전국주차장정보표준데이터,https://www.data.go.kr/data/15012896/standard.do,SOURCE_ONLY
evacuation_parking,parking:3788879b60adb7ec77a9,경상북도,칠곡군,약목버스터미널,,경상북도 칠곡군 약목면 복성리 864,36.03489159,128.3655584,노외,12,평일+토요일+공휴일,00:01,23:59,무료,경상북도 칠곡군,2026-04-17,,,,,false,전국주차장정보표준데이터,https://www.data.go.kr/data/15012896/standard.do,SOURCE_ONLY
evacuation_parking,parking:3ac3f4f9bb59b7b2e4da,경상북도,칠곡군,칠곡군 석전리 공영주차장,,경상북도 칠곡군 왜관읍 석전리 730-9,35.99627704,128.4031789,노외,270,평일+토요일+공휴일,00:01,23:59,무료,경상북도 칠곡군,2026-04-17,,,,,false,전국주차장정보표준데이터,https://www.data.go.kr/data/15012896/standard.do,SOURCE_ONLY
evacuation_parking,parking:3aca698db5901c37b1ad,경상북도,칠곡군,스톤카페 인근 공영주차장,,경상북도 칠곡군 왜관읍 왜관리 959-5,35.9793543,128.4028494,노외,19,평일+토요일+공휴일,00:01,23:59,무료,경상북도 칠곡군,2026-04-17,,,,,false,전국주차장정보표준데이터,https://www.data.go.kr/data/15012896/standard.do,SOURCE_ONLY
evacuation_parking,parking:3c6801f7031b8383ab23,경상북도,칠곡군,공단운동장 입구,,경상북도 칠곡군 왜관읍 금산리 986,35.96641436,128.4170036,노외,25,평일+토요일+공휴일,00:01,23:59,무료,경상북도 칠곡군,2026-04-17,,,,,false,전국주차장정보표준데이터,https://www.data.go.kr/data/15012896/standard.do,SOURCE_ONLY
evacuation_parking,parking:3ca5027e27cf02509fc8,경상북도,칠곡군,동명팔거천 공영주차장,,경상북도 칠곡군 동명면 금암리 1364-108,35.99098236,128.5519303,노외,100,평일+토요일+공휴일,00:01,23:59,무료,경상북도 칠곡군,2026-04-17,,,,,false,전국주차장정보표준데이터,https://www.data.go.kr/data/15012896/standard.do,SOURCE_ONLY
evacuation_parking,parking:3ca94a493c658fd6565d,경상북도,칠곡군,석적 공단 공영주차장,,경상북도 칠곡군 석적읍 중리 443-5,36.08133224,128.4039858,노외,64,평일+토요일+공휴일,00:01,23:59,무료,경상북도 칠곡군,2026-04-17,,,,,false,전국주차장정보표준데이터,https://www.data.go.kr/data/15012896/standard.do,SOURCE_ONLY
evacuation_parking,parking:3ee5e490de0e494b2f10,경상북도,칠곡군,금화계곡,,경상북도 칠곡군 가산면 금화리 산49-9,36.0514130924,128.5539452652,노외,46,평일+토요일+공휴일,00:01,23:59,무료,경상북도 칠곡군,2026-04-17,,,,,false,전국주차장정보표준데이터,https://www.data.go.kr/data/15012896/standard.do,SOURCE_ONLY
evacuation_parking,parking:3f4f5634626c27b0d05a,경상북도,칠곡군,섬내공원 주차장,,경상북도 칠곡군 석적읍 중리 884-122,36.07607425,128.4066892,노외,17,평일+토요일+공휴일,00:01,23:59,무료,경상북도 칠곡군,2026-04-17,,,,,false,전국주차장정보표준데이터,https://www.data.go.kr/data/15012896/standard.do,SOURCE_ONLY
evacuation_parking,parking:41465e528486980de4fc,경상북도,칠곡군,친환경체육공원,,경상북도 칠곡군 약목면 복성리 1166-58,36.04280159,128.3698877,노외,10,평일+토요일+공휴일,00:01,23:59,무료,경상북도 칠곡군,2026-04-17,,,,,false,전국주차장정보표준데이터,https://www.data.go.kr/data/15012896/standard.do,SOURCE_ONLY
evacuation_parking,parking:41a440402c3ba953a44c,경상북도,칠곡군,(임시)중리 공영주차장,,경상북도 칠곡군 석적읍 중리 244-6,36.07409825,128.4143868,노외,17,평일+토요일+공휴일,00:01,23:59,무료,경상북도 칠곡군,2026-04-17,,,,,false,전국주차장정보표준데이터,https://www.data.go.kr/data/15012896/standard.do,SOURCE_ONLY
evacuation_parking,parking:42d99d388a7fabf78cc9,경상북도,칠곡군,신유장군유적지 앞,,경상북도 칠곡군 약목면 남계리 산21-5,36.02736287,128.350652,노외,9,평일+토요일+공휴일,00:01,23:59,무료,경상북도 칠곡군,2026-04-17,,,,,false,전국주차장정보표준데이터,https://www.data.go.kr/data/15012896/standard.do,SOURCE_ONLY
evacuation_parking,parking:4396cb2da9ec3c967e26,경상북도,칠곡군,스톤카페 인근 공영주차장,,경상북도 칠곡군 왜관읍 왜관리 959-5,35.9793543,128.4028494,노외,19,평일+토요일+공휴일,00:01,23:59,무료,경상북도 칠곡군,2026-04-17,,,,,false,전국주차장정보표준데이터,https://www.data.go.kr/data/15012896/standard.do,SOURCE_ONLY
evacuation_parking,parking:43ebd3cd5d0e98f2f995,경상북도,칠곡군,석전2리 임시공영 주차장,,경상북도 칠곡군 왜관읍 석전리 835,36.00387065,128.4124591,노외,25,평일+토요일+공휴일,00:01,23:59,무료,경상북도 칠곡군,2026-04-17,,,,,false,전국주차장정보표준데이터,https://www.data.go.kr/data/15012896/standard.do,SOURCE_ONLY
evacuation_parking,parking:45610afa38a788ceafd2,경상북도,칠곡군,왜관 북부 공영주차장,,경상북도 칠곡군 왜관읍 왜관리 216-13,35.99552723,128.4000734,노외,162,평일+토요일+공휴일,00:01,23:59,혼합,경상북도 칠곡군,2026-04-17,,,,,false,전국주차장정보표준데이터,https://www.data.go.kr/data/15012896/standard.do,SOURCE_ONLY
evacuation_parking,parking:48b5c8115519fd2218ac,경상북도,칠곡군,광암교 옆 공영주차장,,경상북도 칠곡군 석적읍 중리 635-4,36.07854157,128.4021192,노외,30,평일+토요일+공휴일,00:01,23:59,무료,경상북도 칠곡군,2026-04-17,,,,,false,전국주차장정보표준데이터,https://www.data.go.kr/data/15012896/standard.do,SOURCE_ONLY
evacuation_parking,parking:48f4eb93c68ede4853b0,경상북도,칠곡군,약목고가도로밑 공영주차장,,경상북도 칠곡군 약목면 관호리 156-3,36.0204156729,128.3838660961,노외,51,평일+토요일+공휴일,00:01,23:59,무료,경상북도 칠곡군,2026-04-17,,,,,false,전국주차장정보표준데이터,https://www.data.go.kr/data/15012896/standard.do,SOURCE_ONLY
evacuation_parking,parking:49bc9f637eb7a822c7ad,경상북도,칠곡군,다부동전적비,,경상북도 칠곡군 가산면 다부리 285-1,36.04729281,128.5186173,노외,94,평일+토요일+공휴일,00:01,23:59,무료,경상북도 칠곡군,2026-04-17,,,,,false,전국주차장정보표준데이터,https://www.data.go.kr/data/15012896/standard.do,SOURCE_ONLY
evacuation_parking,parking:49f19a6b2bca69eccf8d,경상북도,칠곡군,신동재,,경상북도 칠곡군 지천면 낙산리 산219-3,35.92951531,128.5099837,노외,32,평일+토요일+공휴일,00:01,23:59,무료,경상북도 칠곡군,2026-04-17,,,,,false,전국주차장정보표준데이터,https://www.data.go.kr/data/15012896/standard.do,SOURCE_ONLY
evacuation_parking,parking:4b1af2478859a16d5c88,경상북도,칠곡군,금암리 공영주차장,,경상북도 칠곡군 동명면 금암리 436,35.98866533,128.5544107,노외,14,평일+토요일+공휴일,00:01,23:59,무료,경상북도 칠곡군,2026-04-17,,,,,false,전국주차장정보표준데이터,https://www.data.go.kr/data/15012896/standard.do,SOURCE_ONLY
evacuation_parking,parking:4c5e3c5461bcf0a015dc,경상북도,칠곡군,인평체육공원,,경상북도 칠곡군 북삼읍 인평리 47,36.07266889,128.3409003,노외,124,평일+토요일+공휴일,00:01,23:59,무료,경상북도 칠곡군,2026-04-17,,,,,false,전국주차장정보표준데이터,https://www.data.go.kr/data/15012896/standard.do,SOURCE_ONLY
evacuation_parking,parking:4dd98ac26ec06793720d,경상북도,칠곡군,왜관 북부 공영주차장,,경상북도 칠곡군 왜관읍 왜관리 216-13,35.99552723,128.4000734,노외,162,평일+토요일+공휴일,00:01,23:59,혼합,경상북도 칠곡군,2026-04-17,,,,,false,전국주차장정보표준데이터,https://www.data.go.kr/data/15012896/standard.do,SOURCE_ONLY
evacuation_parking,parking:4de516de5db80dcd7238,경상북도,칠곡군,왜관읍 임시공영주차장,,경상북도 칠곡군 왜관읍 왜관리 308-18,35.9880739,128.4003281,노외,37,평일+토요일+공휴일,00:01,23:59,무료,경상북도 칠곡군,2026-04-17,,,,,false,전국주차장정보표준데이터,https://www.data.go.kr/data/15012896/standard.do,SOURCE_ONLY
evacuation_parking,parking:4e31e1d71a93e9908646,경상북도,칠곡군,신동재,,경상북도 칠곡군 지천면 낙산리 산219-3,35.92951531,128.5099837,노외,32,평일+토요일+공휴일,00:01,23:59,무료,경상북도 칠곡군,2026-04-17,,,,,false,전국주차장정보표준데이터,https://www.data.go.kr/data/15012896/standard.do,SOURCE_ONLY
evacuation_parking,parking:4fb98b652b010ee7535b,경상북도,칠곡군,삼성제침 뒷편 산쪽도로옆,,경상북도 칠곡군 왜관읍 금산리 1008,35.96935675,128.4258735,노외,56,평일+토요일+공휴일,00:01,23:59,무료,경상북도 칠곡군,2026-04-17,,,,,false,전국주차장정보표준데이터,https://www.data.go.kr/data/15012896/standard.do,SOURCE_ONLY
evacuation_parking,parking:53ecb16ab35d4e2341f7,경상북도,칠곡군,송림사 외,,경상북도 칠곡군 동명면 구덕리 88-84,35.98150831,128.5774993,노외,10,평일+토요일+공휴일,00:01,23:59,무료,경상북도 칠곡군,2026-04-17,,,,,false,전국주차장정보표준데이터,https://www.data.go.kr/data/15012896/standard.do,SOURCE_ONLY
evacuation_parking,parking:5420f739be8c6063d4c3,경상북도,칠곡군,석적 공단 공영주차장,,경상북도 칠곡군 석적읍 중리 443-5,36.08133224,128.4039858,노외,64,평일+토요일+공휴일,00:01,23:59,무료,경상북도 칠곡군,2026-04-17,,,,,false,전국주차장정보표준데이터,https://www.data.go.kr/data/15012896/standard.do,SOURCE_ONLY
evacuation_parking,parking:55a9ae9e8c6df95bba25,경상북도,칠곡군,회동마을 공영주차장,,경상북도 칠곡군 왜관읍 왜관리 1356-49,35.99134719,128.4032253,노외,45,평일+토요일+공휴일,00:01,23:59,무료,경상북도 칠곡군,2026-04-17,,,,,false,전국주차장정보표준데이터,https://www.data.go.kr/data/15012896/standard.do,SOURCE_ONLY
evacuation_parking,parking:5618f204312587d2e305,경상북도,칠곡군,신유장군유적지 앞,,경상북도 칠곡군 약목면 남계리 산21-5,36.02736287,128.350652,노외,9,평일+토요일+공휴일,00:01,23:59,무료,경상북도 칠곡군,2026-04-17,,,,,false,전국주차장정보표준데이터,https://www.data.go.kr/data/15012896/standard.do,SOURCE_ONLY
evacuation_parking,parking:565b07599c5d2d30e09d,경상북도,칠곡군,왜관11리 마을 주차장,,경상북도 칠곡군 왜관읍 왜관리 347-10,35.98669721,128.405838,노외,35,평일+토요일+공휴일,00:01,23:59,무료,경상북도 칠곡군,2026-04-17,,,,,false,전국주차장정보표준데이터,https://www.data.go.kr/data/15012896/standard.do,SOURCE_ONLY
evacuation_parking,parking:5a72b374865f0cedddca,경상북도,칠곡군,읍사무소 노상주차장,,경상북도 칠곡군 왜관읍 왜관리 281-192,35.98919593,128.39768,노상,4,평일+토요일+공휴일,00:01,23:59,무료,경상북도 칠곡군,2026-04-17,,,,,false,전국주차장정보표준데이터,https://www.data.go.kr/data/15012896/standard.do,SOURCE_ONLY
evacuation_parking,parking:5d88450132159e3f7a57,경상북도,칠곡군,신동역 앞,,경상북도 칠곡군 지천면 신리 506-28,35.95543781,128.486607,노외,40,평일+토요일+공휴일,00:01,23:59,무료,경상북도 칠곡군,2026-04-17,,,,,false,전국주차장정보표준데이터,https://www.data.go.kr/data/15012896/standard.do,SOURCE_ONLY
evacuation_parking,parking:5ea0925e95f099a67c05,경상북도,칠곡군,삼주강변타운 공영주차장,,경상북도 칠곡군 약목면 관호리 951,36.0020725312,128.3882442572,노외,96,평일+토요일+공휴일,00:01,23:59,무료,경상북도 칠곡군,2026-04-17,,,,,false,전국주차장정보표준데이터,https://www.data.go.kr/data/15012896/standard.do,SOURCE_ONLY
evacuation_parking,parking:5edf5e2e269cc049d1e7,경상북도,칠곡군,가산산성 남문,,경상북도 칠곡군 동명면 남원리 산1-1,36.02079127,128.5909281,노외,42,평일+토요일+공휴일,00:01,23:59,무료,경상북도 칠곡군,2026-04-17,,,,,false,전국주차장정보표준데이터,https://www.data.go.kr/data/15012896/standard.do,SOURCE_ONLY
evacuation_parking,parking:636eaa6d6b000dd87d3e,경상북도,칠곡군,왜관초등학교 앞 공영주차장,,경상북도 칠곡군 왜관읍 왜관리 785-25,35.9856710625,128.3950937177,노외,6,평일+토요일+공휴일,00:01,23:59,무료,경상북도 칠곡군,2026-04-17,,,,,false,전국주차장정보표준데이터,https://www.data.go.kr/data/15012896/standard.do,SOURCE_ONLY
evacuation_parking,parking:640d55524bbd8d4cbfaa,경상북도,칠곡군,왜관 남부 공영주차장,,경상북도 칠곡군 왜관읍 왜관리 216-1,35.99189307,128.4000114,노외,197,평일+토요일+공휴일,00:01,23:59,혼합,경상북도 칠곡군,2026-04-17,,,,,false,전국주차장정보표준데이터,https://www.data.go.kr/data/15012896/standard.do,SOURCE_ONLY
evacuation_parking,parking:64cdb54a3f6e2e58695a,경상북도,칠곡군,북삼읍 노상주차장,,경상북도 칠곡군 북삼읍 인평리 1117,36.06861861,128.3464719,노상,35,평일+토요일+공휴일,00:01,23:59,무료,경상북도 칠곡군,2026-04-17,,,,,false,전국주차장정보표준데이터,https://www.data.go.kr/data/15012896/standard.do,SOURCE_ONLY
evacuation_parking,parking:6688cc84eaca8826c8b6,경상북도,칠곡군,평장노인회관 앞 주차장,,경상북도 칠곡군 왜관읍 왜관리 646-1,35.98669563,128.4082127,노외,30,평일+토요일+공휴일,00:01,23:59,무료,경상북도 칠곡군,2026-04-17,,,,,false,전국주차장정보표준데이터,https://www.data.go.kr/data/15012896/standard.do,SOURCE_ONLY
evacuation_parking,parking:66bc2f85346fdf88844d,경상북도,칠곡군,송림사 내,,경상북도 칠곡군 동명면 구덕리 88-47,35.98149252,128.5767378,노외,70,평일+토요일+공휴일,00:01,23:59,무료,경상북도 칠곡군,2026-04-17,,,,,false,전국주차장정보표준데이터,https://www.data.go.kr/data/15012896/standard.do,SOURCE_ONLY
evacuation_parking,parking:67092acc9a1e30633f03,경상북도,칠곡군,석적농협 앞 공영주차장,,경상북도 칠곡군 석적읍 남율리 751-2,36.0760760819,128.3953828941,노외,36,평일+토요일+공휴일,00:01,23:59,무료,경상북도 칠곡군,2026-04-17,,,,,false,전국주차장정보표준데이터,https://www.data.go.kr/data/15012896/standard.do,SOURCE_ONLY
evacuation_parking,parking:6bff4d6a19d9b728fff1,경상북도,칠곡군,석적읍중리 노상주차장,,경상북도 칠곡군 석적읍 중리 284,36.0776855211,128.414300975,노상,216,평일+토요일+공휴일,00:01,23:59,무료,경상북도 칠곡군,2026-04-17,,,,,false,전국주차장정보표준데이터,https://www.data.go.kr/data/15012896/standard.do,SOURCE_ONLY
evacuation_parking,parking:6d2967c65478343a4446,경상북도,칠곡군,영남 정형외과 뒤,,"경상북도 칠곡군 약목면 복성리 853-1, 847-25",36.0343429,128.3645776,노외,10,평일+토요일+공휴일,00:01,23:59,무료,경상북도 칠곡군,2026-04-17,,,,,false,전국주차장정보표준데이터,https://www.data.go.kr/data/15012896/standard.do,SOURCE_ONLY
evacuation_parking,parking:6e4d079480af748662a0,경상북도,칠곡군,왜관읍 임시공영주차장,,경상북도 칠곡군 왜관읍 왜관리 308-18,35.9880739,128.4003281,노외,37,평일+토요일+공휴일,00:01,23:59,무료,경상북도 칠곡군,2026-04-17,,,,,false,전국주차장정보표준데이터,https://www.data.go.kr/data/15012896/standard.do,SOURCE_ONLY
evacuation_parking,parking:6eec0fa3ad2b43fdd4ce,경상북도,칠곡군,왜관11리 마을 주차장,,경상북도 칠곡군 왜관읍 왜관리 347-10,35.98669721,128.405838,노외,35,평일+토요일+공휴일,00:01,23:59,무료,경상북도 칠곡군,2026-04-17,,,,,false,전국주차장정보표준데이터,https://www.data.go.kr/data/15012896/standard.do,SOURCE_ONLY
evacuation_parking,parking:721fb9959def433ca072,경상북도,칠곡군,(임시)중리 공영주차장,,경상북도 칠곡군 석적읍 중리 244-6,36.07409825,128.4143868,노외,17,평일+토요일+공휴일,00:01,23:59,무료,경상북도 칠곡군,2026-04-17,,,,,false,전국주차장정보표준데이터,https://www.data.go.kr/data/15012896/standard.do,SOURCE_ONLY
evacuation_parking,parking:73f40b816b705339d2ca,경상북도,칠곡군,대덕정공앞,,경상북도 칠곡군 왜관읍 금산리 1005,35.96810551,128.4116148,노외,64,평일+토요일+공휴일,00:01,23:59,무료,경상북도 칠곡군,2026-04-17,,,,,false,전국주차장정보표준데이터,https://www.data.go.kr/data/15012896/standard.do,SOURCE_ONLY
evacuation_parking,parking:764f011125879c0df5bb,경상북도,칠곡군,아곡리 안찔,,경상북도 칠곡군 왜관읍 아곡리 538-2,36.01051567,128.4241916,노외,10,평일+토요일+공휴일,00:01,23:59,무료,경상북도 칠곡군,2026-04-17,,,,,false,전국주차장정보표준데이터,https://www.data.go.kr/data/15012896/standard.do,SOURCE_ONLY
evacuation_parking,parking:79a80298e848a4d4063f,경상북도,칠곡군,왜관초등학교 앞 공영주차장,,경상북도 칠곡군 왜관읍 왜관리 785-25,35.9856710625,128.3950937177,노외,6,평일+토요일+공휴일,00:01,23:59,무료,경상북도 칠곡군,2026-04-17,,,,,false,전국주차장정보표준데이터,https://www.data.go.kr/data/15012896/standard.do,SOURCE_ONLY
evacuation_parking,parking:7a5b738b4c9d3ad04a23,경상북도,칠곡군,왜관시장 후문 공영주차장,,경상북도 칠곡군 왜관읍 왜관리 210-24,35.99522245,128.396511,노외,85,평일+토요일+공휴일,00:01,23:59,혼합,경상북도 칠곡군,2026-04-17,,,,,false,전국주차장정보표준데이터,https://www.data.go.kr/data/15012896/standard.do,SOURCE_ONLY
evacuation_parking,parking:7a9a359d2d2a161eab1d,경상북도,칠곡군,가산산성 진남문,,경상북도 칠곡군 동명면 남원리 625-1,36.01931139,128.5893112,노외,127,평일+토요일+공휴일,00:01,23:59,무료,경상북도 칠곡군,2026-04-17,,,,,false,전국주차장정보표준데이터,https://www.data.go.kr/data/15012896/standard.do,SOURCE_ONLY
evacuation_parking,parking:7ba47ccf310b26ce5543,경상북도,칠곡군,신동역 앞,,경상북도 칠곡군 지천면 신리 506-28,35.95543781,128.486607,노외,40,평일+토요일+공휴일,00:01,23:59,무료,경상북도 칠곡군,2026-04-17,,,,,false,전국주차장정보표준데이터,https://www.data.go.kr/data/15012896/standard.do,SOURCE_ONLY
evacuation_parking,parking:7e3bcdadd8c6347afc1d,경상북도,칠곡군,동정천 공영주차장,,경상북도 칠곡군 왜관읍 왜관리 1190-6,35.978601956,128.3983586107,노외,62,평일+토요일+공휴일,00:01,23:59,무료,경상북도 칠곡군,2026-04-17,,,,,false,전국주차장정보표준데이터,https://www.data.go.kr/data/15012896/standard.do,SOURCE_ONLY
evacuation_parking,parking:7f877f9c6e133c0e5298,경상북도,칠곡군,금오동천 둘레길 공영주차장,,경상북도 칠곡군 북삼읍 숭오리 산31-28,36.06749293,128.297883,노외,20,평일+토요일+공휴일,00:01,23:59,무료,경상북도 칠곡군,2026-04-17,,,,,false,전국주차장정보표준데이터,https://www.data.go.kr/data/15012896/standard.do,SOURCE_ONLY
evacuation_parking,parking:8075a04fdb284ad03f71,경상북도,칠곡군,경남산업 앞,,경상북도 칠곡군 왜관읍 금산리 1006-2,35.96339328,128.4207249,노외,20,평일+토요일+공휴일,00:01,23:59,무료,경상북도 칠곡군,2026-04-17,,,,,false,전국주차장정보표준데이터,https://www.data.go.kr/data/15012896/standard.do,SOURCE_ONLY
evacuation_parking,parking:80de055bd4e607ac7dd7,경상북도,칠곡군,왜관성당 주변 노상주차장,,경상북도 칠곡군 왜관읍 왜관리 281-186,35.9877956996,128.3975633106,노상,34,평일+토요일+공휴일,00:01,23:59,무료,경상북도 칠곡군,2026-04-17,,,,,false,전국주차장정보표준데이터,https://www.data.go.kr/data/15012896/standard.do,SOURCE_ONLY
evacuation_parking,parking:82e81df44a53f7515dbd,경상북도,칠곡군,읍사무소 노상주차장,,경상북도 칠곡군 왜관읍 왜관리 281-192,35.98919593,128.39768,노상,4,평일+토요일+공휴일,00:01,23:59,무료,경상북도 칠곡군,2026-04-17,,,,,false,전국주차장정보표준데이터,https://www.data.go.kr/data/15012896/standard.do,SOURCE_ONLY
evacuation_parking,parking:84312050ea7349e7d8dc,경상북도,칠곡군,군청 앞 공영주차장,,경상북도 칠곡군 왜관읍 왜관리 216-9,35.99398403,128.4009004,노외,85,평일+토요일+공휴일,00:01,23:59,무료,경상북도 칠곡군,2026-04-17,,,,,false,전국주차장정보표준데이터,https://www.data.go.kr/data/15012896/standard.do,SOURCE_ONLY
evacuation_parking,parking:880bf03b73d7e0b505f8,경상북도,칠곡군,백남소하천 공영주차장,,경상북도 칠곡군 왜관읍 왜관리 590-1,35.9865717692,128.4128213579,노외,123,평일+토요일+공휴일,00:01,23:59,무료,경상북도 칠곡군,2026-04-17,,,,,false,전국주차장정보표준데이터,https://www.data.go.kr/data/15012896/standard.do,SOURCE_ONLY
evacuation_parking,parking:8923644011a4dd9bf76b,경상북도,칠곡군,가산산성 진남문,,경상북도 칠곡군 동명면 남원리 625-1,36.01931139,128.5893112,노외,127,평일+토요일+공휴일,00:01,23:59,무료,경상북도 칠곡군,2026-04-17,,,,,false,전국주차장정보표준데이터,https://www.data.go.kr/data/15012896/standard.do,SOURCE_ONLY
evacuation_parking,parking:8a9a1065f978e90a620e,경상북도,칠곡군,송림사 내,,경상북도 칠곡군 동명면 구덕리 88-47,35.98149252,128.5767378,노외,70,평일+토요일+공휴일,00:01,23:59,무료,경상북도 칠곡군,2026-04-17,,,,,false,전국주차장정보표준데이터,https://www.data.go.kr/data/15012896/standard.do,SOURCE_ONLY
evacuation_parking,parking:8b99c1420666d1253060,경상북도,칠곡군,백남소하천 공영주차장,,경상북도 칠곡군 왜관읍 왜관리 590-1,35.9865717692,128.4128213579,노외,123,평일+토요일+공휴일,00:01,23:59,무료,경상북도 칠곡군,2026-04-17,,,,,false,전국주차장정보표준데이터,https://www.data.go.kr/data/15012896/standard.do,SOURCE_ONLY
evacuation_parking,parking:8bef453c392590e2afdd,경상북도,칠곡군,어르신전당 앞,,경상북도 칠곡군 왜관읍 왜관리 273-1,35.98957566,128.3974541,노외,25,평일+토요일+공휴일,00:01,23:59,무료,경상북도 칠곡군,2026-04-17,,,,,false,전국주차장정보표준데이터,https://www.data.go.kr/data/15012896/standard.do,SOURCE_ONLY
evacuation_parking,parking:8c669d72da3fb288488d,경상북도,칠곡군,석적읍사무소,,경상북도 칠곡군 석적읍 남율리 895,36.0667909,128.4009751,노외,129,평일+토요일+공휴일,00:01,23:59,무료,경상북도 칠곡군,2026-04-17,,,,,false,전국주차장정보표준데이터,https://www.data.go.kr/data/15012896/standard.do,SOURCE_ONLY
evacuation_parking,parking:9313d0c2668d779cd7d5,경상북도,칠곡군,읍사무소 뒤 공영주차장,,경상북도 칠곡군 왜관읍 왜관리 277-18,35.9891151645,128.398414781,노외,12,평일+토요일+공휴일,00:01,23:59,무료,경상북도 칠곡군,2026-04-17,,,,,false,전국주차장정보표준데이터,https://www.data.go.kr/data/15012896/standard.do,SOURCE_ONLY
evacuation_parking,parking:94fe116820812e053bea,경상북도,칠곡군,회동마을 공영주차장,,경상북도 칠곡군 왜관읍 왜관리 1356-49,35.99134719,128.4032253,노외,45,평일+토요일+공휴일,00:01,23:59,무료,경상북도 칠곡군,2026-04-17,,,,,false,전국주차장정보표준데이터,https://www.data.go.kr/data/15012896/standard.do,SOURCE_ONLY
evacuation_parking,parking:97e1440d5e85e78bef2d,경상북도,칠곡군,왜관성당 주변 노상주차장,,경상북도 칠곡군 왜관읍 왜관리 281-186,35.9877956996,128.3975633106,노상,34,평일+토요일+공휴일,00:01,23:59,무료,경상북도 칠곡군,2026-04-17,,,,,false,전국주차장정보표준데이터,https://www.data.go.kr/data/15012896/standard.do,SOURCE_ONLY
evacuation_parking,parking:9a41a66b5c5c3d61ce0a,경상북도,칠곡군,왜관 남부 공영주차장,,경상북도 칠곡군 왜관읍 왜관리 216-1,35.99189307,128.4000114,노외,197,평일+토요일+공휴일,00:01,23:59,혼합,경상북도 칠곡군,2026-04-17,,,,,false,전국주차장정보표준데이터,https://www.data.go.kr/data/15012896/standard.do,SOURCE_ONLY
evacuation_parking,parking:9af61793c4c127cda48a,경상북도,칠곡군,중리 공영주차장,,경상북도 칠곡군 석적읍 중리 493-13,36.0786342555,128.4085416006,노외,141,평일+토요일+공휴일,00:01,23:59,무료,경상북도 칠곡군,2026-04-17,,,,,false,전국주차장정보표준데이터,https://www.data.go.kr/data/15012896/standard.do,SOURCE_ONLY
evacuation_parking,parking:9c6cd8b8e856773fe015,경상북도,칠곡군,중리 원마트 앞 공영주차장,,경상북도 칠곡군 석적읍 중리 884-162,36.0754429,128.407451,노외,33,평일+토요일+공휴일,00:01,23:59,무료,경상북도 칠곡군,2026-04-17,,,,,false,전국주차장정보표준데이터,https://www.data.go.kr/data/15012896/standard.do,SOURCE_ONLY
evacuation_parking,parking:9d21ce62057eec0020a7,경상북도,칠곡군,석적읍사무소,,경상북도 칠곡군 석적읍 남율리 895,36.0667909,128.4009751,노외,129,평일+토요일+공휴일,00:01,23:59,무료,경상북도 칠곡군,2026-04-17,,,,,false,전국주차장정보표준데이터,https://www.data.go.kr/data/15012896/standard.do,SOURCE_ONLY
evacuation_parking,parking:9d7fc32e7d7e3ac79b74,경상북도,칠곡군,왜관 주조장 공영주차장,,경상북도 칠곡군 왜관읍 왜관리 288-1,35.9895656911,128.3988661928,노외,63,평일+토요일+공휴일,00:01,23:59,무료,경상북도 칠곡군,2026-04-17,,,,,false,전국주차장정보표준데이터,https://www.data.go.kr/data/15012896/standard.do,SOURCE_ONLY
evacuation_parking,parking:9f782229779b3ba89c9d,경상북도,칠곡군,삼주강변타운 공영주차장,,경상북도 칠곡군 약목면 관호리 951,36.0020725312,128.3882442572,노외,96,평일+토요일+공휴일,00:01,23:59,무료,경상북도 칠곡군,2026-04-17,,,,,false,전국주차장정보표준데이터,https://www.data.go.kr/data/15012896/standard.do,SOURCE_ONLY
evacuation_parking,parking:a06772c1a89d10b94ed2,경상북도,칠곡군,칠곡도서관 앞 공영주차장,,경상북도 칠곡군 왜관읍 왜관리 1542,35.9758274,128.3995016,노외,44,평일+토요일+공휴일,00:01,23:59,무료,경상북도 칠곡군,2026-04-17,,,,,false,전국주차장정보표준데이터,https://www.data.go.kr/data/15012896/standard.do,SOURCE_ONLY
evacuation_parking,parking:a34397c00e1175c61fe8,경상북도,칠곡군,인평체육공원,,경상북도 칠곡군 북삼읍 인평리 47,36.07266889,128.3409003,노외,124,평일+토요일+공휴일,00:01,23:59,무료,경상북도 칠곡군,2026-04-17,,,,,false,전국주차장정보표준데이터,https://www.data.go.kr/data/15012896/standard.do,SOURCE_ONLY
evacuation_parking,parking:a6d29ce57058b72f918d,경상북도,칠곡군,북삼읍 노상주차장,,경상북도 칠곡군 북삼읍 인평리 1117,36.06861861,128.3464719,노상,35,평일+토요일+공휴일,00:01,23:59,무료,경상북도 칠곡군,2026-04-17,,,,,false,전국주차장정보표준데이터,https://www.data.go.kr/data/15012896/standard.do,SOURCE_ONLY
evacuation_parking,parking:a74d556bdf117ece6785,경상북도,칠곡군,남부지구대 뒤편 주차장,,경상북도 칠곡군 왜관읍 왜관리 265,35.99070932,128.3971207,노외,60,평일+토요일+공휴일,00:01,23:59,무료,경상북도 칠곡군,2026-04-17,,,,,false,전국주차장정보표준데이터,https://www.data.go.kr/data/15012896/standard.do,SOURCE_ONLY
evacuation_parking,parking:a76404920ce74c361675,경상북도,칠곡군,영남 정형외과 뒤,,"경상북도 칠곡군 약목면 복성리 853-1, 847-25",36.0343429,128.3645776,노외,10,평일+토요일+공휴일,00:01,23:59,무료,경상북도 칠곡군,2026-04-17,,,,,false,전국주차장정보표준데이터,https://www.data.go.kr/data/15012896/standard.do,SOURCE_ONLY
evacuation_parking,parking:a85e5254708eb61847f4,경상북도,칠곡군,삼성제침 뒷편 산쪽도로옆,,경상북도 칠곡군 왜관읍 금산리 1008,35.96935675,128.4258735,노외,56,평일+토요일+공휴일,00:01,23:59,무료,경상북도 칠곡군,2026-04-17,,,,,false,전국주차장정보표준데이터,https://www.data.go.kr/data/15012896/standard.do,SOURCE_ONLY
evacuation_parking,parking:a8dbc797486c1f71470f,경상북도,칠곡군,(임시)중리 공영주차장,,경상북도 칠곡군 석적읍 중리 245-9,36.07405963,128.4147107,노외,10,평일+토요일+공휴일,00:01,23:59,무료,경상북도 칠곡군,2026-04-17,,,,,false,전국주차장정보표준데이터,https://www.data.go.kr/data/15012896/standard.do,SOURCE_ONLY
evacuation_parking,parking:aae8e0c0d097e961c2ed,경상북도,칠곡군,석적농협 앞 공영주차장,,경상북도 칠곡군 석적읍 남율리 751-2,36.0760760819,128.3953828941,노외,36,평일+토요일+공휴일,00:01,23:59,무료,경상북도 칠곡군,2026-04-17,,,,,false,전국주차장정보표준데이터,https://www.data.go.kr/data/15012896/standard.do,SOURCE_ONLY
evacuation_parking,parking:b33ac81477456a23ecb7,경상북도,칠곡군,한티재,,경상북도 칠곡군 동명면 득명리 산108-1,36.02054305,128.6299604,노외,120,평일+토요일+공휴일,00:01,23:59,무료,경상북도 칠곡군,2026-04-17,,,,,false,전국주차장정보표준데이터,https://www.data.go.kr/data/15012896/standard.do,SOURCE_ONLY
evacuation_parking,parking:b3919537541b6f2f7af5,경상북도,칠곡군,금오동천 둘레길 공영주차장,,경상북도 칠곡군 북삼읍 숭오리 산31-28,36.06749293,128.297883,노외,20,평일+토요일+공휴일,00:01,23:59,무료,경상북도 칠곡군,2026-04-17,,,,,false,전국주차장정보표준데이터,https://www.data.go.kr/data/15012896/standard.do,SOURCE_ONLY
evacuation_parking,parking:b600d5c84aaa50445433,경상북도,칠곡군,주공3단지 앞 공영주차장,,경상북도 칠곡군 왜관읍 왜관리 591,35.98811836,128.412971,노외,44,평일+토요일+공휴일,00:01,23:59,무료,경상북도 칠곡군,2026-04-17,,,,,false,전국주차장정보표준데이터,https://www.data.go.kr/data/15012896/standard.do,SOURCE_ONLY
evacuation_parking,parking:b8fbc8b6d572e88f9e10,경상북도,칠곡군,낙화담,,경상북도 칠곡군 지천면 창평리 629-1,35.97044637,128.4897782,노외,36,평일+토요일+공휴일,00:01,23:59,무료,경상북도 칠곡군,2026-04-17,,,,,false,전국주차장정보표준데이터,https://www.data.go.kr/data/15012896/standard.do,SOURCE_ONLY
evacuation_parking,parking:bc3e55598a21419f6904,경상북도,칠곡군,약목두만천 공영주차장,,경상북도 칠곡군 약목면 남계리 1097-1,36.03034134,128.3621827,노외,107,평일+토요일+공휴일,00:01,23:59,무료,경상북도 칠곡군,2026-04-17,,,,,false,전국주차장정보표준데이터,https://www.data.go.kr/data/15012896/standard.do,SOURCE_ONLY
evacuation_parking,parking:c051e4aaae6192ba0319,경상북도,칠곡군,칠곡군 석전리 공영주차장,,경상북도 칠곡군 왜관읍 석전리 730-9,35.99627704,128.4031789,노외,270,평일+토요일+공휴일,00:01,23:59,무료,경상북도 칠곡군,2026-04-17,,,,,false,전국주차장정보표준데이터,https://www.data.go.kr/data/15012896/standard.do,SOURCE_ONLY
evacuation_parking,parking:c1f88c94e08d2e02d7eb,경상북도,칠곡군,대원바이오텍,,경상북도 칠곡군 왜관읍 금산리 1006,35.96358473,128.4132088,노외,53,평일+토요일+공휴일,00:01,23:59,무료,경상북도 칠곡군,2026-04-17,,,,,false,전국주차장정보표준데이터,https://www.data.go.kr/data/15012896/standard.do,SOURCE_ONLY
evacuation_parking,parking:c9be9625d33228865715,경상북도,칠곡군,가산산성 남문,,경상북도 칠곡군 동명면 남원리 산1-1,36.02079127,128.5909281,노외,42,평일+토요일+공휴일,00:01,23:59,무료,경상북도 칠곡군,2026-04-17,,,,,false,전국주차장정보표준데이터,https://www.data.go.kr/data/15012896/standard.do,SOURCE_ONLY
evacuation_parking,parking:cb8447912d695f44f5b2,경상북도,칠곡군,한티재,,경상북도 칠곡군 동명면 득명리 산108-1,36.02054305,128.6299604,노외,120,평일+토요일+공휴일,00:01,23:59,무료,경상북도 칠곡군,2026-04-17,,,,,false,전국주차장정보표준데이터,https://www.data.go.kr/data/15012896/standard.do,SOURCE_ONLY
evacuation_parking,parking:cbe6880169fbf1a3c015,경상북도,칠곡군,미성빌라 옆 주차장,,경상북도 칠곡군 북삼읍 인평리 1097-6,36.06722636,128.3482323,노외,20,평일+토요일+공휴일,00:01,23:59,무료,경상북도 칠곡군,2026-04-17,,,,,false,전국주차장정보표준데이터,https://www.data.go.kr/data/15012896/standard.do,SOURCE_ONLY
evacuation_parking,parking:cc6ee5ec121d243e5fec,경상북도,칠곡군,왜관시장 후문 공영주차장,,경상북도 칠곡군 왜관읍 왜관리 210-24,35.99522245,128.396511,노외,85,평일+토요일+공휴일,00:01,23:59,혼합,경상북도 칠곡군,2026-04-17,,,,,false,전국주차장정보표준데이터,https://www.data.go.kr/data/15012896/standard.do,SOURCE_ONLY
evacuation_parking,parking:ce14abec1683050b1757,경상북도,칠곡군,동정천 공영주차장,,경상북도 칠곡군 왜관읍 왜관리 1190-6,35.978601956,128.3983586107,노외,62,평일+토요일+공휴일,00:01,23:59,무료,경상북도 칠곡군,2026-04-17,,,,,false,전국주차장정보표준데이터,https://www.data.go.kr/data/15012896/standard.do,SOURCE_ONLY
evacuation_parking,parking:d4768b8396476196f8dc,경상북도,칠곡군,미성빌라 옆 주차장,,경상북도 칠곡군 북삼읍 인평리 1097-6,36.06722636,128.3482323,노외,20,평일+토요일+공휴일,00:01,23:59,무료,경상북도 칠곡군,2026-04-17,,,,,false,전국주차장정보표준데이터,https://www.data.go.kr/data/15012896/standard.do,SOURCE_ONLY
evacuation_parking,parking:d839768250735cf0b00f,경상북도,칠곡군,군청 앞 공영주차장,,경상북도 칠곡군 왜관읍 왜관리 216-9,35.99398403,128.4009004,노외,85,평일+토요일+공휴일,00:01,23:59,무료,경상북도 칠곡군,2026-04-17,,,,,false,전국주차장정보표준데이터,https://www.data.go.kr/data/15012896/standard.do,SOURCE_ONLY
evacuation_parking,parking:df9c90181c5adc4ae1e5,경상북도,칠곡군,다부동전적비,,경상북도 칠곡군 가산면 다부리 285-1,36.04729281,128.5186173,노외,94,평일+토요일+공휴일,00:01,23:59,무료,경상북도 칠곡군,2026-04-17,,,,,false,전국주차장정보표준데이터,https://www.data.go.kr/data/15012896/standard.do,SOURCE_ONLY
evacuation_parking,parking:e2acf3c0062eac50ecca,경상북도,칠곡군,중앙로9길 공영주차장,,경상북도 칠곡군 왜관읍 왜관리 262-75,35.99117185,128.396526,노외,12,평일+토요일+공휴일,00:01,23:59,무료,경상북도 칠곡군,2026-04-17,,,,,false,전국주차장정보표준데이터,https://www.data.go.kr/data/15012896/standard.do,SOURCE_ONLY
evacuation_parking,parking:e2adec9be772439f3b12,경상북도,칠곡군,화진금봉아파트 옆 건너 산쪽,,경상북도 칠곡군 북삼읍 인평리 711-2,36.06307669,128.3335672,노외,26,평일+토요일+공휴일,00:01,23:59,무료,경상북도 칠곡군,2026-04-17,,,,,false,전국주차장정보표준데이터,https://www.data.go.kr/data/15012896/standard.do,SOURCE_ONLY
evacuation_parking,parking:e4936d0b59f2364b925a,경상북도,칠곡군,중리 원마트 앞 공영주차장,,경상북도 칠곡군 석적읍 중리 884-162,36.0754429,128.407451,노외,33,평일+토요일+공휴일,00:01,23:59,무료,경상북도 칠곡군,2026-04-17,,,,,false,전국주차장정보표준데이터,https://www.data.go.kr/data/15012896/standard.do,SOURCE_ONLY
evacuation_parking,parking:e4a1ae223d42eef2dc20,경상북도,칠곡군,금화계곡,,경상북도 칠곡군 가산면 금화리 산49-9,36.0514130924,128.5539452652,노외,46,평일+토요일+공휴일,00:01,23:59,무료,경상북도 칠곡군,2026-04-17,,,,,false,전국주차장정보표준데이터,https://www.data.go.kr/data/15012896/standard.do,SOURCE_ONLY
evacuation_parking,parking:e52ad1637bcbacf2970d,경상북도,칠곡군,누릿재,,경상북도 칠곡군 동명면 남원리 산173,36.0037715682,128.5766282318,노외,24,평일+토요일+공휴일,00:01,23:59,무료,경상북도 칠곡군,2026-04-17,,,,,false,전국주차장정보표준데이터,https://www.data.go.kr/data/15012896/standard.do,SOURCE_ONLY
evacuation_parking,parking:e5bb8f9902c5edbe808c,경상북도,칠곡군,지천역 앞,,경상북도 칠곡군 지천면 용산리 632-30,35.89765666,128.5003318,노외,18,평일+토요일+공휴일,00:01,23:59,무료,경상북도 칠곡군,2026-04-17,,,,,false,전국주차장정보표준데이터,https://www.data.go.kr/data/15012896/standard.do,SOURCE_ONLY
evacuation_parking,parking:e96546c96ef66bb3e7fe,경상북도,칠곡군,화진금봉아파트 옆 건너 산쪽,,경상북도 칠곡군 북삼읍 인평리 711-2,36.06307669,128.3335672,노외,26,평일+토요일+공휴일,00:01,23:59,무료,경상북도 칠곡군,2026-04-17,,,,,false,전국주차장정보표준데이터,https://www.data.go.kr/data/15012896/standard.do,SOURCE_ONLY
evacuation_parking,parking:ea55d6a5e36d47d2e0fa,경상북도,칠곡군,대덕정공앞,,경상북도 칠곡군 왜관읍 금산리 1005,35.96810551,128.4116148,노외,64,평일+토요일+공휴일,00:01,23:59,무료,경상북도 칠곡군,2026-04-17,,,,,false,전국주차장정보표준데이터,https://www.data.go.kr/data/15012896/standard.do,SOURCE_ONLY
evacuation_parking,parking:ee49aa107bda9c83ce1f,경상북도,칠곡군,주공3단지 앞 공영주차장,,경상북도 칠곡군 왜관읍 왜관리 591,35.98811836,128.412971,노외,44,평일+토요일+공휴일,00:01,23:59,무료,경상북도 칠곡군,2026-04-17,,,,,false,전국주차장정보표준데이터,https://www.data.go.kr/data/15012896/standard.do,SOURCE_ONLY
evacuation_parking,parking:ee74d4cf5f57f28d6423,경상북도,칠곡군,남부지구대 뒤편 주차장,,경상북도 칠곡군 왜관읍 왜관리 265,35.99070932,128.3971207,노외,60,평일+토요일+공휴일,00:01,23:59,무료,경상북도 칠곡군,2026-04-17,,,,,false,전국주차장정보표준데이터,https://www.data.go.kr/data/15012896/standard.do,SOURCE_ONLY
evacuation_parking,parking:f004729a339f9e9b3cfb,경상북도,칠곡군,중리 공영주차장,,경상북도 칠곡군 석적읍 중리 493-13,36.0786342555,128.4085416006,노외,141,평일+토요일+공휴일,00:01,23:59,무료,경상북도 칠곡군,2026-04-17,,,,,false,전국주차장정보표준데이터,https://www.data.go.kr/data/15012896/standard.do,SOURCE_ONLY
evacuation_parking,parking:f31c7b0ea16d876f2b20,경상북도,칠곡군,왜관역앞 노상주차장,,경상북도 칠곡군 왜관읍 왜관리 230-55,35.9923992642,128.399484599,노상,21,평일+토요일+공휴일,00:01,23:59,무료,경상북도 칠곡군,2026-04-17,,,,,false,전국주차장정보표준데이터,https://www.data.go.kr/data/15012896/standard.do,SOURCE_ONLY
evacuation_parking,parking:f361a129eb0ca8f71fd0,경상북도,칠곡군,광암교 옆 공영주차장,,경상북도 칠곡군 석적읍 중리 635-4,36.07854157,128.4021192,노외,30,평일+토요일+공휴일,00:01,23:59,무료,경상북도 칠곡군,2026-04-17,,,,,false,전국주차장정보표준데이터,https://www.data.go.kr/data/15012896/standard.do,SOURCE_ONLY
evacuation_parking,parking:f944d756a6f0658a4e8b,경상북도,칠곡군,왜관2주공아파트 앞 노상주차장,,경상북도 칠곡군 왜관읍 왜관리 780-121,35.9820392419,128.3966875131,노상,10,평일+토요일+공휴일,00:01,23:59,무료,경상북도 칠곡군,2026-04-17,,,,,false,전국주차장정보표준데이터,https://www.data.go.kr/data/15012896/standard.do,SOURCE_ONLY
evacuation_parking,parking:f96cda9c56d302ca183d,경상북도,칠곡군,약목두만천 공영주차장,,경상북도 칠곡군 약목면 남계리 1097-1,36.03034134,128.3621827,노외,107,평일+토요일+공휴일,00:01,23:59,무료,경상북도 칠곡군,2026-04-17,,,,,false,전국주차장정보표준데이터,https://www.data.go.kr/data/15012896/standard.do,SOURCE_ONLY
evacuation_parking,parking:fc293c5e31a1abb5ef5c,경상북도,칠곡군,왜관 주조장 공영주차장,,경상북도 칠곡군 왜관읍 왜관리 288-1,35.9895656911,128.3988661928,노외,63,평일+토요일+공휴일,00:01,23:59,무료,경상북도 칠곡군,2026-04-17,,,,,false,전국주차장정보표준데이터,https://www.data.go.kr/data/15012896/standard.do,SOURCE_ONLY
evacuation_parking,parking:fe71b1977e73858a173e,경상북도,칠곡군,로얄3차앞 공영주차장,,경상북도 칠곡군 왜관읍 왜관리 775-9,35.98447222,128.3996738,노외,45,평일+토요일+공휴일,00:01,23:59,무료,경상북도 칠곡군,2026-04-17,,,,,false,전국주차장정보표준데이터,https://www.data.go.kr/data/15012896/standard.do,SOURCE_ONLY
evacuation_parking,parking:003998dacf160b323c03,경상북도,포항시,죽도시장 제3공영주차장,경상북도 포항시 북구 해동로 167번길 4-11,경상북도 포항시 북구 죽도동 579-1,36.0343041489,129.3697468011,노외,173,평일+토요일+공휴일,07:00,22:00,유료,포항시시설관리공단,2026-05-15,,,,,false,전국주차장정보표준데이터,https://www.data.go.kr/data/15012896/standard.do,SOURCE_ONLY
evacuation_parking,parking:01af90e2340d2324f42b,경상북도,포항시,연일읍 노상4,경상북도 포항시 남구 연일읍 형산강남로326번길 2,경상북도 포항시 남구 연일읍 생지리 57-3,35.99951781,129.3483652,노상,12,평일+토요일+공휴일,00:00,23:59,무료,경상북도 포항시청,2026-04-16,,,,,false,전국주차장정보표준데이터,https://www.data.go.kr/data/15012896/standard.do,SOURCE_ONLY
evacuation_parking,parking:02010bbc79eae7c3f0c0,경상북도,포항시,대이동 노상3,경상북도 포항시 남구 행복길11번길 5-1,,36.01232221,129.3364014,노상,10,평일+토요일+공휴일,00:00,23:59,무료,경상북도 포항시청,2026-04-16,,,,,false,전국주차장정보표준데이터,https://www.data.go.kr/data/15012896/standard.do,SOURCE_ONLY
evacuation_parking,parking:0248f6326579d37e1e92,경상북도,포항시,우창동 노상2,,경상북도 포항시 북구 창포동 633,36.06242594,129.3695819,노상,15,평일+토요일+공휴일,00:00,23:59,무료,경상북도 포항시청,2026-04-16,,,,,false,전국주차장정보표준데이터,https://www.data.go.kr/data/15012896/standard.do,SOURCE_ONLY
evacuation_parking,parking:02b92acdc59e22d52f61,경상북도,포항시,상대동 노상37,,경상북도 포항시 남구 대도동 341-5,36.00547796,129.3606362,노상,40,평일+토요일+공휴일,00:00,23:59,무료,포항시시설관리공단,2026-04-16,,,,,false,전국주차장정보표준데이터,https://www.data.go.kr/data/15012896/standard.do,SOURCE_ONLY
evacuation_parking,parking:02bad3d72fd9e4224a13,경상북도,포항시,상대동 노상8,경상북도 포항시 남구 포스코대로 317-30,,36.01960632,129.3594324,노상,9,평일+토요일+공휴일,00:00,22:00,무료,포항시시설관리공단,2026-04-16,,,,,false,전국주차장정보표준데이터,https://www.data.go.kr/data/15012896/standard.do,SOURCE_ONLY
evacuation_parking,parking:02d9b3f0ccde244fa539,경상북도,포항시,효곡동 노상9,경상북도 포항시 남구 유동길30,,36.00642736,129.3261184,노상,4,평일+토요일+공휴일,00:00,22:00,무료,경상북도 포항시청,2026-04-16,,,,,false,전국주차장정보표준데이터,https://www.data.go.kr/data/15012896/standard.do,SOURCE_ONLY
evacuation_parking,parking:034cd60ad8743ab88e80,경상북도,포항시,상대동 노상34,경상북도 포항시 남구 상대로 154,,36.01288607,129.3631474,노상,17,평일+토요일+공휴일,00:00,23:59,무료,포항시시설관리공단,2026-04-16,,,,,false,전국주차장정보표준데이터,https://www.data.go.kr/data/15012896/standard.do,SOURCE_ONLY
evacuation_parking,parking:0382af200b16bb7a3c57,경상북도,포항시,유료주차장,,경상북도 포항시 북구 죽도동 614-4,36.02439722,129.3579559,노외,92,평일+토요일+공휴일,00:00,23:59,유료,경상북도 포항시청,2026-04-16,,,,,false,전국주차장정보표준데이터,https://www.data.go.kr/data/15012896/standard.do,SOURCE_ONLY
evacuation_parking,parking:0421dfd5b186c409cde9,경상북도,포항시,오거리 공영주차장,경상북도 포항시 북구 죽도시장 4길 22,경상북도 포항시 북구 죽도동 15-4,36.03334173,129.3670105,노외,171,평일+토요일+공휴일,06:00,22:00,유료,포항시시설관리공단,2026-04-16,,,,,false,전국주차장정보표준데이터,https://www.data.go.kr/data/15012896/standard.do,SOURCE_ONLY
evacuation_parking,parking:04281f61c5e308a22caa,경상북도,포항시,기계면 노상2,경상북도 포항시 북구 기계면 근면길 14,경상북도 포항시 북구 기계면 현내리 284,36.07238906,129.2102624,노상,25,평일+토요일+공휴일,00:00,23:59,무료,경상북도 포항시청,2026-04-16,,,,,false,전국주차장정보표준데이터,https://www.data.go.kr/data/15012896/standard.do,SOURCE_ONLY
evacuation_parking,parking:05197047cfe457f268a9,경상북도,포항시,구룡포 아라광장 노외주차장,경상북도 포항시 남구 구룡포읍 호미로 222-1,,35.98926152,129.5556114,노외,74,평일+토요일+공휴일,00:00,23:59,무료,구룡포읍행정복지센터+경상북도 포항시 교통지원과,2026-04-16,,,,,false,전국주차장정보표준데이터,https://www.data.go.kr/data/15012896/standard.do,SOURCE_ONLY
evacuation_parking,parking:0541dbd7e135a1c5710f,경상북도,포항시,효곡동 노상10,경상북도 포항시 남구 유동길30,,36.00642736,129.3261184,노상,31,평일+토요일+공휴일,00:00,22:00,무료,경상북도 포항시청,2026-04-16,,,,,false,전국주차장정보표준데이터,https://www.data.go.kr/data/15012896/standard.do,SOURCE_ONLY
evacuation_parking,parking:05677812b4f045a58a7b,경상북도,포항시,죽도동 노상7,경상북도 포항시 북구 양학천로90,,36.02152255,129.3605812,노상,36,평일+토요일+공휴일,00:00,23:59,무료,경상북도 포항시청,2026-04-16,,,,,false,전국주차장정보표준데이터,https://www.data.go.kr/data/15012896/standard.do,SOURCE_ONLY
evacuation_parking,parking:057ff288788fca715ffd,경상북도,포항시,금하주차장,경상북도 포항시 북구 불종로 24-1,,36.03873403,129.3622313,노외,19,평일+토요일+공휴일,00:00,23:59,유료,경상북도 포항시청,2026-04-16,,,,,false,전국주차장정보표준데이터,https://www.data.go.kr/data/15012896/standard.do,SOURCE_ONLY
evacuation_parking,parking:067216d4e373c6945abd,경상북도,포항시,송도 동빈내항 공영주차장,경상북도 포항시 남구 운하로 130,,36.03522279,129.371373,노외,74,평일+토요일+공휴일,10:00,19:00,유료,포항시시설관리공단,2026-04-16,,,,,false,전국주차장정보표준데이터,https://www.data.go.kr/data/15012896/standard.do,SOURCE_ONLY
evacuation_parking,parking:0760342df861a64bb011,경상북도,포항시,구룡포읍 노상2,경상북도 포항시 남구 구룡포읍 호미로426번길 2-1,경상북도 포항시 남구 구룡포읍 구룡포리 9-20,35.99689574,129.565744,노상,5,평일+토요일+공휴일,00:00,23:59,무료,경상북도 포항시청,2026-04-16,,,,,false,전국주차장정보표준데이터,https://www.data.go.kr/data/15012896/standard.do,SOURCE_ONLY
evacuation_parking,parking:07f30c3a8f1ea673c68e,경상북도,포항시,대이동 공영주차장(4공원),경상북도 포항시 남구 대이로 95번길 6-7,경상북도 포항시 남구 대잠동 462-3,36.02409876,129.3400887,노외,86,평일+토요일+공휴일,10:00,23:59,유료,포항시시설관리공단,2026-04-16,,,,,false,전국주차장정보표준데이터,https://www.data.go.kr/data/15012896/standard.do,SOURCE_ONLY
evacuation_parking,parking:0800809216fd8eeb7c92,경상북도,포항시,중앙동 노상11,경상북도 포항시 북구 중앙로363번길 12-31,,36.0446644,129.3632201,노상,3,평일+토요일+공휴일,00:00,23:59,무료,경상북도 포항시청,2026-04-16,,,,,false,전국주차장정보표준데이터,https://www.data.go.kr/data/15012896/standard.do,SOURCE_ONLY
evacuation_parking,parking:08fef10bfe3d6ffb7efe,경상북도,포항시,삼성유료주차장,,경상북도 포항시 북구 죽도동 619-24,36.02332574,129.3569448,노외,37,평일+토요일+공휴일,00:00,23:59,유료,경상북도 포항시청,2026-04-16,,,,,false,전국주차장정보표준데이터,https://www.data.go.kr/data/15012896/standard.do,SOURCE_ONLY
evacuation_parking,parking:093041f122e66aade3d2,경상북도,포항시,월포5 공영주차장,,경상북도 포항시 북구 청하면 용두리 431-5,36.20097387,129.3704227,노외,20,평일+토요일+공휴일,00:00,23:59,무료,청하면 행정복지센터,2026-04-16,,,,,false,전국주차장정보표준데이터,https://www.data.go.kr/data/15012896/standard.do,SOURCE_ONLY
evacuation_parking,parking:0b4678287082b853d048,경상북도,포항시,상대동 노상4,경상북도 포항시 남구 대해로92,,36.02207128,129.3626377,노상,11,평일+토요일+공휴일,00:00,22:00,무료,경상북도 포항시청,2026-04-16,,,,,false,전국주차장정보표준데이터,https://www.data.go.kr/data/15012896/standard.do,SOURCE_ONLY
evacuation_parking,parking:0bb15c109515d79f6cc6,경상북도,포항시,해도동 노상10,경상북도 포항시 남구 상공로225,,36.02295821,129.3703,노상,10,평일+토요일+공휴일,00:00,23:59,무료,포항시시설관리공단,2026-04-16,,,,,false,전국주차장정보표준데이터,https://www.data.go.kr/data/15012896/standard.do,SOURCE_ONLY
evacuation_parking,parking:0bf6fd5419c3db706ecc,경상북도,포항시,중앙동 노상 18,경상북도 포항시 북구 서동로 82,,36.04025664,129.3668557,노상,15,평일+토요일+공휴일,00:00,23:59,무료,경상북도 포항시청,2026-04-16,,,,,false,전국주차장정보표준데이터,https://www.data.go.kr/data/15012896/standard.do,SOURCE_ONLY
evacuation_parking,parking:0c74e657b04621b39ce5,경상북도,포항시,창포유료주차장,,경상북도 포항시 북구 창포동 630-6,36.06129979,129.370114,노외,34,평일+토요일+공휴일,00:00,23:59,유료,경상북도 포항시청,2026-04-16,,,,,false,전국주차장정보표준데이터,https://www.data.go.kr/data/15012896/standard.do,SOURCE_ONLY
evacuation_parking,parking:0c794a164704d4b3860e,경상북도,포항시,기계면 노상5,,경상북도 포항시 북구 기계면 현내리368-6,36.0705816,129.2083203,노상,20,평일+토요일+공휴일,00:00,23:59,무료,경상북도 포항시청,2026-04-16,,,,,false,전국주차장정보표준데이터,https://www.data.go.kr/data/15012896/standard.do,SOURCE_ONLY
evacuation_parking,parking:0db419430ba62892e3ac,경상북도,포항시,죽도시장 제2공영주차장,경상북도 포항시 북구 칠성천길 127,경상북도 포항시 북구 죽도동 556-1,36.03663294,129.3676497,노외,128,평일+토요일+공휴일,09:00,19:00,유료,포항시시설관리공단,2026-05-15,,,,,false,전국주차장정보표준데이터,https://www.data.go.kr/data/15012896/standard.do,SOURCE_ONLY
evacuation_parking,parking:0dfa25f1cb958bfce36d,경상북도,포항시,북부시장 노상,경상북도 포항시 북구 대신로 12-1,경상북도 포항시 북구 대신동 66-11,36.04532932,129.3682908,노상,12,평일+토요일+공휴일,09:00,19:00,유료,포항시시설관리공단,2026-04-16,,,,,false,전국주차장정보표준데이터,https://www.data.go.kr/data/15012896/standard.do,SOURCE_ONLY
evacuation_parking,parking:107d493cf8184e992c7b,경상북도,포항시,송도동 노상4,경상북도 포항시 남구 희망대로1245,,36.04033762,129.3772027,노상,56,평일+토요일+공휴일,00:00,23:59,무료,포항시시설관리공단,2026-04-16,,,,,false,전국주차장정보표준데이터,https://www.data.go.kr/data/15012896/standard.do,SOURCE_ONLY
evacuation_parking,parking:10db6913329c618cb860,경상북도,포항시,죽도동 노상16,경상북도 포항시 북구 상대로 43-1,,36.01702271,129.3523826,노상,8,평일+토요일+공휴일,00:00,23:59,무료,경상북도 포항시청,2026-04-16,,,,,false,전국주차장정보표준데이터,https://www.data.go.kr/data/15012896/standard.do,SOURCE_ONLY
evacuation_parking,parking:10eb82b93c6edee9599a,경상북도,포항시,효곡동 노상13,경상북도 포항시 남구 효자동길2번길 45,,36.00910843,129.3349127,노상,5,평일+토요일+공휴일,00:00,22:00,무료,경상북도 포항시청,2026-04-16,,,,,false,전국주차장정보표준데이터,https://www.data.go.kr/data/15012896/standard.do,SOURCE_ONLY
evacuation_parking,parking:114f701349dd4c592dfc,경상북도,포항시,시내노상 1구역,경상북도 포항시 북구 삼호로 7,경상북도 포항시 북구 덕산동 115-13,36.04179346,129.3669147,노상,12,평일+토요일,10:00,19:00,유료,포항시시설관리공단,2026-04-16,,,,,false,전국주차장정보표준데이터,https://www.data.go.kr/data/15012896/standard.do,SOURCE_ONLY
evacuation_parking,parking:129606343d758593dc0b,경상북도,포항시,죽도주차장,,경상북도 포항시 북구 동빈 2가 144-18,36.03786612,129.369375,노외,18,평일+토요일+공휴일,07:30,20:00,유료,경상북도 포항시청,2026-04-16,,,,,false,전국주차장정보표준데이터,https://www.data.go.kr/data/15012896/standard.do,SOURCE_ONLY
evacuation_parking,parking:12fa0a0b29332b10c69a,경상북도,포항시,연일읍 노상8,경상북도 포항시 남구 연일읍 동문로94번길 67,경상북도 포항시 남구 연일읍 오천리 90-9,35.99912549,129.3600396,노상,26,평일+토요일+공휴일,00:00,23:59,무료,경상북도 포항시청,2026-04-16,,,,,false,전국주차장정보표준데이터,https://www.data.go.kr/data/15012896/standard.do,SOURCE_ONLY
evacuation_parking,parking:133af5dbdc8bafa86505,경상북도,포항시,오천읍 노상6,경상북도 포항시 남구 오천읍 충무로 28,,35.97599591,129.4127509,노상,6,평일+토요일+공휴일,00:00,23:59,무료,경상북도 포항시청,2026-04-16,,,,,false,전국주차장정보표준데이터,https://www.data.go.kr/data/15012896/standard.do,SOURCE_ONLY
evacuation_parking,parking:1425b9856246ac5982a1,경상북도,포항시,시내노상 8구역,경상북도 포항시 북구 죽도로22,경상북도 포항시 북구 죽도동 139-6,36.03423793,129.3633267,노상,30,평일+토요일,10:00,19:00,유료,포항시시설관리공단,2026-04-16,,,,,false,전국주차장정보표준데이터,https://www.data.go.kr/data/15012896/standard.do,SOURCE_ONLY
evacuation_parking,parking:14956f71ef25b99d136a,경상북도,포항시,효자동 임시공영주차장,,경상북도 포항시 남구 효자동 595-9,36.00558112,129.338933,노외,188,평일+토요일+공휴일,00:00,23:59,무료,경상북도 포항시 교통지원과,2026-04-16,,,,,false,전국주차장정보표준데이터,https://www.data.go.kr/data/15012896/standard.do,SOURCE_ONLY
evacuation_parking,parking:156ee6761bf80c594c33,경상북도,포항시,중앙동 노상 22,경상북도 포항시 북구 중앙로308번길12-5,,36.03984206,129.3678928,노상,8,평일+토요일+공휴일,00:00,23:59,무료,경상북도 포항시청,2026-04-16,,,,,false,전국주차장정보표준데이터,https://www.data.go.kr/data/15012896/standard.do,SOURCE_ONLY
evacuation_parking,parking:1615a33fa482371ee87a,경상북도,포항시,월포해수욕장 노외주차장,,경상북도 포항시 북구 청하면 월포리 293-28,36.20181653,129.3693112,노외,31,평일+토요일+공휴일,00:00,23:59,무료,청하면 행정복지센터,2026-04-16,,,,,false,전국주차장정보표준데이터,https://www.data.go.kr/data/15012896/standard.do,SOURCE_ONLY
evacuation_parking,parking:17605c953072e276b93e,경상북도,포항시,상대동 노상32,경상북도 포항시 남구 상공로36,,36.01172254,129.3562947,노상,31,평일+토요일+공휴일,00:00,23:59,무료,포항시시설관리공단,2026-04-16,,,,,false,전국주차장정보표준데이터,https://www.data.go.kr/data/15012896/standard.do,SOURCE_ONLY
evacuation_parking,parking:176adae3b6f17de18fde,경상북도,포항시,송라면 노상1,경상북도 포항시 북구 송라면 동해대로 3280,,36.25458991,129.3723714,노상,12,평일+토요일+공휴일,00:00,23:59,무료,경상북도 포항시청,2026-04-16,,,,,false,전국주차장정보표준데이터,https://www.data.go.kr/data/15012896/standard.do,SOURCE_ONLY
evacuation_parking,parking:17c56462aef1d86cd36c,경상북도,포항시,반달주차장,,경상북도 포항시 북구 중앙동 23,36.03772785,129.3681491,노외,20,평일+토요일+공휴일,08:30,21:00,유료,경상북도 포항시청,2026-04-16,,,,,false,전국주차장정보표준데이터,https://www.data.go.kr/data/15012896/standard.do,SOURCE_ONLY
evacuation_parking,parking:189b462213c383a5a55b,경상북도,포항시,동해 흥환 간이주차장2,,경상북도 포항시 남구 동해면 흥환리 333-21,36.02342835,129.4995035,노외,30,평일+토요일+공휴일,00:00,23:59,무료,경상북도 포항시 교통지원과,2026-04-16,,,,,false,전국주차장정보표준데이터,https://www.data.go.kr/data/15012896/standard.do,SOURCE_ONLY
evacuation_parking,parking:193e8817b7535ffc67fc,경상북도,포항시,대이동 공영주차장,경상북도 포항시 남구 대이로127번길 12-10,경상북도 포항시 남구 이동 659,36.02703423,129.339515,노외,168,평일+토요일+공휴일,10:00,19:00,유료,포항시시설관리공단,2026-05-15,,,,,false,전국주차장정보표준데이터,https://www.data.go.kr/data/15012896/standard.do,SOURCE_ONLY
evacuation_parking,parking:1b0108847f259d9a487c,경상북도,포항시,해도동 노상9,,경상북도 포항시 남구 송도동 539,36.02560936,129.3766257,노상,36,평일+토요일+공휴일,00:00,23:59,무료,포항시시설관리공단,2026-04-16,,,,,false,전국주차장정보표준데이터,https://www.data.go.kr/data/15012896/standard.do,SOURCE_ONLY
evacuation_parking,parking:1c6cdb4b122987450a56,경상북도,포항시,송도동 노상5,,경상북도 포항시 남구 송도동 253-94,36.04195255,129.3740933,노상,26,평일+토요일+공휴일,00:00,23:59,무료,포항시시설관리공단,2026-04-16,,,,,false,전국주차장정보표준데이터,https://www.data.go.kr/data/15012896/standard.do,SOURCE_ONLY
evacuation_parking,parking:1ca8ded76847b37a0ada,경상북도,포항시,동해면 노상2,경상북도 포항시 남구 동해면 일월로151,,35.9882758,129.4494388,노상,13,평일+토요일+공휴일,00:00,23:59,무료,경상북도 포항시청,2026-04-16,,,,,false,전국주차장정보표준데이터,https://www.data.go.kr/data/15012896/standard.do,SOURCE_ONLY
evacuation_parking,parking:1e0cb05ed8a04839d87c,경상북도,포항시,오천읍 용덕리 노외주차장,,경상북도 포항시 남구 오천읍 용덕리 328-16,35.97366514,129.4160016,노외,23,평일+토요일+공휴일,00:00,23:59,무료,경상북도 포항시 교통지원과,2026-04-16,,,,,false,전국주차장정보표준데이터,https://www.data.go.kr/data/15012896/standard.do,SOURCE_ONLY
evacuation_parking,parking:1e85659b28d6926857f6,경상북도,포항시,중앙동 노상12,경상북도 포항시 북구 대신로11,,36.04513318,129.3678664,노상,6,평일+토요일+공휴일,00:00,23:59,무료,경상북도 포항시청,2026-04-16,,,,,false,전국주차장정보표준데이터,https://www.data.go.kr/data/15012896/standard.do,SOURCE_ONLY
evacuation_parking,parking:1ef547065320e78ef13c,경상북도,포항시,흥해읍 노상3,경상북도 포항시 북구 흥해읍 한동로 57,,36.11031631,129.3479408,노상,5,평일+토요일+공휴일,00:00,23:59,무료,경상북도 포항시청,2026-04-16,,,,,false,전국주차장정보표준데이터,https://www.data.go.kr/data/15012896/standard.do,SOURCE_ONLY
evacuation_parking,parking:1f084d8b1d1822575e6a,경상북도,포항시,죽도동 노상4,경상북도 포항시 북구 죽파로 32,,36.02824273,129.3598293,노상,8,평일+토요일+공휴일,00:00,23:59,무료,경상북도 포항시청,2026-04-16,,,,,false,전국주차장정보표준데이터,https://www.data.go.kr/data/15012896/standard.do,SOURCE_ONLY
evacuation_parking,parking:1f3e93243a8ad9809d30,경상북도,포항시,효곡동 노상15,경상북도 포항시 남구 효자로118번길 13-1,,36.0093372,129.3388454,노상,7,평일+토요일+공휴일,00:00,22:00,무료,경상북도 포항시청,2026-04-16,,,,,false,전국주차장정보표준데이터,https://www.data.go.kr/data/15012896/standard.do,SOURCE_ONLY
evacuation_parking,parking:20126f4beaaedf1185d2,경상북도,포항시,송도 노외주차장,경상북도 포항시 남구 운하로 238,경상북도 포항시 남구 송도동 253-59,36.04402136,129.374328,노외,44,평일+토요일+공휴일,00:00,23:59,무료,송도동 행정복지센터,2026-04-16,,,,,false,전국주차장정보표준데이터,https://www.data.go.kr/data/15012896/standard.do,SOURCE_ONLY
evacuation_parking,parking:205072c92946047cb89b,경상북도,포항시,두호동 노상3,경상북도 포항시 북구 학전로76,,36.05927138,129.3755817,노상,7,평일+토요일+공휴일,00:00,23:59,무료,경상북도 포항시청,2026-04-16,,,,,false,전국주차장정보표준데이터,https://www.data.go.kr/data/15012896/standard.do,SOURCE_ONLY
evacuation_parking,parking:21709c66e9b277a47083,경상북도,포항시,예향유료주차장,,경상북도 포항시 남구 해도동15-5,36.02888432,129.3699291,노외,5,평일+토요일+공휴일,00:00,23:59,유료,경상북도 포항시청,2026-04-16,,,,,false,전국주차장정보표준데이터,https://www.data.go.kr/data/15012896/standard.do,SOURCE_ONLY
evacuation_parking,parking:22547e00764f87a698e5,경상북도,포항시,상대동 노상13,경상북도 포항시 남구 포스코대로 385,,36.01592485,129.3652211,노상,19,평일,00:00,23:59,무료,포항시시설관리공단,2026-04-16,,,,,false,전국주차장정보표준데이터,https://www.data.go.kr/data/15012896/standard.do,SOURCE_ONLY
evacuation_parking,parking:228243fa880308ef72b7,경상북도,포항시,상대동 노상22,경상북도 포항시 남구 문예로 77-1,,36.01452654,129.3643931,노상,24,평일+토요일+공휴일,00:00,23:59,무료,포항시시설관리공단,2026-04-16,,,,,false,전국주차장정보표준데이터,https://www.data.go.kr/data/15012896/standard.do,SOURCE_ONLY
evacuation_parking,parking:229dfd533bbf5ba65c6e,경상북도,포항시,대송면 노상1,경상북도 포항시 남구 대송면 제내길 35-1,,35.98310344,129.3631775,노상,6,평일+토요일+공휴일,00:00,23:59,무료,경상북도 포항시청,2026-04-16,,,,,false,전국주차장정보표준데이터,https://www.data.go.kr/data/15012896/standard.do,SOURCE_ONLY
evacuation_parking,parking:23746fc3d4ec1681a9df,경상북도,포항시,지곡동 공영주차장,,경상북도 포항시 남구 지곡동 964-5,36.03353479,129.3139894,노외,20,토요일+공휴일,00:00,00:00,무료,경상북도 포항시 교통지원과,2026-04-16,,,,,false,전국주차장정보표준데이터,https://www.data.go.kr/data/15012896/standard.do,SOURCE_ONLY
evacuation_parking,parking:23a90b27e1adc8b532a6,경상북도,포항시,하마 주차장,,경상북도 포항시 북구 죽도동 39-6,36.03467632,129.3648769,노외,16,평일+토요일+공휴일,07:00,18:00,유료,경상북도 포항시청,2026-04-16,,,,,false,전국주차장정보표준데이터,https://www.data.go.kr/data/15012896/standard.do,SOURCE_ONLY
evacuation_parking,parking:24f8818a2c02b9b14a07,경상북도,포항시,죽도 공영주차장,,경상북도 포항시 북구 죽도동 74-2,36.03181754,129.3641015,노외,21,평일+토요일+공휴일,10:00,19:00,유료,포항시시설관리공단,2026-04-16,,,,,false,전국주차장정보표준데이터,https://www.data.go.kr/data/15012896/standard.do,SOURCE_ONLY
evacuation_parking,parking:25ea34490f7dee972375,경상북도,포항시,애린주차장,경상북도 포항시 북구 중앙로 306,,36.03994822,129.3668469,노외,16,평일+토요일+공휴일,00:00,23:59,유료,경상북도 포항시청,2026-04-16,,,,,false,전국주차장정보표준데이터,https://www.data.go.kr/data/15012896/standard.do,SOURCE_ONLY
evacuation_parking,parking:25ef48619ec68fb9e72b,경상북도,포항시,형산강 둔치 주차장,,경상북도 포항시 남구 상도동 572,36.00329458,129.3473852,노외,70,평일+토요일+공휴일,00:00,23:59,무료,형산강사업소,2026-04-16,,,,,false,전국주차장정보표준데이터,https://www.data.go.kr/data/15012896/standard.do,SOURCE_ONLY
evacuation_parking,parking:26286f3dc3b52a60202e,경상북도,포항시,장량동 노상2,경상북도 포항시 북구 새천년대로 1304,,36.07508674,129.3898709,노상,77,평일+토요일+공휴일,00:00,23:59,무료,경상북도 포항시청,2026-04-16,,,,,false,전국주차장정보표준데이터,https://www.data.go.kr/data/15012896/standard.do,SOURCE_ONLY
evacuation_parking,parking:26ea77822c0aa77690e1,경상북도,포항시,우창동 노상3,,경상북도 포항시 북구 우현동 462,36.0526785,129.3635167,노상,11,평일+토요일+공휴일,00:00,23:59,무료,경상북도 포항시청,2026-04-16,,,,,false,전국주차장정보표준데이터,https://www.data.go.kr/data/15012896/standard.do,SOURCE_ONLY
evacuation_parking,parking:285e94d90e8700faee6c,경상북도,포항시,전국유료주차장,경상북도 포항시 북구 죽도시장14길 14-15,경상북도 포항시 북구 죽도동 20-78,36.0339161,129.3687573,노외,20,평일+토요일+공휴일,06:00,18:00,유료,경상북도 포항시청,2026-04-16,,,,,false,전국주차장정보표준데이터,https://www.data.go.kr/data/15012896/standard.do,SOURCE_ONLY
evacuation_parking,parking:288c10474d90958f7914,경상북도,포항시,신광면 법광사 밑 공영주차장,,경상북도 포항시 북구 신광면 상읍리850-2,36.14628708,129.2439135,노외,26,평일+토요일+공휴일,00:00,23:59,무료,경상북도 포항시 교통지원과,2026-04-16,,,,,false,전국주차장정보표준데이터,https://www.data.go.kr/data/15012896/standard.do,SOURCE_ONLY
evacuation_parking,parking:28c76fd7724e7d389633,경상북도,포항시,일선주차장,,경상북도 포항시 남구 대도동 127-13,36.01641372,129.3617249,노외,28,평일+토요일+공휴일,00:00,23:59,유료,경상북도 포항시청,2026-04-16,,,,,false,전국주차장정보표준데이터,https://www.data.go.kr/data/15012896/standard.do,SOURCE_ONLY
evacuation_parking,parking:28dee4646e15d08d1602,경상북도,포항시,동보주차장,경상북도 포항시 북구 불종로85-6,,36.03869865,129.3692948,노외,6,평일+토요일+공휴일,10:00,19:00,유료,경상북도 포항시청,2026-04-16,,,,,false,전국주차장정보표준데이터,https://www.data.go.kr/data/15012896/standard.do,SOURCE_ONLY
evacuation_parking,parking:29a8a5dc131ad421e25b,경상북도,포항시,중앙동 노상1,경상북도 포항시 북구 학전로 33,경상북도 포항시 북구 학산동 6-18,36.05578196,129.3742496,노상,22,평일+토요일+공휴일,00:00,23:59,무료,경상북도 포항시청,2026-04-16,,,,,false,전국주차장정보표준데이터,https://www.data.go.kr/data/15012896/standard.do,SOURCE_ONLY
evacuation_parking,parking:29f3954aeffaddef704c,경상북도,포항시,죽도동 노상1,,경상북도 포항시 북구 죽도동 557-60,36.03202106,129.3699789,노상,34,평일+토요일+공휴일,00:00,23:59,무료,경상북도 포항시청,2026-04-16,,,,,false,전국주차장정보표준데이터,https://www.data.go.kr/data/15012896/standard.do,SOURCE_ONLY
evacuation_parking,parking:2aae20f44a7a809c1114,경상북도,포항시,동해면 노상3,경상북도 포항시 남구 동해면 일월로 157,경상북도 포항시 남구 동해면 약전리 293-13,35.98836614,129.4502695,노상,25,평일+토요일+공휴일,00:00,23:59,무료,경상북도 포항시청,2026-04-16,,,,,false,전국주차장정보표준데이터,https://www.data.go.kr/data/15012896/standard.do,SOURCE_ONLY
evacuation_parking,parking:2bee393646963e563a5d,경상북도,포항시,상대동 노상6,경상북도 포항시 남구 대해로107,,36.02140954,129.3642534,노상,40,평일+토요일+공휴일,00:00,22:00,무료,경상북도 포항시청,2026-04-16,,,,,false,전국주차장정보표준데이터,https://www.data.go.kr/data/15012896/standard.do,SOURCE_ONLY
evacuation_parking,parking:2c00d857779f56329f3f,경상북도,포항시,상도 공영주차장,경상북도 포항시 남구 상대로 68-3,경상북도 포항시 남구 상도동 595-29,36.0154031272,129.3542032,노외,20,평일+토요일+공휴일,13:00,22:00,유료,포항시시설관리공단,2026-05-15,,,,,false,전국주차장정보표준데이터,https://www.data.go.kr/data/15012896/standard.do,SOURCE_ONLY
evacuation_parking,parking:2c9722927168218d80cc,경상북도,포항시,해도동 노상13,경상북도 포항시 남구 상공로224,,36.02255387,129.3702122,노상,9,평일+토요일+공휴일,00:00,23:59,무료,포항시시설관리공단,2026-04-16,,,,,false,전국주차장정보표준데이터,https://www.data.go.kr/data/15012896/standard.do,SOURCE_ONLY
evacuation_parking,parking:2d387012a049f7f0aab0,경상북도,포항시,대해시장 공영주차장,경상북도 포항시 남구 문예로 135,경상북도 포항시 남구 해도동 80-9,36.0180252355,129.3686546,노외,37,평일+토요일+공휴일,12:30,21:30,유료,포항시시설관리공단,2026-05-15,,,,,false,전국주차장정보표준데이터,https://www.data.go.kr/data/15012896/standard.do,SOURCE_ONLY
evacuation_parking,parking:2e409e7b1b9ee84731f3,경상북도,포항시,죽도동 노상8,,경상북도 포항시 북구 죽도동 683,36.02370098,129.3598893,노상,20,평일+토요일+공휴일,00:00,23:59,무료,경상북도 포항시청,2026-04-16,,,,,false,전국주차장정보표준데이터,https://www.data.go.kr/data/15012896/standard.do,SOURCE_ONLY
evacuation_parking,parking:2ebd7c6e41178cf80b0e,경상북도,포항시,영일주차장,경상북도 포항시 북구 중흥로 322번길 8-3,경상북도 포항시 북구 죽도동 55-26,36.03004047,129.3650312,노외,20,평일+토요일+공휴일,06:00,21:00,유료,경상북도 포항시청,2026-04-16,,,,,false,전국주차장정보표준데이터,https://www.data.go.kr/data/15012896/standard.do,SOURCE_ONLY
evacuation_parking,parking:2f1ef72ef4ed2d410359,경상북도,포항시,죽도동 노상6,경상북도 포항시 북구 대해로34,,36.02490481,129.3571789,노상,24,평일+토요일+공휴일,00:00,23:59,무료,경상북도 포항시청,2026-04-16,,,,,false,전국주차장정보표준데이터,https://www.data.go.kr/data/15012896/standard.do,SOURCE_ONLY
evacuation_parking,parking:31db98c8177200d73afe,경상북도,포항시,오어사 임시공영주차장,경상북도 포항시 남구 오천읍 오어로 145,,35.92920292,129.3825342,노외,48,평일+토요일+공휴일,00:00,23:59,무료,사유지 임차(경상북도 포항시 교통지원과),2026-04-16,,,,,false,전국주차장정보표준데이터,https://www.data.go.kr/data/15012896/standard.do,SOURCE_ONLY
evacuation_parking,parking:326675bc5176c44c1748,경상북도,포항시,연일읍 노상6,경상북도 포항시 남구 연일읍 동문로76번길13,,35.99706741,129.3540555,노상,19,평일+토요일+공휴일,00:00,23:59,무료,경상북도 포항시청,2026-04-16,,,,,false,전국주차장정보표준데이터,https://www.data.go.kr/data/15012896/standard.do,SOURCE_ONLY
evacuation_parking,parking:328492aeb12041eaea70,경상북도,포항시,효자시장 공영주차장,경상북도 포항시 남구 효자동길 1번길 8,경상북도 포항시 남구 효자동 253-126,36.00759664,129.3294754,노외,51,평일+토요일+공휴일,00:00,23:59,무료,경상북도 포항시 교통지원과,2026-04-16,,,,,false,전국주차장정보표준데이터,https://www.data.go.kr/data/15012896/standard.do,SOURCE_ONLY
evacuation_parking,parking:328bebd373be5a5137b3,경상북도,포항시,상대동 노상3,경상북도 포항시 남구 대해로93,,36.02225666,129.3630147,노상,8,평일+토요일+공휴일,00:00,22:00,무료,경상북도 포항시청,2026-04-16,,,,,false,전국주차장정보표준데이터,https://www.data.go.kr/data/15012896/standard.do,SOURCE_ONLY
evacuation_parking,parking:32fbd29f435844f6da17,경상북도,포항시,중앙동 노상3,경상북도 포항시 북구 학전로 30-1,경상북도 포항시 북구 항구동 7-21,36.05534313,129.3745431,노상,22,평일+토요일+공휴일,00:00,23:59,무료,경상북도 포항시청,2026-04-16,,,,,false,전국주차장정보표준데이터,https://www.data.go.kr/data/15012896/standard.do,SOURCE_ONLY
evacuation_parking,parking:3413d2af3dccf3c9c89b,경상북도,포항시,대잠동 임시공영주차장(3),,경상북도 포항시 남구 대잠동 976-5,36.016057,129.3433434,노외,18,평일+토요일+공휴일,00:00,23:59,무료,경상북도 포항시청,2026-04-16,,,,,false,전국주차장정보표준데이터,https://www.data.go.kr/data/15012896/standard.do,SOURCE_ONLY
evacuation_parking,parking:352d23d5092ae25a7584,경상북도,포항시,중앙동 노상5,,경상북도 포항시 북구 항구동 94-9,36.05114061,129.3722269,노상,6,평일+토요일+공휴일,00:00,23:59,무료,경상북도 포항시청,2026-04-16,,,,,false,전국주차장정보표준데이터,https://www.data.go.kr/data/15012896/standard.do,SOURCE_ONLY
evacuation_parking,parking:35e64b743e09897e8385,경상북도,포항시,연일전통시장 공영주차장,,경상북도 포항시 남구 연일읍 생지리 196-2,35.99599567,129.3480277671,노외,57,평일+토요일+공휴일,10:00,19:00,유료,포항시시설관리공단,2026-05-15,,,,,false,전국주차장정보표준데이터,https://www.data.go.kr/data/15012896/standard.do,SOURCE_ONLY
evacuation_parking,parking:3664773a304bf5b2b96c,경상북도,포항시,대도 공영주차장,경상북도 포항시 남구 대해로 122,경상북도 포항시 남구 대도동 71-1,36.0202699902,129.3647683034,노외,37,평일+토요일+공휴일,11:00,20:00,유료,포항시시설관리공단,2026-05-15,,,,,false,전국주차장정보표준데이터,https://www.data.go.kr/data/15012896/standard.do,SOURCE_ONLY
evacuation_parking,parking:36b7dfd0404036394f45,경상북도,포항시,중앙 주차장,,경상북도 포항시 북구 신흥동 820-7,36.03917505,129.3643642,노외,10,평일+토요일+공휴일,09:00,22:00,유료,경상북도 포항시청,2026-04-16,,,,,false,전국주차장정보표준데이터,https://www.data.go.kr/data/15012896/standard.do,SOURCE_ONLY
evacuation_parking,parking:36c584f2e7d2dc2d7e83,경상북도,포항시,흥해읍 노상2,,경상북도 포항시 북구 흥해읍 옥성리 43-19,36.11160899,129.3439491,노상,33,평일+토요일+공휴일,00:00,23:59,무료,경상북도 포항시청,2026-04-16,,,,,false,전국주차장정보표준데이터,https://www.data.go.kr/data/15012896/standard.do,SOURCE_ONLY
evacuation_parking,parking:37ab229b07aedd0eb17e,경상북도,포항시,영일대1 공영주차장,,경상북도 포항시 북구 두호동 1016-3,36.06153949,129.3807528,노외,41,평일+토요일+공휴일,12:00,21:00,유료,포항시시설관리공단,2026-04-16,,,,,false,전국주차장정보표준데이터,https://www.data.go.kr/data/15012896/standard.do,SOURCE_ONLY
evacuation_parking,parking:38d1c801ff9f18963860,경상북도,포항시,상대동 노상27,경상북도 포항시 남구 문예로98,,36.01571988,129.3659926,노상,23,평일+토요일+공휴일,00:00,23:59,무료,포항시시설관리공단,2026-04-16,,,,,false,전국주차장정보표준데이터,https://www.data.go.kr/data/15012896/standard.do,SOURCE_ONLY
evacuation_parking,parking:39476c6061c14039334d,경상북도,포항시,평화주차장,경상북도 포항시 북구 죽도시장4길 25-1,경상북도 포항시 북구 죽도동 14-55,36.03327453,129.3676484,노외,35,평일+토요일+공휴일,04:30,19:00,유료,경상북도 포항시청,2026-04-16,,,,,false,전국주차장정보표준데이터,https://www.data.go.kr/data/15012896/standard.do,SOURCE_ONLY
evacuation_parking,parking:39dee19d5117abf8357e,경상북도,포항시,송림숲 공영주차장,,경상북도 포항시 남구 송도동 254-71,36.04048757,129.3753676,노외,31,평일+토요일+공휴일,00:00,23:59,무료,경상북도 포항시 공원과,2026-04-16,,,,,false,전국주차장정보표준데이터,https://www.data.go.kr/data/15012896/standard.do,SOURCE_ONLY
evacuation_parking,parking:39f77a1aeac98bb844ab,경상북도,포항시,중앙동 노상15,경상북도 포항시 북구 문화로 28,경상북도 포항시 북구 덕산동 111-50,36.04255501,129.3680528,노상,17,평일+토요일+공휴일,00:00,23:59,무료,경상북도 포항시청,2026-04-16,,,,,false,전국주차장정보표준데이터,https://www.data.go.kr/data/15012896/standard.do,SOURCE_ONLY
evacuation_parking,parking:3a805d2e049451cb7e6f,경상북도,포항시,우창동 노상1,,경상북도 포항시 북구 창포동 315-1,36.06420198,129.3710696,노상,27,평일+토요일+공휴일,00:00,23:59,무료,경상북도 포항시청,2026-04-16,,,,,false,전국주차장정보표준데이터,https://www.data.go.kr/data/15012896/standard.do,SOURCE_ONLY
evacuation_parking,parking:3b6ae046b4da459e8af6,경상북도,포항시,중앙동 노상 19,경상북도 포항시 북구 중앙로298번길 3,,36.03948805,129.3665932,노상,8,평일+토요일+공휴일,00:00,23:59,무료,경상북도 포항시청,2026-04-16,,,,,false,전국주차장정보표준데이터,https://www.data.go.kr/data/15012896/standard.do,SOURCE_ONLY
evacuation_parking,parking:3bfe40a92d1fa4cffa05,경상북도,포항시,포항운하 공영주차장,,경상북도 포항시 남구 해도동 550,36.02865564,129.3732733,노외,181,평일+토요일+공휴일,00:00,23:59,무료,경상북도 포항시 교통지원과,2026-04-16,,,,,false,전국주차장정보표준데이터,https://www.data.go.kr/data/15012896/standard.do,SOURCE_ONLY
evacuation_parking,parking:3e280b15339d704af367,경상북도,포항시,중앙동 노상8,경상북도 포항시 북구 월막길24번길 1-6,경상북도 포항시 북구 대신동 956-33,36.04814096,129.364809,노상,23,평일+토요일+공휴일,00:00,23:59,무료,경상북도 포항시청,2026-04-16,,,,,false,전국주차장정보표준데이터,https://www.data.go.kr/data/15012896/standard.do,SOURCE_ONLY
evacuation_parking,parking:3e4d1c8442847e6dc71a,경상북도,포항시,대보주차장,,경상북도 포항시 북구 죽도동 113-12,36.02856209,129.3606322,노외,40,평일+토요일+공휴일,00:00,23:59,유료,경상북도 포항시청,2026-04-16,,,,,false,전국주차장정보표준데이터,https://www.data.go.kr/data/15012896/standard.do,SOURCE_ONLY
evacuation_parking,parking:3eae4831bfccfd6e33d7,경상북도,포항시,조은주차장,경상북도 포항시 북구 칠성로37번길16,,36.03779602,129.3663046,노외,17,평일+토요일+공휴일,08:00,20:00,유료,경상북도 포항시청,2026-04-16,,,,,false,전국주차장정보표준데이터,https://www.data.go.kr/data/15012896/standard.do,SOURCE_ONLY
evacuation_parking,parking:3f07f7976b62e530880f,경상북도,포항시,상대동 노상30,경상북도 포항시 남구 상대로 90,,36.01443572,129.3564861,노상,10,평일+토요일+공휴일,00:00,23:59,무료,포항시시설관리공단,2026-04-16,,,,,false,전국주차장정보표준데이터,https://www.data.go.kr/data/15012896/standard.do,SOURCE_ONLY
evacuation_parking,parking:3f39ee7861a2873cbd61,경상북도,포항시,효곡동 노상2,경상북도 포항시 남구 효자동길1번길 8,,36.00759664,129.3294754,노상,18,평일+토요일+공휴일,00:00,22:00,무료,경상북도 포항시청,2026-04-16,,,,,false,전국주차장정보표준데이터,https://www.data.go.kr/data/15012896/standard.do,SOURCE_ONLY
evacuation_parking,parking:3f62dceede6ee5c96c61,경상북도,포항시,상대동 노상10,경상북도 포항시 남구 포스코대로 365,,36.01683837,129.3631836,노상,25,평일+토요일+공휴일,00:00,22:00,무료,포항시시설관리공단,2026-04-16,,,,,false,전국주차장정보표준데이터,https://www.data.go.kr/data/15012896/standard.do,SOURCE_ONLY
evacuation_parking,parking:3fc329fdb49f7db8d351,경상북도,포항시,상원유료주차장,경상북도 포항시 북구 중앙상가길 62,경상북도 포항시 북구 상원동 468-5,36.04005613,129.3660775,노외,13,평일+토요일+공휴일,08:00,22:00,유료,경상북도 포항시청,2026-04-16,,,,,false,전국주차장정보표준데이터,https://www.data.go.kr/data/15012896/standard.do,SOURCE_ONLY
evacuation_parking,parking:4012a5fb2f2bea012abf,경상북도,포항시,상대동 노상2,경상북도 포항시 남구 양학천로80,경상북도 포항시 남구 상도동1-1,36.02063441,129.3601987,노상,10,평일+토요일+공휴일,00:00,23:59,무료,경상북도 포항시청,2026-04-16,,,,,false,전국주차장정보표준데이터,https://www.data.go.kr/data/15012896/standard.do,SOURCE_ONLY
evacuation_parking,parking:4099cd122ef7e394c83e,경상북도,포항시,대이동 노상4,경상북도 포항시 남구 효자로 70,,36.01088135,129.3349758,노상,29,평일+토요일+공휴일,00:00,23:59,무료,경상북도 포항시청,2026-04-16,,,,,false,전국주차장정보표준데이터,https://www.data.go.kr/data/15012896/standard.do,SOURCE_ONLY
evacuation_parking,parking:424390e86cef7f8234e4,경상북도,포항시,구룡포해수욕장 노외주차장,경상북도 포항시 남구 구룡포읍 호미로 420-7,,35.99620832,129.5654998,노외,55,평일+토요일+공휴일,00:00,23:59,무료,구룡포읍행정복지센터,2026-04-16,,,,,false,전국주차장정보표준데이터,https://www.data.go.kr/data/15012896/standard.do,SOURCE_ONLY
evacuation_parking,parking:428b45b322f7a25fdb2a,경상북도,포항시,효자시장 공영주차장,경상북도 포항시 남구 효자동길1번길 8,경상북도 포항시 남구 효자동 253-126,36.00758281,129.3294753987,노외,36,평일+토요일+공휴일,10:00,19:00,유료,포항시시설관리공단,2026-05-15,,,,,false,전국주차장정보표준데이터,https://www.data.go.kr/data/15012896/standard.do,SOURCE_ONLY
evacuation_parking,parking:42ef97c9afd9295a7346,경상북도,포항시,상대동 노상18,경상북도 포항시 남구 포스코대로 346,,36.01717528,129.3608868,노상,29,평일+토요일+공휴일,00:00,23:59,무료,포항시시설관리공단,2026-04-16,,,,,false,전국주차장정보표준데이터,https://www.data.go.kr/data/15012896/standard.do,SOURCE_ONLY
evacuation_parking,parking:42f51771de3eb66e734e,경상북도,포항시,연일읍 노상3,경상북도 포항시 남구 연일읍 연일로 150,,35.99784297,129.3429851,노상,14,평일+토요일+공휴일,00:00,23:59,무료,경상북도 포항시청,2026-04-16,,,,,false,전국주차장정보표준데이터,https://www.data.go.kr/data/15012896/standard.do,SOURCE_ONLY
evacuation_parking,parking:43a4eb1664e9d0cce777,경상북도,포항시,항구동 공영주차장,,경상북도 포항시 북구 항구동 17-11,36.05328505,129.3764885,노외,353,평일+토요일+공휴일,00:00,23:59,무료,경북개발공사 부지(경상북도 포항시 교통지원과),2026-04-16,,,,,false,전국주차장정보표준데이터,https://www.data.go.kr/data/15012896/standard.do,SOURCE_ONLY
evacuation_parking,parking:44cf5cdf79f058b3e9d7,경상북도,포항시,연일읍 노상5,경상북도 포항시 남구 연일읍 형산강남로 328,경상북도 포항시 남구 연일읍 생지리 57-1,35.99951611,129.3495512,노상,28,평일+토요일+공휴일,00:00,23:59,무료,경상북도 포항시청,2026-04-16,,,,,false,전국주차장정보표준데이터,https://www.data.go.kr/data/15012896/standard.do,SOURCE_ONLY
evacuation_parking,parking:44e349c470fcfb54235c,경상북도,포항시,대보호미곶광장 주차장,,경상북도 포항시 남구 호미곶면 대보리 286-5,36.07713935,129.5657781,노외,122,평일+토요일+공휴일,00:00,23:59,무료,새천년기념관 부설주차장-컨벤션관광산업과,2026-04-16,,,,,false,전국주차장정보표준데이터,https://www.data.go.kr/data/15012896/standard.do,SOURCE_ONLY
evacuation_parking,parking:44ee9699880ffb4a72e3,경상북도,포항시,유료주차장,경상북도 포항시 북구 용당로 117번길 2,,36.03780509,129.3622822,노외,9,평일+토요일+공휴일,10:00,19:00,유료,경상북도 포항시청,2026-04-16,,,,,false,전국주차장정보표준데이터,https://www.data.go.kr/data/15012896/standard.do,SOURCE_ONLY
evacuation_parking,parking:454978fa49051727c3b3,경상북도,포항시,효곡동 노상12,경상북도 포항시 남구 효자동길6번길 40,,36.00910917,129.3343378,노상,4,평일+토요일+공휴일,00:00,22:00,무료,경상북도 포항시청,2026-04-16,,,,,false,전국주차장정보표준데이터,https://www.data.go.kr/data/15012896/standard.do,SOURCE_ONLY
evacuation_parking,parking:45a8c09c8d4969ce1028,경상북도,포항시,청림동 공영주차장,,경상북도 포항시 남구 일월동 716,35.99946976,129.4200322,노외,169,평일+토요일+공휴일,00:00,23:59,무료,경상북도 포항시 교통지원과,2026-04-16,,,,,false,전국주차장정보표준데이터,https://www.data.go.kr/data/15012896/standard.do,SOURCE_ONLY
evacuation_parking,parking:46c01b1089f178c2bc4a,경상북도,포항시,효곡동 노상3,경상북도 포항시 남구 효자동길2번길9,,36.00808188,129.3312618,노상,27,평일+토요일+공휴일,00:00,22:00,무료,경상북도 포항시청,2026-04-16,,,,,false,전국주차장정보표준데이터,https://www.data.go.kr/data/15012896/standard.do,SOURCE_ONLY
evacuation_parking,parking:46f41a969d0d4f7fcb32,경상북도,포항시,송도동 노상12,경상북도 포항시 남구 운하로 82,,36.03131967,129.3732687,노상,19,평일+토요일+공휴일,00:00,23:59,무료,경상북도 포항시청,2026-04-16,,,,,false,전국주차장정보표준데이터,https://www.data.go.kr/data/15012896/standard.do,SOURCE_ONLY
evacuation_parking,parking:46f5e6ceea18436cea3a,경상북도,포항시,중앙동 노상4,경상북도 포항시 북구 해안로39,경상북도 포항시 북구 항구동 17-13,36.05262867,129.3769816,노상,25,평일+토요일+공휴일,00:00,23:59,무료,경상북도 포항시청,2026-04-16,,,,,false,전국주차장정보표준데이터,https://www.data.go.kr/data/15012896/standard.do,SOURCE_ONLY
evacuation_parking,parking:47372d076687b17b4a15,경상북도,포항시,칠포해수욕장2 공영주차장,,경상북도 포항시 북구 흥해읍 흥안리 10-1,36.13072756,129.3965711,노외,353,평일+토요일+공휴일,00:00,23:59,무료,파인비치호텔 주차장,2026-04-16,,,,,false,전국주차장정보표준데이터,https://www.data.go.kr/data/15012896/standard.do,SOURCE_ONLY
evacuation_parking,parking:47bb0ced8d459f2e795f,경상북도,포항시,송도동 노상16,경상북도 포항시 남구 운하로54,,36.02909815,129.3747806,노상,18,평일+토요일+공휴일,00:00,23:59,무료,경상북도 포항시청,2026-04-16,,,,,false,전국주차장정보표준데이터,https://www.data.go.kr/data/15012896/standard.do,SOURCE_ONLY
evacuation_parking,parking:48422ac376d13c5facc9,경상북도,포항시,해도동 노상12,경상북도 포항시 남구 해동로 47,,36.02358612,129.3730774,노상,25,평일+토요일+공휴일,00:00,23:59,무료,포항시시설관리공단,2026-04-16,,,,,false,전국주차장정보표준데이터,https://www.data.go.kr/data/15012896/standard.do,SOURCE_ONLY
evacuation_parking,parking:491182819cf76855d1a3,경상북도,포항시,해도동 노상19,경상북도 포항시 남구 포스코대로 437,,36.01339147,129.3700413,노상,27,평일+토요일+공휴일,00:00,23:59,무료,포항시시설관리공단,2026-04-16,,,,,false,전국주차장정보표준데이터,https://www.data.go.kr/data/15012896/standard.do,SOURCE_ONLY
evacuation_parking,parking:492f4c62250ec5d88dcd,경상북도,포항시,양포보건소 옆 노외주차장,경상북도 포항시 남구 장기면 양포항길6,경상북도 포항시 남구 장기면 양포리 288-5,35.87831454,129.5179995,노외,22,평일+토요일+공휴일,00:00,23:59,무료,장기면행정복지센터,2026-04-16,,,,,false,전국주차장정보표준데이터,https://www.data.go.kr/data/15012896/standard.do,SOURCE_ONLY
evacuation_parking,parking:496ba47f09c1bb4ac7d6,경상북도,포항시,효자아트홀 앞 노외주차장,,경상북도 포항시 남구 대잠동 780-196,36.01264931,129.3318622,노외,255,평일+토요일+공휴일,00:00,23:59,무료,효자아트홀 부설-포스코,2026-04-16,,,,,false,전국주차장정보표준데이터,https://www.data.go.kr/data/15012896/standard.do,SOURCE_ONLY
evacuation_parking,parking:4974315a9b423f6a1181,경상북도,포항시,삼육유료주차장,,경상북도 포항시 남구 오천읍 문덕리 347-2,35.95870289,129.4034424,노외,10,평일+토요일+공휴일,00:00,21:00,유료,경상북도 포항시청,2026-04-16,,,,,false,전국주차장정보표준데이터,https://www.data.go.kr/data/15012896/standard.do,SOURCE_ONLY
evacuation_parking,parking:49b18423dec30605d92f,경상북도,포항시,상대동 노상5,경상북도 포항시 남구 상공로 159,,36.02135925,129.3632811,노상,18,평일+토요일+공휴일,00:00,22:00,무료,경상북도 포항시청,2026-04-16,,,,,false,전국주차장정보표준데이터,https://www.data.go.kr/data/15012896/standard.do,SOURCE_ONLY
evacuation_parking,parking:4a519a545b6335151a87,경상북도,포항시,죽도주차장,경상북도 포항시 북구 죽도로 40번길 26,경상북도 포항시 북구 죽도동 73-33,36.03125168,129.3635737,노외,47,평일+토요일+공휴일,08:30,18:00,유료,경상북도 포항시청,2026-04-16,,,,,false,전국주차장정보표준데이터,https://www.data.go.kr/data/15012896/standard.do,SOURCE_ONLY
evacuation_parking,parking:4ac0988d66836c91db25,경상북도,포항시,대해시장 공영주차장,경상북도 포항시 남구 문예로 135,경상북도 포항시 남구 해도동 80-9,36.01802524,129.3686072,노외,21,평일+토요일+공휴일,13:00,21:30,유료,포항시시설관리공단,2026-04-16,,,,,false,전국주차장정보표준데이터,https://www.data.go.kr/data/15012896/standard.do,SOURCE_ONLY
evacuation_parking,parking:4b7f0d5e26cd7801cc0e,경상북도,포항시,중성리 공영주차장,,경상북도 포항시 북구 흥해읍 중성리 156-5,36.11146548,129.3507669,노외,21,평일+토요일+공휴일,00:00,23:59,무료,경상북도 포항시 교통지원과,2026-04-16,,,,,false,전국주차장정보표준데이터,https://www.data.go.kr/data/15012896/standard.do,SOURCE_ONLY
evacuation_parking,parking:4b817b921adad312007c,경상북도,포항시,베스트주차장,,경상북도 포항시 북구 죽도동 653-4,36.01932627,129.3547968,노외,200,평일+토요일+공휴일,08:00,23:59,무료,경상북도 포항시청,2026-04-16,,,,,false,전국주차장정보표준데이터,https://www.data.go.kr/data/15012896/standard.do,SOURCE_ONLY
evacuation_parking,parking:4bc1ce60ef7b4da176a0,경상북도,포항시,죽도동 노상3,경상북도 포항시 북구 죽파로37-1,,36.02819924,129.3607565,노상,10,평일+토요일+공휴일,00:00,23:59,무료,경상북도 포항시청,2026-04-16,,,,,false,전국주차장정보표준데이터,https://www.data.go.kr/data/15012896/standard.do,SOURCE_ONLY
evacuation_parking,parking:4bc60d9c12395e39d11e,경상북도,포항시,구룡포 파출소 옆 공영주차장,,경상북도 포항시 남구 구룡포읍 구룡포리 954-7,35.9882685,129.5528864,노외,128,평일+토요일+공휴일,00:00,23:59,무료,경상북도 포항시 교통지원과,2026-04-16,,,,,false,전국주차장정보표준데이터,https://www.data.go.kr/data/15012896/standard.do,SOURCE_ONLY
evacuation_parking,parking:4ce1df86ff49448b19cc,경상북도,포항시,시내노상 7구역,경상북도 포항시 북구 중앙로 255-1,경상북도 포항시 북구 죽도동 556-123,36.03576732,129.3648775,노상,59,평일+토요일,10:00,19:00,유료,포항시시설관리공단,2026-04-16,,,,,false,전국주차장정보표준데이터,https://www.data.go.kr/data/15012896/standard.do,SOURCE_ONLY
evacuation_parking,parking:4cf59e78540712b116be,경상북도,포항시,하늘 주차창,경상북도 포항시 북구 불종로 35-8,,36.03916847,129.3637581,노외,45,평일+토요일+공휴일,00:00,23:59,유료,경상북도 포항시청,2026-04-16,,,,,false,전국주차장정보표준데이터,https://www.data.go.kr/data/15012896/standard.do,SOURCE_ONLY
evacuation_parking,parking:4cfead5eb00c1e1a129a,경상북도,포항시,죽장 입암뚝 옆 주차장,경상북도 포항시 북구 죽장면 새마을로3575번길 43,,36.16157634,129.0947773,노외,54,평일+토요일+공휴일,00:00,23:59,무료,죽장면 행정복지센터,2026-04-16,,,,,false,전국주차장정보표준데이터,https://www.data.go.kr/data/15012896/standard.do,SOURCE_ONLY
evacuation_parking,parking:4d2aef0e4c4265ca97ce,경상북도,포항시,용흥동 노상1,경상북도 포항시 북구 새마을로64,,36.03998643,129.3539057,노상,8,평일+토요일+공휴일,00:00,23:59,무료,경상북도 포항시청,2026-04-16,,,,,false,전국주차장정보표준데이터,https://www.data.go.kr/data/15012896/standard.do,SOURCE_ONLY
evacuation_parking,parking:4ee99033f1baadc20c35,경상북도,포항시,죽도동 노상11,경상북도 포항시 북구 양학천로73,,36.02095634,129.3592512,노상,31,평일+토요일+공휴일,00:00,23:59,무료,경상북도 포항시청,2026-04-16,,,,,false,전국주차장정보표준데이터,https://www.data.go.kr/data/15012896/standard.do,SOURCE_ONLY
evacuation_parking,parking:503f1cea9e4d5fa55b12,경상북도,포항시,용흥동 노상3,경상북도 포항시 북구 용흥로8번길34-3,,36.03471873,129.3597773,노상,54,평일+토요일+공휴일,00:00,23:59,무료,경상북도 포항시청,2026-04-16,,,,,false,전국주차장정보표준데이터,https://www.data.go.kr/data/15012896/standard.do,SOURCE_ONLY
evacuation_parking,parking:50c4890c98f7455dff83,경상북도,포항시,송도해수욕장 공영주차장,,경상북도 포항시 남구 송도동 378-73,36.03394719,129.3798211,노외,37,평일+토요일+공휴일,00:00,23:59,무료,경상북도 포항시 교통지원과,2026-04-16,,,,,false,전국주차장정보표준데이터,https://www.data.go.kr/data/15012896/standard.do,SOURCE_ONLY
evacuation_parking,parking:50f9d4a18e6bbbcba18c,경상북도,포항시,흥해읍 노상1,,경상북도 포항시 북구 흥해읍 마산리 62-9,36.1115257,129.3429209,노상,8,평일+토요일+공휴일,00:00,23:59,무료,경상북도 포항시청,2026-04-16,,,,,false,전국주차장정보표준데이터,https://www.data.go.kr/data/15012896/standard.do,SOURCE_ONLY
evacuation_parking,parking:51483da2ee497cf4c71c,경상북도,포항시,효곡동 노상8,경상북도 포항시 남구 유동길24,,36.00658221,129.3266448,노상,2,평일+토요일+공휴일,00:00,22:00,무료,경상북도 포항시청,2026-04-16,,,,,false,전국주차장정보표준데이터,https://www.data.go.kr/data/15012896/standard.do,SOURCE_ONLY
evacuation_parking,parking:517e1fc3bbd34b307258,경상북도,포항시,해도동 노상1,,경상북도 포항시 남구 해도동 543-9,36.02976692,129.3737598,노상,44,평일+토요일+공휴일,00:00,23:59,무료,포항시시설관리공단,2026-04-16,,,,,false,전국주차장정보표준데이터,https://www.data.go.kr/data/15012896/standard.do,SOURCE_ONLY
evacuation_parking,parking:518ae0aaa5c747113de8,경상북도,포항시,파라다이스주차장,경상북도 포항시 남구 중흥로 70번길 7-7,,36.01201004,129.3503424,노외,40,평일+토요일+공휴일,00:00,23:59,유료,경상북도 포항시청,2026-04-16,,,,,false,전국주차장정보표준데이터,https://www.data.go.kr/data/15012896/standard.do,SOURCE_ONLY
evacuation_parking,parking:5199ff96d55dc0132dae,경상북도,포항시,해도 공영주차장,,경상북도 포항시 남구 해도동 512-28,36.02368451,129.3744243,노외,42,평일+토요일+공휴일,00:00,23:59,무료,경상북도 포항시 교통지원과,2026-04-16,,,,,false,전국주차장정보표준데이터,https://www.data.go.kr/data/15012896/standard.do,SOURCE_ONLY
evacuation_parking,parking:51ce9d4295517091206c,경상북도,포항시,상대동 노상17,경상북도 포항시 남구 상공로 107,,36.01740457,129.3601599,노상,24,평일+토요일+공휴일,00:00,23:59,무료,포항시시설관리공단,2026-04-16,,,,,false,전국주차장정보표준데이터,https://www.data.go.kr/data/15012896/standard.do,SOURCE_ONLY
evacuation_parking,parking:52f40d06acee92359486,경상북도,포항시,죽도동 노상17,경상북도 포항시 북구 상대로58,,36.01603691,129.3534717,노상,20,평일+토요일+공휴일,00:00,23:59,무료,경상북도 포항시청,2026-04-16,,,,,false,전국주차장정보표준데이터,https://www.data.go.kr/data/15012896/standard.do,SOURCE_ONLY
evacuation_parking,parking:5328865cd605e3686b31,경상북도,포항시,월포 공영주차장,,"경상북도 포항시 북구 청하면 용두리 158-1, 158-2, 159-1, 159-2",36.20060159,129.3682867,노외,210,평일+토요일+공휴일,00:00,23:59,무료,경상북도 포항시 교통지원과,2026-04-16,,,,,false,전국주차장정보표준데이터,https://www.data.go.kr/data/15012896/standard.do,SOURCE_ONLY
evacuation_parking,parking:535d5ad7a60d87a24f3a,경상북도,포항시,월포4 공영주차장,,경상북도 포항시 북구 청하면 월포리 92-88,36.20175,129.3708474,노외,13,평일+토요일+공휴일,00:00,23:59,무료,청하면 행정복지센터,2026-04-16,,,,,false,전국주차장정보표준데이터,https://www.data.go.kr/data/15012896/standard.do,SOURCE_ONLY
evacuation_parking,parking:5373859b94fe5bf63e1d,경상북도,포항시,제일주차장(거일주차장),,경상북도 포항시 북구 중앙동 5-4,36.03752798,129.3688342,노외,19,평일+토요일+공휴일,08:00,20:00,유료,경상북도 포항시청,2026-04-16,,,,,false,전국주차장정보표준데이터,https://www.data.go.kr/data/15012896/standard.do,SOURCE_ONLY
evacuation_parking,parking:53eb5b08e48018ac259c,경상북도,포항시,상도유료주차장,,경상북도 포항시 남구 상도동 595-11,36.01499464,129.3550507,노외,13,평일+토요일+공휴일,00:00,23:59,유료,경상북도 포항시청,2026-04-16,,,,,false,전국주차장정보표준데이터,https://www.data.go.kr/data/15012896/standard.do,SOURCE_ONLY
evacuation_parking,parking:53ed9387e650e755ff75,경상북도,포항시,연일읍 노상11,경상북도 포항시 남구 연일읍 철강로 119,경상북도 포항시 남구 연일읍 오천리 598,35.98964425,129.3558504,노상,15,평일+토요일+공휴일,00:00,23:59,무료,경상북도 포항시청,2026-04-16,,,,,false,전국주차장정보표준데이터,https://www.data.go.kr/data/15012896/standard.do,SOURCE_ONLY
evacuation_parking,parking:53edaf3aa06182752130,경상북도,포항시,양학동 노상,,경상북도 포항시 북구 학잠동 124-1,36.03143209,129.3485747,노상,25,평일+토요일+공휴일,00:00,23:59,무료,경상북도 포항시청,2026-04-16,,,,,false,전국주차장정보표준데이터,https://www.data.go.kr/data/15012896/standard.do,SOURCE_ONLY
evacuation_parking,parking:5579694db65a4c292ba0,경상북도,포항시,중앙동 노상10,경상북도 포항시 북구 해동로347,,36.04999691,129.3724026,노상,18,평일+토요일+공휴일,00:00,23:59,무료,경상북도 포항시청,2026-04-16,,,,,false,전국주차장정보표준데이터,https://www.data.go.kr/data/15012896/standard.do,SOURCE_ONLY
evacuation_parking,parking:560c56c400d6ed8ce9d1,경상북도,포항시,장성동 유휴시유지 공영주차장,,경상북도 포항시 북구 장성동 1438-1,36.07665809,129.3938123,노외,140,평일+토요일+공휴일,00:00,23:59,무료,경상북도 포항시청,2026-04-16,,,,,false,전국주차장정보표준데이터,https://www.data.go.kr/data/15012896/standard.do,SOURCE_ONLY
evacuation_parking,parking:56970724c6606db359e0,경상북도,포항시,흥해읍 노상6,경상북도 포항시 북구 흥해읍 중성로32번길8,,36.10789348,129.3463041,노상,40,평일+토요일+공휴일,00:00,23:59,무료,경상북도 포항시청,2026-04-16,,,,,false,전국주차장정보표준데이터,https://www.data.go.kr/data/15012896/standard.do,SOURCE_ONLY
evacuation_parking,parking:56ac61df5fff207ece82,경상북도,포항시,대잠동 2공영주차장,,경상북도 포항시 남구 대잠동 1000,36.01889277,129.3410981,노외,23,평일+토요일+공휴일,00:00,23:59,무료,경상북도 포항시 교통지원과,2026-04-16,,,,,false,전국주차장정보표준데이터,https://www.data.go.kr/data/15012896/standard.do,SOURCE_ONLY
evacuation_parking,parking:57bbe18dd621fe062dde,경상북도,포항시,청림동 노상1,,경상북도 포항시 남구 청림동 1113-12,35.98926785,129.403009,노상,26,평일+토요일+공휴일,00:00,23:59,무료,포항시시설관리공단,2026-04-16,,,,,false,전국주차장정보표준데이터,https://www.data.go.kr/data/15012896/standard.do,SOURCE_ONLY
evacuation_parking,parking:57cc2b4e84ef1f332e35,경상북도,포항시,두호동 노상1,경상북도 포항시 북구 해안로 199-8,경상북도 포항시 북구 두호동 308-2,36.06483539,129.3847723,노상,10,평일+토요일+공휴일,00:00,23:59,무료,경상북도 포항시청,2026-04-16,,,,,false,전국주차장정보표준데이터,https://www.data.go.kr/data/15012896/standard.do,SOURCE_ONLY
evacuation_parking,parking:59d5a9b8e65b8e0c0656,경상북도,포항시,정인유료주차장,경상북도 포항시 남구 포스코대로 324-5,경상북도 포항시 남구 상도동 18-298,36.0180625,129.3588772,노외,12,평일+토요일+공휴일,00:00,23:59,유료,경상북도 포항시청,2026-04-16,,,,,false,전국주차장정보표준데이터,https://www.data.go.kr/data/15012896/standard.do,SOURCE_ONLY
evacuation_parking,parking:59ee57b6e3ed7f203698,경상북도,포항시,오천읍 노상3,경상북도 포항시 남구 오천읍 충무로25,경상북도 포항시 남구 오천읍 용덕리 397-2,35.97640675,129.4127197,노상,9,평일+토요일+공휴일,00:00,23:59,무료,경상북도 포항시청,2026-04-16,,,,,false,전국주차장정보표준데이터,https://www.data.go.kr/data/15012896/standard.do,SOURCE_ONLY
evacuation_parking,parking:5a9c0609a6b8e2ff3d93,경상북도,포항시,동빈주차장,,경상북도 포항시 북구 동빈 2가 143-3,36.03739679,129.3690025,노외,15,평일+토요일+공휴일,08:30,20:00,유료,경상북도 포항시청,2026-04-16,,,,,false,전국주차장정보표준데이터,https://www.data.go.kr/data/15012896/standard.do,SOURCE_ONLY
evacuation_parking,parking:5bb13472bfee6de2d0f6,경상북도,포항시,중앙주차장,경상북도 포항시 북구 중앙상가2길22,,36.0362528,129.3641865,노외,32,평일+토요일+공휴일,00:00,23:59,유료,경상북도 포항시청,2026-04-16,,,,,false,전국주차장정보표준데이터,https://www.data.go.kr/data/15012896/standard.do,SOURCE_ONLY
evacuation_parking,parking:5d123baf14425605f22a,경상북도,포항시,대보방파제 노외주차장,경상북도 포항시 남구 호미곶면 구만길 279-8,경상북도 포항시 남구 호미곶면 구만리 61-24,36.08139077,129.5604679,노외,51,평일+토요일+공휴일,00:00,23:59,무료,경상북도 포항시청,2026-04-16,,,,,false,전국주차장정보표준데이터,https://www.data.go.kr/data/15012896/standard.do,SOURCE_ONLY
evacuation_parking,parking:5d59280d878f0c5949d0,경상북도,포항시,다모아주차장,경상북도 포항시 북구 죽도로 36,경상북도 포항시 북구 죽도동 45-7,36.03346757,129.3645198,노외,25,평일+토요일+공휴일,08:30,21:00,유료,경상북도 포항시청,2026-04-16,,,,,false,전국주차장정보표준데이터,https://www.data.go.kr/data/15012896/standard.do,SOURCE_ONLY
evacuation_parking,parking:5d8046316df58890474a,경상북도,포항시,해도동 노상11,경상북도 포항시 남구 해동로 48-1,,36.02370466,129.3734293,노상,33,평일+토요일+공휴일,00:00,23:59,무료,포항시시설관리공단,2026-04-16,,,,,false,전국주차장정보표준데이터,https://www.data.go.kr/data/15012896/standard.do,SOURCE_ONLY
evacuation_parking,parking:5dcadd572852d4c3d85f,경상북도,포항시,연일전통시장주차장,,경상북도 포항시 남구 연일읍 동문리 342-6,35.99614754,129.3493178,노외,30,평일+토요일+공휴일,00:00,23:59,유료,경상북도 포항시청,2026-04-16,,,,,false,전국주차장정보표준데이터,https://www.data.go.kr/data/15012896/standard.do,SOURCE_ONLY
evacuation_parking,parking:5e97c9d3d2ca8e212e19,경상북도,포항시,동해면 노상5,경상북도 포항시 남구 동해면 일월로 145,경상북도 포항시 남구 동해면 약전리 421-13,35.98816061,129.4488236,노상,35,평일+토요일+공휴일,00:00,23:59,무료,경상북도 포항시청,2026-04-16,,,,,false,전국주차장정보표준데이터,https://www.data.go.kr/data/15012896/standard.do,SOURCE_ONLY
evacuation_parking,parking:5e9ae9672b39b1e2a865,경상북도,포항시,효곡동 노상7,경상북도 포항시 남구 효자동길1번길22,,36.00712774,129.328131,노상,5,평일+토요일+공휴일,00:00,22:00,무료,경상북도 포항시청,2026-04-16,,,,,false,전국주차장정보표준데이터,https://www.data.go.kr/data/15012896/standard.do,SOURCE_ONLY
evacuation_parking,parking:5ef8533bd1cea0884a04,경상북도,포항시,송도동 노상8,,경상북도 포항시 남구 송도동 447-5,36.03219293,129.3734176,노상,17,평일+토요일+공휴일,00:00,23:59,무료,포항시시설관리공단,2026-04-16,,,,,false,전국주차장정보표준데이터,https://www.data.go.kr/data/15012896/standard.do,SOURCE_ONLY
evacuation_parking,parking:5fdcaa4e39ac8d5ade40,경상북도,포항시,구룡포읍 노상1,경상북도 포항시 남구 구룡포읍 구룡포길57번길 36-18,경상북도 포항시 남구 구룡포읍 구룡포리 739,35.99163553,129.5506616,노상,15,평일+토요일+공휴일,00:00,23:59,무료,경상북도 포항시청,2026-04-16,,,,,false,전국주차장정보표준데이터,https://www.data.go.kr/data/15012896/standard.do,SOURCE_ONLY
evacuation_parking,parking:6030bce376d28dcf9241,경상북도,포항시,대아주차장,,경상북도 포항시 북구 죽도동 52-1,36.0309445,129.3637155,노외,14,평일+토요일+공휴일,00:00,23:59,유료,경상북도 포항시청,2026-04-16,,,,,false,전국주차장정보표준데이터,https://www.data.go.kr/data/15012896/standard.do,SOURCE_ONLY
evacuation_parking,parking:60d5141c1aaf28394050,경상북도,포항시,두호동 노상2,경상북도 포항시 북구 학전로67,,36.05867554,129.3748279,노상,5,평일+토요일+공휴일,00:00,23:59,무료,경상북도 포항시청,2026-04-16,,,,,false,전국주차장정보표준데이터,https://www.data.go.kr/data/15012896/standard.do,SOURCE_ONLY
evacuation_parking,parking:6132b4c03dc867062dec,경상북도,포항시,죽도동 노상5,경상북도 포항시 북구 양학천로 122,,36.02431127,129.3610951,노상,26,평일+토요일+공휴일,00:00,23:59,무료,경상북도 포항시청,2026-04-16,,,,,false,전국주차장정보표준데이터,https://www.data.go.kr/data/15012896/standard.do,SOURCE_ONLY
evacuation_parking,parking:61c00aa7805d838b65cb,경상북도,포항시,나눔주차장(죽도영광주차장),,경상북도 포항시 북구 죽도동 39-31,36.03463684,129.3643001,노외,24,평일+토요일+공휴일,07:30,18:00,유료,경상북도 포항시청,2026-04-16,,,,,false,전국주차장정보표준데이터,https://www.data.go.kr/data/15012896/standard.do,SOURCE_ONLY
evacuation_parking,parking:621ee977f5b39e8160c0,경상북도,포항시,상대동 노상2,경상북도 포항시 남구 양학천로142,,36.02615478,129.3615943,노상,30,평일+토요일+공휴일,00:00,22:00,무료,경상북도 포항시청,2026-04-16,,,,,false,전국주차장정보표준데이터,https://www.data.go.kr/data/15012896/standard.do,SOURCE_ONLY
evacuation_parking,parking:623a436a4b155dea7bf0,경상북도,포항시,스마일주차장,경상북도 포항시 북구 중흥로 226번길 6,경상북도 포항시 북구 죽도동 617-2,36.0230853,129.3591593,노외,48,평일+토요일+공휴일,00:00,23:59,무료,경상북도 포항시청,2026-04-16,,,,,false,전국주차장정보표준데이터,https://www.data.go.kr/data/15012896/standard.do,SOURCE_ONLY
evacuation_parking,parking:62a51c77166409a7e271,경상북도,포항시,부호주차장,,경상북도 포항시 북구 남빈동 401-1,36.03736,129.3680758,노외,32,평일+토요일+공휴일,00:00,23:59,유료,경상북도 포항시청,2026-04-16,,,,,false,전국주차장정보표준데이터,https://www.data.go.kr/data/15012896/standard.do,SOURCE_ONLY
evacuation_parking,parking:63a12f2c2ec17fa09b56,경상북도,포항시,송도동 노상9,경상북도 포항시 남구 송도로 26-2,,36.03349476,129.3738639,노상,31,평일+토요일+공휴일,00:00,23:59,무료,포항시시설관리공단,2026-04-16,,,,,false,전국주차장정보표준데이터,https://www.data.go.kr/data/15012896/standard.do,SOURCE_ONLY
evacuation_parking,parking:63a92df9cb028073ebde,경상북도,포항시,신흥주차장,,경상북도 포항시 북구 신흥동 859,36.04061168,129.3649472,노외,9,평일+토요일+공휴일,09:00,22:00,유료,경상북도 포항시청,2026-04-16,,,,,false,전국주차장정보표준데이터,https://www.data.go.kr/data/15012896/standard.do,SOURCE_ONLY
evacuation_parking,parking:63df66b0d8a18f41248a,경상북도,포항시,송도해상공원,경상북도 포항시 남구 운하로 204,경상북도 포항시 남구 송도동 389-12,36.04129527,129.3729894,노상,119,토요일+공휴일,00:00,00:00,유료,포항시시설관리공단,2026-04-16,,,,,false,전국주차장정보표준데이터,https://www.data.go.kr/data/15012896/standard.do,SOURCE_ONLY
evacuation_parking,parking:651e1f0463fbb495ecb1,경상북도,포항시,북부해수욕장 공영주차장,경상북도 포항시 북구 해안로 57-5,,36.05366112,129.3765129,노외,12,평일+토요일+공휴일,00:00,23:59,무료,경상북도 포항시 교통지원과,2026-04-16,,,,,false,전국주차장정보표준데이터,https://www.data.go.kr/data/15012896/standard.do,SOURCE_ONLY
evacuation_parking,parking:653b31f0ad6c65be8977,경상북도,포항시,송도동 노상7,,경상북도 포항시 남구 송도동 254-331,,,노상,33,평일+토요일+공휴일,00:00,23:59,무료,포항시시설관리공단,2026-04-16,,,,,false,전국주차장정보표준데이터,https://www.data.go.kr/data/15012896/standard.do,MISSING_LOCATION_OR_REGION
evacuation_parking,parking:66f57313964a5d1b93af,경상북도,포항시,대흥주차장,경상북도 포항시 북구 중앙상가4길7,,36.03813882,129.3635529,노외,13,평일+토요일+공휴일,00:00,23:59,유료,경상북도 포항시청,2026-04-16,,,,,false,전국주차장정보표준데이터,https://www.data.go.kr/data/15012896/standard.do,SOURCE_ONLY
evacuation_parking,parking:673826c975e039e749c7,경상북도,포항시,영일대2 공영주차장,경상북도 포항시 북구 해안로 173,경상북도 포항시 북구 두호동 1002-5,36.0631022846,129.382672613,노외,100,평일+토요일+공휴일,12:00,21:00,유료,포항시시설관리공단,2026-05-15,,,,,false,전국주차장정보표준데이터,https://www.data.go.kr/data/15012896/standard.do,SOURCE_ONLY
evacuation_parking,parking:678d0a128b7f40d53559,경상북도,포항시,연일읍 노상10,경상북도 포항시 남구 연일읍 동문로76번길32,,35.99692672,129.3556311,노상,22,평일+토요일+공휴일,00:00,23:59,무료,경상북도 포항시청,2026-04-16,,,,,false,전국주차장정보표준데이터,https://www.data.go.kr/data/15012896/standard.do,SOURCE_ONLY
evacuation_parking,parking:67921ec08df6218e47e3,경상북도,포항시,효곡동 노상1,경상북도 포항시 남구 효자동길7번길 11,,36.00788927,129.3290075,노상,21,평일+토요일+공휴일,00:00,22:00,무료,경상북도 포항시청,2026-04-16,,,,,false,전국주차장정보표준데이터,https://www.data.go.kr/data/15012896/standard.do,SOURCE_ONLY
evacuation_parking,parking:6898d3a9f72e9540ed19,경상북도,포항시,오천읍 노상1,경상북도 포항시 남구 오천읍 원동로 10,경상북도 포항시 남구 오천읍 문덕리 187-1,35.96376604,129.4032836,노상,39,평일+토요일+공휴일,00:00,23:59,무료,경상북도 포항시청,2026-04-16,,,,,false,전국주차장정보표준데이터,https://www.data.go.kr/data/15012896/standard.do,SOURCE_ONLY
evacuation_parking,parking:6919c0f273b7936ce83f,경상북도,포항시,승민주차장,경상북도 포항시 북구 중앙로 214,경상북도 포항시 북구 죽도동 97-2,36.03209529,129.3663858,노외,21,평일+토요일+공휴일,00:00,23:59,유료,경상북도 포항시청,2026-04-16,,,,,false,전국주차장정보표준데이터,https://www.data.go.kr/data/15012896/standard.do,SOURCE_ONLY
evacuation_parking,parking:69d33036a1b4c783b249,경상북도,포항시,대이동 노상5,경상북도 포항시 남구 행복길12,,36.01278581,129.3376194,노상,5,평일+토요일+공휴일,00:00,23:59,무료,경상북도 포항시청,2026-04-16,,,,,false,전국주차장정보표준데이터,https://www.data.go.kr/data/15012896/standard.do,SOURCE_ONLY
evacuation_parking,parking:6ac8a58e53aaeab6f5f7,경상북도,포항시,동해면 노상1,경상북도 포항시 남구 동해면 연오로7번길17-2,,35.98763859,129.4441161,노상,15,평일+토요일+공휴일,00:00,23:59,무료,경상북도 포항시청,2026-04-16,,,,,false,전국주차장정보표준데이터,https://www.data.go.kr/data/15012896/standard.do,SOURCE_ONLY
evacuation_parking,parking:6b129e5743040b293f93,경상북도,포항시,송도해수욕장 공영주차장,,경상북도 포항시 남구 송도동 311-289,36.03453278,129.3794108,노외,115,평일+토요일+공휴일,00:00,23:59,무료,경상북도 포항시 교통지원과,2026-04-16,,,,,false,전국주차장정보표준데이터,https://www.data.go.kr/data/15012896/standard.do,SOURCE_ONLY
evacuation_parking,parking:6b51debb034c96396bcd,경상북도,포항시,흥해읍 임시 공영주차장,,경상북도 포항시 북구 흥해읍 옥성리 189-1,36.1075287,129.3438836,노외,39,평일+토요일+공휴일,00:00,23:59,무료,경상북도 포항시청,2026-04-16,,,,,false,전국주차장정보표준데이터,https://www.data.go.kr/data/15012896/standard.do,SOURCE_ONLY
evacuation_parking,parking:6bda9fa79369d4114793,경상북도,포항시,송도동 노상3,,경상북도 포항시 남구 송도동 253-4,36.04330695,129.3738157,노상,43,평일+토요일+공휴일,00:00,23:59,무료,포항시시설관리공단,2026-04-16,,,,,false,전국주차장정보표준데이터,https://www.data.go.kr/data/15012896/standard.do,SOURCE_ONLY
evacuation_parking,parking:6be08695c37aac03e0e3,경상북도,포항시,상대동 노상14,경상북도 포항시 남구 문예로 97,,36.01590279,129.3656449,노상,23,평일+토요일+공휴일,00:00,23:59,무료,포항시시설관리공단,2026-04-16,,,,,false,전국주차장정보표준데이터,https://www.data.go.kr/data/15012896/standard.do,SOURCE_ONLY
evacuation_parking,parking:6bf8432abcac2fcc792b,경상북도,포항시,효곡동 노상14,경상북도 포항시 남구 효자로118번길 13-2,,36.00912881,129.3383782,노상,10,평일+토요일+공휴일,00:00,22:00,무료,경상북도 포항시청,2026-04-16,,,,,false,전국주차장정보표준데이터,https://www.data.go.kr/data/15012896/standard.do,SOURCE_ONLY
evacuation_parking,parking:6cf5107bc9d58fc72598,경상북도,포항시,장성동 임시공영주차장,,경상북도 포항시 북구 장성동 1414-12,36.0820721,129.392533,노외,12,평일+토요일+공휴일,00:00,23:59,무료,경상북도 포항시청,2026-04-16,,,,,false,전국주차장정보표준데이터,https://www.data.go.kr/data/15012896/standard.do,SOURCE_ONLY
evacuation_parking,parking:6d1d52887cd08da720d5,경상북도,포항시,연일읍 노상9,경상북도 포항시 남구 연일읍 동문로76번길 63,,35.99758803,129.359408,노상,17,평일+토요일+공휴일,00:00,23:59,무료,경상북도 포항시청,2026-04-16,,,,,false,전국주차장정보표준데이터,https://www.data.go.kr/data/15012896/standard.do,SOURCE_ONLY
evacuation_parking,parking:6d24653f1f9d57b145a7,경상북도,포항시,오천읍 노상5,경상북도 포항시 남구 오천읍 충무로 10,,35.97591711,129.4106388,노상,2,평일+토요일+공휴일,00:00,23:59,무료,경상북도 포항시청,2026-04-16,,,,,false,전국주차장정보표준데이터,https://www.data.go.kr/data/15012896/standard.do,SOURCE_ONLY
evacuation_parking,parking:6f1619ea08437d3c9e30,경상북도,포항시,중앙동 노상 21,경상북도 포항시 북구 중앙로272-5,,36.03710321,129.3656948,노상,15,평일+토요일+공휴일,00:00,23:59,무료,경상북도 포항시청,2026-04-16,,,,,false,전국주차장정보표준데이터,https://www.data.go.kr/data/15012896/standard.do,SOURCE_ONLY
evacuation_parking,parking:6fc8669baade21f7f52f,경상북도,포항시,대도 공영주차장,,경상북도 포항시 남구 대도동 71-5,36.0201886,129.3646938,노외,37,평일+토요일+공휴일,11:00,19:30,유료,포항시시설관리공단,2026-04-16,,,,,false,전국주차장정보표준데이터,https://www.data.go.kr/data/15012896/standard.do,SOURCE_ONLY
evacuation_parking,parking:70adc0d43884eb73f6d0,경상북도,포항시,죽도주차장,,경상북도 포항시 북구 동빈 2가 144-18,36.03786612,129.369375,노외,18,평일+토요일+공휴일,07:30,20:00,유료,경상북도 포항시청,2026-04-16,,,,,false,전국주차장정보표준데이터,https://www.data.go.kr/data/15012896/standard.do,SOURCE_ONLY
evacuation_parking,parking:71e56c302750823d27fc,경상북도,포항시,죽장 일광 주차장,,경상북도 포항시 북구 죽장면 일광리 산114-4,36.15251588,129.0785947,노외,50,평일+토요일+공휴일,00:00,23:59,무료,죽장면행정복지센터,2026-04-16,,,,,false,전국주차장정보표준데이터,https://www.data.go.kr/data/15012896/standard.do,SOURCE_ONLY
evacuation_parking,parking:720c325717bdf70f3a22,경상북도,포항시,죽도 공영주차장,경상북도 포항시 북구 죽도로40번길 18,경상북도 포항시 북구 죽도동 74-2,36.03181754,129.3641015,노외,21,평일+토요일+공휴일,10:00,19:00,유료,포항시시설관리공단,2026-05-15,,,,,false,전국주차장정보표준데이터,https://www.data.go.kr/data/15012896/standard.do,SOURCE_ONLY
evacuation_parking,parking:721a704c841112b2ba1c,경상북도,포항시,죽도어시장 앞 노상,,경상북도 포항시 북구 죽도동 556-198,36.03559876,129.3699914,노상,11,평일+토요일+공휴일,10:00,19:00,유료,포항시시설관리공단,2026-04-16,,,,,false,전국주차장정보표준데이터,https://www.data.go.kr/data/15012896/standard.do,SOURCE_ONLY
evacuation_parking,parking:72aacfe9deb8a6dc45bd,경상북도,포항시,대잠동 공영주차장,,경상북도 포항시 남구 대잠동 1006,36.01765759,129.3419924,노외,25,평일+토요일+공휴일,00:00,23:59,무료,경상북도 포항시 교통지원과,2026-04-16,,,,,false,전국주차장정보표준데이터,https://www.data.go.kr/data/15012896/standard.do,SOURCE_ONLY
evacuation_parking,parking:72bb356c610fb59e7c75,경상북도,포항시,기계면 노상1,경상북도 포항시 북구 기계면 근면길 31,경상북도 포항시 북구 기계면 현내리 268-3,36.07159419,129.2080532,노상,56,평일+토요일+공휴일,00:00,23:59,무료,경상북도 포항시청,2026-04-16,,,,,false,전국주차장정보표준데이터,https://www.data.go.kr/data/15012896/standard.do,SOURCE_ONLY
evacuation_parking,parking:73e89db29f248967e137,경상북도,포항시,상대동 노상35,,경상북도 포항시 남구 상도동 654,36.01086033,129.3521441,노상,26,평일+토요일+공휴일,00:00,23:59,무료,포항시시설관리공단,2026-04-16,,,,,false,전국주차장정보표준데이터,https://www.data.go.kr/data/15012896/standard.do,SOURCE_ONLY
evacuation_parking,parking:75d9f24b6eeb103815c8,경상북도,포항시,유료주차장,경상북도 포항시 남구 중섬로 66,,36.01217919,129.3513971,노외,25,평일+토요일+공휴일,00:00,23:59,유료,경상북도 포항시청,2026-04-16,,,,,false,전국주차장정보표준데이터,https://www.data.go.kr/data/15012896/standard.do,SOURCE_ONLY
evacuation_parking,parking:761c2aad8397f5e990c7,경상북도,포항시,죽도동 노상9,경상북도 포항시 북구 양학천로 32,,36.02261399,129.355274,노상,61,평일+토요일+공휴일,00:00,23:59,무료,경상북도 포항시청,2026-04-16,,,,,false,전국주차장정보표준데이터,https://www.data.go.kr/data/15012896/standard.do,SOURCE_ONLY
evacuation_parking,parking:7826260fb7269613a756,경상북도,포항시,행복주차장,경상북도 포항시 북구 용당로 120,,36.03785584,129.3628299,노외,24,평일+토요일+공휴일,10:00,19:00,유료,경상북도 포항시청,2026-04-16,,,,,false,전국주차장정보표준데이터,https://www.data.go.kr/data/15012896/standard.do,SOURCE_ONLY
evacuation_parking,parking:79dd029ec9dbe79c6748,경상북도,포항시,유료주차장,경상북도 포항시 북구 해동로 167번길 1,경상북도 포항시 북구 죽도동 557-117,36.03417956,129.3703974,노외,22,평일+토요일+공휴일,08:00,19:00,유료,경상북도 포항시청,2026-04-16,,,,,false,전국주차장정보표준데이터,https://www.data.go.kr/data/15012896/standard.do,SOURCE_ONLY
evacuation_parking,parking:7a08265ec42ff8660d6f,경상북도,포항시,용흥동 노상4,,경상북도 포항시 북구 용흥동 631-1,36.02461884,129.354171,노상,73,평일+토요일+공휴일,00:00,23:59,무료,경상북도 포항시청,2026-04-16,,,,,false,전국주차장정보표준데이터,https://www.data.go.kr/data/15012896/standard.do,SOURCE_ONLY
evacuation_parking,parking:7ab05161e2185d508c73,경상북도,포항시,상대동 노상26,경상북도 포항시 남구 포스코대로407,,36.01473554,129.3671929,노상,9,평일+토요일+공휴일,00:00,23:59,무료,포항시시설관리공단,2026-04-16,,,,,false,전국주차장정보표준데이터,https://www.data.go.kr/data/15012896/standard.do,SOURCE_ONLY
evacuation_parking,parking:7b395ae7cc0d6b00b9f0,경상북도,포항시,유료주차장,,경상북도 포항시 남구 대잠동 1005-2,36.01824734,129.3422459,노외,24,평일+토요일+공휴일,00:00,19:00,유료,경상북도 포항시청,2026-04-16,,,,,false,전국주차장정보표준데이터,https://www.data.go.kr/data/15012896/standard.do,SOURCE_ONLY
evacuation_parking,parking:7b5b5b4031efbd0de40b,경상북도,포항시,효곡동 노상5,경상북도 포항시 남구 효자동길1번길 24,,36.00705084,129.327943,노상,116,평일+토요일+공휴일,00:00,22:00,무료,경상북도 포항시청,2026-04-16,,,,,false,전국주차장정보표준데이터,https://www.data.go.kr/data/15012896/standard.do,SOURCE_ONLY
evacuation_parking,parking:7c4545e4443df265fa68,경상북도,포항시,대이동 노상2,경상북도 포항시 남구 대이로1번길 20-1,,36.01479704,129.3427182,노상,40,평일+토요일+공휴일,00:00,23:59,무료,경상북도 포항시청,2026-04-16,,,,,false,전국주차장정보표준데이터,https://www.data.go.kr/data/15012896/standard.do,SOURCE_ONLY
evacuation_parking,parking:7c74318c7d70c294482c,경상북도,포항시,연일읍 노상7,경상북도 포항시 남구 연일읍 동문로 76번길33,,35.99726915,129.3561285,노상,28,평일+토요일+공휴일,00:00,23:59,무료,경상북도 포항시청,2026-04-16,,,,,false,전국주차장정보표준데이터,https://www.data.go.kr/data/15012896/standard.do,SOURCE_ONLY
evacuation_parking,parking:7db0fab23928d86bc755,경상북도,포항시,죽도시장주차장,,경상북도 포항시 북구 죽도동 156-12,36.03521167,129.3647379,노외,86,평일+토요일+공휴일,07:30,19:30,유료,경상북도 포항시청,2026-04-16,,,,,false,전국주차장정보표준데이터,https://www.data.go.kr/data/15012896/standard.do,SOURCE_ONLY
evacuation_parking,parking:7dc0861025fec081bc41,경상북도,포항시,죽도주차장,,경상북도 포항시 북구 죽도동 17-7,36.03375338,129.3679785,노외,20,평일+토요일+공휴일,06:00,19:00,유료,경상북도 포항시청,2026-04-16,,,,,false,전국주차장정보표준데이터,https://www.data.go.kr/data/15012896/standard.do,SOURCE_ONLY
evacuation_parking,parking:7dcffc954756c673229e,경상북도,포항시,죽도동 노상12,경상북도 포항시 북구 중흥로 195,,36.02204016,129.3561765,노상,43,평일+토요일+공휴일,00:00,23:59,무료,경상북도 포항시청,2026-04-16,,,,,false,전국주차장정보표준데이터,https://www.data.go.kr/data/15012896/standard.do,SOURCE_ONLY
evacuation_parking,parking:7e0316c914f9ae92a43a,경상북도,포항시,죽도시장 제5공영주차장,경상북도 포항시 남구 운하로 130,경상북도 포항시 남구 송도동 430-5,36.0352227949,129.3713730489,노외,75,평일+토요일+공휴일,10:00,19:00,유료,포항시시설관리공단,2026-05-15,,,,,false,전국주차장정보표준데이터,https://www.data.go.kr/data/15012896/standard.do,SOURCE_ONLY
evacuation_parking,parking:7e273d32face170c7e66,경상북도,포항시,장기파출소 앞 노외주차장,경상북도 포항시 남구 장기면 읍내길 98-10,경상북도 포항시 남구 장기면 읍내리 11-4,35.89576007,129.4935725,노외,18,평일+토요일+공휴일,00:00,23:59,무료,장기면행정복지센터,2026-04-16,,,,,false,전국주차장정보표준데이터,https://www.data.go.kr/data/15012896/standard.do,SOURCE_ONLY
evacuation_parking,parking:7e9af37c5ac726142ddd,경상북도,포항시,만남의 광장1 공영주차장,,경상북도 포항시 북구 용흥동 산24-3,36.04694956,129.3405365,노외,126,평일+토요일+공휴일,00:00,23:59,무료,경상북도 포항시 교통지원과,2026-04-16,,,,,false,전국주차장정보표준데이터,https://www.data.go.kr/data/15012896/standard.do,SOURCE_ONLY
evacuation_parking,parking:7ef217c019ab0d97f9f8,경상북도,포항시,포항역 공영주차장,,경상북도 포항시 북구 흥해읍 이인리 114,36.07353428,129.3409224,노외,405,평일+토요일+공휴일,00:00,23:59,유료,포항시시설관리공단,2026-05-15,,,,,false,전국주차장정보표준데이터,https://www.data.go.kr/data/15012896/standard.do,SOURCE_ONLY
evacuation_parking,parking:7f8ed67dd9ddd3123185,경상북도,포항시,월포1 공영주차장,,경상북도 포항시 북구 청하면 월포리 92-75,36.20482045,129.3711563,노외,13,평일+토요일+공휴일,00:00,23:59,무료,청하면 행정복지센터,2026-04-16,,,,,false,전국주차장정보표준데이터,https://www.data.go.kr/data/15012896/standard.do,SOURCE_ONLY
evacuation_parking,parking:7ff576768f7c590f2c5c,경상북도,포항시,국제주차장,경상북도 포항시 북구 중흥로 300번길 7-1,경상북도 포항시 북구 죽도동 66-4,36.02901263,129.3639302,노외,18,평일+토요일+공휴일,00:00,23:59,유료,경상북도 포항시청,2026-04-16,,,,,false,전국주차장정보표준데이터,https://www.data.go.kr/data/15012896/standard.do,SOURCE_ONLY
evacuation_parking,parking:8061f0bb6e65c1833edc,경상북도,포항시,오천읍 용덕리2 노외주차장,,경상북도 포항시 남구 오천읍 용덕리 210,35.97181933,129.4166703,노외,32,평일+토요일+공휴일,00:00,23:59,무료,경상북도 포항시 교통지원과,2026-04-16,,,,,false,전국주차장정보표준데이터,https://www.data.go.kr/data/15012896/standard.do,SOURCE_ONLY
evacuation_parking,parking:80d74a5f2b422a83c813,경상북도,포항시,해도동 노상8,경상북도 포항시 남구 축항로 38,,36.02896674,129.372595,노상,61,평일+토요일+공휴일,00:00,23:59,무료,포항시시설관리공단,2026-04-16,,,,,false,전국주차장정보표준데이터,https://www.data.go.kr/data/15012896/standard.do,SOURCE_ONLY
evacuation_parking,parking:811b6b0ee834579949e2,경상북도,포항시,중앙동 노상 17,경상북도 포항시 북구 서동로 97,,36.04068512,129.3687313,노상,24,평일+토요일+공휴일,00:00,23:59,무료,경상북도 포항시청,2026-04-16,,,,,false,전국주차장정보표준데이터,https://www.data.go.kr/data/15012896/standard.do,SOURCE_ONLY
evacuation_parking,parking:81ef9dee53b3dab9c090,경상북도,포항시,학산유료주차장,경상북도 포항시 북구 삼호로 107,,36.04976798,129.3711002,노외,12,평일+토요일+공휴일,00:00,23:59,유료,경상북도 포항시청,2026-04-16,,,,,false,전국주차장정보표준데이터,https://www.data.go.kr/data/15012896/standard.do,SOURCE_ONLY
evacuation_parking,parking:82195c133d68e5f6534e,경상북도,포항시,해도동 노상15,경상북도 포항시 남구 대해로 153,,36.01811067,129.3671741,노상,14,평일+토요일+공휴일,00:00,23:59,무료,포항시시설관리공단,2026-04-16,,,,,false,전국주차장정보표준데이터,https://www.data.go.kr/data/15012896/standard.do,SOURCE_ONLY
evacuation_parking,parking:82436eb5c7a62f1c4816,경상북도,포항시,칠성천 공영주차장,경상북도 포항시 북구 칠성천길 127,경상북도 포항시 북구 죽도동 556-1,36.03663294,129.3676497,노외,128,평일+토요일+공휴일,09:00,19:00,유료,포항시시설관리공단,2026-04-16,,,,,false,전국주차장정보표준데이터,https://www.data.go.kr/data/15012896/standard.do,SOURCE_ONLY
evacuation_parking,parking:82f8660e6565efc03b3c,경상북도,포항시,상대로 공영주차장,경상북도 포항시 남구 상대로 139,,36.01351017,129.361667,노외,54,평일+토요일+공휴일,00:00,23:59,무료,경상북도 포항시 교통지원과,2026-04-16,,,,,false,전국주차장정보표준데이터,https://www.data.go.kr/data/15012896/standard.do,SOURCE_ONLY
evacuation_parking,parking:83592ad7dbad3a87554e,경상북도,포항시,상대동 노상25,경상북도 포항시 남구 포스코대로402,,36.0145788,129.3660411,노상,10,평일+토요일+공휴일,00:00,23:59,무료,포항시시설관리공단,2026-04-16,,,,,false,전국주차장정보표준데이터,https://www.data.go.kr/data/15012896/standard.do,SOURCE_ONLY
evacuation_parking,parking:86112083318faa4fe4cc,경상북도,포항시,영남주차장,,경상북도 포항시 북구 대흥동 598-3,36.03760189,129.362758,노외,24,평일+토요일+공휴일,09:00,23:00,유료,경상북도 포항시청,2026-04-16,,,,,false,전국주차장정보표준데이터,https://www.data.go.kr/data/15012896/standard.do,SOURCE_ONLY
evacuation_parking,parking:86704f2cd738f0bc148a,경상북도,포항시,해도동 노상14,경상북도 포항시 남구 문예로139,,36.01824189,129.3691971,노상,19,평일+토요일+공휴일,00:00,23:59,무료,포항시시설관리공단,2026-04-16,,,,,false,전국주차장정보표준데이터,https://www.data.go.kr/data/15012896/standard.do,SOURCE_ONLY
evacuation_parking,parking:86e782aa24c6e785323c,경상북도,포항시,우성주차장,경상북도 포항시 북구 중흥로 312,경상북도 포항시 북구 죽도동 53-5,36.02990807,129.3640789,노외,54,평일+토요일+공휴일,09:00,20:00,유료,경상북도 포항시청,2026-04-16,,,,,false,전국주차장정보표준데이터,https://www.data.go.kr/data/15012896/standard.do,SOURCE_ONLY
evacuation_parking,parking:871893f3ed0acf70b55e,경상북도,포항시,장량동 노상1,경상북도 포항시 북구 침촌로20,,36.08226564,129.3774076,노상,9,평일+토요일+공휴일,00:00,23:59,무료,경상북도 포항시청,2026-04-16,,,,,false,전국주차장정보표준데이터,https://www.data.go.kr/data/15012896/standard.do,SOURCE_ONLY
evacuation_parking,parking:880535ad68e07d8e5a82,경상북도,포항시,양덕법원시장주차장,경상북도 포항시 북구 장량중앙로 66번길 16,경상북도 포항시 북구 양덕동 673-1,36.08871904,129.3882345,노외,85,평일+토요일+공휴일,00:00,23:59,무료,경상북도 포항시청,2026-04-16,,,,,false,전국주차장정보표준데이터,https://www.data.go.kr/data/15012896/standard.do,SOURCE_ONLY
evacuation_parking,parking:880da859a763a16880bf,경상북도,포항시,장기면 신창리 노외주차장,,경상북도 포항시 남구 장기면 신창리 895-1,35.89087678,129.524343,노외,30,평일+토요일+공휴일,00:00,23:59,무료,장기면행정복지센터,2026-04-16,,,,,false,전국주차장정보표준데이터,https://www.data.go.kr/data/15012896/standard.do,SOURCE_ONLY
evacuation_parking,parking:883fb29ce601e7e4fc35,경상북도,포항시,중앙상가주차장,경상북도 포항시 북구 서동로 72-4,,36.04047067,129.3655254,노외,50,평일+토요일+공휴일,00:00,23:59,유료,경상북도 포항시청,2026-04-16,,,,,false,전국주차장정보표준데이터,https://www.data.go.kr/data/15012896/standard.do,SOURCE_ONLY
evacuation_parking,parking:88b7834f0df313f744fd,경상북도,포항시,중앙동 노상 20,경상북도 포항시 북구 칠성로37번길6,,36.03693951,129.3661142,노상,4,평일+토요일+공휴일,00:00,23:59,무료,경상북도 포항시청,2026-04-16,,,,,false,전국주차장정보표준데이터,https://www.data.go.kr/data/15012896/standard.do,SOURCE_ONLY
evacuation_parking,parking:88bd21b8af2ef19af94c,경상북도,포항시,초곡리 임시 공영주차장,,경상북도 포항시 북구 흥해읍 초곡리 1405,36.0943369,129.341773,노외,60,평일+토요일+공휴일,00:00,23:59,무료,경상북도 포항시청,2026-04-16,,,,,false,전국주차장정보표준데이터,https://www.data.go.kr/data/15012896/standard.do,SOURCE_ONLY
evacuation_parking,parking:895a6b6210e24abcd43e,경상북도,포항시,동빈주차장,경상북도 포항시 북구 서동로 101,,36.04055503,129.3691636,노외,41,평일+토요일+공휴일,10:00,19:00,유료,경상북도 포항시청,2026-04-16,,,,,false,전국주차장정보표준데이터,https://www.data.go.kr/data/15012896/standard.do,SOURCE_ONLY
evacuation_parking,parking:89c8411b539beee73c5d,경상북도,포항시,구룡포 내항 공영주차장,경상북도 포항시 남구 구룡포읍 호미로 222,경상북도 포항시 남구 구룡포읍 구룡포리 954-2,35.98982629,129.555554,노상,173,평일+토요일+공휴일,00:00,22:00,무료,해수부+구룡포읍  행정복지센터,2026-04-16,,,,,false,전국주차장정보표준데이터,https://www.data.go.kr/data/15012896/standard.do,SOURCE_ONLY
evacuation_parking,parking:8aca685ee1bd31beba99,경상북도,포항시,중앙동 노상 23,경상북도 포항시 북구 동빈로35,,36.04012973,129.368691,노상,33,평일+토요일+공휴일,00:00,23:59,무료,경상북도 포항시청,2026-04-16,,,,,false,전국주차장정보표준데이터,https://www.data.go.kr/data/15012896/standard.do,SOURCE_ONLY
evacuation_parking,parking:8b40c5925b8fa74f32f7,경상북도,포항시,효곡동 노상11,경상북도 포항시 남구 효자동길2번길31,,36.00873735,129.3335127,노상,9,평일+토요일+공휴일,00:00,23:59,무료,경상북도 포항시청,2026-04-16,,,,,false,전국주차장정보표준데이터,https://www.data.go.kr/data/15012896/standard.do,SOURCE_ONLY
evacuation_parking,parking:8b68dd15de363b96baf0,경상북도,포항시,송도동 노상14,경상북도 포항시 남구 송도해안길32,,36.0338577,129.3806034,노상,40,평일+토요일+공휴일,00:00,23:59,무료,경상북도 포항시청,2026-04-16,,,,,false,전국주차장정보표준데이터,https://www.data.go.kr/data/15012896/standard.do,SOURCE_ONLY
evacuation_parking,parking:8c5597a46c3e6e808dab,경상북도,포항시,상대동 노상7,경상북도 포항시 남구 포스코대로329,,36.01859943,129.3599238,노상,6,평일+토요일+공휴일,00:00,22:00,무료,포항시시설관리공단,2026-04-16,,,,,false,전국주차장정보표준데이터,https://www.data.go.kr/data/15012896/standard.do,SOURCE_ONLY
evacuation_parking,parking:8d5b9f7205ee61ad6b3b,경상북도,포항시,상대동 노상23,경상북도 포항시 남구 상대로 151-2,,36.01323678,129.3631771,노상,18,평일+토요일+공휴일,00:00,23:59,무료,포항시시설관리공단,2026-04-16,,,,,false,전국주차장정보표준데이터,https://www.data.go.kr/data/15012896/standard.do,SOURCE_ONLY
evacuation_parking,parking:8e9d7653a57e8224c91e,경상북도,포항시,송도동 노상18,경상북도 포항시 남구 해동로 72번길26,,,,노상,11,평일+토요일+공휴일,00:00,23:59,무료,경상북도 포항시청,2026-04-16,,,,,false,전국주차장정보표준데이터,https://www.data.go.kr/data/15012896/standard.do,MISSING_LOCATION_OR_REGION
evacuation_parking,parking:8f5ec39087c4c4ac6c08,경상북도,포항시,양덕 임시공영주차장,,경상북도 포항시 북구 양덕동 777-1,36.08846692,129.391734,노외,247,평일+토요일+공휴일,00:00,23:59,무료,경상북도 포항시 교통지원과,2026-04-16,,,,,false,전국주차장정보표준데이터,https://www.data.go.kr/data/15012896/standard.do,SOURCE_ONLY
evacuation_parking,parking:912371a644cbe9e6ffb8,경상북도,포항시,환호공원 노상,,경상북도 포항시 북구 두호동 1015-3,36.0628394,129.3904034,노상,260,평일+토요일+공휴일,00:00,23:59,무료,경상북도 포항시청,2026-04-16,,,,,false,전국주차장정보표준데이터,https://www.data.go.kr/data/15012896/standard.do,SOURCE_ONLY
evacuation_parking,parking:91facb4fcdbd8db156f5,경상북도,포항시,시내노상 6구역,,경상북도 포항시 북구 남빈동 591-2,36.03551175,129.3624742,노상,57,평일+토요일,10:00,19:00,유료,포항시시설관리공단,2026-04-16,,,,,false,전국주차장정보표준데이터,https://www.data.go.kr/data/15012896/standard.do,SOURCE_ONLY
evacuation_parking,parking:922bed6f5016041a5069,경상북도,포항시,해도동 노상16,경상북도 포항시 남구 포스코대로415,,36.01441708,129.3680303,노상,8,평일+토요일+공휴일,00:00,23:59,무료,포항시시설관리공단,2026-04-16,,,,,false,전국주차장정보표준데이터,https://www.data.go.kr/data/15012896/standard.do,SOURCE_ONLY
evacuation_parking,parking:9241674a37095892e840,경상북도,포항시,상대동 노상31,경상북도 포항시 남구 상공로61,,36.01385218,129.3572822,노상,23,평일+토요일+공휴일,00:00,23:59,무료,포항시시설관리공단,2026-04-16,,,,,false,전국주차장정보표준데이터,https://www.data.go.kr/data/15012896/standard.do,SOURCE_ONLY
evacuation_parking,parking:92c6d6e36206972d5379,경상북도,포항시,대잠고가교 하부 주차장,경상북도 포항시 남구 희망대로 625,경상북도 포항시 남구 대잠동 909-6,36.01274902,129.3423612,노외,26,평일+토요일+공휴일,00:00,23:59,무료,경상북도 포항시청,2026-04-16,,,,,false,전국주차장정보표준데이터,https://www.data.go.kr/data/15012896/standard.do,SOURCE_ONLY
evacuation_parking,parking:93198ef78fae96044083,경상북도,포항시,청하면 노상1,경상북도 포항시 북구 청하면 해안로2308번길 67,,36.20297416,129.3707961,노상,5,평일+토요일+공휴일,00:00,23:59,무료,경상북도 포항시청,2026-04-16,,,,,false,전국주차장정보표준데이터,https://www.data.go.kr/data/15012896/standard.do,SOURCE_ONLY
evacuation_parking,parking:9368b178ecceca05b09c,경상북도,포항시,오천읍 노상4,경상북도 포항시 남구 오천읍 충무로63,경상북도 포항시 남구 오천읍 용덕리95-20,35.97636576,129.4168227,노상,21,평일+토요일+공휴일,00:00,23:59,무료,경상북도 포항시청,2026-04-16,,,,,false,전국주차장정보표준데이터,https://www.data.go.kr/data/15012896/standard.do,SOURCE_ONLY
evacuation_parking,parking:94b9c5692ff4a0fecc59,경상북도,포항시,연일복지회관 옆 노외주차장,,경상북도 포항시 남구 연일읍 동문리 43-2,35.99569918,129.3519023,노외,48,평일+토요일+공휴일,00:00,23:59,무료,경상북도 포항시청,2026-04-16,,,,,false,전국주차장정보표준데이터,https://www.data.go.kr/data/15012896/standard.do,SOURCE_ONLY
evacuation_parking,parking:95146b7ab4237b4a1f13,경상북도,포항시,죽도 공영주차장,,경상북도 포항시 북구 죽도동 74-2,36.0318175416,129.3641014999,노외,21,평일,10:00,19:00,유료,포항시시설관리공단,2026-04-16,,,,,false,전국주차장정보표준데이터,https://www.data.go.kr/data/15012896/standard.do,SOURCE_ONLY
evacuation_parking,parking:9531f07cabdb7c1c72ac,경상북도,포항시,이동4공원 공영주차장,경상북도 포항시 남구 대이로95번길 6-7,경상북도 포항시 남구 대잠동 462-3,36.0240987575,129.3400162,노외,88,평일+토요일+공휴일,10:00,19:00,유료,포항시시설관리공단,2026-05-15,,,,,false,전국주차장정보표준데이터,https://www.data.go.kr/data/15012896/standard.do,SOURCE_ONLY
evacuation_parking,parking:96c6b4756c3371e8400f,경상북도,포항시,중앙동 노상16,경상북도 포항시 북구 동빈로 81,경상북도 포항시 북구 동빈1가 84-39,36.04447266,129.3696084,노상,9,평일+토요일+공휴일,00:00,23:59,무료,경상북도 포항시청,2026-04-16,,,,,false,전국주차장정보표준데이터,https://www.data.go.kr/data/15012896/standard.do,SOURCE_ONLY
evacuation_parking,parking:978051a958a73edbf5cd,경상북도,포항시,해도동 노상4,경상북도 포항시 남구 해동로 74-2,,36.02607024,129.3727953,노상,40,평일+토요일+공휴일,00:00,23:59,무료,포항시시설관리공단,2026-04-16,,,,,false,전국주차장정보표준데이터,https://www.data.go.kr/data/15012896/standard.do,SOURCE_ONLY
evacuation_parking,parking:97f11840e2737fa07417,경상북도,포항시,시내노상 3구역,경상북도 포항시 북구 해동로 217,,36.03859339,129.3695012,노상,13,평일+토요일,10:00,19:00,유료,포항시시설관리공단,2026-04-16,,,,,false,전국주차장정보표준데이터,https://www.data.go.kr/data/15012896/standard.do,SOURCE_ONLY
evacuation_parking,parking:9866c00e07219885f6cf,경상북도,포항시,대보2리 마을회관 노외주차장,경상북도 포항시 남구 호미곶면 해맞이로 173-2,경상북도 포항시 남구 호미곶면 대보리 275-1,36.07754873,129.5619619,노외,10,평일+토요일+공휴일,00:00,23:59,무료,호미곶면 행정복지센터,2026-04-16,,,,,false,전국주차장정보표준데이터,https://www.data.go.kr/data/15012896/standard.do,SOURCE_ONLY
evacuation_parking,parking:9a62b3f1a0220d437619,경상북도,포항시,대잠동 임시공영주차장,경상북도 포항시 남구 대이로 9번길 9-5,경상북도 포항시 남구 대잠동 976,36.01609779,129.3432077,노외,10,평일+토요일+공휴일,00:00,23:59,무료,경상북도 포항시 교통지원과,2026-04-16,,,,,false,전국주차장정보표준데이터,https://www.data.go.kr/data/15012896/standard.do,SOURCE_ONLY
evacuation_parking,parking:9a906ef19a21a25b09a2,경상북도,포항시,송도동 노상1,경상북도 포항시 남구 장흥로39번길44,,35.97574877,129.3723729,노상,31,평일+토요일+공휴일,00:00,23:59,무료,포항시시설관리공단,2026-04-16,,,,,false,전국주차장정보표준데이터,https://www.data.go.kr/data/15012896/standard.do,SOURCE_ONLY
evacuation_parking,parking:9aaa4dc03dc88b6b0e4b,경상북도,포항시,효곡동 노상6,경상북도 포항시 남구 효자동길5번길 24,,36.00743863,129.3277764,노상,14,평일+토요일+공휴일,00:00,22:00,무료,경상북도 포항시청,2026-04-16,,,,,false,전국주차장정보표준데이터,https://www.data.go.kr/data/15012896/standard.do,SOURCE_ONLY
evacuation_parking,parking:9b5efaf7ff6c55d0e666,경상북도,포항시,오천어시장 옆 노외주차장,경상북도 포항시 남구 오천읍 장기로1690번길 22,경상북도 포항시 남구 오천읍 세계리 679-10,35.96587197,129.4187928,노외,37,평일+토요일+공휴일,00:00,23:59,무료,경상북도 포항시청,2026-04-16,,,,,false,전국주차장정보표준데이터,https://www.data.go.kr/data/15012896/standard.do,SOURCE_ONLY
evacuation_parking,parking:9be0f2db2201b7e4d8db,경상북도,포항시,송도동 노상10,경상북도 포항시 남구 송림로 31번길9,,36.03239181,129.3747304,노상,11,평일+토요일+공휴일,00:00,23:59,무료,경상북도 포항시청,2026-04-16,,,,,false,전국주차장정보표준데이터,https://www.data.go.kr/data/15012896/standard.do,SOURCE_ONLY
evacuation_parking,parking:9c0513c355a1649fb96c,경상북도,포항시,대도까치주차장,경상북도 포항시 남구 상공로 129-1,경상북도 포항시 남구 대도동 91-6,36.01917855,129.3615821,노외,22,평일+토요일+공휴일,00:00,23:59,유료,경상북도 포항시청,2026-04-16,,,,,false,전국주차장정보표준데이터,https://www.data.go.kr/data/15012896/standard.do,SOURCE_ONLY
evacuation_parking,parking:9c8b6ae9543711b05c8c,경상북도,포항시,까치주차장,경상북도 포항시 북구 죽도시장 14길 10-13,경상북도 포항시 북구 죽도동 12-105,36.03410956,129.3686564,노외,93,평일+토요일+공휴일,05:30,21:00,혼합,경상북도 포항시청,2026-04-16,,,,,false,전국주차장정보표준데이터,https://www.data.go.kr/data/15012896/standard.do,SOURCE_ONLY
evacuation_parking,parking:9d38faf52e7e23ad22d5,경상북도,포항시,동림주차장,경상북도 포항시 북구 불종로 35-3,,36.03902942,129.3634946,노외,9,평일+토요일+공휴일,00:00,23:59,유료,경상북도 포항시청,2026-04-16,,,,,false,전국주차장정보표준데이터,https://www.data.go.kr/data/15012896/standard.do,SOURCE_ONLY
evacuation_parking,parking:9d7d74343c5f8f0e905a,경상북도,포항시,환호동 해변공원 공영주차장,,경상북도 포항시 북구 두호동 1015-4,36.06338366,129.3933218,노외,105,평일+토요일+공휴일,00:00,23:59,무료,경상북도 포항시 도시계획과+민자사업추진단,2026-04-16,,,,,false,전국주차장정보표준데이터,https://www.data.go.kr/data/15012896/standard.do,SOURCE_ONLY
evacuation_parking,parking:9df71838834d028fcd30,경상북도,포항시,태양유료주차장,,경상북도 포항시 남구 상도동 18-36,36.01772065,129.3586002,노외,15,평일+토요일+공휴일,00:00,23:59,유료,경상북도 포항시청,2026-04-16,,,,,false,전국주차장정보표준데이터,https://www.data.go.kr/data/15012896/standard.do,SOURCE_ONLY
evacuation_parking,parking:9f39ef7e53238f4daa67,경상북도,포항시,만남의 광장2 공영주차장,,경상북도 포항시 북구 용흥동 산24-3,36.04694956,129.3405365,노외,100,평일+토요일+공휴일,00:00,23:59,무료,경상북도 포항시 교통지원과,2026-04-16,,,,,false,전국주차장정보표준데이터,https://www.data.go.kr/data/15012896/standard.do,SOURCE_ONLY
evacuation_parking,parking:a339d077cc17aa577a91,경상북도,포항시,죽도동 노상13,경상북도 포항시 북구 포스코대로299,,36.02002761,129.3571897,노상,4,평일+토요일+공휴일,00:00,23:59,무료,경상북도 포항시청,2026-04-16,,,,,false,전국주차장정보표준데이터,https://www.data.go.kr/data/15012896/standard.do,SOURCE_ONLY
evacuation_parking,parking:a41330d9e27fb0e977bc,경상북도,포항시,송도풋살장 노외주차장,경상북도 포항시 남구 송도해안길 73번길 1,경상북도 포항시 남구 송도동 254-281,36.03696854,129.3781981,노외,42,평일+토요일+공휴일,00:00,23:59,무료,경상북도 포항시청,2026-04-16,,,,,false,전국주차장정보표준데이터,https://www.data.go.kr/data/15012896/standard.do,SOURCE_ONLY
evacuation_parking,parking:a4ad7ccfe911969b52c8,경상북도,포항시,해도동 노상17,경상북도 포항시 남구 문예로128,,36.01763779,129.3679102,노상,18,평일+토요일+공휴일,00:00,23:59,무료,포항시시설관리공단,2026-04-16,,,,,false,전국주차장정보표준데이터,https://www.data.go.kr/data/15012896/standard.do,SOURCE_ONLY
evacuation_parking,parking:a55923cf4a5dc88650a6,경상북도,포항시,터미널유료주차장,경상북도 포항시 남구 중흥로 85,,36.01343407,129.3494781,노외,13,평일+토요일+공휴일,10:00,20:00,유료,경상북도 포항시청,2026-04-16,,,,,false,전국주차장정보표준데이터,https://www.data.go.kr/data/15012896/standard.do,SOURCE_ONLY
evacuation_parking,parking:a56f82846a5f8355bf1a,경상북도,포항시,칠포해수욕장 공영주차장,,경상북도 포항시 북구 흥해읍 칠포리 197-20,36.13198433,129.3978166,노외,570,평일+토요일+공휴일,00:00,23:59,무료,파인비치호텔 주차장,2026-04-16,,,,,false,전국주차장정보표준데이터,https://www.data.go.kr/data/15012896/standard.do,SOURCE_ONLY
evacuation_parking,parking:a5c9b3e92c8d983ab658,경상북도,포항시,청림시장 공영주차장,,경상북도 포항시 남구 청림동 582-6,35.9959194,129.410595,노외,21,평일+토요일+공휴일,00:00,23:59,무료,경상북도 포항시청,2026-04-16,,,,,false,전국주차장정보표준데이터,https://www.data.go.kr/data/15012896/standard.do,SOURCE_ONLY
evacuation_parking,parking:a62f691493109ac01258,경상북도,포항시,상대동 노상15,경상북도 포항시 남구 대해로 136,,36.01904185,129.3658136,노상,24,평일+토요일+공휴일,00:00,23:59,무료,포항시시설관리공단,2026-04-16,,,,,false,전국주차장정보표준데이터,https://www.data.go.kr/data/15012896/standard.do,SOURCE_ONLY
evacuation_parking,parking:a630fb5960711d6ff179,경상북도,포항시,오천읍 원리 임시주차장,,경상북도 포항시 남구 오천읍 원리 914-4,35.96812342,129.4035496,노외,50,평일+토요일+공휴일,00:00,23:59,무료,경상북도 포항시 교통지원과,2026-04-16,,,,,false,전국주차장정보표준데이터,https://www.data.go.kr/data/15012896/standard.do,SOURCE_ONLY
evacuation_parking,parking:a699822e8a920d0242fa,경상북도,포항시,용흥동 노상2,,경상북도 포항시 북구 용흥동 470-2,36.04397034,129.3483565,노상,100,평일+토요일+공휴일,00:00,23:59,무료,경상북도 포항시청,2026-04-16,,,,,false,전국주차장정보표준데이터,https://www.data.go.kr/data/15012896/standard.do,SOURCE_ONLY
evacuation_parking,parking:a6a191ee351c52e74e3a,경상북도,포항시,삼호주차장,,경상북도 포항시 북구 덕산동 115-12,36.04214029,129.3669799,노외,18,평일+토요일+공휴일,00:00,23:59,유료,경상북도 포항시청,2026-04-16,,,,,false,전국주차장정보표준데이터,https://www.data.go.kr/data/15012896/standard.do,SOURCE_ONLY
evacuation_parking,parking:a707bfe417581e2e32fd,경상북도,포항시,제일주차장,,경상북도 포항시 북구 대흥동 599-11,36.03746439,129.3626181,노외,14,평일+토요일+공휴일,08:00,20:00,유료,경상북도 포항시청,2026-04-16,,,,,false,전국주차장정보표준데이터,https://www.data.go.kr/data/15012896/standard.do,SOURCE_ONLY
evacuation_parking,parking:a71a4777886266c39c2c,경상북도,포항시,해도동 노상2,경상북도 포항시 남구 중앙로 166,,36.02809859,129.36806,노상,10,평일+토요일+공휴일,00:00,23:59,무료,포항시시설관리공단,2026-04-16,,,,,false,전국주차장정보표준데이터,https://www.data.go.kr/data/15012896/standard.do,SOURCE_ONLY
evacuation_parking,parking:a7d7eb4d3912be4bb74c,경상북도,포항시,대한주차장,경상북도 포항시 북구 칠성로51번길7,,36.03756898,129.3671935,노외,30,평일+토요일+공휴일,08:00,20:00,유료,경상북도 포항시청,2026-04-16,,,,,false,전국주차장정보표준데이터,https://www.data.go.kr/data/15012896/standard.do,SOURCE_ONLY
evacuation_parking,parking:a8a94aade99c246f2f28,경상북도,포항시,두호동 노상4,경상북도 포항시 북구 삼호로217번길19,,36.05792198,129.3751996,노상,13,평일+토요일+공휴일,00:00,23:59,무료,경상북도 포항시청,2026-04-16,,,,,false,전국주차장정보표준데이터,https://www.data.go.kr/data/15012896/standard.do,SOURCE_ONLY
evacuation_parking,parking:aa884104a58f15ce5bc5,경상북도,포항시,도구해수욕장 공영주차장,,경상북도 포항시 남구 동해면 도구리 729-3,35.99173147,129.442231,노외,100,평일+토요일+공휴일,00:00,23:59,무료,경상북도 포항시청,2026-04-16,,,,,false,전국주차장정보표준데이터,https://www.data.go.kr/data/15012896/standard.do,SOURCE_ONLY
evacuation_parking,parking:ab1a62962c5ae89c228f,경상북도,포항시,상대동 노상12,경상북도 포항시 남구 대해로112,,36.02092654,129.3641929,노상,32,평일+토요일+공휴일,00:00,23:59,무료,포항시시설관리공단,2026-04-16,,,,,false,전국주차장정보표준데이터,https://www.data.go.kr/data/15012896/standard.do,SOURCE_ONLY
evacuation_parking,parking:abbe9ac246557f856fa3,경상북도,포항시,연오랑세오녀 임시주차장,경상북도 포항시 남구 동해면 호미로 3006,,36.00458267,129.4630054,노외,63,평일+토요일+공휴일,00:00,23:59,무료,경상북도 포항시 교통지원과,2026-04-16,,,,,false,전국주차장정보표준데이터,https://www.data.go.kr/data/15012896/standard.do,SOURCE_ONLY
evacuation_parking,parking:ac341da4728190161687,경상북도,포항시,월주차주차장,경상북도 포항시 북구 중앙상가 7길 12-2,"경상북도 포항시 북구 신흥동 816-16, 816-9",36.04000846,129.3650828,노외,12,평일+토요일+공휴일,08:00,23:59,유료,경상북도 포항시청,2026-04-16,,,,,false,전국주차장정보표준데이터,https://www.data.go.kr/data/15012896/standard.do,SOURCE_ONLY
evacuation_parking,parking:ac3f5b0ce8960d3adbaa,경상북도,포항시,월포3 공영주차장,,경상북도 포항시 북구 청하면 용두리 431-108,36.20072612,129.371061,노외,74,평일+토요일+공휴일,00:00,23:59,무료,청하면 행정복지센터,2026-04-16,,,,,false,전국주차장정보표준데이터,https://www.data.go.kr/data/15012896/standard.do,SOURCE_ONLY
evacuation_parking,parking:acb06544522761b5c729,경상북도,포항시,도구해수욕장 공영주차장,경상북도 포항시 남구 동해면 일월로 81번길 36,,35.99246902,129.4434615,노외,20,평일+토요일+공휴일,00:00,23:59,무료,동해면 행정복지센터,2026-04-16,,,,,false,전국주차장정보표준데이터,https://www.data.go.kr/data/15012896/standard.do,SOURCE_ONLY
evacuation_parking,parking:ad993c7c4943ffb7879c,경상북도,포항시,대도동 노외주차장,,경상북도 포항시 남구 대도동 135-106,36.01492759,129.3599069,노외,27,평일+토요일+공휴일,00:00,23:59,무료,경상북도 포항시청,2026-04-16,,,,,false,전국주차장정보표준데이터,https://www.data.go.kr/data/15012896/standard.do,SOURCE_ONLY
evacuation_parking,parking:ae98a05aaa98df49b51d,경상북도,포항시,오천읍 노상2,경상북도 포항시 남구 오천읍 충무로 5,경상북도 포항시 남구 오천읍 용덕리 500,35.97643516,129.4104604,노상,9,평일+토요일+공휴일,00:00,23:59,무료,경상북도 포항시청,2026-04-16,,,,,false,전국주차장정보표준데이터,https://www.data.go.kr/data/15012896/standard.do,SOURCE_ONLY
evacuation_parking,parking:afea20bf35ce80dc18a3,경상북도,포항시,효곡동 노상4,경상북도 포항시 남구 효자동길2번길29,,36.00873065,129.3333153,노상,4,평일+토요일+공휴일,00:00,22:00,무료,경상북도 포항시청,2026-04-16,,,,,false,전국주차장정보표준데이터,https://www.data.go.kr/data/15012896/standard.do,SOURCE_ONLY
evacuation_parking,parking:b042660d5fad292ad582,경상북도,포항시,남부시장 공영주차장,,경상북도 포항시 남구 상도동 619-8,36.01296616,129.35647,노외,25,평일+토요일+공휴일,10:00,19:00,유료,포항시시설관리공단,2026-04-16,,,,,false,전국주차장정보표준데이터,https://www.data.go.kr/data/15012896/standard.do,SOURCE_ONLY
evacuation_parking,parking:b089ae862b2ecf3ca17f,경상북도,포항시,대잠동 임시공영주차장(2),,경상북도 포항시 남구 대잠동 998-8,36.0190156,129.3403237,노외,10,평일+토요일+공휴일,00:00,23:59,무료,경상북도 포항시청,2026-04-16,,,,,false,전국주차장정보표준데이터,https://www.data.go.kr/data/15012896/standard.do,SOURCE_ONLY
evacuation_parking,parking:b0f5491045946cc90701,경상북도,포항시,오천읍 노상7,경상북도 포항시 남구 오천읍 충무로40-1,,35.97601328,129.4142336,노상,22,평일+토요일+공휴일,00:00,23:59,무료,경상북도 포항시청,2026-04-16,,,,,false,전국주차장정보표준데이터,https://www.data.go.kr/data/15012896/standard.do,SOURCE_ONLY
evacuation_parking,parking:b2152cf7d8a2dbfc88fe,경상북도,포항시,대이동 노상6,경상북도 포항시 남구 대잠동길6번길4-1,경상북도 포항시 남구 대잠동 160-22,36.01354126,129.3394131,노상,75,평일+토요일+공휴일,00:00,23:59,무료,경상북도 포항시청,2026-04-16,,,,,false,전국주차장정보표준데이터,https://www.data.go.kr/data/15012896/standard.do,SOURCE_ONLY
evacuation_parking,parking:b2c9d7da7cbd3ab9535b,경상북도,포항시,송도동 노상15,경상북도 포항시 남구 축항로55,,36.03022626,129.3750548,노상,22,평일+토요일+공휴일,00:00,23:59,무료,경상북도 포항시청,2026-04-16,,,,,false,전국주차장정보표준데이터,https://www.data.go.kr/data/15012896/standard.do,SOURCE_ONLY
evacuation_parking,parking:b385e24d1a6cecc7b3af,경상북도,포항시,정안주차장,경상북도 포항시 북구 중앙상가3길 19-4,,36.03721835,129.3647732,노외,30,평일+토요일+공휴일,08:30,21:00,유료,경상북도 포항시청,2026-04-16,,,,,false,전국주차장정보표준데이터,https://www.data.go.kr/data/15012896/standard.do,SOURCE_ONLY
evacuation_parking,parking:b4726f4a179668ce08df,경상북도,포항시,장기2교 노외주차장,,경상북도 포항시 남구 장기면 읍내리 361-68,35.89103208,129.488975,노외,100,평일+토요일+공휴일,00:00,23:59,무료,장기면 행정복지센터,2026-04-16,,,,,false,전국주차장정보표준데이터,https://www.data.go.kr/data/15012896/standard.do,SOURCE_ONLY
evacuation_parking,parking:b4b2e3ba0c51b3361f19,경상북도,포항시,대원주차장,,경상북도 포항시 북구 죽도동 645-6,36.02087161,129.3531763,노외,20,평일+토요일+공휴일,00:00,23:59,유료,경상북도 포항시청,2026-04-16,,,,,false,전국주차장정보표준데이터,https://www.data.go.kr/data/15012896/standard.do,SOURCE_ONLY
evacuation_parking,parking:b57888beb70c132bb3c7,경상북도,포항시,흥해읍 노상5,,경상북도 포항시 북구 흥해읍 망천리875-1,36.11239744,129.3513023,노상,26,평일+토요일+공휴일,00:00,23:59,무료,경상북도 포항시청,2026-04-16,,,,,false,전국주차장정보표준데이터,https://www.data.go.kr/data/15012896/standard.do,SOURCE_ONLY
evacuation_parking,parking:b5823e05adb15a99d96a,경상북도,포항시,대이동 공영주차장(3공원),경상북도 포항시 남구 대이로 127번길 12-10,경상북도 포항시 남구 이동 659,36.02708391,129.3395318,노외,168,평일+토요일+공휴일,10:00,23:59,유료,포항시시설관리공단,2026-04-16,,,,,false,전국주차장정보표준데이터,https://www.data.go.kr/data/15012896/standard.do,SOURCE_ONLY
evacuation_parking,parking:b6010d1e0ed737cd3e85,경상북도,포항시,천지유료주차장,경상북도 포항시 남구 중흥로 116,,36.01505557,129.3523688,노외,40,평일+토요일+공휴일,00:00,23:59,유료,경상북도 포항시청,2026-04-16,,,,,false,전국주차장정보표준데이터,https://www.data.go.kr/data/15012896/standard.do,SOURCE_ONLY
evacuation_parking,parking:b6a0676965fd5c752ea8,경상북도,포항시,큰동해시장 공영주차장,경상북도 포항시 남구 중앙로 134번길 35-8,경상북도 포항시 남구 해도동 464-28,36.0263143398,129.3721126,노외,44,평일+토요일+공휴일,11:00,20:00,유료,포항시시설관리공단,2026-05-15,,,,,false,전국주차장정보표준데이터,https://www.data.go.kr/data/15012896/standard.do,SOURCE_ONLY
evacuation_parking,parking:b6ac9c12b94e7d7bede8,경상북도,포항시,두호동 산호녹원맨션 옆 주차장,,경상북도 포항시 북구 두호동 산30-1,36.0704562,129.383624,노외,71,평일+토요일+공휴일,00:00,23:59,무료,경상북도 포항시 공원과+새마을체육과 협의중,2026-04-16,,,,,false,전국주차장정보표준데이터,https://www.data.go.kr/data/15012896/standard.do,SOURCE_ONLY
evacuation_parking,parking:b6db1bc314c363317390,경상북도,포항시,유료주차장,,경상북도 포항시 남구 해도동 82-13,36.01894826,129.3702174,노외,16,평일+토요일+공휴일,09:00,20:00,유료,경상북도 포항시청,2026-04-16,,,,,false,전국주차장정보표준데이터,https://www.data.go.kr/data/15012896/standard.do,SOURCE_ONLY
evacuation_parking,parking:b6e750f45dcb9f5fd311,경상북도,포항시,중앙동 노상7,경상북도 포항시 북구 중앙로 412,경상북도 포항시 북구 대신동 951-5,36.04895533,129.3628653,노상,38,평일+토요일+공휴일,00:00,23:59,무료,경상북도 포항시청,2026-04-16,,,,,false,전국주차장정보표준데이터,https://www.data.go.kr/data/15012896/standard.do,SOURCE_ONLY
evacuation_parking,parking:b8ebebb2d5279852912b,경상북도,포항시,큰동해시장 공영주차장,,경상북도 포항시 남구 해도동 464-5,36.02618582,129.3721182,노외,40,평일+토요일+공휴일,11:00,19:30,유료,포항시시설관리공단,2026-04-16,,,,,false,전국주차장정보표준데이터,https://www.data.go.kr/data/15012896/standard.do,SOURCE_ONLY
evacuation_parking,parking:b9a3dbc8b6060fbf1dae,경상북도,포항시,오도리 공영주차장,,경상북도 포항시 북구 흥해읍 오도리 314-8,36.1564974,129.3975327,노외,80,평일+토요일+공휴일,00:00,23:59,무료,경상북도 포항시청,2026-04-16,,,,,false,전국주차장정보표준데이터,https://www.data.go.kr/data/15012896/standard.do,SOURCE_ONLY
evacuation_parking,parking:ba416ccce5dd569e42e6,경상북도,포항시,한중주차장,경상북도 포항시 북구 포스코대로 264,경상북도 포항시 북구 죽도동 645-4,36.0209756,129.353032,노외,48,평일+토요일+공휴일,00:00,23:59,유료,경상북도 포항시청,2026-04-16,,,,,false,전국주차장정보표준데이터,https://www.data.go.kr/data/15012896/standard.do,SOURCE_ONLY
evacuation_parking,parking:bb22e9fbc302848fb2f8,경상북도,포항시,해도동 노상7,경상북도 포항시 남구 해동로 73-1,,36.02594968,129.3724586,노상,40,평일+토요일+공휴일,00:00,23:59,무료,포항시시설관리공단,2026-04-16,,,,,false,전국주차장정보표준데이터,https://www.data.go.kr/data/15012896/standard.do,SOURCE_ONLY
evacuation_parking,parking:bb9b234039c7c6765f88,경상북도,포항시,송도동 노상13,경상북도 포항시 남구 송림로22번길13,,36.03191671,129.3774167,노상,2,평일+토요일+공휴일,00:00,23:59,무료,경상북도 포항시청,2026-04-16,,,,,false,전국주차장정보표준데이터,https://www.data.go.kr/data/15012896/standard.do,SOURCE_ONLY
evacuation_parking,parking:bc02938703c1d67f0eb7,경상북도,포항시,유료주차장,경상북도 포항시 남구 송도로 32-4,,36.03317431,129.374417,노외,15,평일+토요일+공휴일,00:00,23:59,유료,경상북도 포항시청,2026-04-16,,,,,false,전국주차장정보표준데이터,https://www.data.go.kr/data/15012896/standard.do,SOURCE_ONLY
evacuation_parking,parking:bc9a27ee77e97722e39f,경상북도,포항시,대원주차장,경상북도 포항시 북구 불종로 36-1,,36.0384399,129.3635772,노외,16,평일+토요일+공휴일,00:00,23:59,유료,경상북도 포항시청,2026-04-16,,,,,false,전국주차장정보표준데이터,https://www.data.go.kr/data/15012896/standard.do,SOURCE_ONLY
evacuation_parking,parking:bcf7789dd4942876224f,경상북도,포항시,흥해읍 노상7,경상북도 포항시 북구 흥해읍 중성로32번길33,,36.10569632,129.3471604,노상,36,평일+토요일+공휴일,00:00,23:59,무료,경상북도 포항시청,2026-04-16,,,,,false,전국주차장정보표준데이터,https://www.data.go.kr/data/15012896/standard.do,SOURCE_ONLY
evacuation_parking,parking:bdcc47621b2ec6006078,경상북도,포항시,죽도동 노상2,경상북도 포항시 북구 칠성천길26,,36.03124234,129.3597725,노상,24,평일+토요일+공휴일,00:00,23:59,무료,경상북도 포항시청,2026-04-16,,,,,false,전국주차장정보표준데이터,https://www.data.go.kr/data/15012896/standard.do,SOURCE_ONLY
evacuation_parking,parking:bfa0b6ddf21b100239f3,경상북도,포항시,국제주차장,경상북도 포항시 북구 중앙로 245번길13,,36.03465612,129.3638457,노외,20,평일+토요일+공휴일,07:30,18:00,유료,경상북도 포항시청,2026-04-16,,,,,false,전국주차장정보표준데이터,https://www.data.go.kr/data/15012896/standard.do,SOURCE_ONLY
evacuation_parking,parking:bfb18ec53b9b87e7672f,경상북도,포항시,장량하수처리장 사거리 공영주차장,,경상북도 포항시 북구 흥해읍 죽천리 404,36.0831334,129.409714,노외,95,평일+토요일+공휴일,00:00,23:59,무료,경상북도 포항시청,2026-04-16,,,,,false,전국주차장정보표준데이터,https://www.data.go.kr/data/15012896/standard.do,SOURCE_ONLY
evacuation_parking,parking:bfb2058e31f869d965dc,경상북도,포항시,동원 주차장,경상북도 포항시 북구 중앙상가길 53,,36.03951929,129.3652209,노외,13,평일+토요일+공휴일,00:00,23:59,유료,경상북도 포항시청,2026-04-16,,,,,false,전국주차장정보표준데이터,https://www.data.go.kr/data/15012896/standard.do,SOURCE_ONLY
evacuation_parking,parking:c107f3abed0fec48ec20,경상북도,포항시,상대동 노상19,경상북도 포항시 남구 상대로 125,,36.0137753,129.360241,노상,21,평일+토요일+공휴일,00:00,23:59,무료,포항시시설관리공단,2026-04-16,,,,,false,전국주차장정보표준데이터,https://www.data.go.kr/data/15012896/standard.do,SOURCE_ONLY
evacuation_parking,parking:c122c9dba788e9c0fb1b,경상북도,포항시,동빈부두 공영주차장,,경상북도 포항시 북구 동빈2가 148-4,36.03827625,129.3698876,노외,49,평일+토요일+공휴일,10:00,19:00,유료,포항시시설관리공단,2026-04-16,,,,,false,전국주차장정보표준데이터,https://www.data.go.kr/data/15012896/standard.do,SOURCE_ONLY
evacuation_parking,parking:c20265020b142e0d0c70,경상북도,포항시,상도,경상북도 포항시 남구 상대로 68-3,경상북도 포항시 남구 상도동 595-29,36.01540313,129.3542987,노외,20,평일,13:00,22:00,유료,포항시시설관리공단,2026-04-16,,,,,false,전국주차장정보표준데이터,https://www.data.go.kr/data/15012896/standard.do,SOURCE_ONLY
evacuation_parking,parking:c2ff835d45b8d1afc353,경상북도,포항시,남도주차장,경상북도 포항시 북구 죽도로 48,경상북도 포항시 북구 죽도동 44-3,36.03278508,129.365341,노외,31,평일+토요일+공휴일,08:00,20:00,유료,경상북도 포항시청,2026-04-16,,,,,false,전국주차장정보표준데이터,https://www.data.go.kr/data/15012896/standard.do,SOURCE_ONLY
evacuation_parking,parking:c3ae79df46d8d80a16e2,경상북도,포항시,연일읍 노상2,경상북도 포항시 남구 연일읍 유강길9번길 16,경상북도 포항시 남구 연일읍 유강리 589-7,36.00379662,129.3177207,노상,24,평일+토요일+공휴일,00:00,23:59,무료,경상북도 포항시청,2026-04-16,,,,,false,전국주차장정보표준데이터,https://www.data.go.kr/data/15012896/standard.do,SOURCE_ONLY
evacuation_parking,parking:c41d871db9668f09e9c1,경상북도,포항시,병원유료주차장,,경상북도 포항시 북구 죽도동 646-14,36.02154769,129.3518864,노외,10,평일+토요일+공휴일,00:00,23:59,유료,경상북도 포항시청,2026-04-16,,,,,false,전국주차장정보표준데이터,https://www.data.go.kr/data/15012896/standard.do,SOURCE_ONLY
evacuation_parking,parking:c55d5b534053c64c1591,경상북도,포항시,중앙동 노상2,경상북도 포항시 북구 아호로 10,경상북도 포항시 북구 학산동 53-1,36.05326582,129.3731241,노상,30,평일+토요일+공휴일,00:00,23:59,무료,경상북도 포항시청,2026-04-16,,,,,false,전국주차장정보표준데이터,https://www.data.go.kr/data/15012896/standard.do,SOURCE_ONLY
evacuation_parking,parking:c6ddaaa3b01893f10722,경상북도,포항시,동국주차장,,경상북도 포항시 북구 죽도동 639-13,36.02237929,129.3527204,노외,16,평일+토요일+공휴일,09:00,22:00,유료,경상북도 포항시청,2026-04-16,,,,,false,전국주차장정보표준데이터,https://www.data.go.kr/data/15012896/standard.do,SOURCE_ONLY
evacuation_parking,parking:c7a4b1c51b2fe4f072bb,경상북도,포항시,동빈부두,경상북도 포항시 북구 해동로 205,경상북도 포항시 북구 동빈2가 144-3,36.03748732,129.3693791,노외,49,평일+토요일+공휴일,10:00,19:00,유료,포항시시설관리공단,2026-04-16,,,,,false,전국주차장정보표준데이터,https://www.data.go.kr/data/15012896/standard.do,SOURCE_ONLY
evacuation_parking,parking:c815de9117fcbc93cecd,경상북도,포항시,상대동 노상11,경상북도 포항시 남구 포스코대로 343,,36.0180107,129.3611648,노상,56,평일+토요일+공휴일,00:00,22:00,무료,포항시시설관리공단,2026-04-16,,,,,false,전국주차장정보표준데이터,https://www.data.go.kr/data/15012896/standard.do,SOURCE_ONLY
evacuation_parking,parking:c88676d982fa4ec05e73,경상북도,포항시,상대동 노상33,경상북도 포항시 남구 상대로 108,,36.013672,129.3581375,노상,29,평일+토요일+공휴일,00:00,23:59,무료,포항시시설관리공단,2026-04-16,,,,,false,전국주차장정보표준데이터,https://www.data.go.kr/data/15012896/standard.do,SOURCE_ONLY
evacuation_parking,parking:c8d4c7eb169419d5de4c,경상북도,포항시,양포항 노외주차장,,경상북도 포항시 남구 장기면 양포리 9-4,35.88161867,129.5194477,노외,58,평일+토요일+공휴일,00:00,23:59,무료,경상북도 포항시 교통지원과,2026-04-16,,,,,false,전국주차장정보표준데이터,https://www.data.go.kr/data/15012896/standard.do,SOURCE_ONLY
evacuation_parking,parking:c8f6ecc260055bacbe3a,경상북도,포항시,시내노상 5구역,경상북도 포항시 북구 중앙로 264,경상북도 포항시 북구 남빈동 415-10,36.03650035,129.3652889,노상,60,평일+토요일,10:00,19:00,유료,포항시시설관리공단,2026-04-16,,,,,false,전국주차장정보표준데이터,https://www.data.go.kr/data/15012896/standard.do,SOURCE_ONLY
evacuation_parking,parking:c99bcc8c1cce92556cc7,경상북도,포항시,해도동 노상18,경상북도 포항시 남구 포스코대로 412,,36.01394866,129.3670672,노상,22,평일+토요일+공휴일,00:00,23:59,무료,포항시시설관리공단,2026-04-16,,,,,false,전국주차장정보표준데이터,https://www.data.go.kr/data/15012896/standard.do,SOURCE_ONLY
evacuation_parking,parking:c9eb5f71cca7b35678b3,경상북도,포항시,유료주차장,,경상북도 포항시 남구 상도동 18-248,36.01849068,129.3579649,노외,11,평일+토요일+공휴일,00:00,23:59,유료,경상북도 포항시청,2026-04-16,,,,,false,전국주차장정보표준데이터,https://www.data.go.kr/data/15012896/standard.do,SOURCE_ONLY
evacuation_parking,parking:ca18e0527c768a519a38,경상북도,포항시,동해 흥환 간이주차장1,,경상북도 포항시 남구 동해면 흥환리 623-1,36.02306528,129.4983565,노외,12,평일+토요일+공휴일,00:00,23:59,무료,경상북도 포항시 교통지원과,2026-04-16,,,,,false,전국주차장정보표준데이터,https://www.data.go.kr/data/15012896/standard.do,SOURCE_ONLY
evacuation_parking,parking:cad973e55e3b444e5fde,경상북도,포항시,동진주차장,,경상북도 포항시 북구 죽도동 51-6,36.03116118,129.3643683,노외,28,평일+토요일+공휴일,08:00,20:00,유료,경상북도 포항시청,2026-04-16,,,,,false,전국주차장정보표준데이터,https://www.data.go.kr/data/15012896/standard.do,SOURCE_ONLY
evacuation_parking,parking:cc6f150358758dbcf499,경상북도,포항시,성신주차장,,경상북도 포항시 북구 대흥동 578-2,36.03619779,129.3630901,노외,23,평일+토요일+공휴일,00:00,23:59,유료,경상북도 포항시청,2026-04-16,,,,,false,전국주차장정보표준데이터,https://www.data.go.kr/data/15012896/standard.do,SOURCE_ONLY
evacuation_parking,parking:cd8c57840b7767e210ac,경상북도,포항시,시내노상 4구역,경상북도 포항시 북구 동빈로14,경상북도 포항시 북구 중앙동 14,36.03806556,129.3687234,노상,8,평일+토요일,10:00,19:00,유료,포항시시설관리공단,2026-04-16,,,,,false,전국주차장정보표준데이터,https://www.data.go.kr/data/15012896/standard.do,SOURCE_ONLY
evacuation_parking,parking:cde4d508436d830d754b,경상북도,포항시,화진해수욕장 노외주차장,,경상북도 포항시 북구 송라면 지경리 410-10,36.25194842,129.3732846,노외,109,평일+토요일+공휴일,00:00,23:59,무료,청하면 행정복지센터,2026-04-16,,,,,false,전국주차장정보표준데이터,https://www.data.go.kr/data/15012896/standard.do,SOURCE_ONLY
evacuation_parking,parking:ce43fb928cd72b4c2576,경상북도,포항시,죽도시장 제1공영주차장,경상북도 포항시 북구 해동로 193,경상북도 포항시 북구 죽도동 557-7,36.03656345,129.3689832066,노외,169,평일+토요일+공휴일,07:00,22:00,유료,포항시시설관리공단,2026-05-15,,,,,false,전국주차장정보표준데이터,https://www.data.go.kr/data/15012896/standard.do,SOURCE_ONLY
evacuation_parking,parking:ce95f1034600f904de3f,경상북도,포항시,오거리주차장,,경상북도 포항시 북구 죽도동 74-1,36.03201184,129.364255,노외,15,평일+토요일+공휴일,08:30,23:59,유료,경상북도 포항시청,2026-04-16,,,,,false,전국주차장정보표준데이터,https://www.data.go.kr/data/15012896/standard.do,SOURCE_ONLY
evacuation_parking,parking:ceeb107ad4d74171775b,경상북도,포항시,죽도동 노상10,경상북도 포항시 북구 양학천로85,,36.02129717,129.3600069,노상,4,평일+토요일+공휴일,00:00,23:59,무료,경상북도 포항시청,2026-04-16,,,,,false,전국주차장정보표준데이터,https://www.data.go.kr/data/15012896/standard.do,SOURCE_ONLY
evacuation_parking,parking:cf246b25d170ea3a84cc,경상북도,포항시,송도해수욕장 버스주차장,,경상북도 포항시 남구 송도동 311-285,36.03373764,129.3799254,노외,6,평일+토요일+공휴일,00:00,23:59,무료,경상북도 포항시 교통지원과,2026-04-16,,,,,false,전국주차장정보표준데이터,https://www.data.go.kr/data/15012896/standard.do,SOURCE_ONLY
evacuation_parking,parking:cfdeadc5ed79837ede43,경상북도,포항시,월포2 공영주차장,경상북도 포항시 북구 청하면 해안로 2308번길 85,경상북도 포항시 북구 청하면 월포리 92-77,36.20454343,129.3710704,노외,14,평일+토요일+공휴일,00:00,23:59,무료,청하면 행정복지센터,2026-04-16,,,,,false,전국주차장정보표준데이터,https://www.data.go.kr/data/15012896/standard.do,SOURCE_ONLY
evacuation_parking,parking:d00f5813dbb61fb6dd53,경상북도,포항시,계정주차장,경상북도 포항시 북구 용당로 177-1,,36.04280097,129.3645586,노외,15,평일+토요일+공휴일,00:00,23:59,유료,경상북도 포항시청,2026-04-16,,,,,false,전국주차장정보표준데이터,https://www.data.go.kr/data/15012896/standard.do,SOURCE_ONLY
evacuation_parking,parking:d07b4ec04a73e1339bd2,경상북도,포항시,동해면 노외주차장,,경상북도 포항시 남구 동해면 도구리 528-6,35.98892933,129.4352998,노외,13,평일+토요일+공휴일,00:00,23:59,무료,동해면 행정복지센터,2026-04-16,,,,,false,전국주차장정보표준데이터,https://www.data.go.kr/data/15012896/standard.do,SOURCE_ONLY
evacuation_parking,parking:d10e48861d4ce357b4c3,경상북도,포항시,상대동 노상29,경상북도 포항시 남구 중섬로59-12,,36.0131382,129.3516502,노상,6,평일+토요일+공휴일,00:00,23:59,무료,포항시시설관리공단,2026-04-16,,,,,false,전국주차장정보표준데이터,https://www.data.go.kr/data/15012896/standard.do,SOURCE_ONLY
evacuation_parking,parking:d14f3c7979a80a1bda68,경상북도,포항시,제철복지회관 임시주차장,,경상북도 포항시 남구 인덕동 47-4,35.98538485,129.4007387,노외,26,평일+토요일+공휴일,00:00,23:59,무료,사유지 임차(경상북도 포항시 교통지원과),2026-04-16,,,,,false,전국주차장정보표준데이터,https://www.data.go.kr/data/15012896/standard.do,SOURCE_ONLY
evacuation_parking,parking:d15adc62c86db8e77626,경상북도,포항시,중앙동 노상6,경상북도 포항시 북구 해동로 357,경상북도 포항시 북구 항구동 58-8,36.05110298,129.3729839,노상,12,평일+토요일+공휴일,00:00,23:59,무료,경상북도 포항시청,2026-04-16,,,,,false,전국주차장정보표준데이터,https://www.data.go.kr/data/15012896/standard.do,SOURCE_ONLY
evacuation_parking,parking:d1f7d958da97628c2abd,경상북도,포항시,죽도시장 제4공영주차장,경상북도 포항시 북구 죽도시장 4길 22,경상북도 포항시 북구 죽도동 15-4,36.03334173,129.3670105,노외,171,평일+토요일+공휴일,06:00,22:00,유료,포항시시설관리공단,2026-05-15,,,,,false,전국주차장정보표준데이터,https://www.data.go.kr/data/15012896/standard.do,SOURCE_ONLY
evacuation_parking,parking:d20418f602c01b9add0e,경상북도,포항시,오어사 공영주차장,,경상북도 포항시 남구 오천읍 항사리 산18-7,35.92882034,129.3816142,노외,130,평일+토요일+공휴일,00:00,23:59,무료,경상북도 포항시 교통지원과,2026-04-16,,,,,false,전국주차장정보표준데이터,https://www.data.go.kr/data/15012896/standard.do,SOURCE_ONLY
evacuation_parking,parking:d2067c76035e96affdf4,경상북도,포항시,경상북도 포항시청 부설주차장,경상북도 포항시 남구 시청로 1(대잠동),경상북도 포항시 남구 대잠동 1001,36.01872882,129.3438886,부설,686,평일+토요일+공휴일,00:00,23:59,혼합,포항시시설관리공단,2026-04-16,,,,,false,전국주차장정보표준데이터,https://www.data.go.kr/data/15012896/standard.do,SOURCE_ONLY
evacuation_parking,parking:d274ae791153c235394e,경상북도,포항시,승리주차장,경상북도 포항시 북구 죽도시장2길 36,경상북도 포항시 북구 죽도동 575-2,36.03497694,129.3699187,노외,26,평일+토요일+공휴일,06:00,20:00,유료,경상북도 포항시청,2026-04-16,,,,,false,전국주차장정보표준데이터,https://www.data.go.kr/data/15012896/standard.do,SOURCE_ONLY
evacuation_parking,parking:d28e26b494489407867c,경상북도,포항시,영일대2 공영주차장,,경상북도 포항시 북구 두호동 1002-1,36.06368765,129.3831796,노외,100,평일+토요일+공휴일,12:00,23:59,유료,포항시시설관리공단,2026-04-16,,,,,false,전국주차장정보표준데이터,https://www.data.go.kr/data/15012896/standard.do,SOURCE_ONLY
evacuation_parking,parking:d2e97348452baf6400f5,경상북도,포항시,제일주차장,,경상북도 포항시 북구 대흥동 599-10,36.03738034,129.3626335,노외,17,평일+토요일+공휴일,10:00,22:00,유료,경상북도 포항시청,2026-04-16,,,,,false,전국주차장정보표준데이터,https://www.data.go.kr/data/15012896/standard.do,SOURCE_ONLY
evacuation_parking,parking:d2f79b0cabbe46d828ca,경상북도,포항시,주차빌딩,경상북도 포항시 남구 대이로 111번길 5,경상북도 포항시 남구 대잠동 460-1,36.02496237,129.3403514,노외,83,평일+토요일+공휴일,00:00,23:59,유료,경상북도 포항시청,2026-04-16,,,,,false,전국주차장정보표준데이터,https://www.data.go.kr/data/15012896/standard.do,SOURCE_ONLY
evacuation_parking,parking:d33f8a3d409e25dfc912,경상북도,포항시,상대동 노상21,경상북도 포항시 남구 포스코대로 370,,36.01603425,129.3631962,노상,14,평일+토요일+공휴일,00:00,23:59,무료,포항시시설관리공단,2026-04-16,,,,,false,전국주차장정보표준데이터,https://www.data.go.kr/data/15012896/standard.do,SOURCE_ONLY
evacuation_parking,parking:d4ac558f9dc9bdd3071f,경상북도,포항시,육거리주차장,,경상북도 포항시 북구 덕산동 119-5,36.04106045,129.3658047,노외,28,평일+토요일+공휴일,00:00,23:59,유료,경상북도 포항시청,2026-04-16,,,,,false,전국주차장정보표준데이터,https://www.data.go.kr/data/15012896/standard.do,SOURCE_ONLY
evacuation_parking,parking:d535ef3baa2c68d3f1a8,경상북도,포항시,하나주차장,,경상북도 포항시 북구 죽도동 49-3,36.03059994,129.3660938,노외,76,평일+토요일+공휴일,00:00,23:59,유료,경상북도 포항시청,2026-04-16,,,,,false,전국주차장정보표준데이터,https://www.data.go.kr/data/15012896/standard.do,SOURCE_ONLY
evacuation_parking,parking:d57cd6257670672dddc3,경상북도,포항시,대성주차장,경상북도 포항시 북구 중앙상가5길 22,,36.04032034,129.364802,노외,12,평일+토요일+공휴일,00:00,23:59,유료,경상북도 포항시청,2026-04-16,,,,,false,전국주차장정보표준데이터,https://www.data.go.kr/data/15012896/standard.do,SOURCE_ONLY
evacuation_parking,parking:d628cfb9b6d6be8280ad,경상북도,포항시,오천읍 노상8,경상북도 포항시 남구 오천읍 장기로 1690번길 5,,35.96604553,129.4175403,노상,7,평일+토요일+공휴일,00:00,23:59,무료,경상북도 포항시청,2026-04-16,,,,,false,전국주차장정보표준데이터,https://www.data.go.kr/data/15012896/standard.do,SOURCE_ONLY
evacuation_parking,parking:d6993c6951ed58e8bb9c,경상북도,포항시,시내노상 2구역,경상북도 포항시 북구 문화로 20,경상북도 포항시 북구 덕산동 115-3,36.04267196,129.3672776,노상,14,평일+토요일,10:00,19:00,유료,포항시시설관리공단,2026-04-16,,,,,false,전국주차장정보표준데이터,https://www.data.go.kr/data/15012896/standard.do,SOURCE_ONLY
evacuation_parking,parking:d6a164a136d88d77812d,경상북도,포항시,유료주차장,경상북도 포항시 남구 대이로 25번길 15,,36.01693498,129.3416596,노외,28,평일+토요일+공휴일,00:00,23:59,유료,경상북도 포항시청,2026-04-16,,,,,false,전국주차장정보표준데이터,https://www.data.go.kr/data/15012896/standard.do,SOURCE_ONLY
evacuation_parking,parking:d6aec060125cff6c0186,경상북도,포항시,중앙동 노상9,경상북도 포항시 북구 선착로44번길 1-1,경상북도 포항시 북구 대신동 7-20,36.0488661,129.3684026,노상,16,평일+토요일+공휴일,00:00,23:59,무료,경상북도 포항시청,2026-04-16,,,,,false,전국주차장정보표준데이터,https://www.data.go.kr/data/15012896/standard.do,SOURCE_ONLY
evacuation_parking,parking:d8c042677f67a87c539a,경상북도,포항시,우리주차장,경상북도 포항시 북구 칠성천길73,,36.03499235,129.3616939,노외,81,평일+토요일+공휴일,00:00,23:59,유료,경상북도 포항시청,2026-04-16,,,,,false,전국주차장정보표준데이터,https://www.data.go.kr/data/15012896/standard.do,SOURCE_ONLY
evacuation_parking,parking:d98bfcf005368141d7d9,경상북도,포항시,기계면 노상4,경상북도 포항시 북구 기계면 기계로 60-1,경상북도 포항시 북구 기계면 현내리 481-11,36.07011733,129.2099885,노상,9,평일+토요일+공휴일,00:00,23:59,무료,경상북도 포항시청,2026-04-16,,,,,false,전국주차장정보표준데이터,https://www.data.go.kr/data/15012896/standard.do,SOURCE_ONLY
evacuation_parking,parking:daae28bd7dfcd405a687,경상북도,포항시,경원문구주차장(남빈주차장),,경상북도 포항시 북구 남빈동 415-5,36.03661685,129.3656717,노외,16,평일+토요일+공휴일,08:00,20:00,유료,경상북도 포항시청,2026-04-16,,,,,false,전국주차장정보표준데이터,https://www.data.go.kr/data/15012896/standard.do,SOURCE_ONLY
evacuation_parking,parking:dac1ffe0dd4a93ba7a15,경상북도,포항시,송도동 노상19,경상북도 포항시 남구 운하로 22,,36.02649851,129.3765633,노상,22,평일+토요일+공휴일,00:00,23:59,무료,경상북도 포항시청,2026-04-16,,,,,false,전국주차장정보표준데이터,https://www.data.go.kr/data/15012896/standard.do,SOURCE_ONLY
evacuation_parking,parking:dac6eb44635ffee25278,경상북도,포항시,스타주차장,경상북도 포항시 북구 칠성로47번길3,,36.03702757,129.3668518,노외,15,평일+토요일+공휴일,07:30,20:00,유료,경상북도 포항시청,2026-04-16,,,,,false,전국주차장정보표준데이터,https://www.data.go.kr/data/15012896/standard.do,SOURCE_ONLY
evacuation_parking,parking:db19999bee7077876149,경상북도,포항시,한솔주차장,,경상북도 포항시 북구 죽도동 39-8,36.034752,129.3647855,노외,15,평일+토요일+공휴일,07:00,18:00,유료,경상북도 포항시청,2026-04-16,,,,,false,전국주차장정보표준데이터,https://www.data.go.kr/data/15012896/standard.do,SOURCE_ONLY
evacuation_parking,parking:dba04235346611a5aaa9,경상북도,포항시,송라면 노상2,경상북도 포항시 북구 송라면 보경로43번길 9,,36.22734645,129.3579738,노상,19,평일+토요일+공휴일,00:00,23:59,무료,경상북도 포항시청,2026-04-16,,,,,false,전국주차장정보표준데이터,https://www.data.go.kr/data/15012896/standard.do,SOURCE_ONLY
evacuation_parking,parking:dcfa7d3464d49c327179,경상북도,포항시,시장유료주차장,경상북도 포항시 북구 죽도시장2길 30,경상북도 포항시 북구 죽도동 577-1,36.03475939,129.3693109,노외,40,평일+토요일+공휴일,05:00,20:00,유료,경상북도 포항시청,2026-04-16,,,,,false,전국주차장정보표준데이터,https://www.data.go.kr/data/15012896/standard.do,SOURCE_ONLY
evacuation_parking,parking:dd171e4fcecf4df3282d,경상북도,포항시,죽도동 노상18,경상북도 포항시 북구 상대로38,,36.01696082,129.3513121,노상,9,평일+토요일+공휴일,00:00,23:59,무료,경상북도 포항시청,2026-04-16,,,,,false,전국주차장정보표준데이터,https://www.data.go.kr/data/15012896/standard.do,SOURCE_ONLY
evacuation_parking,parking:ddb91578e49273ed01cc,경상북도,포항시,MBC 뒤편 노상주차장,경상북도 포항시 남구 새천년대로421,,36.01442986,129.3438023,노상,47,평일+토요일+공휴일,00:00,22:00,무료,경상북도 포항시 교통지원과,2026-04-16,,,,,false,전국주차장정보표준데이터,https://www.data.go.kr/data/15012896/standard.do,SOURCE_ONLY
evacuation_parking,parking:dde42cbb985cc0555d30,경상북도,포항시,우방주차장,,경상북도 포항시 북구 죽도동 577-4,36.03462086,129.3691783,노외,7,평일+토요일+공휴일,06:00,19:00,유료,경상북도 포항시청,2026-04-16,,,,,false,전국주차장정보표준데이터,https://www.data.go.kr/data/15012896/standard.do,SOURCE_ONLY
evacuation_parking,parking:de2828f057fafbac5bcb,경상북도,포항시,송도동 노상11,경상북도 포항시 남구 송림로 31번길24-1,,36.03225958,129.3729545,노상,9,평일+토요일+공휴일,00:00,23:59,무료,경상북도 포항시청,2026-04-16,,,,,false,전국주차장정보표준데이터,https://www.data.go.kr/data/15012896/standard.do,SOURCE_ONLY
evacuation_parking,parking:de9b97961a483cb11b77,경상북도,포항시,상대동 노상36,,경상북도 포항시 남구 상도동 557-4,36.00379635,129.3486783,노상,23,평일+토요일+공휴일,00:00,23:59,무료,포항시시설관리공단,2026-04-16,,,,,false,전국주차장정보표준데이터,https://www.data.go.kr/data/15012896/standard.do,SOURCE_ONLY
evacuation_parking,parking:df16ff4740051d3b6520,경상북도,포항시,중앙상가 공영주차장,경상북도 포항시 북구 서동로 72-6,경상북도 포항시 북구 신흥동 814-1,36.04034588,129.3651554628,노외,99,평일+토요일+공휴일,07:00,22:00,유료,포항시시설관리공단,2026-05-15,,,,,false,전국주차장정보표준데이터,https://www.data.go.kr/data/15012896/standard.do,SOURCE_ONLY
evacuation_parking,parking:df229d90b6349f1f369c,경상북도,포항시,구룡포 과메기공장 옆 공영주차장,경상북도 포항시 남구 구룡포읍 호미로 180-30,경상북도 포항시 남구 구룡포읍 구룡포리 954-13,35.98645257,129.5516919,노외,94,평일+토요일+공휴일,00:00,23:59,무료,해양수산부,2026-04-16,,,,,false,전국주차장정보표준데이터,https://www.data.go.kr/data/15012896/standard.do,SOURCE_ONLY
evacuation_parking,parking:dfdd024d4478f528a1b7,경상북도,포항시,상대동 노상9,경상북도 포항시 남구 상공로 143,,36.02013956,129.3622902,노상,30,평일+토요일+공휴일,00:00,22:00,무료,포항시시설관리공단,2026-04-16,,,,,false,전국주차장정보표준데이터,https://www.data.go.kr/data/15012896/standard.do,SOURCE_ONLY
evacuation_parking,parking:e070d0059cd733727e72,경상북도,포항시,포항주차장,경상북도 포항시 북구 중앙로 294번길 6,,36.03881552,129.3667729,노외,40,평일+토요일+공휴일,00:00,23:59,유료,경상북도 포항시청,2026-04-16,,,,,false,전국주차장정보표준데이터,https://www.data.go.kr/data/15012896/standard.do,SOURCE_ONLY
evacuation_parking,parking:e07bee8647074d232e8c,경상북도,포항시,동양타워주차장,경상북도 포항시 북구 용당로 146,,36.0400542,129.3638605,노외,30,평일+토요일+공휴일,00:00,23:59,유료,경상북도 포항시청,2026-04-16,,,,,false,전국주차장정보표준데이터,https://www.data.go.kr/data/15012896/standard.do,SOURCE_ONLY
evacuation_parking,parking:e0bd92c4bc563052d0ea,경상북도,포항시,상도 공영주차장,,경상북도 포항시 남구 상도동 595-19,36.01515573,129.3544715,노외,20,평일+토요일,13:00,21:30,유료,포항시시설관리공단,2026-04-16,,,,,false,전국주차장정보표준데이터,https://www.data.go.kr/data/15012896/standard.do,SOURCE_ONLY
evacuation_parking,parking:e19ee811ba2944c53ff3,경상북도,포항시,상대동 노상20,경상북도 포항시 남구 상공로 68,,36.01420137,129.3582272,노상,45,평일+토요일+공휴일,00:00,23:59,무료,포항시시설관리공단,2026-04-16,,,,,false,전국주차장정보표준데이터,https://www.data.go.kr/data/15012896/standard.do,SOURCE_ONLY
evacuation_parking,parking:e23380956b3f90d4e290,경상북도,포항시,상대동 노상40,경상북도 포항시 남구 축항로37-1,,36.02940967,129.372508,노상,39,평일+토요일+공휴일,00:00,23:59,무료,포항시시설관리공단,2026-04-16,,,,,false,전국주차장정보표준데이터,https://www.data.go.kr/data/15012896/standard.do,SOURCE_ONLY
evacuation_parking,parking:e245e4460db395538b5f,경상북도,포항시,상대동 노상16,경상북도 포항시 남구 포스코대로324,,36.01822868,129.3591272,노상,6,평일+토요일+공휴일,00:00,23:59,무료,포항시시설관리공단,2026-04-16,,,,,false,전국주차장정보표준데이터,https://www.data.go.kr/data/15012896/standard.do,SOURCE_ONLY
evacuation_parking,parking:e2b62b5da79af4b4f292,경상북도,포항시,해도동 노상3,경상북도 포항시 남구 중앙로 67번길 16-6,,36.019282,129.3676462,노상,40,평일+토요일+공휴일,00:00,23:59,무료,포항시시설관리공단,2026-04-16,,,,,false,전국주차장정보표준데이터,https://www.data.go.kr/data/15012896/standard.do,SOURCE_ONLY
evacuation_parking,parking:e33f20ace304390fe1dd,경상북도,포항시,상대동 노상24,경상북도 포항시 남구 문예로 72,,36.01368042,129.3644433,노상,14,평일+토요일+공휴일,00:00,23:59,무료,포항시시설관리공단,2026-04-16,,,,,false,전국주차장정보표준데이터,https://www.data.go.kr/data/15012896/standard.do,SOURCE_ONLY
evacuation_parking,parking:e3620831d1022ff81d76,경상북도,포항시,동해면 노상4,경상북도 포항시 남구 동해면 일월로 119,경상북도 포항시 남구 동해면 약전리 406-4,35.98819584,129.446122,노상,13,평일+토요일+공휴일,00:00,23:59,무료,경상북도 포항시청,2026-04-16,,,,,false,전국주차장정보표준데이터,https://www.data.go.kr/data/15012896/standard.do,SOURCE_ONLY
evacuation_parking,parking:e49b05c0d72ed96f9c9f,경상북도,포항시,스위스주차장,경상북도 포항시 북구 중앙로 235-7,,36.03377806,129.3651723,노외,22,평일+토요일+공휴일,08:00,20:00,유료,경상북도 포항시청,2026-04-16,,,,,false,전국주차장정보표준데이터,https://www.data.go.kr/data/15012896/standard.do,SOURCE_ONLY
evacuation_parking,parking:e53e186e08469a6e9cd2,경상북도,포항시,중앙동 노상13,경상북도 포항시 북구 대신로 12-1,,36.04532932,129.3682908,노상,10,평일+토요일+공휴일,00:00,23:59,무료,경상북도 포항시청,2026-04-16,,,,,false,전국주차장정보표준데이터,https://www.data.go.kr/data/15012896/standard.do,SOURCE_ONLY
evacuation_parking,parking:e56b3afa29d25e85504e,경상북도,포항시,중앙동 노상14,,경상북도 포항시 북구 동빈1가 74-91,36.04491928,129.3697166,노상,22,평일+토요일+공휴일,00:00,23:59,무료,경상북도 포항시청,2026-04-16,,,,,false,전국주차장정보표준데이터,https://www.data.go.kr/data/15012896/standard.do,SOURCE_ONLY
evacuation_parking,parking:e579dd7612d3dfe8f1de,경상북도,포항시,상대동 노상39,경상북도 포항시 남구 양학천로224,,36.02886794,129.3688442,노상,35,평일+토요일+공휴일,00:00,23:59,무료,포항시시설관리공단,2026-04-16,,,,,false,전국주차장정보표준데이터,https://www.data.go.kr/data/15012896/standard.do,SOURCE_ONLY
evacuation_parking,parking:e59615db1dac9aafe052,경상북도,포항시,용흥동 노상5,경상북도 포항시 북구 새천년대로 598,,36.02714877,129.3546648,노상,20,평일+토요일+공휴일,00:00,23:59,무료,경상북도 포항시청,2026-04-16,,,,,false,전국주차장정보표준데이터,https://www.data.go.kr/data/15012896/standard.do,SOURCE_ONLY
evacuation_parking,parking:e811eea7aca6c4f9d282,경상북도,포항시,상대동 노상1,경상북도 포항시 남구 대해로87,,36.02258574,129.3625238,노상,5,평일+토요일+공휴일,00:00,22:00,무료,경상북도 포항시청,2026-04-16,,,,,false,전국주차장정보표준데이터,https://www.data.go.kr/data/15012896/standard.do,SOURCE_ONLY
evacuation_parking,parking:e81598dc29d387c1072a,경상북도,포항시,무지개주차장,경상북도 포항시 남구 중앙로 146번길 7-1,,36.02627999,129.3685814,노외,7,평일+토요일+공휴일,09:00,22:00,유료,경상북도 포항시청,2026-04-16,,,,,false,전국주차장정보표준데이터,https://www.data.go.kr/data/15012896/standard.do,SOURCE_ONLY
evacuation_parking,parking:e9b8fd5edc500552814a,경상북도,포항시,크라운유료주차장,경상북도 포항시 남구 포스코대로324-4,경상북도 포항시 남구 상도동18-255,36.01836813,129.3584506,노외,20,평일+토요일+공휴일,00:00,23:59,유료,경상북도 포항시청,2026-04-16,,,,,false,전국주차장정보표준데이터,https://www.data.go.kr/data/15012896/standard.do,SOURCE_ONLY
evacuation_parking,parking:e9c81e77336693dd3d2a,경상북도,포항시,상대동 노상28,경상북도 포항시 남구 상대로70,,36.01548553,129.3545207,노상,10,평일+토요일+공휴일,00:00,23:59,무료,포항시시설관리공단,2026-04-16,,,,,false,전국주차장정보표준데이터,https://www.data.go.kr/data/15012896/standard.do,SOURCE_ONLY
evacuation_parking,parking:ea69f7539eb6aced7a1c,경상북도,포항시,호수주차장,,"경상북도 포항시 북구 죽도동 20-43, 20-44, 20-159",36.03372872,129.368852,노외,15,평일+토요일+공휴일,06:00,18:00,유료,경상북도 포항시청,2026-04-16,,,,,false,전국주차장정보표준데이터,https://www.data.go.kr/data/15012896/standard.do,SOURCE_ONLY
evacuation_parking,parking:ebfee65a0eac089306a7,경상북도,포항시,현대 주차장,,경상북도 포항시 북구 신흥동 697-6,36.03906569,129.3637626,노외,33,평일+토요일+공휴일,09:00,22:00,유료,경상북도 포항시청,2026-04-16,,,,,false,전국주차장정보표준데이터,https://www.data.go.kr/data/15012896/standard.do,SOURCE_ONLY
evacuation_parking,parking:ec741865dd94d8819d2e,경상북도,포항시,길진주차장,,경상북도 포항시 북구 덕산동 117-12,36.04215262,129.3665095,노외,12,평일+토요일+공휴일,00:00,23:59,유료,경상북도 포항시청,2026-04-16,,,,,false,전국주차장정보표준데이터,https://www.data.go.kr/data/15012896/standard.do,SOURCE_ONLY
evacuation_parking,parking:ed1313c0b88da328e55c,경상북도,포항시,죽도어시장 공영주차장,,경상북도 포항시 북구 죽도동 556-203,36.03656345,129.3692565,노외,169,평일+토요일+공휴일,07:00,22:00,유료,포항시시설관리공단,2026-04-16,,,,,false,전국주차장정보표준데이터,https://www.data.go.kr/data/15012896/standard.do,SOURCE_ONLY
evacuation_parking,parking:ed38ea66daa81730b749,경상북도,포항시,대이동 노상1,경상북도 포항시 남구 대이로83번길 10-6,경상북도 포항시 남구 대잠동 464-9,36.0230394,129.3397591,노상,77,평일+토요일+공휴일,00:00,23:59,무료,경상북도 포항시청,2026-04-16,,,,,false,전국주차장정보표준데이터,https://www.data.go.kr/data/15012896/standard.do,SOURCE_ONLY
evacuation_parking,parking:ee108368897e0b5ca525,경상북도,포항시,동빈부두 공영주차장,경상북도 포항시 북구 해동로 205,경상북도 포항시 북구 동빈2가 144-3,36.0374873165,129.3693790739,노외,49,평일+토요일+공휴일,10:00,19:00,유료,포항시시설관리공단,2026-05-15,,,,,false,전국주차장정보표준데이터,https://www.data.go.kr/data/15012896/standard.do,SOURCE_ONLY
evacuation_parking,parking:ee28299094e2e450933c,경상북도,포항시,송도동 노상2,경상북도 포항시 남구 운하로 205,,36.04156826,129.372836,노상,41,평일+토요일+공휴일,00:00,23:59,무료,포항시시설관리공단,2026-04-16,,,,,false,전국주차장정보표준데이터,https://www.data.go.kr/data/15012896/standard.do,SOURCE_ONLY
evacuation_parking,parking:efa7c14a0e73e3fb146f,경상북도,포항시,영일대해수욕장 노상,경상북도 포항시 북구 해안로 131,경상북도 포항시 북구 두호동 1008-6,36.06026336,129.3794771,노상,185,평일+토요일,12:00,21:00,유료,포항시시설관리공단,2026-04-16,,,,,false,전국주차장정보표준데이터,https://www.data.go.kr/data/15012896/standard.do,SOURCE_ONLY
evacuation_parking,parking:f19354db6ea5a7ac87aa,경상북도,포항시,동보주차장,경상북도 포항시 북구 불종로 87,,36.0385062,129.3692175,노외,7,평일+토요일+공휴일,10:00,19:00,유료,경상북도 포항시청,2026-04-16,,,,,false,전국주차장정보표준데이터,https://www.data.go.kr/data/15012896/standard.do,SOURCE_ONLY
evacuation_parking,parking:f1d83879670d65fc310e,경상북도,포항시,캠프리피 공영주차장,,경상북도 포항시 북구 장성동 1302,36.06331866,129.3795406,노외,638,평일+토요일+공휴일,00:00,23:59,무료,경상북도 포항시 교통지원과/컨벤션관광산업과 사업 추진중,2026-04-16,,,,,false,전국주차장정보표준데이터,https://www.data.go.kr/data/15012896/standard.do,SOURCE_ONLY
evacuation_parking,parking:f35d6bea86069e8d7d1d,경상북도,포항시,아이린주차장,,경상북도 포항시 남구 해도동 53-20,36.02059053,129.3687769,노외,30,평일+토요일+공휴일,00:00,23:59,유료,경상북도 포항시청,2026-04-16,,,,,false,전국주차장정보표준데이터,https://www.data.go.kr/data/15012896/standard.do,SOURCE_ONLY
evacuation_parking,parking:f440085d73bf9913292d,경상북도,포항시,북경주차장,,경상북도 포항시 북구 상원동 443-3,36.03961511,129.3670769,노외,19,평일+토요일+공휴일,08:00,18:00,유료,경상북도 포항시청,2026-04-16,,,,,false,전국주차장정보표준데이터,https://www.data.go.kr/data/15012896/standard.do,SOURCE_ONLY
evacuation_parking,parking:f54c64b0048954ec11d1,경상북도,포항시,죽도동 노상15,경상북도 포항시 북구 상대로23,,36.01803961,129.3504793,노상,47,평일+토요일+공휴일,00:00,23:59,무료,경상북도 포항시청,2026-04-16,,,,,false,전국주차장정보표준데이터,https://www.data.go.kr/data/15012896/standard.do,SOURCE_ONLY
evacuation_parking,parking:f5cce6bbd21c11220571,경상북도,포항시,흥해읍 노상4,,경상북도 포항시 북구 흥해읍 옥성리 2-1,36.11186562,129.3469504,노상,37,평일+토요일+공휴일,00:00,23:59,무료,경상북도 포항시청,2026-04-16,,,,,false,전국주차장정보표준데이터,https://www.data.go.kr/data/15012896/standard.do,SOURCE_ONLY
evacuation_parking,parking:f6e088e7b45f8aeb675b,경상북도,포항시,대이동 노상7,경상북도 포항시 남구 새천년대로 411,,36.01351896,129.3433506,노상,19,평일+토요일+공휴일,00:00,23:59,무료,경상북도 포항시청,2026-04-16,,,,,false,전국주차장정보표준데이터,https://www.data.go.kr/data/15012896/standard.do,SOURCE_ONLY
evacuation_parking,parking:f93ac19d9b39b9c5f731,경상북도,포항시,기계면 노상3,경상북도 포항시 북구 기계면 자조길 15,경상북도 포항시 북구 기계면 현내리 100,36.07086303,129.2115228,노상,89,평일+토요일+공휴일,00:00,23:59,무료,경상북도 포항시청,2026-04-16,,,,,false,전국주차장정보표준데이터,https://www.data.go.kr/data/15012896/standard.do,SOURCE_ONLY
evacuation_parking,parking:fa7fb962bf0855672262,경상북도,포항시,송도동 노상17,경상북도 포항시 남구 운하로32,,,,노상,28,평일+토요일+공휴일,00:00,23:59,무료,경상북도 포항시청,2026-04-16,,,,,false,전국주차장정보표준데이터,https://www.data.go.kr/data/15012896/standard.do,MISSING_LOCATION_OR_REGION
evacuation_parking,parking:fab9438a07b6ddf19d70,경상북도,포항시,연일읍 노상1,경상북도 포항시 남구 연일읍 유강길10번길 13,경상북도 포항시 남구 연일읍 유강리 595-5,36.00504737,129.3206612,노상,25,평일+토요일+공휴일,00:00,23:59,무료,경상북도 포항시청,2026-04-16,,,,,false,전국주차장정보표준데이터,https://www.data.go.kr/data/15012896/standard.do,SOURCE_ONLY
evacuation_parking,parking:fb7c04b05d4918cf429a,경상북도,포항시,두무치 공영주차장,,경상북도 포항시 북구 두호동 1015-1,36.06427474,129.3846014,노외,72,평일+토요일+공휴일,00:00,23:59,무료,경상북도 포항시청,2026-04-16,,,,,false,전국주차장정보표준데이터,https://www.data.go.kr/data/15012896/standard.do,SOURCE_ONLY
evacuation_parking,parking:fbf44887560e37d7017f,경상북도,포항시,죽도동 노상14,경상북도 포항시 북구 포스코대로314,,36.01885792,129.3579189,노상,13,평일+토요일+공휴일,00:00,23:59,무료,경상북도 포항시청,2026-04-16,,,,,false,전국주차장정보표준데이터,https://www.data.go.kr/data/15012896/standard.do,SOURCE_ONLY
evacuation_parking,parking:fd6204f19ea50b4f3bd5,경상북도,포항시,상대동 노상38,,경상북도 포항시 남구 대도동 329-2,36.00601477,129.3622909,노상,37,평일+토요일+공휴일,00:00,23:59,무료,포항시시설관리공단,2026-04-16,,,,,false,전국주차장정보표준데이터,https://www.data.go.kr/data/15012896/standard.do,SOURCE_ONLY
evacuation_parking,parking:fdc897889f2cb338c125,경상북도,포항시,대보주차장,,경상북도 포항시 북구 죽도동 12-85,36.03354412,129.3663622,노외,22,평일+토요일+공휴일,04:00,20:00,유료,경상북도 포항시청,2026-04-16,,,,,false,전국주차장정보표준데이터,https://www.data.go.kr/data/15012896/standard.do,SOURCE_ONLY
evacuation_parking,parking:fdf6e462864d2e329fb4,경상북도,포항시,영일대1 공영주차장,경상북도 포항시 북구 해안로 147,경상북도 포항시 북구 두호동 1016-3,36.06153949,129.3807528,노외,41,평일+토요일+공휴일,12:00,21:00,유료,포항시시설관리공단,2026-05-15,,,,,false,전국주차장정보표준데이터,https://www.data.go.kr/data/15012896/standard.do,SOURCE_ONLY
evacuation_parking,parking:fe122ce1b10d6b828761,경상북도,포항시,송도동 노상6,,경상북도 포항시 남구 송도동 254-216,36.04033762,129.3772027,노상,46,평일+토요일+공휴일,00:00,23:59,무료,포항시시설관리공단,2026-04-16,,,,,false,전국주차장정보표준데이터,https://www.data.go.kr/data/15012896/standard.do,SOURCE_ONLY
evacuation_parking,parking:fe4fa4be86828124a5db,경상북도,포항시,용인주차장,,경상북도 포항시 북구 신흥동 706-10,36.03922094,129.3628349,노외,28,평일+토요일+공휴일,09:00,20:00,유료,경상북도 포항시청,2026-04-16,,,,,false,전국주차장정보표준데이터,https://www.data.go.kr/data/15012896/standard.do,SOURCE_ONLY
evacuation_parking,parking:fe826835ff592854d8ad,경상북도,포항시,포항역 공영주차장,,경상북도 포항시 북구 흥해읍 이인리 114,36.07353428,129.3409224,노외,405,평일+토요일+공휴일,00:00,23:59,유료,포항시시설관리공단,2026-04-16,,,,,false,전국주차장정보표준데이터,https://www.data.go.kr/data/15012896/standard.do,SOURCE_ONLY
evacuation_parking,parking:fffd9e3fc4e0f3698f26,경상북도,포항시,신터미널유료주차장,경상북도 포항시 남구 중흥로 93,,36.01406894,129.3500418,노외,60,평일+토요일+공휴일,00:00,23:59,유료,경상북도 포항시청,2026-04-16,,,,,false,전국주차장정보표준데이터,https://www.data.go.kr/data/15012896/standard.do,SOURCE_ONLY
