underground_parking_status,underground_parking_evidence,floor_detail_rows_collected,indoor_parking_count,pnu,mgmBldrgstPk,platPlc,newPlatPlc,sigunguCd,bjdongCd,platGbCd,bun,ji,bldNm,dongNm,regstrGbCd,regstrGbCdNm,regstrKindCd,regstrKindCdNm,mainAtchGbCd,mainAtchGbCdNm,mainPurpsCd,mainPurpsCdNm,etcPurps,ugrndFlrCnt,grndFlrCnt,indrMechUtcnt,indrMechArea,indrAutoUtcnt,indrAutoArea,oudrMechUtcnt,oudrMechArea,oudrAutoUtcnt,oudrAutoArea,useAprDay,crtnDay,archArea,atchBldArea,atchBldCnt,bcRat,block,bylotCnt,emgenUseElvtCnt,engrEpi,engrGrade,engrRat,etcRoof,etcStrct,fmlyCnt,gnBldCert,gnBldGrade,heit,hhldCnt,hoCnt,itgBldCert,itgBldGrade,lot,naBjdongCd,naMainBun,naRoadCd,naSubBun,naUgrndCd,platArea,pmsDay,pmsnoGbCd,pmsnoGbCdNm,pmsnoKikCd,pmsnoKikCdNm,pmsnoYear,rideUseElvtCnt,rnum,roofCd,roofCdNm,rserthqkAblty,rserthqkDsgnApplyYn,splotNm,stcnsDay,strctCd,strctCdNm,totArea,totDongTotArea,vlRat,vlRatEstmTotArea
CONFIRMED_BASEMENT_PARKING_USE,층별개요 지하층(flrGbCd=10)의 용도에 주차장 포함,True,1.0,4711110100100180263,122613634,경상북도 포항시 남구 상도동 18-263번지,경상북도 포항시 남구 포스코대로 324 (상도동),47111,10100,0,0018,0263,,,1,일반,2,일반건축물,0,주건축물,14000,업무시설,"업무시설, 근린생활시설, 운동시설",1,4,0,0,1,11.5,0,0,4,46,19951213,20221126,651.37,0,0,81.42,,1,0,0,,0,콘크리트스라브,철근콘크리트조,0,0,,16.7,0,0,0,,,10101,324,471112303003,0,0,800,19951127,,,,,,1,294,10,(철근)콘크리트,,0,,,21,철근콘크리트구조,3228.48,3228.48,320.69,2565.54
CONFIRMED_BASEMENT_PARKING_USE,층별개요 지하층(flrGbCd=10)의 용도에 주차장 포함,True,48.0,4711110100105790008,12261100261707,경상북도 포항시 남구 상도동 579-8번지,경상북도 포항시 남구 중흥로101번길 7 (상도동),47111,10100,0,0579,0008,삼도 뷰엔빌 미니,삼도 뷰엔빌 미니,2,집합,3,표제부,0,주건축물,02000,공동주택,"아파트(도시형생활주택-원룸형),근린생활시설",2,9,34,0,14,800.645,0,0,0,0,20140630,20221126,950.5239,0,0,72.865,,0,0,0,,0,(철근)콘크리트,철근콘크리트구조,0,0,,32.47,99,11,0,,,10101,7,471114709539,0,0,1304.5,19970506,1101,신축허가,5020081,주택과,1997,3,811,10,(철근)콘크리트,,1,,19970605,21,철근콘크리트구조,6180.1235,6180.1235,389.8117,5085.0935
CONFIRMED_BASEMENT_PARKING_USE,층별개요 지하층(flrGbCd=10)의 용도에 주차장 포함,True,854.0,4711110100105820000,122614957,경상북도 포항시 남구 상도동 582번지,경상북도 포항시 남구 중흥로 77 (상도동),47111,10100,0,0582,0000,밸류플러스복합빌딩,,2,집합,3,표제부,0,주건축물,07000,판매시설,"문화및집회시설,판매시설,업무시설",4,8,0,0,854,0,0,0,4,0,20070628,20221126,6552.73,0,0,70.871737,,0,2,0,,0,(철근)콘크리트,철골철근콘크리트구조,0,0,,43.45,0,0,0,,,10101,77,471113303049,0,0,9245.9,20050413,,,,,,5,822,10,(철근)콘크리트,,1,,20051007,42,철골철근콘크리트구조,72067.95,72067.95,437.69184,40468.55
CONFIRMED_BASEMENT_PARKING_USE,층별개요 지하층(flrGbCd=10)의 용도에 주차장 포함,True,42.0,4711110100105900001,12261100233284,경상북도 포항시 남구 상도동 590-1번지,경상북도 포항시 남구 중흥로57번길 6 (상도동),47111,10100,0,0590,0001,상도동 호텔,상도동 호텔,1,일반,2,일반건축물,0,주건축물,15000,숙박시설,숙박시설 및 제1종근린생활시설,1,9,0,0,42,488,0,0,0,0,20120127,20221126,758.1,0,0,68.05,,0,0,0,,0,(철근)콘크리트,철근콘크리트구조 및 일반철골조,0,0,,26.9,0,0,0,,,10101,6,471114709547,0,0,1114,20070202,1101,신축허가,5020081,주택과,2007,2,865,10,(철근)콘크리트,,1,,20080219,21,철근콘크리트구조,4995.294,4995.294,366.69,4084.894
CONFIRMED_BASEMENT_PARKING_USE,층별개요 지하층(flrGbCd=10)의 용도에 주차장 포함,True,75.0,4711110100106090006,1000000000000002779124,경상북도 포항시 남구 상도동 609-6번지,경상북도 포항시 남구 중흥로 88 (상도동),47111,10100,0,0609,0006,씨앤케이메디컬타워 제1동,제1동,2,집합,3,표제부,0,주건축물,03000,제1종근린생활시설,"제1종근린생활시설,의료시설,업무시설,단독주택",1,13,68,54.76,7,83.6,0,0,0,0,20231211,20241217,728.46,0,0,78.11,,0,2,0,,0,평스라브,철근콘크리트구조,0,0,,55.8,1,0,0,,,10101,88,471113303049,0,0,932.6,20211122,1101,신축허가,5020431,건축디자인과,2021,0,1025,10,(철근)콘크리트,VII-0.229g,1,,20220221,21,철근콘크리트구조,8985.46,8985.46,885.09,8254.32
CONFIRMED_BASEMENT_PARKING_USE,층별개요 지하층(flrGbCd=10)의 용도에 주차장 포함,True,14.0,4711110100106620004,122614875,경상북도 포항시 남구 상도동 662-4번지,경상북도 포항시 남구 중흥로 72 (상도동),47111,10100,0,0662,0004,,,1,일반,2,일반건축물,0,주건축물,14000,업무시설,"전시시설,업무시설",1,5,0,0,14,0,0,0,6,0,19881230,20221126,574.78,0,0,56.25,,0,0,0,,0,철근콘크리트,철근콘크리트조,0,0,,0,0,0,0,,,10101,72,471113303049,0,0,1021.8,19870911,,,,,,0,1593,10,(철근)콘크리트,,0,,,21,철근콘크리트구조,3563.28,3563.28,279.84,2859.38
CONFIRMED_BASEMENT_PARKING_USE,층별개요 지하층(flrGbCd=10)의 용도에 주차장 포함,True,11.0,4711110100106710004,122614927,경상북도 포항시 남구 상도동 671-4번지,경상북도 포항시 남구 희망대로 711 (상도동),47111,10100,0,0671,0004,,,1,일반,2,일반건축물,0,주건축물,14000,업무시설,업무시설,1,5,0,0,11,418.65,0,0,9,103.5,19930415,20221126,405.76,0,0,44.47,,0,0,0,,0,스라브,철근콘크리트,0,0,,22.7,0,0,0,,,10101,711,471112303004,0,0,912.4,19910712,,,,,,1,1651,10,(철근)콘크리트,,0,,19920414,21,철근콘크리트구조,2300.03,2300.03,183.74,1676.43
CONFIRMED_BASEMENT_PARKING_USE,층별개요 지하층(flrGbCd=10)의 용도에 주차장 포함,True,5.0,4711110200101040010,122616538,경상북도 포항시 남구 대도동 104-10번지,경상북도 포항시 남구 포스코대로367번길 4 (대도동),47111,10200,0,0104,0010,,,1,일반,2,일반건축물,0,주건축물,15000,숙박시설,숙박시설,1,4,2,23,3,34.5,0,0,0,0,19950721,20221126,166.68,0,0,70.33,,0,0,0,,0,스라브,철근콘크리트,0,0,,14.9,0,0,0,,,10201,4,471114709600,0,0,237,19941124,,,,,,0,1485,10,(철근)콘크리트,,0,,19941215,21,철근콘크리트구조,731.16,731.16,247.8,587.28
CONFIRMED_BASEMENT_PARKING_USE,층별개요 지하층(flrGbCd=10)의 용도에 주차장 포함,True,124.0,4711110300100330012,1226112597,경상북도 포항시 남구 해도동 33-12번지,경상북도 포항시 남구 중앙로 154 (해도동),47111,10300,0,0033,0012,학산타워,,2,집합,3,표제부,0,주건축물,14000,업무시설,"제1·2종근린생활시설,업무시설,공동주택,노인복지시설",3,20,60,0,64,0,0,0,39,0,19920709,20250207,1280.07,0,0,69.74,,1,1,0,,0,슬라브,"철골,철근콘크리트라멘조",0,0,,69.85,0,2,0,,,10301,154,471113303047,0,0,1835.4,19890725,,,,,,4,697,10,(철근)콘크리트,,1,,,41,철골콘크리트구조,23692.58,23692.58,938.56,17226.4
CONFIRMED_BASEMENT_PARKING_USE,층별개요 지하층(flrGbCd=10)의 용도에 주차장 포함,True,32.0,4711110300100600004,1226112637,경상북도 포항시 남구 해도동 60-4번지,경상북도 포항시 남구 상공로246번길 22 (해도동),47111,10300,0,0060,0004,(주)해도동보시장 상가아파트,,2,집합,3,표제부,0,주건축물,02000,공동주택,"판매시설, 공동주택",1,7,32,296.14,0,0,0,0,2,23,19950913,20221126,980.58,0,0,59.16,,0,0,0,,0,스라브,철근콘크리트조,0,0,,23.5,19,3,0,,,10301,22,471114709214,0,0,1657.5,19901208,,,,,,1,1444,10,(철근)콘크리트,,1,,19910205,21,철근콘크리트구조,5479.42,5479.42,258.77,4289.14
CONFIRMED_BASEMENT_PARKING_USE,층별개요 지하층(flrGbCd=10)의 용도에 주차장 포함,True,30.0,4711110300101710016,12261100357216,경상북도 포항시 남구 해도동 171-16번지,경상북도 포항시 남구 포스코대로 439 (해도동),47111,10300,0,0171,0016,,,1,일반,2,일반건축물,0,주건축물,07000,판매시설,판매시설,1,3,0,0,30,1047.74,0,0,0,0,20200218,20221126,931.41,0,0,46.79,,5,0,0,,0,(철근)콘크리트,"일반철골구조,철근콘크리트구조",0,0,,21.9,0,0,0,,,10303,439,471112303003,0,0,1990.7,20190308,1101,신축허가,5020322,건축과,2019,1,2746,10,(철근)콘크리트,Ⅶ-0.199g,1,,20190531,31,일반철골구조,4028.61,4028.61,137.55,2738.16
CONFIRMED_BASEMENT_PARKING_USE,층별개요 지하층(flrGbCd=10)의 용도에 주차장 포함,True,7.0,4711110300101720020,1226111219,경상북도 포항시 남구 해도동 172-20번지,경상북도 포항시 남구 희망대로 889 (해도동),47111,10300,0,0172,0020,,주건축물제1동,1,일반,2,일반건축물,0,주건축물,04000,제2종근린생활시설,"제1종,2종근린생활시설",1,6,0,0,7,80.5,0,0,0,0,19970703,20251001,232.78,0,0,65.26,,1,0,0,,0,"철근콘크리트스라브, 샌드위치판넬","철근콘크리트조,경량철골조",0,0,,19.4,0,0,0,,,10303,889,471112303004,0,0,356.7,19960712,,,,,,1,2764,10,(철근)콘크리트,,,,19961007,21,철근콘크리트구조,1390.08,1390.08,314.96,1123.45
CONFIRMED_BASEMENT_PARKING_USE,층별개요 지하층(flrGbCd=10)의 용도에 주차장 포함,True,4.0,4711110300102080002,1226111265,경상북도 포항시 남구 해도동 208-2번지,경상북도 포항시 남구 포스코대로 412 (해도동),47111,10300,0,0208,0002,,,1,일반,2,일반건축물,0,주건축물,04000,제2종근린생활시설,2종근린생활시설,1,3,0,0,4,46,0,0,0,0,20011126,20221126,268.8,0,0,75.89,,0,0,0,,0,스라브,철근콘크리트조,0,0,,14.3,0,0,0,,,10303,412,471112303003,0,0,354.2,20010504,,,,,,0,2813,10,(철근)콘크리트,,0,,20010521,21,철근콘크리트구조,972.45,972.45,218.64,774.45
CONFIRMED_BASEMENT_PARKING_USE,층별개요 지하층(flrGbCd=10)의 용도에 주차장 포함,True,111.0,4711111200100070000,1226120590,경상북도 포항시 남구 인덕동 7번지,경상북도 포항시 남구 해병로 125-1 (인덕동),47111,11200,0,0007,0000,우방신세계타운(1차),제114동,2,집합,3,표제부,0,주건축물,02000,공동주택,생활편익시설,1,1,0,0,111,3271.665,0,0,264,3036,19950530,20251219,4544.82,4180.463,1,0,,0,0,0,,0,기와잇기,철근콘크리트벽식구조,0,0,,0,6,0,0,,,11202,125,471113303060,1,0,0,19931119,,,,,,0,20,20,기와,,0,,19931121,21,철근콘크리트구조,4353.68,173.22,0,410.95
CONFIRMED_BASEMENT_PARKING_USE,층별개요 지하층(flrGbCd=10)의 용도에 주차장 포함,True,111.0,4711111200100070000,1226120594,경상북도 포항시 남구 인덕동 7번지,경상북도 포항시 남구 해병로 125 (인덕동),47111,11200,0,0007,0000,우방신세계타운(1차),제105동,2,집합,3,표제부,0,주건축물,02000,공동주택,공동주택(아파트),1,10,0,0,111,3271.665,0,0,264,3036,19950530,20251219,4544.82,4180.463,1,0,,0,0,0,,0,평스라브,철근콘크리트벽식구조,0,0,,0,90,0,0,,,11202,125,471113303060,0,0,0,19931119,,,,,,0,19,10,(철근)콘크리트,,1,,19931121,21,철근콘크리트구조,11874.39,7693.93,0,7319.64
CONFIRMED_BASEMENT_PARKING_USE,층별개요 지하층(flrGbCd=10)의 용도에 주차장 포함,True,1.0,4711111200102940008,12261100231122,경상북도 포항시 남구 인덕동 294-8번지,경상북도 포항시 남구 인덕로 7-11 (인덕동),47111,11200,0,0294,0008,,주건축물제1동,1,일반,2,일반건축물,0,주건축물,01000,단독주택,단독주택,1,1,0,0,1,22.05,0,0,0,0,20111117,20230130,81.22,0,0,67.12,,0,0,0,,0,(철근)콘크리트,철근콘크리트구조,0,0,,5.1,0,1,0,,,11202,7,471113303039,11,0,121,20110803,1201,신축신고,5030046,건축지적과,2011,0,207,10,(철근)콘크리트,,0,,20110817,21,철근콘크리트구조,99.07,99.07,63.65,77.02
CONFIRMED_BASEMENT_PARKING_USE,층별개요 지하층(flrGbCd=10)의 용도에 주차장 포함,True,5.0,4711111400102070000,1226121546,경상북도 포항시 남구 효자동 207번지,경상북도 포항시 남구 효자동길10번길 64 (효자동),47111,11400,0,0207,0000,효자그린빌,,2,집합,3,표제부,0,주건축물,02000,공동주택,공동주택(다세대주택),1,4,0,0,5,64.8,0,0,3,34.5,20031223,20221126,121.44,0,0,50.6,,0,0,0,,0,철근콘크리트슬라브,철근콘크리트조,0,0,,14.15,12,0,0,,,11401,64,471114709567,0,0,240,20030610,,,,,,0,173,10,(철근)콘크리트,,0,,20030613,21,철근콘크리트구조,521.58,521.58,190.33,456.78
CONFIRMED_BASEMENT_PARKING_USE,층별개요 지하층(flrGbCd=10)의 용도에 주차장 포함,True,2.0,4711111400102890003,1226121419,경상북도 포항시 남구 효자동 289-3번지,경상북도 포항시 남구 새천년대로 291-1 (효자동),47111,11400,0,0289,0003,,,1,일반,2,일반건축물,0,주건축물,04000,제2종근린생활시설,근린생활시설.공공용시설,1,5,0,0,2,0,0,0,0,0,19951220,20221126,167.89,0,0,55.78,,1,0,0,,0,"평스라브, 샌드위치판넬","철근콘크리트조, 경량철골조",0,0,,16.8,0,0,0,,,11401,291,471112303001,1,0,301,19950628,,,,,,2,431,10,(철근)콘크리트,,0,,19950700,21,철근콘크리트구조,907.54,907.54,241.62,727.28
CONFIRMED_BASEMENT_PARKING_USE,층별개요 지하층(flrGbCd=10)의 용도에 주차장 포함,True,28.0,4711111400104120000,12261100311855,경상북도 포항시 남구 효자동 412번지,경상북도 포항시 남구 유동길48번길 14-1 (효자동),47111,11400,0,0412,0000,신성 힐사이드,,2,집합,3,표제부,0,주건축물,02000,공동주택,연립주택,1,4,0,0,28,0,0,0,5,0,20171018,20221126,1102.91,0,0,47.97,,1,0,0,,0,스라브,철근콘크리트구조,0,0,,11.55,16,0,0,,,11401,14,471114709366,1,0,2299,20161128,1101,신축허가,5020322,건축과,2016,2,532,90,기타지붕,,1,,20161206,21,철근콘크리트구조,3834.68,3834.68,109.9,2526.71
CONFIRMED_BASEMENT_PARKING_USE,층별개요 지하층(flrGbCd=10)의 용도에 주차장 포함,True,193.0,4711111500101660014,1226121634,경상북도 포항시 남구 지곡동 166-14번지,경상북도 포항시 남구 지곡로 64 (지곡동),47111,11500,0,0166,0014,,국제관,1,일반,2,일반건축물,0,주건축물,10000,교육연구시설,교육연구시설,2,5,0,0,193,0,0,0,0,0,20070726,20241101,3445.08,0,0,0,,262,0,0,,0,평스라브,"철골,철근콘크리트구조",0,0,,25.8,0,0,0,,,11502,64,471113303050,0,0,0,20050722,1102,증축허가,5020081,주택과,2005,0,162,10,(철근)콘크리트,,1,,20060613,42,철골철근콘크리트구조,16886.58,16886.58,0,9441.47
CONFIRMED_BASEMENT_PARKING_USE,층별개요 지하층(flrGbCd=10)의 용도에 주차장 포함,True,29.0,4711111500104800000,12261100295245,경상북도 포항시 남구 지곡동 480번지,경상북도 포항시 남구 지곡로 257 (지곡동),47111,11500,0,0480,0000,에드빌 2차,101동,2,집합,3,표제부,0,주건축물,02000,공동주택,"연립주택,1종,2종근린생활시설",1,6,0,0,29,0,0,0,10,0,20160912,20221126,1297.44,0,0,56.89,,0,0,0,,0,스라브,철근콘크리트구조,0,0,,22.1,24,0,0,,,11502,257,471113303050,0,0,2281,20150803,1101,신축허가,5020290,건축과,2015,4,326,90,기타지붕,,1,,20150826,21,철근콘크리트구조,6759.49,6759.49,228.34,5208.44
CONFIRMED_BASEMENT_PARKING_USE,층별개요 지하층(flrGbCd=10)의 용도에 주차장 포함,True,29.0,4711111500104800004,12261100295296,경상북도 포항시 남구 지곡동 480-4번지,경상북도 포항시 남구 지곡로 253 (지곡동),47111,11500,0,0480,0004,에드빌 3차,102동,2,집합,3,표제부,0,주건축물,02000,공동주택,"연립주택,1종,2종근린생활시설",1,6,0,0,29,0,0,0,10,0,20160912,20221126,1297.44,0,0,56.76,,0,0,0,,0,스라브,철근콘크리트구조,0,0,,22.1,24,0,0,,,11502,253,471113303050,0,0,2285.7,20150903,1101,신축허가,5020290,건축과,2015,4,327,90,기타지붕,,1,,20150910,21,철근콘크리트구조,6759.49,6759.49,227.87,5208.44
CONFIRMED_BASEMENT_PARKING_USE,층별개요 지하층(flrGbCd=10)의 용도에 주차장 포함,True,39.0,4711111500104820000,12261100228051,경상북도 포항시 남구 지곡동 482번지,,47111,11500,0,0482,0000,포스코 포항체육관,주건축물제1동,1,일반,2,일반건축물,0,주건축물,13000,운동시설,"운동시설,제2종근.생",1,3,0,0,39,448.5,0,0,90,1055,20110705,20221126,5850.4,0,0,43.5404,,0,0,0,,0,철골트러스,"일반철골구조, 철근콘크리트구조",0,0,,15.55,0,0,0,,,,0,,0,0,13436.72,20101028,1101,신축허가,5020169,건축과,2010,2,331,90,기타지붕,,1,,20101104,31,일반철골구조,14091.79,14091.79,75.645,10164.2
CONFIRMED_BASEMENT_PARKING_USE,층별개요 지하층(flrGbCd=10)의 용도에 주차장 포함,True,4.0,4711111600101600054,1226122145,경상북도 포항시 남구 대잠동 160-54번지,경상북도 포항시 남구 대잠동길 6 (대잠동),47111,11600,0,0160,0054,,,1,일반,2,일반건축물,0,주건축물,01000,단독주택,"단독주택,제2종근린생활시설",1,3,0,0,4,46,0,0,4,46,20050701,20221126,183.56,0,0,56.65,,0,0,0,,0,슬라브,철근콘크리트구조,10,0,,9.6,0,0,0,,,11601,6,471114709087,0,0,324,20050319,1101,신축허가,5030040,건축과,2005,0,94,10,(철근)콘크리트,,0,,20050321,21,철근콘크리트구조,631.36,631.36,150.85,488.76
CONFIRMED_BASEMENT_PARKING_USE,층별개요 지하층(flrGbCd=10)의 용도에 주차장 포함,True,10.0,4711111600104600002,12261100311993,경상북도 포항시 남구 대잠동 460-2번지,,47111,11600,0,0460,0002,,주건축물제1동,2,집합,3,표제부,0,주건축물,03000,제1종근린생활시설,"제1종근린생활시설,교육연구시설,운동시설",1,5,0,0,10,394.51,0,0,14,161.7,20171023,20240116,867.47,0,0,57.82,,0,0,0,,0,스라브,철근콘크리트구조,0,0,,22.5,0,38,0,,,,0,,0,0,1500.4,20161021,,,,,,2,161,10,(철근)콘크리트,,0,,20170104,21,철근콘크리트구조,4304.75,4304.75,249.46,3742.91
CONFIRMED_BASEMENT_PARKING_USE,층별개요 지하층(flrGbCd=10)의 용도에 주차장 포함,True,74.0,4711111600104690013,12261100363556,경상북도 포항시 남구 대잠동 469-13번지,경상북도 포항시 남구 포스코대로 154 (대잠동),47111,11600,0,0469,0013,포항이동대우아파트,106동(지하주차장),2,집합,3,표제부,1,부속건축물,02000,공동주택,공동주택(아파트),1,0,0,0,74,0,0,0,328,0,19991228,20221126,1994.75,0,0,0,,0,0,0,,0,평스라브,철근콘크리트벽식구조,0,0,,0,0,0,0,,,11605,154,471112303003,0,0,0,19971028,,,,,,10,250,10,(철근)콘크리트,,1,이동 토지구획 정리지구 35블럭4롯트,19971113,21,철근콘크리트구조,1994.75,1994.75,0,1994.75
CONFIRMED_BASEMENT_PARKING_USE,층별개요 지하층(flrGbCd=10)의 용도에 주차장 포함,True,74.0,4711111600104690013,12261100363557,경상북도 포항시 남구 대잠동 469-13번지,경상북도 포항시 남구 포스코대로 154 (대잠동),47111,11600,0,0469,0013,포항이동대우아파트,"107동(전기실,펌프실)",2,집합,3,표제부,1,부속건축물,02000,공동주택,공동주택(아파트),1,0,0,0,74,0,0,0,328,0,19991228,20221126,374,0,0,0,,0,0,0,,0,평스라브,철근콘크리트벽식구조,0,0,,0,0,0,0,,,11605,154,471112303003,0,0,0,19971028,,,,,,10,256,10,(철근)콘크리트,,1,이동 토지구획 정리지구 35블럭4롯트,19971113,21,철근콘크리트구조,374,374,0,374
CONFIRMED_BASEMENT_PARKING_USE,층별개요 지하층(flrGbCd=10)의 용도에 주차장 포함,True,1.0,4711111600106680033,12261100350137,경상북도 포항시 남구 대잠동 668-33번지,경상북도 포항시 남구 행복주택길21번길 4-2 (대잠동),47111,11600,0,0668,0033,,주건축물제1동,1,일반,2,일반건축물,0,주건축물,01000,단독주택,단독주택,1,2,0,0,1,11.5,0,0,0,0,20191011,20221126,84.99,0,0,48.02,,0,0,0,,0,슬라브,철근콘크리트구조,1,0,,9.2,0,0,0,,,11601,4,471114709670,2,0,177,20180816,1101,신축허가,5030053,건축허가과,2018,0,383,10,(철근)콘크리트,0.199g,1,,20180831,21,철근콘크리트구조,182.71,182.71,77.77,137.66
CONFIRMED_BASEMENT_PARKING_USE,층별개요 지하층(flrGbCd=10)의 용도에 주차장 포함,True,1.0,4711111600106680094,1226122410,경상북도 포항시 남구 대잠동 668-94번지,경상북도 포항시 남구 행복주택길21번길 3-11 (대잠동),47111,11600,0,0668,0094,,,1,일반,2,일반건축물,0,주건축물,01000,단독주택,단독주택,1,2,0,0,1,11.5,0,0,2,23,20070905,20221126,115.32,0,0,49.49,,1,0,0,,0,슬래브,철근콘크리트구조,2,0,,8.6,0,0,0,,,11601,3,471114709670,11,0,233,20060914,1101,신축허가,5030040,건축과,2006,0,441,10,(철근)콘크리트,,0,,20061013,21,철근콘크리트구조,220.79,220.79,85.49,199.19
CONFIRMED_BASEMENT_PARKING_USE,층별개요 지하층(flrGbCd=10)의 용도에 주차장 포함,True,11.0,4711111600109120004,1226122740,경상북도 포항시 남구 대잠동 912-4번지,경상북도 포항시 남구 새천년대로 476 (대잠동),47111,11600,0,0912,0004,,,1,일반,2,일반건축물,0,주건축물,14000,업무시설,"업무시설,근린생활시설",1,6,0,0,11,131.5,0,0,0,0,19940716,20221126,372.91,0,0,58.86,,0,0,0,,0,스라브,R.C조,0,0,,24.8,0,0,0,,,11602,476,471112303001,0,0,633.6,19931203,,,,,,0,802,10,(철근)콘크리트,,1,,19931220,21,철근콘크리트구조,2597.43,2597.43,345.33,2188.02
CONFIRMED_BASEMENT_PARKING_USE,층별개요 지하층(flrGbCd=10)의 용도에 주차장 포함,True,11.0,4711111600109170000,1226123394,경상북도 포항시 남구 대잠동 917번지,경상북도 포항시 남구 새천년대로474번길 10 (대잠동),47111,11600,0,0917,0000,우성제일타운,,2,집합,3,표제부,0,주건축물,02000,공동주택,공동주택(APT),1,6,0,0,11,126.5,0,0,22,253,19960925,20221126,586.96,0,0,35.8,,0,0,0,,0,스라브,철근콘크리트,0,0,,17,41,0,0,,,11601,10,471114709242,0,0,1639.7,19940423,,,,,,0,818,10,(철근)콘크리트,,1,,19941000,21,철근콘크리트구조,3612.33,3612.33,177.44,2909.45
CONFIRMED_BASEMENT_PARKING_USE,층별개요 지하층(flrGbCd=10)의 용도에 주차장 포함,True,6.0,4711111600109300012,1226123405,경상북도 포항시 남구 대잠동 930-12번지,경상북도 포항시 남구 희망대로659번길 49 (대잠동),47111,11600,0,0930,0012,동흥오피스텔,,2,집합,3,표제부,0,주건축물,14000,업무시설,"근린생활시설, 업무시설(오피스텔)",1,9,0,0,6,196.93,0,0,7,80.5,19980711,20221126,219.79,0,0,66.48,,0,0,0,,0,"콘크리트스라브, 그라스울판넬75mm,100mm","철근콘크리트, 경량철골조",0,0,,24,0,36,0,,,11602,49,471114709742,0,0,330.6,19970703,,,,,,1,959,10,(철근)콘크리트,,1,,19970730,21,철근콘크리트구조,1815.78,1815.78,489.67,1618.85
CONFIRMED_BASEMENT_PARKING_USE,층별개요 지하층(flrGbCd=10)의 용도에 주차장 포함,True,4.0,4711111600109340002,1226122905,경상북도 포항시 남구 대잠동 934-2번지,경상북도 포항시 남구 새천년대로450번길 18 (대잠동),47111,11600,0,0934,0002,,,1,일반,2,일반건축물,0,주건축물,15000,숙박시설,"숙박시설(여관), 주택",1,4,0,0,4,46,0,0,3,34.5,19940602,20221126,280.26,0,0,57.95,,2,0,0,,0,스라브,철근콘크리트조,0,0,,0,0,0,0,,,11601,18,471114709240,0,0,483.6,19930707,,,,,,0,979,10,(철근)콘크리트,,0,,19930816,21,철근콘크리트구조,1147.94,1147.94,190.09,919.26
CONFIRMED_BASEMENT_PARKING_USE,층별개요 지하층(flrGbCd=10)의 용도에 주차장 포함,True,8.0,4711111600109360000,1226122919,경상북도 포항시 남구 대잠동 936번지,경상북도 포항시 남구 새천년대로 438 (대잠동),47111,11600,0,0936,0000,,,1,일반,2,일반건축물,0,주건축물,04000,제2종근린생활시설,"근린생활시설, 업무시설, 창고시설",1,2,0,0,8,396,0,0,9,103.5,19900904,20221126,605.81,0,0,45.81,,0,0,0,,0,슬라브,"철근콘크리트조,라멘조",0,0,,0,0,0,0,,,11602,438,471112303001,0,0,1322.4,19890909,,,,,,0,997,10,(철근)콘크리트,,0,,,21,철근콘크리트구조,2164.4,2164.4,91.39,1208.5
CONFIRMED_BASEMENT_PARKING_USE,층별개요 지하층(flrGbCd=10)의 용도에 주차장 포함,True,6.0,4711111600109360009,1226122926,경상북도 포항시 남구 대잠동 936-9번지,경상북도 포항시 남구 새천년대로 436 (대잠동),47111,11600,0,0936,0009,,,1,일반,2,일반건축물,0,주건축물,15000,숙박시설,숙박시설,1,7,0,0,6,69,0,0,2,23,19931221,20230130,0,0,0,0,,0,0,0,,0,"슬라브, 판넬","철근콘크리트조, 경량철골조",0,0,,20,0,0,0,,,11602,436,471112303001,0,0,404.3,19930315,,,,,,0,1005,10,(철근)콘크리트,,1,,19930325,21,철근콘크리트구조,1414.24,1414.24,349.79965,1414.24
CONFIRMED_BASEMENT_PARKING_USE,층별개요 지하층(flrGbCd=10)의 용도에 주차장 포함,True,472.0,4711111600109380000,12261100328295,경상북도 포항시 남구 대잠동 938번지,경상북도 포항시 남구 중섬로 16 (대잠동),47111,11600,0,0938,0000,대잠코아루타워,,2,집합,3,표제부,0,주건축물,14000,업무시설,"업무시설,제1종근린생활시설",4,20,332,0,140,7966.902,0,0,0,0,20180831,20250509,1600.6714,0,0,56.2073,,1,0,0,,0,(철근)콘크리트,철근콘크리트구조,0,0,,84,0,479,0,,,11602,16,471113303046,0,0,2847.8,20151026,1101,신축허가,5020290,건축과,2015,0,1010,10,(철근)콘크리트,Ⅶ-0.239G,1,,20151223,21,철근콘크리트구조,29866.6804,29866.6804,769.0069,21899.7784
CONFIRMED_BASEMENT_PARKING_USE,층별개요 지하층(flrGbCd=10)의 용도에 주차장 포함,True,30.0,4711111600109680001,1226123123,경상북도 포항시 남구 대잠동 968-1번지,경상북도 포항시 남구 대이로 23 (대잠동),47111,11600,0,0968,0001,,,1,일반,2,일반건축물,0,주건축물,14000,업무시설,"제2종근린생활시설,업무시설",1,3,0,0,30,908.55,0,0,7,177.1,20031111,20221126,909.16,0,0,49.51,,0,0,0,,0,평슬라브,철근콘크리트구조,0,0,,15.04,0,0,0,,,11601,23,471113303006,0,0,1836.3,20020416,,,,,,0,1198,10,(철근)콘크리트,,0,,20020816,21,철근콘크리트구조,3624.55,3624.55,126,2314.3
CONFIRMED_BASEMENT_PARKING_USE,층별개요 지하층(flrGbCd=10)의 용도에 주차장 포함,True,404.0,4711111600109900000,1226123440,경상북도 포항시 남구 대잠동 990번지,경상북도 포항시 남구 대이로46번길 29 (대잠동),47111,11600,0,0990,0000,대잠그린파크명품아파트,지하주차장2,2,집합,3,표제부,1,부속건축물,02000,공동주택,지하주차장,2,0,0,0,404,11231.4,0,0,225,2647.5,20050318,20221126,65,0,0,0,,0,0,0,,0,"(철근)콘크리트,평스라브",철근콘크리트구조,0,0,,0,0,0,0,,,11601,29,471114709073,0,0,0,20050318,2101,주택건설사업계획승인,5030033,건설건축과,2002,0,1388,10,(철근)콘크리트,,0,,,21,철근콘크리트구조,7568.4,7568.4,0,0
CONFIRMED_BASEMENT_PARKING_USE,층별개요 지하층(flrGbCd=10)의 용도에 주차장 포함,True,404.0,4711111600109900000,1226123445,경상북도 포항시 남구 대잠동 990번지,경상북도 포항시 남구 대이로46번길 29 (대잠동),47111,11600,0,0990,0000,대잠그린파크명품아파트,지하주차장1,2,집합,3,표제부,1,부속건축물,02000,공동주택,지하주차장,1,0,0,0,404,11231.4,0,0,225,2647.5,20050318,20221126,61,0,0,0,,0,0,0,,0,"(철근)콘크리트,평스라브",철근콘크리트구조,0,0,,0,0,0,0,,,11601,29,471114709073,0,0,0,20050318,2101,주택건설사업계획승인,5030033,건설건축과,2002,0,1382,10,(철근)콘크리트,,0,,,21,철근콘크리트구조,3663,3663,0,0
CONFIRMED_BASEMENT_PARKING_USE,층별개요 지하층(flrGbCd=10)의 용도에 주차장 포함,True,4.0,4711111600110460006,1000000000000004256736,경상북도 포항시 남구 대잠동 1046-6번지,경상북도 포항시 남구 논실주택길 12-1 (대잠동),47111,11600,0,1046,0006,,지하주차장동,1,일반,2,일반건축물,1,부속건축물,01000,단독주택,단독주택,1,0,0,0,4,88.44,0,0,0,0,20240826,20240827,0,0,0,0,,0,0,0,,0,철근콘크리트,철근콘크리트,0,0,,0,0,0,0,,,11601,12,471114861670,1,0,0,20230411,1101,신축허가,5030053,건축허가과,2023,0,1595,10,(철근)콘크리트,Ⅶ - 0.190g,1,,20231023,21,철근콘크리트구조,88.44,88.44,0,0
CONFIRMED_BASEMENT_PARKING_USE,층별개요 지하층(flrGbCd=10)의 용도에 주차장 포함,True,41.0,4711111700100540007,12261100353176,경상북도 포항시 남구 이동 54-7번지,경상북도 포항시 남구 포스코대로 61 (이동),47111,11700,0,0054,0007,이안 더 테라스하우스,이안 더 테라스하우스,2,집합,3,표제부,0,주건축물,02000,공동주택,공동주택,1,4,0,0,41,464.3,0,0,8,92,20191206,20221126,1184.531,0,0,19.99,,0,0,0,,0,(철근)콘크리트,철근콘크리트구조,0,0,,14.1,28,0,0,,,11706,61,471112303003,0,0,5926,20180515,1101,신축허가,5020322,건축과,2018,4,26,10,(철근)콘크리트,vii-0.239g,1,,20180615,21,철근콘크리트구조,5988.721,5988.721,64.55,3825.061
CONFIRMED_BASEMENT_PARKING_USE,층별개요 지하층(flrGbCd=10)의 용도에 주차장 포함,True,291.0,4711111700105260000,12261100232403,경상북도 포항시 남구 이동 526번지,경상북도 포항시 남구 희망대로 331 (이동),47111,11700,0,0526,0000,,주건축물제1동,1,일반,2,일반건축물,0,주건축물,06000,종교시설,종교시설 및 제2종근린생활시설,4,4,0,0,291,8861.61,0,0,43,509.5,20111215,20221126,1960.92,0,0,19.79,,3,0,0,,0,철골철근콘크리트,"철골철근콘크리트구조, 철근콘크리트구조",0,0,,34.7,0,0,0,,,11706,331,471112303004,0,0,9909,20080925,1101,신축허가,5020169,건축과,2008,2,136,90,기타지붕,,1,,20090601,21,철근콘크리트구조,23404.07,23404.07,60.78,6022.21
CONFIRMED_BASEMENT_PARKING_USE,층별개요 지하층(flrGbCd=10)의 용도에 주차장 포함,True,21.0,4711111700105390001,12261100323595,경상북도 포항시 남구 이동 539-1번지,경상북도 포항시 남구 희망대로 360-10 (이동),47111,11700,0,0539,0001,에스포항병원 기숙사,,1,일반,2,일반건축물,0,주건축물,02000,공동주택,기숙사,1,4,0,0,21,241.5,0,0,15,177.5,20180430,20221126,238.7,0,0,19.86,,0,0,0,,0,슬라브,철근콘크리트구조,0,0,,13.1,0,44,0,,,11706,360,471112303004,10,0,1202,20160902,1101,신축허가,5030053,건축허가과,2016,0,142,10,(철근)콘크리트,D,1,,20161230,21,철근콘크리트구조,1603,1603,79.43,954.8
CONFIRMED_BASEMENT_PARKING_USE,층별개요 지하층(flrGbCd=10)의 용도에 주차장 포함,True,9.0,4711111700105390027,12261100302049,경상북도 포항시 남구 이동 539-27번지,경상북도 포항시 남구 희망대로 360-7 (이동),47111,11700,0,0539,0027,에스포항병원(어린이집),,1,일반,2,일반건축물,0,주건축물,11000,노유자시설,노유자시설(어린이집),1,2,0,0,9,103.5,0,0,1,16.5,20170309,20221126,192.05,0,0,19.38,,1,0,0,,0,철근콘크리트슬라브,철근콘크리트구조,0,0,,7.9,0,0,0,,,11706,360,471112303004,7,0,991,20160526,1101,신축허가,5030053,건축허가과,2016,0,145,10,(철근)콘크리트,,1,,20160825,21,철근콘크리트구조,842.25,842.25,38.76,384.1
CONFIRMED_BASEMENT_PARKING_USE,층별개요 지하층(flrGbCd=10)의 용도에 주차장 포함,True,118.0,4711111700105390042,12261100347155,경상북도 포항시 남구 이동 539-42번지,경상북도 포항시 남구 희망대로 366 (이동),47111,11700,0,0539,0042,,제1동,1,일반,2,일반건축물,0,주건축물,20000,자동차관련시설,"제1,2종근린생활시설",2,1,0,0,118,1118.5,0,0,105,1269,20190717,20221126,387,0,0,4.6966019,,8,0,0,,0,슬라브,철근콘크리트구조,0,0,,14.3,0,0,0,,,11706,366,471112303004,0,0,8240,20160729,1101,신축허가,5020322,건축과,2016,1,151,10,(철근)콘크리트,Ⅶ - 0.199g,1,,20180807,21,철근콘크리트구조,6385.12,6385.12,3.88,319.57
CONFIRMED_BASEMENT_PARKING_USE,층별개요 지하층(flrGbCd=10)의 용도에 주차장 포함,True,62.0,4711111700105420003,12261100300669,경상북도 포항시 남구 이동 542-3번지,경상북도 포항시 남구 희망대로 352 (이동),47111,11700,0,0542,0003,에스포항병원,,1,일반,2,일반건축물,0,주건축물,09000,의료시설,"의료시설,제1,2종근린생활시설",2,4,0,0,62,749.25,0,0,75,936,20170125,20221126,1793.58,0,0,18.22,,1,0,0,,0,슬라브,철근콘크리트구조,0,0,,27.85,0,0,0,,,11706,352,471112303004,0,0,9846,20150921,1101,신축허가,5020290,건축과,2015,4,152,10,(철근)콘크리트,,1,,20151019,21,철근콘크리트구조,15286.83,15286.83,72.31,7119.74
CONFIRMED_BASEMENT_PARKING_USE,층별개요 지하층(flrGbCd=10)의 용도에 주차장 포함,True,5.0,4711111700105690008,12261100228563,경상북도 포항시 남구 이동 569-8번지,경상북도 포항시 남구 희망대로382번길 14-10 (이동),47111,11700,0,0569,0008,,H동,1,일반,2,일반건축물,0,주건축물,01000,단독주택,단독주택,1,0,0,0,5,181.15,0,0,0,0,20110728,20221126,0,0,0,0,,0,0,0,,0,(철근)콘크리트,철근콘크리트구조,0,0,,3.45,0,0,0,,,11701,14,471114709740,10,0,585,20051222,1101,신축허가,5030040,건축과,2005,0,171,10,(철근)콘크리트,,0,,20060106,21,철근콘크리트구조,33.64,33.64,0,0
CONFIRMED_BASEMENT_PARKING_USE,층별개요 지하층(flrGbCd=10)의 용도에 주차장 포함,True,2.0,4711111700105690009,12261100249705,경상북도 포항시 남구 이동 569-9번지,경상북도 포항시 남구 희망대로382번길 14-10 (이동),47111,11700,0,0569,0009,,I동,1,일반,2,일반건축물,0,주건축물,01000,단독주택,단독주택,1,0,0,0,2,23,0,0,0,0,20130802,20221126,0,0,0,0,,0,0,0,,0,(철근)콘크리트,철근콘크리트구조,0,0,,3.45,0,0,0,,,11701,14,471114709740,10,0,703,20120903,1102,증축허가,5030046,건축지적과,2012,0,173,10,(철근)콘크리트,,0,,20121008,21,철근콘크리트구조,33.64,33.64,0,0
CONFIRMED_BASEMENT_PARKING_USE,층별개요 지하층(flrGbCd=10)의 용도에 주차장 포함,True,5.0,4711111700105690010,12261100228565,경상북도 포항시 남구 이동 569-10번지,경상북도 포항시 남구 희망대로382번길 14-10 (이동),47111,11700,0,0569,0010,,J동,1,일반,2,일반건축물,0,주건축물,01000,단독주택,단독주택,1,0,0,0,5,181.15,0,0,0,0,20110728,20221126,0,0,0,11.72,,0,0,0,,0,(철근)콘크리트,철근콘크리트구조,0,0,,3.45,0,0,0,,,11701,14,471114709740,10,0,558,20051222,1101,신축허가,5030040,건축과,2005,0,174,10,(철근)콘크리트,,0,,20060106,21,철근콘크리트구조,33.64,33.64,0,0
CONFIRMED_BASEMENT_PARKING_USE,층별개요 지하층(flrGbCd=10)의 용도에 주차장 포함,True,2.0,4711111700105800000,1000000000000005155866,경상북도 포항시 남구 이동 580번지,경상북도 포항시 남구 희망대로382번길 22 (이동),47111,11700,0,0580,0000,,주건축물제1동,1,일반,2,일반건축물,0,주건축물,04000,제2종근린생활시설,"제2종근린생활시설,단독주택",1,2,0,0,2,42.8,0,0,0,0,20250212,20250212,134.68,0,0,19.58,,1,0,0,,0,철골구조,일반철골구조,1,0,,8.55,0,0,0,,,11701,22,471114709740,0,0,688,20240402,1101,신축허가,5030053,건축허가과,2024,0,192,90,기타지붕,VII-0.191g,1,,20240516,31,일반철골구조,227.1,227.1,27.99,192.55
CONFIRMED_BASEMENT_PARKING_USE,층별개요 지하층(flrGbCd=10)의 용도에 주차장 포함,True,92.0,4711111700106080002,12261100230200,경상북도 포항시 남구 이동 608-2번지,경상북도 포항시 남구 포스코대로 53 (이동),47111,11700,0,0608,0002,이동 골프연습장,주건축물제1동,1,일반,2,일반건축물,0,주건축물,13000,운동시설,"골프연습장 및 근린생활시설(소매점,일반음식점)",1,3,0,0,92,0,0,0,0,0,20111010,20221126,774,0,0,8.16,,0,0,0,,0,철근콘크리트,"철근콘크리트구조,일반철골구조",0,0,,14.1,0,0,0,,,11706,53,471112303003,0,0,9485,20101223,1101,신축허가,5020169,건축과,2010,0,207,10,(철근)콘크리트,,1,,20101224,31,일반철골구조,6341.57,6341.57,22.8,2162.88
CONFIRMED_BASEMENT_PARKING_USE,층별개요 지하층(flrGbCd=10)의 용도에 주차장 포함,True,137.0,4711111700106500001,1226123811,경상북도 포항시 남구 이동 650-1번지,경상북도 포항시 남구 대이로159번길 12 (이동),47111,11700,0,0650,0001,,A동,2,집합,3,표제부,0,주건축물,20000,자동차관련시설,자동차관련시설 및 근린생활시설,1,3,0,0,137,5440.684,0,0,0,0,20030915,20221126,1963.12,0,0,89.93,,0,0,0,,0,스라브,철골조,0,0,,15.82,0,12,0,,,11701,12,471114709062,0,0,2182.9,20020417,1101,신축허가,5020081,주택과,2002,1,330,10,(철근)콘크리트,,0,,20020927,31,일반철골구조,7765.44,7765.44,266.8,5824.08
CONFIRMED_BASEMENT_PARKING_USE,층별개요 지하층(flrGbCd=10)의 용도에 주차장 포함,True,16.0,4711111700106530004,1226123812,경상북도 포항시 남구 이동 653-4번지,경상북도 포항시 남구 대이로 149 (이동),47111,11700,0,0653,0004,포스코아빌딩,,2,집합,3,표제부,0,주건축물,10000,교육연구시설,"교육연구시설,제1,2종근린생활시설",1,6,0,48.83,16,455.2,0,0,27,644,20060203,20230315,799.38,0,0,48.03,,3,0,0,,0,"(철근)콘크리트,평지붕,경사지붕",철근콘크리트구조,0,0,,23.75,0,24,0,,,11702,149,471113303006,0,0,1664.2,20050119,,,,,,2,372,10,(철근)콘크리트,,0,,20050331,21,철근콘크리트구조,4646.2,4646.2,240.29,3998.9
CONFIRMED_BASEMENT_PARKING_USE,층별개요 지하층(flrGbCd=10)의 용도에 주차장 포함,True,7.0,4711111700106530007,12261100291345,경상북도 포항시 남구 이동 653-7번지,경상북도 포항시 남구 대이로 145 (이동),47111,11700,0,0653,0007,,제1동,2,집합,3,표제부,0,주건축물,03000,제1종근린생활시설,"제1,2종근린생활시설",1,4,0,0,7,81,0,0,7,82,20160624,20240731,674.84,0,0,59.64,,0,0,0,,0,(철근)콘크리트,철근콘크리트구조,0,0,,19.45,0,0,0,,,11702,145,471113303006,0,0,1131.6,20150908,1101,신축허가,5020290,건축과,2015,1,373,10,(철근)콘크리트,,1,,20150924,21,철근콘크리트구조,3090.72,3090.72,235.27,2662.36
CONFIRMED_BASEMENT_PARKING_USE,층별개요 지하층(flrGbCd=10)의 용도에 주차장 포함,True,175.0,4711111700106590000,12261100310313,경상북도 포항시 남구 이동 659번지,경상북도 포항시 남구 대이로127번길 12-10 (이동),47111,11700,0,0659,0000,,,1,일반,2,일반건축물,0,주건축물,20000,자동차관련시설,자동차관련시설,1,1,0,0,175,4502.73,0,0,0,0,20170327,20221126,145.76,0,0,2.21,,0,0,0,,0,(철근)콘크리트,철근콘크리트구조,0,0,,5.1,0,0,0,,,11701,12,471114709060,10,0,6602.2,20151217,5200,공용건축물,5020290,건축과,2015,1,462,10,(철근)콘크리트,,1,,20160523,21,철근콘크리트구조,4949.73,0,1.87,123.75
CONFIRMED_BASEMENT_PARKING_USE,층별개요 지하층(flrGbCd=10)의 용도에 주차장 포함,True,9.0,4711111700106620008,12261100192741,경상북도 포항시 남구 이동 662-8번지,경상북도 포항시 남구 포스코대로 119 (이동),47111,11700,0,0662,0008,,,1,일반,2,일반건축물,0,주건축물,04000,제2종근린생활시설,"제1,2종근린생활시설",1,2,0,0,9,0,0,0,0,0,20081007,20221126,441.2,0,0,66.73,,0,0,0,,0,평슬라브,철근콘크리트구조,0,0,,10.2,0,0,0,,,11706,119,471112303003,0,0,661.2,20080508,1101,신축허가,5030040,건축과,2008,1,496,10,(철근)콘크리트,,1,,20080509,21,철근콘크리트구조,1224.63,1224.63,126.15,834.09
CONFIRMED_BASEMENT_PARKING_USE,층별개요 지하층(flrGbCd=10)의 용도에 주차장 포함,True,1.0,4711125021101900053,12261100287056,경상북도 포항시 남구 구룡포읍 구룡포리 190-53번지,경상북도 포항시 남구 구룡포리해녀길 39 (구룡포읍 구룡포리),47111,25021,0,0190,0053,,,1,일반,2,일반건축물,0,주건축물,01000,단독주택,단독주택,1,1,0,0,1,11.5,0,0,0,0,20160304,20221126,64.3,0,0,55.43,,0,0,0,,0,(철근)콘크리트,철근콘크리트구조,1,0,,5.98,0,0,0,,,25001,39,471114862960,0,0,116,20151103,1201,신축신고,5030053,건축허가과,2015,0,1,10,(철근)콘크리트,,0,,20151103,21,철근콘크리트구조,96.3,96.3,55.43,64.3
CONFIRMED_BASEMENT_PARKING_USE,층별개요 지하층(flrGbCd=10)의 용도에 주차장 포함,True,59.0,4711125021109620001,1226125693,경상북도 포항시 남구 구룡포읍 구룡포리 962-1번지,경상북도 포항시 남구 호미로 225 (구룡포읍 구룡포리),47111,25021,0,0962,0001,,,2,집합,3,표제부,0,주건축물,15000,숙박시설,"제1,2종근린생활,위락시설,숙박시설",2,9,0,0,59,0,0,0,0,0,20061206,20221126,1388.99,0,0,91.38,,0,0,0,,0,(철근)콘크리트(슬라브),철근콘크리트구조,0,0,,37.03,0,89,0,,,25001,225,471113303064,0,0,1520,20040102,,,,,,3,1,10,(철근)콘크리트,,1,,20050202,21,철근콘크리트구조,4699.9,4699.9,297.86,4527.42
CONFIRMED_BASEMENT_PARKING_USE,층별개요 지하층(flrGbCd=10)의 용도에 주차장 포함,True,2.0,4711125026100150002,12261100393455,경상북도 포항시 남구 구룡포읍 장길리 15-2번지,경상북도 포항시 남구 동해안로 4437 (구룡포읍 장길리),47111,25026,0,0015,0002,,주1동,1,일반,2,일반건축물,0,주건축물,01000,단독주택,단독주택,1,2,0,0,2,100.69,0,0,0,0,20220830,20230818,263.64,127.5,1,20.52,,1,0,0,,0,"(철근)콘크리트,샌드위치판넬","철근콘크리트조,경량철골조",1,0,,6.75,0,0,0,,,25007,4437,471113000101,0,0,1285,20211125,1101,신축허가,5030053,건축허가과,2021,0,1,10,(철근)콘크리트,Ⅶ-0.191g,1,,20211220,21,철근콘크리트구조,452,452,27.34,351.31
CONFIRMED_BASEMENT_PARKING_USE,층별개요 지하층(flrGbCd=10)의 용도에 주차장 포함,True,14.0,4711125028101470001,1226127245,경상북도 포항시 남구 구룡포읍 병포리 147-1번지,경상북도 포항시 남구 병포길52번길 11 (구룡포읍 병포리),47111,25028,0,0147,0001,해동타워,,2,집합,3,표제부,0,주건축물,02000,공동주택,아파트,1,9,0,0,14,655.18,0,0,2,23,19930913,20221126,510.9,0,0,37.65,,0,0,0,,0,경사스라브,철근콘크리트,0,0,,29.1,36,0,0,,,25001,11,471114709190,0,0,1357,19910113,,,,,,2,1,10,(철근)콘크리트,,1,,19910200,21,철근콘크리트구조,4729.99,4729.99,281.2,3815.88
CONFIRMED_BASEMENT_PARKING_USE,층별개요 지하층(flrGbCd=10)의 용도에 주차장 포함,True,11.0,4711125321100570002,1226127732,경상북도 포항시 남구 연일읍 생지리 57-2번지,경상북도 포항시 남구 형산강남로326번길 1 (연일읍 생지리),47111,25321,0,0057,0002,문화강변맨션,B동,2,집합,3,표제부,0,주건축물,02000,공동주택,공동주택(아파트),1,6,0,0,11,126.5,0,0,25,301.3,19921002,20251218,1143.42,0,0,0,,1,0,0,,0,스라브,철근콘크리트조,0,0,,16.6,36,0,0,,,25301,1,471114709674,0,0,0,19911008,,,,,,0,4,10,(철근)콘크리트,,1,,19911022,21,철근콘크리트구조,3239.03,3239.03,0,2864.34
CONFIRMED_BASEMENT_PARKING_USE,층별개요 지하층(flrGbCd=10)의 용도에 주차장 포함,True,13.0,4711125321101940001,1226127535,경상북도 포항시 남구 연일읍 생지리 194-1번지,경상북도 포항시 남구 연일로159번길 46 (연일읍 생지리),47111,25321,0,0194,0001,,,1,일반,2,일반건축물,0,주건축물,07000,판매시설,판매시설,1,4,0,0,13,149.5,0,0,7,80.5,19931204,20221126,584.09,0,0,50.92,,0,0,0,,0,스라브,철근콘크리트,1,0,,16.1,0,0,0,,,25301,46,471114709325,0,0,1147,19910403,,,,,,0,163,10,(철근)콘크리트,,0,,19920605,21,철근콘크리트구조,2503.81,2503.81,165.76,1901.22
CONFIRMED_BASEMENT_PARKING_USE,층별개요 지하층(flrGbCd=10)의 용도에 주차장 포함,True,146.0,4711125321103330003,1226127789,경상북도 포항시 남구 연일읍 생지리 333-3번지,경상북도 포항시 남구 연일로 142 (연일읍 생지리),47111,25321,0,0333,0003,연일삼도한솔타운1차,103동,2,집합,3,표제부,0,주건축물,02000,공동주택,공동주택(아파트),1,15,0,0,146,3225.02,0,0,164,1886,19960330,20251210,0,3858.78,7,0,,2,0,0,,0,평 스라브,철근콘크리트 벽식구조,0,0,,40.6,180,0,0,,,25304,142,471113303030,0,0,0,19940607,,,,,,9,338,10,(철근)콘크리트,,1,,19940624,21,철근콘크리트구조,15664.2,15664.2,0,14848.2
CONFIRMED_BASEMENT_PARKING_USE,층별개요 지하층(flrGbCd=10)의 용도에 주차장 포함,True,146.0,4711125321103330003,1226127790,경상북도 포항시 남구 연일읍 생지리 333-3번지,경상북도 포항시 남구 연일로 142 (연일읍 생지리),47111,25321,0,0333,0003,연일삼도한솔타운1차,102동,2,집합,3,표제부,0,주건축물,02000,공동주택,공동주택(아파트),1,15,0,0,146,3225,0,0,164,1886,19960330,20251210,0,3858.78,7,0,,2,0,0,,0,평스라브,철근콘크리트 벽식구조,0,0,,40.6,105,0,0,,,25304,142,471113303030,0,0,0,19940607,,,,,,9,337,10,(철근)콘크리트,,1,,19940624,21,철근콘크리트구조,9274.54,9274.54,0,8769.1
CONFIRMED_BASEMENT_PARKING_USE,층별개요 지하층(flrGbCd=10)의 용도에 주차장 포함,True,146.0,4711125321103330003,1226127791,경상북도 포항시 남구 연일읍 생지리 333-3번지,경상북도 포항시 남구 연일로 142 (연일읍 생지리),47111,25321,0,0333,0003,연일삼도한솔타운1차,101동,2,집합,3,표제부,0,주건축물,02000,공동주택,공동주택(아파트),1,15,0,0,146,3225.02,0,0,164,1886,19960330,20251210,0,3858.78,7,0,,2,0,0,,0,평스라브,철근콘크리트벽식구조,0,0,,40.6,120,0,0,,,25304,142,471113303030,0,0,0,19940607,,,,,,9,336,10,(철근)콘크리트,,1,,19940624,21,철근콘크리트구조,13078.48,13078.48,0,12262.56
CONFIRMED_BASEMENT_PARKING_USE,층별개요 지하층(flrGbCd=10)의 용도에 주차장 포함,True,21.0,4711125321103760001,1226127793,경상북도 포항시 남구 연일읍 생지리 376-1번지,경상북도 포항시 남구 연일로 166 (연일읍 생지리),47111,25321,0,0376,0001,,101동,2,집합,3,표제부,0,주건축물,02000,공동주택,공동주택,1,6,0,0,21,241.5,0,0,83,984,20010327,20221126,848.155,0,0,0,,0,0,0,,0,평슬래브,철근콘크리트벽식,0,0,,17.8,84,0,0,,,25304,166,471113303030,0,0,0,19981216,,,,,,0,355,10,(철근)콘크리트,,1,,,21,철근콘크리트구조,5775.99,5775.99,0,4869.315
CONFIRMED_BASEMENT_PARKING_USE,층별개요 지하층(flrGbCd=10)의 용도에 주차장 포함,True,66.0,4711125321103900003,1226127803,경상북도 포항시 남구 연일읍 생지리 390-3번지,경상북도 포항시 남구 연일로 150 (연일읍 생지리),47111,25321,0,0390,0003,삼도한솔타운 2차,201동,2,집합,3,표제부,0,주건축물,02000,공동주택,공동주택,1,15,0,0,66,0,0,0,51,0,19970109,20251218,1468.025,1899.565,4,0,,0,0,0,,0,평스라브,철근콘크리트 벽식구조,0,0,,0,150,0,0,,,25304,150,471113303030,0,0,0,19950404,,,,,,4,373,10,(철근)콘크리트,,1,,19950422,21,철근콘크리트구조,15778.785,15778.785,0,13724.49
CONFIRMED_BASEMENT_PARKING_USE,층별개요 지하층(flrGbCd=10)의 용도에 주차장 포함,True,216.0,4711125321103990000,1226127808,경상북도 포항시 남구 연일읍 생지리 399번지,경상북도 포항시 남구 연일로 130 (연일읍 생지리),47111,25321,0,0399,0000,형산강변타운,상가동,2,집합,3,표제부,0,주건축물,02000,공동주택,"구매시설,생활시설,교육연구시설,제2종근린생활시설",1,2,0,0,216,5266.58,0,0,210,2415,19950607,20231106,711.304,0,0,0,,0,0,0,,0,슬라브,철근콘크리트,0,0,,40.3,0,24,0,,,25304,130,471113303030,0,0,0,19930726,,,,,,0,376,10,(철근)콘크리트,,0,,19930800,21,철근콘크리트구조,7152.288,7152.288,0,1422.61
CONFIRMED_BASEMENT_PARKING_USE,층별개요 지하층(flrGbCd=10)의 용도에 주차장 포함,True,47.0,4711125322100150000,1226128110,경상북도 포항시 남구 연일읍 괴정리 15번지,경상북도 포항시 남구 연일로 178 (연일읍 괴정리),47111,25322,0,0015,0000,연일우성한빛타운,4동,2,집합,3,표제부,1,부속건축물,02000,공동주택,공동주택,1,1,0,0,47,540.5,0,0,50,577.5,20010719,20221126,8.55,0,0,0,,0,0,0,,0,평슬라브,철근콘크리트조,0,0,,2.9,0,0,0,,,25304,178,471113303030,0,0,0,19990818,,,,,,6,22,10,(철근)콘크리트,,0,,20000907,21,철근콘크리트구조,1335.76,1335.76,0,8.55
CONFIRMED_BASEMENT_PARKING_USE,층별개요 지하층(flrGbCd=10)의 용도에 주차장 포함,True,23.0,4711125323101190003,1226128460,경상북도 포항시 남구 연일읍 동문리 119-3번지,경상북도 포항시 남구 동문로 15 (연일읍 동문리),47111,25323,0,0119,0003,신영궁전맨션,,2,집합,3,표제부,0,주건축물,02000,공동주택,아파트,1,6,0,0,23,264.5,0,0,19,223.1,19961116,20221126,765.395,0,0,36.99,,0,0,0,,0,스라브,철근콘크리트조,0,0,,15.5,48,0,0,,,25301,15,471113303010,0,0,2069,19951124,,,,,,0,211,10,(철근)콘크리트,,1,,19951208,21,철근콘크리트구조,4482.44,4482.44,172.05,3559.73
CONFIRMED_BASEMENT_PARKING_USE,층별개요 지하층(flrGbCd=10)의 용도에 주차장 포함,True,211.0,4711125323101410001,1226128463,경상북도 포항시 남구 연일읍 동문리 141-1번지,경상북도 포항시 남구 철강로 71 (연일읍 동문리),47111,25323,0,0141,0001,삼도한솔타운 3차,301동,2,집합,3,표제부,0,주건축물,02000,공동주택,공동주택,2,15,0,0,211,2426.5,0,0,155,1783,19981123,20251210,1211.3,6224.62,4,0,,0,0,0,,0,박공지붕,철근콘크리트벽식구조,0,0,,41.73,161,0,0,,,25303,71,471113303051,0,0,0,19960217,,,,,,12,227,90,기타지붕,,1,,19960313,21,철근콘크리트구조,15138.7,14968.87,0,15138.17
CONFIRMED_BASEMENT_PARKING_USE,층별개요 지하층(flrGbCd=10)의 용도에 주차장 포함,True,211.0,4711125323101410001,1226128465,경상북도 포항시 남구 연일읍 동문리 141-1번지,경상북도 포항시 남구 철강로 71 (연일읍 동문리),47111,25323,0,0141,0001,삼도한솔타운 3차,302동,2,집합,3,표제부,0,주건축물,02000,공동주택,공동주택,2,15,0,0,211,2426.5,0,0,155,1783,19981123,20251107,706.93,6224.62,4,0,,0,0,0,,0,박공지붕,철근콘크리트 벽식구조,0,0,,41.73,78,0,0,,,25303,71,471113303051,0,0,0,19960217,,,,,,12,226,90,기타지붕,,1,,19960313,21,철근콘크리트구조,7233.13,7063.83,0,7233.13
CONFIRMED_BASEMENT_PARKING_USE,층별개요 지하층(flrGbCd=10)의 용도에 주차장 포함,True,6.0,4711125323103420002,1226128493,경상북도 포항시 남구 연일읍 동문리 342-2번지,경상북도 포항시 남구 철강로41번길 54 (연일읍 동문리),47111,25323,0,0342,0002,연일용인상가(1),,2,집합,3,표제부,0,주건축물,03000,제1종근린생활시설,근린생활시설,1,2,0,0,6,196.38,0,0,0,0,19990713,20221126,468,0,0,60.7,,0,0,0,,0,평 스라브,철근콘크리트조,16,0,,8.3,0,13,0,,,25301,54,471114709573,0,0,771,19980620,,,,,,0,380,10,(철근)콘크리트,,0,,19980713,21,철근콘크리트구조,1330.56,1330.56,121.4,936
CONFIRMED_BASEMENT_PARKING_USE,층별개요 지하층(flrGbCd=10)의 용도에 주차장 포함,True,6.0,4711125323103420007,1226128494,경상북도 포항시 남구 연일읍 동문리 342-7번지,경상북도 포항시 남구 철강로41번길 52-3 (연일읍 동문리),47111,25323,0,0342,0007,연일용인상가(2),,2,집합,3,표제부,0,주건축물,03000,제1종근린생활시설,근린생활시설,1,2,0,0,6,196,0,0,0,0,19990713,20221126,468,0,0,60.08,,0,0,0,,0,평스라브,철근콘크리트조,17,0,,8.3,0,17,0,,,25301,52,471114709573,3,0,779,19980620,,,,,,0,382,10,(철근)콘크리트,,0,,19980713,21,철근콘크리트구조,1342.24,1342.24,120.12,935.76
CONFIRMED_BASEMENT_PARKING_USE,층별개요 지하층(flrGbCd=10)의 용도에 주차장 포함,True,21.0,4711125325101430005,1226129145,경상북도 포항시 남구 연일읍 유강리 143-5번지,경상북도 포항시 남구 유강길 52 (연일읍 유강리),47111,25325,0,0143,0005,유강중학교,,1,일반,2,일반건축물,0,주건축물,10000,교육연구시설,교육연구시설,1,4,0,0,21,627.84,0,0,12,138,20030207,20221126,3066.54,0,0,15.91,,3,0,0,,0,"콘크리트슬래브,샌드위치판넬","철근콘크리트구조,일반철골구조",0,0,,18.6,0,0,0,,,25301,52,471114709359,0,0,19275,20011220,,,,,,0,22,10,(철근)콘크리트,,1,,20011229,21,철근콘크리트구조,10515.84,10515.84,49.11,9465.27
CONFIRMED_BASEMENT_PARKING_USE,층별개요 지하층(flrGbCd=10)의 용도에 주차장 포함,True,366.0,4711125325105840000,12261100198534,경상북도 포항시 남구 연일읍 유강리 584번지,경상북도 포항시 남구 유강길9번길 37-11 (연일읍 유강리),47111,25325,0,0584,0000,강변유강코아루 4단지 노블,지하주차장,2,집합,3,표제부,1,부속건축물,02000,공동주택,"지하주차장,기계실,전기실,발전기실",2,0,0,0,366,10431.742,0,0,18,0,20090217,20221126,0,0,0,0,,0,0,0,,0,철근콘크리트,철근콘크리트구조,0,0,,0,0,0,0,,,25301,37,471114709362,11,0,0,20060217,2101,주택건설사업계획승인,5020081,주택과,2006,0,206,10,(철근)콘크리트,,0,,20060427,21,철근콘크리트구조,10431.74,10772.382,0,0
CONFIRMED_BASEMENT_PARKING_USE,층별개요 지하층(flrGbCd=10)의 용도에 주차장 포함,True,37.0,4711125325105930004,12261100198116,경상북도 포항시 남구 연일읍 유강리 593-4번지,경상북도 포항시 남구 유강길10번길 50 (연일읍 유강리),47111,25325,0,0593,0004,강변유강코아루 3단지 노블,지하주차장,2,집합,3,표제부,1,부속건축물,02000,공동주택,지하주차장,2,1,0,0,37,1806.483,0,0,65,0,20090204,20221126,33.75,0,0,0.41,,0,0,0,,0,(철근)콘크리트,철근콘크리트구조,0,0,,0,0,0,0,,,25301,50,471114709360,0,0,8223.3,20060217,2101,주택건설사업계획승인,5020081,주택과,2006,0,324,10,(철근)콘크리트,,0,,20060427,21,철근콘크리트구조,1992.123,1992.123,0.41,33.75
CONFIRMED_BASEMENT_PARKING_USE,층별개요 지하층(flrGbCd=10)의 용도에 주차장 포함,True,46.0,4711125325105940002,12261100181856,경상북도 포항시 남구 연일읍 유강리 594-2번지,경상북도 포항시 남구 유강길10번길 45 (연일읍 유강리),47111,25325,0,0594,0002,유강경성홈타운,102동,2,집합,3,표제부,1,부속건축물,02000,공동주택,지하주차장,1,0,0,0,46,529,0,0,38,437,20080407,20221126,0,0,0,0,,0,0,60.6,,0,평슬라브,벽식구조,0,0,,0,0,0,0,,,25301,45,471114709360,0,0,3500.5,20060704,2101,주택건설사업계획승인,5020169,건축과,2006,0,358,10,(철근)콘크리트,,0,,20060811,21,철근콘크리트구조,1113.645,1113.645,0,0
CONFIRMED_BASEMENT_PARKING_USE,층별개요 지하층(flrGbCd=10)의 용도에 주차장 포함,True,11.0,4711125325105970003,12261100232468,경상북도 포항시 남구 연일읍 유강리 597-3번지,경상북도 포항시 남구 유강길10번길 34-6 (연일읍 유강리),47111,25325,0,0597,0003,,가,1,일반,2,일반건축물,0,주건축물,03000,제1종근린생활시설,"제1,2종근린생활시설,단독주택",1,4,0,0,11,191.88,0,0,0,0,20111223,20221126,266.38,0,0,53.8,,0,0,0,,0,칼라시트,철근콘크리트구조,10,0,,14.85,0,0,0,,,25301,34,471114709360,6,0,494.7,20101208,1101,신축허가,5030046,건축지적과,2011,0,396,90,기타지붕,,1,,20110609,21,철근콘크리트구조,1167.15,1167.15,197.1,975.27
CONFIRMED_BASEMENT_PARKING_USE,층별개요 지하층(flrGbCd=10)의 용도에 주차장 포함,True,30.0,4711125621108930000,12261100310815,경상북도 포항시 남구 오천읍 원리 893번지,경상북도 포항시 남구 남원로 81 (오천읍 원리),47111,25621,0,0893,0000,,가동,2,집합,3,표제부,0,주건축물,03000,제1종근린생활시설,"1종,2종근린생활시설,운동시설,교육연구시설",1,7,0,0,30,337.8,0,0,12,138,20170918,20260511,831.37,0,0,49.97,,2,0,0,,0,스라브지붕,철근콘크리트구조,0,0,,29.06,0,3,0,,,25601,81,471113303003,0,0,1663.6,20160318,,,,,,2,1,10,(철근)콘크리트,,,,20160322,21,철근콘크리트구조,6006.64,6006.64,299.43,4981.3
CONFIRMED_BASEMENT_PARKING_USE,층별개요 지하층(flrGbCd=10)의 용도에 주차장 포함,True,18.0,4711125621110010000,12261100384375,경상북도 포항시 남구 오천읍 원리 1001번지,경상북도 포항시 남구 중원로 71 (오천읍 원리),47111,25621,0,1001,0000,,제1동,2,집합,3,표제부,0,주건축물,04000,제2종근린생활시설,"1종,2종근린생활시설,오피스텔",1,5,0,0,18,212,0,0,0,0,20211223,20221126,396.02,0,0,59.89,,0,0,0,,0,슬라브,철근콘크리트구조,0,0,,16.96,0,18,0,,,25601,71,471113303048,0,0,661.2,20180823,1101,신축허가,5020322,건축과,2018,1,1,10,(철근)콘크리트,VII-0.173g,1,,20210822,21,철근콘크리트구조,2131.58,2131.58,249.68,1650.88
CONFIRMED_BASEMENT_PARKING_USE,층별개요 지하층(flrGbCd=10)의 용도에 주차장 포함,True,17.0,4711125621114410000,1000000000000005781550,경상북도 포항시 남구 오천읍 원리 1441번지,경상북도 포항시 남구 남원로 16 (오천읍 원리),47111,25621,0,1441,0000,,주1,1,일반,2,일반건축물,0,주건축물,13000,운동시설,"운동시설,제2종근린생활시설",1,4,0,0,17,205.1,0,0,0,0,20250611,20250611,330.55,0,0,59.4,,0,0,0,,0,(철근)콘크리트,철근콘크리트구조,0,0,,16.875,0,0,0,,,25601,16,471113303003,0,0,556.5,20230824,1101,신축허가,5030053,건축허가과,2023,1,1,10,(철근)콘크리트,Ⅶ-0.199g,1,,20240127,21,철근콘크리트구조,1512.26,1512.26,187.42,1043.01
CONFIRMED_BASEMENT_PARKING_USE,층별개요 지하층(flrGbCd=10)의 용도에 주차장 포함,True,1.0,4711125630103510035,1226134654,경상북도 포항시 남구 오천읍 용덕리 351-35번지,경상북도 포항시 남구 충무로 10 (오천읍 용덕리),47111,25630,0,0351,0035,,주건축물제1동,1,일반,2,일반건축물,0,주건축물,09000,의료시설,"의료시설,제1,2근린생활시설",1,6,0,0,1,11.5,0,0,9,108.5,20001115,20221126,619.71,0,0,53.887826,,1,0,0,,0,콘크리트슬라브,철근콘크리트조 및 철골조,0,0,,27.9,0,0,0,,,25601,10,471113303055,0,0,1150,20000302,,,,,,1,919,10,(철근)콘크리트,,1,,,21,철근콘크리트구조,3657.81,0,269.02434,3093.78
CONFIRMED_BASEMENT_PARKING_USE,층별개요 지하층(flrGbCd=10)의 용도에 주차장 포함,True,4.0,4711125631100330007,1226135145,경상북도 포항시 남구 오천읍 구정리 33-7번지,경상북도 포항시 남구 정몽주로669번길 2 (오천읍 구정리),47111,25631,0,0033,0007,,,1,일반,2,일반건축물,0,주건축물,04000,제2종근린생활시설,제2종근린생활시설,1,3,0,0,4,46,0,0,0,0,19960521,20221126,154.36,0,0,59.83,,0,0,0,,0,슬라브,철근콘크리트,0,0,,11.8,0,0,0,,,25601,2,471114709484,0,0,258,19950619,,,,,,0,1,10,(철근)콘크리트,,0,,19950727,21,철근콘크리트구조,628.78,628.78,173.01,446.35
CONFIRMED_BASEMENT_PARKING_USE,층별개요 지하층(flrGbCd=10)의 용도에 주차장 포함,True,2.0,4711133025100190004,1000000000000005868500,경상북도 포항시 남구 장기면 신창리 19-4번지,경상북도 포항시 남구 동해안로3550번길 39 (장기면 신창리),47111,33025,0,0019,0004,,1동,1,일반,2,일반건축물,0,주건축물,01000,단독주택,단독주택,1,4,0,0,2,38.5,0,0,0,0,20250702,20250703,119.26,38.5,1,36.25,,0,0,0,,0,(철근)콘크리트,철근콘크리트구조,1,0,,16.03,0,0,0,,,33001,39,471114709127,0,0,329,20240906,1101,신축허가,5030053,건축허가과,2024,0,1,10,(철근)콘크리트,Ⅶ-0.119g,1,,20241007,21,철근콘크리트구조,361.25,361.25,98.1,322.75
CONFIRMED_BASEMENT_PARKING_USE,층별개요 지하층(flrGbCd=10)의 용도에 주차장 포함,True,6.0,4711310100105630003,12261119040,경상북도 포항시 북구 대흥동 563-3번지,경상북도 포항시 북구 중앙상가길 16 (대흥동),47113,10100,0,0563,0003,,,1,일반,2,일반건축물,0,주건축물,05000,문화및집회시설,"판매시설. 문화및집회시설,제2종근린생활시설,제1종근린생활시설",1,9,0,0,6,92,0,0,0,0,20040408,20221126,1298.74,0,0,64.33,,0,0,0,,0,기타지붕(평스라브),철골철근콘크리트,0,0,,42.66,0,0,0,,,10101,16,471134712655,0,0,2019,20021001,1101,신축허가,5020081,주택과,2002,0,64,90,기타지붕,,1,,20021226,41,철골콘크리트구조,9159.505,9159.505,401.25,9159.505
CONFIRMED_BASEMENT_PARKING_USE,층별개요 지하층(flrGbCd=10)의 용도에 주차장 포함,True,8.0,4711310300104130007,12261136245,경상북도 포항시 북구 남빈동 413-7번지,경상북도 포항시 북구 칠성로47번길 4 (남빈동),47113,10300,0,0413,0007,,,1,일반,2,일반건축물,0,주건축물,03000,제1종근린생활시설,근린생활시설및 노유자시설,1,5,8,256.825,0,0,0,0,0,0,19901017,20221126,376.214,0,0,70.2,,0,0,0,,0,철근콘크리트스라브,철근콘크리트조,0,0,,17.2,0,0,0,,,10301,4,471134712711,0,0,535.9,19891103,,,,,,0,14,10,(철근)콘크리트,,0,,,21,철근콘크리트구조,2184.933,2184.933,324.21,1737.428
CONFIRMED_BASEMENT_PARKING_USE,층별개요 지하층(flrGbCd=10)의 용도에 주차장 포함,True,8.0,4711310300105200004,12261114430,경상북도 포항시 북구 남빈동 520-4번지,경상북도 포항시 북구 중앙상가2길 22 (남빈동),47113,10300,0,0520,0004,,,1,일반,2,일반건축물,0,주건축물,03000,제1종근린생활시설,"제1,2종근린생활시설,위락시설,체력단련장",1,6,0,0,8,92,10,58.5,4,46.5,19830328,20221126,933.41,0,0,59.72,,0,0,0,,0,"슬래브, T=75내화판넬","철근콘크리트조,철골조,경량철골조",0,0,,22.9,0,0,0,,,10302,22,471134712649,0,0,1563,19820602,,,,,,1,72,10,(철근)콘크리트,,0,,,21,철근콘크리트구조,4452.56,4452.56,237.16,3706.82
CONFIRMED_BASEMENT_PARKING_USE,층별개요 지하층(flrGbCd=10)의 용도에 주차장 포함,True,21.0,4711310700101130012,12261100216226,경상북도 포항시 북구 덕산동 113-12번지,경상북도 포항시 북구 서동로 83 (덕산동),47113,10700,0,0113,0012,중앙아트홀,,1,일반,2,일반건축물,0,주건축물,05000,문화및집회시설,"문화및집회시설,제1,2종근린생활시설",1,4,18,132.16,3,35,0,0,0,0,20100831,20221126,701.15,0,0,59.68,,0,0,0,,0,기타지붕,철근콘크리트구조,0,0,,25.8,0,0,0,,,10704,83,471133303017,0,0,1174.9,20080922,,,,,,1,38,90,기타지붕,,1,,,42,철골철근콘크리트구조,2704.59,2704.59,165.3,1942.07
CONFIRMED_BASEMENT_PARKING_USE,층별개요 지하층(flrGbCd=10)의 용도에 주차장 포함,True,16.0,4711310700101130021,12261104618,경상북도 포항시 북구 덕산동 113-21번지,경상북도 포항시 북구 삼호로 8 (덕산동),47113,10700,0,0113,0021,,,1,일반,2,일반건축물,0,주건축물,11000,노유자시설,"노유자시설, 제1종근린생활시설",1,7,13,161,3,28,0,0,0,0,20001226,20240620,380.08,0,0,79.13,,0,0,0,,0,스라브,"철근콘크리트조, 철골조, 경량철골구조",0,0,,30.4,0,0,0,,,10701,8,471133304014,0,0,480.3,19990408,,,,,,0,44,10,(철근)콘크리트,Ⅶ-0.228g,0,,199908,21,철근콘크리트구조,2343.95,2343.95,423.2,2032.64
CONFIRMED_BASEMENT_PARKING_USE,층별개요 지하층(flrGbCd=10)의 용도에 주차장 포함,True,118.0,4711310700101210002,12261100394955,경상북도 포항시 북구 덕산동 121-2번지,경상북도 포항시 북구 중앙로 325 (덕산동),47113,10700,0,0121,0002,,,1,일반,2,일반건축물,0,주건축물,12000,수련시설,"수련시설,교육연구시설",1,4,0,0,118,4091.16,0,0,0,0,20220928,20230727,1590.15,0,0,22.73,,1,0,0,1++,0,철근콘크리트구조,철근콘크리트구조,0,0,,21.3,0,0,0,,,10704,325,471133303047,0,0,6996.19,20190905,5200,공용건축물,5020322,건축과,2019,2,148,10,(철근)콘크리트,VII-0.260g,1,,20191030,21,철근콘크리트구조,8275.71,8275.71,52.83,3695.9
CONFIRMED_BASEMENT_PARKING_USE,층별개요 지하층(flrGbCd=10)의 용도에 주차장 포함,True,26.0,4711310700101220004,12261134622,경상북도 포항시 북구 덕산동 122-4번지,경상북도 포항시 북구 용당로 164 (덕산동),47113,10700,0,0122,0004,,,1,일반,2,일반건축물,0,주건축물,13000,운동시설,"근린생활시설, 업무시설, 운동시설",1,5,0,0,26,299,0,0,10,115,19940923,20221126,920.77,0,0,79.93,,0,1,0,,0,슬라브,철근콘크리트,0,0,,25.1,0,0,0,,,10703,164,471133304027,0,0,1152,19891023,,,,,,0,154,10,(철근)콘크리트,,0,,19940129,21,철근콘크리트구조,5016.73,5016.73,369.33,4254.65
CONFIRMED_BASEMENT_PARKING_USE,층별개요 지하층(flrGbCd=10)의 용도에 주차장 포함,True,8.0,4711310800100520001,12261114429,경상북도 포항시 북구 덕수동 52-1번지,경상북도 포항시 북구 중앙로 363 (덕수동),47113,10800,0,0052,0001,,,1,일반,2,일반건축물,0,주건축물,14000,업무시설,"업무시설, 근린생활시설",1,3,0,0,8,98.9,0,0,3,34.5,19970910,20221126,379.965,0,0,48.13,,0,0,0,,0,스라브,철근콘크리트조,0,0,,13.7,0,0,0,,,10805,363,471133303047,0,0,789.4,19961213,,,,,,0,273,10,(철근)콘크리트,,0,,19970213,21,철근콘크리트구조,1575.22,1575.22,137.45,1085.08
CONFIRMED_BASEMENT_PARKING_USE,층별개요 지하층(flrGbCd=10)의 용도에 주차장 포함,True,1.0,4711310800109470007,12261114759,경상북도 포항시 북구 덕수동 947-7번지,경상북도 포항시 북구 중앙로 407-22 (덕수동),47113,10800,0,0947,0007,,,1,일반,2,일반건축물,0,주건축물,01000,단독주택,단독주택,1,1,0,0,1,11.5,0,0,0,0,20010524,20221126,130.09,0,0,44.55,,0,0,0,,0,스라브,철근콘크리트조,1,0,,6.2,0,0,0,,,10805,407,471133303047,22,0,292,20001218,,,,,,0,436,10,(철근)콘크리트,,0,,20001221,21,철근콘크리트구조,150.87,150.87,40,116.79
CONFIRMED_BASEMENT_PARKING_USE,층별개요 지하층(flrGbCd=10)의 용도에 주차장 포함,True,26.0,4711311000100690004,12261105530,경상북도 포항시 북구 동빈1가 69-4번지,경상북도 포항시 북구 해동로 303 (동빈1가),47113,11000,0,0069,0004,,,1,일반,2,일반건축물,0,주건축물,09000,의료시설,"의료시설,교육연구시설,제1.2종근생,숙박시설",1,7,0,0,26,0,0,0,10,0,20020729,20240730,1161.21,0,0,51.02,,0,0,0,,0,경량철골트러스,"철근콘크리트조,일반철골구조",0,0,,30.9,0,0,0,,,11002,303,471133303058,0,0,2276,19990903,,,,,,3,83,90,기타지붕,,,,,21,철근콘크리트구조,7764.92,7764.92,282.99,6440.87
CONFIRMED_BASEMENT_PARKING_USE,층별개요 지하층(flrGbCd=10)의 용도에 주차장 포함,True,91.0,4711311200101270009,12261113054,경상북도 포항시 북구 학산동 127-9번지,경상북도 포항시 북구 학산로 62 (학산동),47113,11200,0,0127,0009,,,1,일반,2,일반건축물,0,주건축물,07000,판매시설,"판매시설,제1,2종근린생활시설,",4,9,0,0,91,10860.51,0,0,0,0,20001204,20260401,3454.17,0,0,58.06,,5,1,0,,0,평스라브,철골철근콘크리트조,0,0,,50.09,0,0,0,,,11202,62,471133304042,0,0,5949,19950825,,,,,,5,202,10,(철근)콘크리트,,1,,19950825,42,철골철근콘크리트구조,44223.12,44223.12,476.46,28344.45
CONFIRMED_BASEMENT_PARKING_USE,층별개요 지하층(flrGbCd=10)의 용도에 주차장 포함,True,564.0,4711311200101270077,12261130979,경상북도 포항시 북구 학산동 127-77번지,경상북도 포항시 북구 학산로 68 (학산동),47113,11200,0,0127,0077,롯데백화점 포항점 주차장동,,1,일반,2,일반건축물,0,주건축물,20000,자동차관련시설,주차장,4,7,0,0,564,22181.47,0,0,0,0,20001204,20241226,2244.03,0,0,65.83,,0,0,0,,0,평스라브,철근콘크리트조,0,0,,30.55,0,0,0,,,11202,68,471133304042,0,0,3409,19950825,,,,,,0,213,10,(철근)콘크리트,,1,,19950825,21,철근콘크리트구조,24380.05,24380.05,443.89,15132.12
CONFIRMED_BASEMENT_PARKING_USE,층별개요 지하층(flrGbCd=10)의 용도에 주차장 포함,True,102.0,4711311400101550000,12261100307493,경상북도 포항시 북구 득량동 155번지,경상북도 포항시 북구 양학로 59 (득량동),47113,11400,0,0155,0000,삼성푸른아파트,1동,2,집합,3,표제부,0,주건축물,02000,공동주택,아파트,1,15,0,0,102,1173,0,0,185,2127.5,19950403,20221126,5263.25,3536.79,6,23.37,,2,0,0,,0,평스라브,철근콘크리트벽식구조,0,0,,41.1,240,0,0,,,11401,59,471133304026,0,0,14216,19911218,,,,,,12,163,10,(철근)콘크리트,,1,,19920416,21,철근콘크리트구조,28268.1,28268.1,198.85,28268.1
CONFIRMED_BASEMENT_PARKING_USE,층별개요 지하층(flrGbCd=10)의 용도에 주차장 포함,True,114.0,4711311400101550004,1000000000000003855861,경상북도 포항시 북구 득량동 155-4번지,경상북도 포항시 북구 양학로 61 (득량동),47113,11400,0,0155,0004,세븐스퀘어,가동,2,집합,3,표제부,0,주건축물,04000,제2종근린생활시설,"제1,2종근린생활시설,운동시설,업무시설,교육연구시설,문화및집회시설",2,8,0,0,114,1412.16,0,0,0,0,20240613,20240905,1647.23,0,0,49.98,,4,1,0,,0,(철근)콘크리트,"SRC구조,철골구조,철골콘크리트구조",0,0,,41.6,0,88,0,,,11401,61,471133304026,0,0,3296,20200709,1101,신축허가,5020417,건축과,2020,4,167,10,(철근)콘크리트,Ⅶ-0.239g,1,,20211206,41,철골콘크리트구조,14429.05,14429.05,297.38,9801.68
CONFIRMED_BASEMENT_PARKING_USE,층별개요 지하층(flrGbCd=10)의 용도에 주차장 포함,True,35.0,4711311400103030008,12261106389,경상북도 포항시 북구 득량동 303-8번지,경상북도 포항시 북구 양학로 119 (득량동),47113,11400,0,0303,0008,(주)신흥주택 아파트,나동,2,집합,3,표제부,1,부속건축물,02000,공동주택,공동주택,1,1,0,0,35,731.44,0,0,38,442,20050825,20221126,51.62,0,0,0,,0,0,0,,0,아스팔트슁글,철골철근콘크리트구조,0,0,,3.75,0,0,0,,,11401,119,471133304026,0,0,0,20030721,2101,주택건설사업계획승인,5020081,주택과,2003,0,328,90,기타지붕,,0,,20040726,21,철근콘크리트구조,912.06,912.06,0,51.62
CONFIRMED_BASEMENT_PARKING_USE,층별개요 지하층(flrGbCd=10)의 용도에 주차장 포함,True,4.0,4711311600100440001,12261103252,경상북도 포항시 북구 죽도동 44-1번지,경상북도 포항시 북구 죽도로 42 (죽도동),47113,11600,0,0044,0001,제일은행포항지점,,1,일반,2,일반건축물,0,주건축물,14000,업무시설,일반업무시설,1,3,0,0,4,329.94,0,0,16,0,19930518,20221126,700.82,0,0,50.52,,0,0,0,,0,평스라브,철근콘크리트조,0,0,,14.1,0,0,0,,,11601,42,471133304052,0,0,1387.2,19920707,,,,,,0,932,10,(철근)콘크리트,,0,,19921100,21,철근콘크리트구조,2715.9,2715.9,149.4,2110.85
CONFIRMED_BASEMENT_PARKING_USE,층별개요 지하층(flrGbCd=10)의 용도에 주차장 포함,True,3.0,4711311600100480023,12261133719,경상북도 포항시 북구 죽도동 48-23번지,경상북도 포항시 북구 중앙로 207 (죽도동),47113,11600,0,0048,0023,,,1,일반,2,일반건축물,0,주건축물,09000,의료시설,의료시설(요양병원),1,4,0,0,3,34.5,0,0,7,86.2,19831110,20221126,887.395,0,0,75.94,,0,0,0,,0,"슬라브지붕,샌드위치판넬지붕","철근콘크리트구조,일반철골조",0,0,,22.3,0,0,0,,,11607,207,471133303047,0,0,1168.6,19830117,,,,,,1,1028,10,(철근)콘크리트,VII-0.119g,1,,,21,철근콘크리트구조,2838.88,2838.88,218.67,2555.38
CONFIRMED_BASEMENT_PARKING_USE,층별개요 지하층(flrGbCd=10)의 용도에 주차장 포함,True,125.0,4711311600100480027,12261100282719,경상북도 포항시 북구 죽도동 48-27번지,경상북도 포항시 북구 중흥로 336 (죽도동),47113,11600,0,0048,0027,굿모닝타워,,2,집합,3,표제부,0,주건축물,03000,제1종근린생활시설,"제1,2종근린생활시설",1,10,120,111.74,5,72.5,0,0,0,0,20151125,20260323,1251.46,0,0,66.78,,2,1,0,,0,데크플레이트,"일반철골구조,철근콘크리트구조",0,0,,48.1,0,38,0,,,11601,336,471133303049,0,0,1873.9,20081002,1101,신축허가,5020169,건축과,2008,3,1029,10,(철근)콘크리트,,1,,20081017,31,일반철골구조,11081.82,11081.82,534.71,10019.85
CONFIRMED_BASEMENT_PARKING_USE,층별개요 지하층(flrGbCd=10)의 용도에 주차장 포함,True,91.0,4711311600100490001,12261117340,경상북도 포항시 북구 죽도동 49-1번지,경상북도 포항시 북구 중앙로 201 (죽도동),47113,11600,0,0049,0001,한화생명보험(주) 포항사옥,,2,집합,3,표제부,0,주건축물,14000,업무시설,"업무시설,제2종근린생활시설",2,13,84,0,7,0,0,0,19,0,19951005,20221126,831.98,0,0,38.86,,1,1,0,,0,"철골, 철근콘크리트","철골,철근콘크리트조,조적조",0,0,,49.45,0,12,0,,,11607,201,471133303047,0,0,2140.9,19910212,,,,,,2,1033,10,(철근)콘크리트,,1,,19911211,31,일반철골구조,12431.515,12431.515,435.57,9325.13
CONFIRMED_BASEMENT_PARKING_USE,층별개요 지하층(flrGbCd=10)의 용도에 주차장 포함,True,8.0,4711311600100510007,12261126415,경상북도 포항시 북구 죽도동 51-7번지,경상북도 포항시 북구 중흥로 321 (죽도동),47113,11600,0,0051,0007,,,1,일반,2,일반건축물,0,주건축물,14000,업무시설,"근린생활시설, 업무시설",2,14,0,0,8,291.12,36,0,5,0,19911105,20221126,644.29,0,0,40.57,,3,0,0,,0,슬라브,"철골, 철근콘크리트",0,0,,0,0,0,0,,,11601,321,471133303049,0,0,1588,19890125,,,,,,0,1052,10,(철근)콘크리트,,1,,,31,일반철골구조,9734.18,9734.18,511.25,8118.63
CONFIRMED_BASEMENT_PARKING_USE,층별개요 지하층(flrGbCd=10)의 용도에 주차장 포함,True,8.0,4711311600100960070,12261112279,경상북도 포항시 북구 죽도동 96-70번지,경상북도 포항시 북구 중앙로 206 (죽도동),47113,11600,0,0096,0070,,,1,일반,2,일반건축물,0,주건축물,04000,제2종근린생활시설,"제1,2종근린생활시설",1,3,0,0,8,357.86,0,0,0,0,19831205,20221126,485.03,0,0,63.07,,0,0,0,,0,스라브,"철근콘크리트,일반철골구조",0,0,,15.2,0,0,0,,,11607,206,471133303047,0,0,769,19830310,,,,,,1,2025,10,(철근)콘크리트,Ⅷ-0.173g,1,,,21,철근콘크리트구조,1901.775,1901.775,182.96,1406.93
CONFIRMED_BASEMENT_PARKING_USE,층별개요 지하층(flrGbCd=10)의 용도에 주차장 포함,True,4.0,4711311600101560108,12261135331,경상북도 포항시 북구 죽도동 156-108번지,경상북도 포항시 북구 중앙로245번길 8 (죽도동),47113,11600,0,0156,0108,,,1,일반,2,일반건축물,0,주건축물,14000,업무시설,"업무시설, 방송통신시설",1,5,0,0,4,50,0,0,1,12.5,19910611,20221126,276.08,0,0,76.06,,0,0,0,,0,스라브,R.C조,0,0,,0,0,0,0,,,11601,8,471134712635,0,0,363,19900309,,,,,,0,2354,10,(철근)콘크리트,,1,,,21,철근콘크리트구조,1660.29,1660.29,389.44,1413.66
CONFIRMED_BASEMENT_PARKING_USE,층별개요 지하층(flrGbCd=10)의 용도에 주차장 포함,True,17.0,4711311600102030010,12261117030,경상북도 포항시 북구 죽도동 203-10번지,경상북도 포항시 북구 중흥로 271 (죽도동),47113,11600,0,0203,0010,대우증권 포항지점 빌딩,,1,일반,2,일반건축물,0,주건축물,14000,업무시설,업무시설,2,5,0,0,17,0,0,0,9,0,19930119,20231123,814.73,0,0,49.57,,0,0,0,,0,스라브,철근콘크리트라멘조,0,0,,21.7,0,0,0,,,11601,271,471133303049,0,0,1643.5,19890605,,,,,,1,2526,10,(철근)콘크리트,,0,,19890917,21,철근콘크리트구조,5978.5,5978.5,247.2,4062.67
CONFIRMED_BASEMENT_PARKING_USE,층별개요 지하층(flrGbCd=10)의 용도에 주차장 포함,True,4.0,4711311600106170015,12261122435,경상북도 포항시 북구 죽도동 617-15번지,경상북도 포항시 북구 중흥로 224 (죽도동),47113,11600,0,0617,0015,,,1,일반,2,일반건축물,0,주건축물,04000,제2종근린생활시설,"제1,2종근린생활시설",1,5,0,0,4,46,0,0,0,0,19951123,20221126,257.02,0,0,77.24,,0,0,0,,0,스라브,철근콘크리트조,0,0,,0,0,0,0,,,11601,224,471133303049,0,0,330.6,19950228,,,,,,0,3448,10,(철근)콘크리트,,1,,19950310,21,철근콘크리트구조,1424.25,1424.25,374.33,1237.54
CONFIRMED_BASEMENT_PARKING_USE,층별개요 지하층(flrGbCd=10)의 용도에 주차장 포함,True,113.0,4711311600106270013,12261133091,경상북도 포항시 북구 죽도동 627-13번지,경상북도 포항시 북구 중흥로 205 (죽도동),47113,11600,0,0627,0013,,,1,일반,2,일반건축물,0,주건축물,14000,업무시설,"업무시설,소매점",3,7,0,0,113,0,0,0,14,0,20011123,20221126,1001.71,2.4,1,34.6289,,0,0,0,,0,철근콘크리트평스라브,철골철근콘크리트조 복합구조,0,0,,35.65,0,0,0,,,11601,205,471133303049,0,0,2892.7,19970419,,,,,,2,3651,10,(철근)콘크리트,,1,,19970419,41,철골콘크리트구조,15325.72,15325.72,247.1207,7148.46
CONFIRMED_BASEMENT_PARKING_USE,층별개요 지하층(flrGbCd=10)의 용도에 주차장 포함,True,15.0,4711311600106420004,12261123356,경상북도 포항시 북구 죽도동 642-4번지,경상북도 포항시 북구 포스코대로 299 (죽도동),47113,11600,0,0642,0004,업무시설,,1,일반,2,일반건축물,0,주건축물,14000,업무시설,"은행, 기계실, 업무시설, 주차장",1,4,0,0,15,0,0,0,16,0,19920625,20221126,661.53,0,0,39.3183,,0,0,0,,0,스라브,철근콘크리트,0,0,,18.8,0,0,0,,,11602,299,471132303003,0,0,1682.5,19910118,,,,,,1,3820,10,(철근)콘크리트,,0,,,21,철근콘크리트구조,3777.59,3777.59,155.5329,2616.84
CONFIRMED_BASEMENT_PARKING_USE,층별개요 지하층(flrGbCd=10)의 용도에 주차장 포함,True,7.0,4711311600106430001,12261125104,경상북도 포항시 북구 죽도동 643-1번지,경상북도 포항시 북구 중흥로 180 (죽도동),47113,11600,0,0643,0001,한국은행포항본부,,1,일반,2,일반건축물,0,주건축물,14000,업무시설,"공공업무시설, 경비실",1,3,0,0,7,0,0,0,31,0,19910918,20221126,1744.42,0,0,29.34,,0,0,0,,0,스라브,R.C,0,0,,0,0,0,0,,,11601,180,471133303049,0,0,5945,19881125,,,,,,0,3827,10,(철근)콘크리트,,0,,,22,프리케스트콘크리트구조,6210.39,6210.39,67.34,4003.43
CONFIRMED_BASEMENT_PARKING_USE,층별개요 지하층(flrGbCd=10)의 용도에 주차장 포함,True,100.0,4711311600106460012,12261100340115,경상북도 포항시 북구 죽도동 646-12번지,경상북도 포항시 북구 포스코대로 250 (죽도동),47113,11600,0,0646,0012,포항 동부이끌림,,2,집합,3,표제부,0,주건축물,02000,공동주택,"공동주택,제1,2종근린생활시설",2,27,0,0,100,1158.4,0,0,29,347.95,20190211,20250429,1136.1509,0,0,54.45,,0,2,0,,0,(철근)콘크리트,철근콘크리트구조,0,0,,80.75,97,0,0,,,11602,250,471132303003,0,0,2086.6,20151104,1101,신축허가,5020290,건축과,2015,1,3854,10,(철근)콘크리트,Ⅶ-0.216g,1,,20160321,21,철근콘크리트구조,15580.1563,15580.1563,583.67,12178.8488
CONFIRMED_BASEMENT_PARKING_USE,층별개요 지하층(flrGbCd=10)의 용도에 주차장 포함,True,17.0,4711311600106570008,12261121495,경상북도 포항시 북구 죽도동 657-8번지,경상북도 포항시 북구 중흥로 156 (죽도동),47113,11600,0,0657,0008,,,1,일반,2,일반건축물,0,주건축물,14000,업무시설,업무시설,2,5,0,0,17,0,0,0,21,195.5,19931221,20240828,811.53,0,0,38.54,,1,0,0,,0,평스라브,철근콘크리트조,0,0,,22.15,0,0,0,,,11601,156,471133303049,0,0,2105.7,19910111,,,,,,1,4015,10,(철근)콘크리트,,0,,19910528,21,철근콘크리트구조,5160.88,5160.88,161.05,3391.18
CONFIRMED_BASEMENT_PARKING_USE,층별개요 지하층(flrGbCd=10)의 용도에 주차장 포함,True,26.0,4711311600106700011,12261129293,경상북도 포항시 북구 죽도동 670-11번지,경상북도 포항시 북구 중흥로139번길 14 (죽도동),47113,11600,0,0670,0011,"칠성시장,맨션",,2,집합,3,표제부,0,주건축물,02000,공동주택,"시장, 연립주택",1,4,0,0,26,754.6,0,0,4,46,19920725,20221126,989.88,0,0,59.91,,0,0,0,,0,평스라브,철근콘크리트,34,0,,13.5,26,34,0,,,11601,14,471134712658,0,0,1652.4,19910731,,,,,,0,4327,10,(철근)콘크리트,,0,,19910813,21,철근콘크리트구조,4239.29,4239.29,186.24,3077.49
CONFIRMED_BASEMENT_PARKING_USE,층별개요 지하층(flrGbCd=10)의 용도에 주차장 포함,True,10.0,4711311600106740027,12261114109,경상북도 포항시 북구 죽도동 674-27번지,경상북도 포항시 북구 상대로 57 (죽도동),47113,11600,0,0674,0027,,가,1,일반,2,일반건축물,0,주건축물,15000,숙박시설,숙박시설,1,7,0,0,10,115.5,0,0,14,164,19980420,20221126,611.8,0,0,79.86,,0,0,62,,0,스라브,철근콘크리트조,0,0,,27.7,0,0,0,,,11601,57,471133303015,0,0,766.1,19960801,,,,,,2,4417,10,(철근)콘크리트,,1,,19961015,21,철근콘크리트구조,3258.345,3258.345,360.62,2762.745
CONFIRMED_BASEMENT_PARKING_USE,층별개요 지하층(flrGbCd=10)의 용도에 주차장 포함,True,11.0,4711311600107030030,12261115303,경상북도 포항시 북구 죽도동 703-30번지,경상북도 포항시 북구 희망대로659번길 82 (죽도동),47113,11600,0,0703,0030,,,1,일반,2,일반건축물,0,주건축물,10000,교육연구시설,"교육연구및복지시설,업무시설",1,6,11,151.25,0,0,2,13.75,2,13.75,19940304,20221126,500.09,0,0,59.52,,0,0,0,,0,스라브,철근콘크리트,0,0,,0,0,0,0,,,11601,82,471134709742,0,0,840.2,19900908,,,,,,0,4597,10,(철근)콘크리트,,1,,19910524,21,철근콘크리트구조,3659.3,3659.3,353.06,2966.43
CONFIRMED_BASEMENT_PARKING_USE,층별개요 지하층(flrGbCd=10)의 용도에 주차장 포함,True,64.0,4711311600107150007,12261107487,경상북도 포항시 북구 죽도동 715-7번지,경상북도 포항시 북구 중흥로 109 (죽도동),47113,11600,0,0715,0007,A동,,1,일반,2,일반건축물,0,주건축물,14000,업무시설,업무시설,1,10,11,0,53,1822.71,0,0,20,250.7,19931229,20221126,1273.12,0,0,41.44,,0,0,0,,0,스라브,철근콘크리트라멘조,0,0,,40.39,0,0,0,,,11601,109,471133303049,0,0,3072.2,19910504,,,,,,2,4698,10,(철근)콘크리트,,1,,19911202,21,철근콘크리트구조,9768.16,9768.16,317.95,9768.16
CONFIRMED_BASEMENT_PARKING_USE,층별개요 지하층(flrGbCd=10)의 용도에 주차장 포함,True,256.0,4711311700101450021,12261111524,경상북도 포항시 북구 용흥동 145-21번지,경상북도 포항시 북구 죽파로 6 (용흥동),47113,11700,0,0145,0021,필로스호텔,,1,일반,2,일반건축물,0,주건축물,15000,숙박시설,관광호텔/문화집회시설/제1종근린생활시설,2,10,0,0,256,2311.5,0,0,57,700.5,19921104,20221126,3831.58,0,0,54.05,,12,0,62.2,,0,스라브/판넬지붕,철근콘크리트조/철골조,0,0,,41.1,0,0,0,,,11702,6,471133304034,0,0,7089.5,19860909,,,,,,3,721,10,(철근)콘크리트,,0,,,21,철근콘크리트구조,20044.42,20044.42,179.05,12693.49
CONFIRMED_BASEMENT_PARKING_USE,층별개요 지하층(flrGbCd=10)의 용도에 주차장 포함,True,22.0,4711311700103660000,12261100074,경상북도 포항시 북구 용흥동 366번지,경상북도 포항시 북구 대안길 44 (용흥동),47113,11700,0,0366,0000,우방스포츠프라자,131동,2,집합,3,표제부,0,주건축물,04000,제2종근린생활시설,"근린생활시설, 운동시설",1,5,0,0,22,381.46,0,0,79,1086.25,19960323,20221126,1922.2,818.95,1,46.34,,0,0,0,,0,스라브,R.C조,0,0,,8.4,0,25,0,,,11701,44,471134712106,0,0,4148.2,19960131,,,,,,1,1134,10,(철근)콘크리트,,0,,19960300,21,철근콘크리트구조,9138.73,9138.73,174.14,7182.03
CONFIRMED_BASEMENT_PARKING_USE,층별개요 지하층(flrGbCd=10)의 용도에 주차장 포함,True,88.0,4711311700104100000,12261130789,경상북도 포항시 북구 용흥동 410번지,경상북도 포항시 북구 우미길 90 (용흥동),47113,11700,0,0410,0000,하나로타운 1차,,2,집합,3,표제부,0,주건축물,02000,공동주택,공동주택(아파트),2,17,0,0,88,1012,0,0,48,552,19951031,20250312,1441.22,85,1,34,,2,0,0,,0,스라브,철근콘크리트조,0,0,,0,199,0,0,,,11701,90,471134712519,0,0,4239,19940128,,,,,,0,1248,10,(철근)콘크리트,,1,,19940228,21,철근콘크리트구조,18967.34,18967.34,367.14,15562.94
CONFIRMED_BASEMENT_PARKING_USE,층별개요 지하층(flrGbCd=10)의 용도에 주차장 포함,True,133.0,4711311700104190000,12261118923,경상북도 포항시 북구 용흥동 419번지,경상북도 포항시 북구 용흥로 322 (용흥동),47113,11700,0,0419,0000,성봉우미타운,1동,2,집합,3,표제부,0,주건축물,02000,공동주택,공동주택(아파트),2,16,0,0,133,3989.15,0,0,36,424.35,19960903,20240503,1119.45,4185.55,4,0,,0,4,0,,0,스라브,철근콘크리트벽식구조,0,0,,44,208,0,0,,,11701,322,471133304028,0,0,0,19940423,,,,,,0,1266,10,(철근)콘크리트,,1,,19940617,21,철근콘크리트구조,18945.11,18945.11,0,17911.2
CONFIRMED_BASEMENT_PARKING_USE,층별개요 지하층(flrGbCd=10)의 용도에 주차장 포함,True,80.0,4711311700104200003,12261122731,경상북도 포항시 북구 용흥동 420-3번지,경상북도 포항시 북구 우미길 90 (용흥동),47113,11700,0,0420,0003,해원하나로타운2차,,2,집합,3,표제부,0,주건축물,02000,공동주택,공동주택(A.P.T),2,3,0,0,80,920,0,0,53,609.5,19960903,20221126,1179.23,4056.58,1,28.59,,4,4,0,,0,스라브,철근콘크리트조,0,0,,46.2,128,8,0,,,11701,90,471134712519,0,0,4125,19940817,,,,,,0,1268,10,(철근)콘크리트,,1,,19940914,21,철근콘크리트구조,5369.68,16425.28,304.95,1523.73
CONFIRMED_BASEMENT_PARKING_USE,층별개요 지하층(flrGbCd=10)의 용도에 주차장 포함,True,39.0,4711311800100700001,12261100154,경상북도 포항시 북구 우현동 70-1번지,경상북도 포항시 북구 중앙로 450 (우현동),47113,11800,0,0070,0001,우방궁전아파트,제102동,2,집합,3,표제부,0,주건축물,02000,공동주택,생활편익시설,1,2,0,0,39,887.44,0,0,64,736,19950530,20221126,1200.018,1189.75,3,24.31,,0,0,0,,0,시멘트기와,철근콘크리트조,0,0,,0,0,4,0,,,11808,450,471133303047,0,0,4937,19930911,,,,,,0,41,20,기와,,0,,19930900,21,철근콘크리트구조,1349.05,159.3,249.09,349.11
CONFIRMED_BASEMENT_PARKING_USE,층별개요 지하층(flrGbCd=10)의 용도에 주차장 포함,True,39.0,4711311800100700001,12261100155,경상북도 포항시 북구 우현동 70-1번지,경상북도 포항시 북구 중앙로 448 (우현동),47113,11800,0,0070,0001,우방궁전아파트,제101동,2,집합,3,표제부,0,주건축물,02000,공동주택,공동주택(아파트),1,15,0,0,39,887.44,0,0,64,736,19950530,20221126,2022.618,1189.75,3,24.31,,0,0,0,,0,평스라브,철근콘크리트조,0,0,,41,135,0,0,,,11808,448,471133303047,0,0,4937,19930911,,,,,,0,40,10,(철근)콘크리트,,1,,19930900,21,철근콘크리트구조,13927.85,12738.084,249.09,12138.53
CONFIRMED_BASEMENT_PARKING_USE,층별개요 지하층(flrGbCd=10)의 용도에 주차장 포함,True,16.0,4711311800101240001,12261105412,경상북도 포항시 북구 우현동 124-1번지,경상북도 포항시 북구 아치로55번길 9-16 (우현동),47113,11800,0,0124,0001,,지하주차장,2,집합,3,표제부,1,부속건축물,02000,공동주택,지하주차장,1,1,0,0,16,426.24,0,0,77,885.5,20040120,20221126,13.39,0,0,0,,0,0,0,,0,(철근)콘크리트슬라브,철근콘크리트구조,0,0,,3.95,0,0,0,,,11801,9,471134712431,16,0,0,20020509,2101,주택건설사업계획승인,5020081,주택과,2002,0,145,10,(철근)콘크리트,,0,,20020812,21,철근콘크리트구조,439.63,439.63,0,13.39
CONFIRMED_BASEMENT_PARKING_USE,층별개요 지하층(flrGbCd=10)의 용도에 주차장 포함,True,115.0,4711311800102410011,12261100311914,경상북도 포항시 북구 우현동 241-11번지,경상북도 포항시 북구 소티재로151번길 5 (우현동),47113,11800,0,0241,0011,,,1,일반,2,일반건축물,0,주건축물,05000,문화및집회시설,"제1,2종근린생활,문화및집회시설",2,4,0,0,115,3985.445,0,0,92,1182.45,20171020,20221126,1738.29,0,0,19.59,,1,0,0,,0,(철근)콘크리트,철근콘크리트구조,0,0,,36.8,0,0,0,,,11801,5,471134712396,0,0,8874,20140721,1101,신축허가,5020169,건축과,2014,5,258,10,(철근)콘크리트,v2-0.208,1,,20150520,21,철근콘크리트구조,13175.45,13175.45,76.09,6752.28
CONFIRMED_BASEMENT_PARKING_USE,층별개요 지하층(flrGbCd=10)의 용도에 주차장 포함,True,107.0,4711311800105390001,12261100191552,경상북도 포항시 북구 우현동 539-1번지,경상북도 포항시 북구 우창로 40 (우현동),47113,11800,0,0539,0001,우현4차 신동아 파밀리에,지하주차장,2,집합,3,표제부,1,부속건축물,02000,공동주택,지하주차장,3,0,0,0,107,0,0,0,0,0,20080908,20221126,0,0,0,0,,0,0,0,,0,평슬라브,라멘조+벽식구조,0,0,,0,0,0,0,,,11801,40,471133304030,0,0,2949.7,20060217,2101,주택건설사업계획승인,5020081,주택과,2006,0,494,10,(철근)콘크리트,,0,,20060601,21,철근콘크리트구조,4166.3,4166.3,0,0
CONFIRMED_BASEMENT_PARKING_USE,층별개요 지하층(flrGbCd=10)의 용도에 주차장 포함,True,7.0,4711311900106320002,12261115860,경상북도 포항시 북구 창포동 632-2번지,경상북도 포항시 북구 창흥로 18 (창포동),47113,11900,0,0632,0002,해원맨션2차,,2,집합,3,표제부,0,주건축물,02000,공동주택,아파트,1,9,0,0,7,80.5,0,0,7,80.5,19940604,20221126,402.66,0,0,59.57,,0,0,0,,0,스라브,철근콘크리트조,0,0,,0,40,5,0,,,11901,18,471133304036,0,0,676,19930621,,,,,,0,294,10,(철근)콘크리트,,1,,19930720,21,철근콘크리트구조,2670.96,2670.96,340.34,2300.73
CONFIRMED_BASEMENT_PARKING_USE,층별개요 지하층(flrGbCd=10)의 용도에 주차장 포함,True,108.0,4711311900106450000,12261100254049,경상북도 포항시 북구 창포동 645번지,경상북도 포항시 북구 새천년대로1123번길 9 (창포동),47113,11900,0,0645,0000,창포2주공아파트,지하주차장(2단지),2,집합,3,표제부,1,부속건축물,02000,공동주택,지하주차장,1,0,0,0,108,2890.4,0,0,626,6656,19951019,20250819,0,0,0,0,,1,0,0,,0,스라브,철근콘크리트 벽식,0,0,,0,0,0,0,,,11901,9,471134712363,0,0,0,19930713,,,,,,2,382,10,(철근)콘크리트,,0,,19930830,21,철근콘크리트구조,2890.4,2890.4,0,0
CONFIRMED_BASEMENT_PARKING_USE,층별개요 지하층(flrGbCd=10)의 용도에 주차장 포함,True,157.0,4711312000103670000,12261100271499,경상북도 포항시 북구 두호동 367번지,경상북도 포항시 북구 삼호로265번길 1 (두호동),47113,12000,0,0367,0000,라한호텔포항,,2,집합,3,표제부,0,주건축물,15000,숙박시설,"숙박시설,판매시설,제1,2종근린생활시설",3,16,0,0,157,5484.88,0,0,0,0,20150331,20250219,2143.14,0,0,58.86,,37,1,0,,0,(철근)콘크리트,철골철근콘크리트구조,0,0,,78.4,0,7,0,,,12001,1,471134712286,0,0,3641,20121102,,,,,,6,316,10,(철근)콘크리트,,1,,20130121,42,철골철근콘크리트구조,25064.8,25064.8,477.5,17385.93
CONFIRMED_BASEMENT_PARKING_USE,층별개요 지하층(flrGbCd=10)의 용도에 주차장 포함,True,6.0,4711312000110320006,12261122128,경상북도 포항시 북구 두호동 1032-6번지,경상북도 포항시 북구 두호로 12 (두호동),47113,12000,0,1032,0006,김노성씨 상가,가동,1,일반,2,일반건축물,0,주건축물,10000,교육연구시설,PC방,1,6,0,0,6,198.39,0,0,0,0,19971128,20221126,287.8,14,1,73.55,,0,0,0,,0,슬라브 및 그라스울판넬,철근콘크리트조 및 그라스울판넬,0,0,,19.6,0,0,0,,,12001,12,471133304009,0,0,391.3,19970308,,,,,,1,690,90,기타지붕,,1,,19970319,21,철근콘크리트구조,1562.61,1562.61,346.08,1354.21
CONFIRMED_BASEMENT_PARKING_USE,층별개요 지하층(flrGbCd=10)의 용도에 주차장 포함,True,14.0,4711312000110340002,12261111370,경상북도 포항시 북구 두호동 1034-2번지,경상북도 포항시 북구 삼호로 251 (두호동),47113,12000,0,1034,0002,,,1,일반,2,일반건축물,0,주건축물,05000,문화및집회시설,"업무시설, 근린생활시설",1,4,14,161,0,0,0,0,0,0,19930527,20221126,370.97,0,0,72.17,,0,0,0,,0,스라브,R.C조,0,0,,20.5,0,0,0,,,12007,251,471133304014,0,0,514,19911101,,,,,,0,698,10,(철근)콘크리트,,0,,19920520,21,철근콘크리트구조,1767.71,1767.71,271.05,1393.2
CONFIRMED_BASEMENT_PARKING_USE,층별개요 지하층(flrGbCd=10)의 용도에 주차장 포함,True,3.0,4711312000110340008,12261127345,경상북도 포항시 북구 두호동 1034-8번지,경상북도 포항시 북구 두호로6번길 14 (두호동),47113,12000,0,1034,0008,,,1,일반,2,일반건축물,0,주건축물,15000,숙박시설,"근린생활시설, 숙박시설, 주택",1,5,0,0,3,115.3,0,0,3,34.5,19970124,20221126,216.05,0,0,59.13,,0,0,0,,0,스라브,철근콘크리트벽식구조,1,0,,16.5,0,0,0,,,12001,14,471134712166,0,0,365.4,19951109,,,,,,1,701,10,(철근)콘크리트,,0,,19960418,21,철근콘크리트구조,1093.01,1093.01,252.61,1093.01
CONFIRMED_BASEMENT_PARKING_USE,층별개요 지하층(flrGbCd=10)의 용도에 주차장 포함,True,59.0,4711312000110690000,12261109250,경상북도 포항시 북구 두호동 1069번지,경상북도 포항시 북구 삼흥로100번길 24 (두호동),47113,12000,0,1069,0000,두호천호타운,1동,2,집합,3,표제부,0,주건축물,02000,공동주택,공동주택(아파트),1,15,0,0,59,1562.52,0,0,43,504.1,19940422,20221126,1326.18,1689.68,6,38.78,,0,0,0,,0,콘크리트스라브,철근콘크리트조,0,0,,41.4,189,0,0,,,12001,24,471134712296,0,0,0,19921020,,,,,,6,841,10,(철근)콘크리트,,1,,19921101,21,철근콘크리트구조,19327.3,19327.3,373.63,18194.06
CONFIRMED_BASEMENT_PARKING_USE,층별개요 지하층(flrGbCd=10)의 용도에 주차장 포함,True,27.0,4711312000110700000,12261100870,경상북도 포항시 북구 두호동 1070번지,경상북도 포항시 북구 용두산길 74 (두호동),47113,12000,0,1070,0000,동아금강맨션,101동,2,집합,3,표제부,0,주건축물,02000,공동주택,공동주택,1,22,0,0,27,310.5,0,0,119,1368.5,19930420,20221126,789.39,36,1,23.23,,0,0,0,,0,스라브,철근콘크리트조,0,0,,61.6,132,0,0,,,12001,74,471134712483,0,0,9129.6,19910131,,,,,,3,848,10,(철근)콘크리트,,1,,19910322,21,철근콘크리트구조,15877.41,15842.93,305.44,12879.66
CONFIRMED_BASEMENT_PARKING_USE,층별개요 지하층(flrGbCd=10)의 용도에 주차장 포함,True,21.0,4711312000110720005,12261119950,경상북도 포항시 북구 두호동 1072-5번지,경상북도 포항시 북구 삼흥로88번길 28-7 (두호동),47113,12000,0,1072,0005,천호푸른마을아파트,,2,집합,3,표제부,0,주건축물,02000,공동주택,공동주택(아파트),1,9,0,0,21,0,0,0,15,0,19971113,20221126,456.955,0,0,31.53,,0,0,0,,0,스라브,철근콘크리트,0,0,,24.8,36,0,0,,,12001,28,471134712311,7,0,1449.3,19960408,,,,,,2,865,10,(철근)콘크리트,,1,,19960619,21,철근콘크리트구조,3921.46,3921.46,211.42,3064.06
CONFIRMED_BASEMENT_PARKING_USE,층별개요 지하층(flrGbCd=10)의 용도에 주차장 포함,True,3.0,4711312000110760001,12261100246218,경상북도 포항시 북구 두호동 1076-1번지,경상북도 포항시 북구 삼흥로100번길 56 (두호동),47113,12000,0,1076,0001,,1동,2,집합,3,표제부,0,주건축물,02000,공동주택,단지형다세대,1,4,0,0,3,120.93,0,0,14,161.2,20130422,20221126,140.66,0,0,0,,0,0,0,,0,(철근)콘크리트,철근콘크리트구조,0,0,,12.65,8,0,0,,,12001,56,471134712296,0,0,0,20120918,1101,신축허가,5040051,건축지적과,2012,0,886,10,(철근)콘크리트,,1,,20121011,21,철근콘크리트구조,613.58,613.58,0,492.65
CONFIRMED_BASEMENT_PARKING_USE,층별개요 지하층(flrGbCd=10)의 용도에 주차장 포함,True,93.0,4711312000110780003,12261100874,경상북도 포항시 북구 두호동 1078-3번지,경상북도 포항시 북구 삼흥로62번길 27-7 (두호동),47113,12000,0,1078,0003,제일우성아파트,202동,2,집합,3,표제부,0,주건축물,02000,공동주택,아파트,1,15,0,0,93,1069.5,0,0,92,1058,19961205,20221126,1714.362,138.6,5,26.28,,2,0,0,,0,스라브,철근콘크리트,0,0,,41.3,75,0,0,,,12001,27,471134712308,7,0,6522.9,19940905,,,,,,5,909,10,(철근)콘크리트,,1,,19940900,21,철근콘크리트구조,21767.55,21767.55,275.75,3033
CONFIRMED_BASEMENT_PARKING_USE,층별개요 지하층(flrGbCd=10)의 용도에 주차장 포함,True,93.0,4711312000110780003,12261100875,경상북도 포항시 북구 두호동 1078-3번지,경상북도 포항시 북구 삼흥로62번길 27-8 (두호동),47113,12000,0,1078,0003,제일우성아파트,201동,2,집합,3,표제부,0,주건축물,02000,공동주택,아파트,1,15,0,0,93,1069.5,0,0,92,1058,19961205,20221126,1714.362,138.6,5,26.28,,2,0,0,,0,스라브,철근콘크리트,0,0,,41.3,149,0,0,,,12001,27,471134712308,8,0,6522.9,19940905,,,,,,5,908,10,(철근)콘크리트,,1,,19940900,21,철근콘크리트구조,18713.4,18713.4,275.75,15092.05
CONFIRMED_BASEMENT_PARKING_USE,층별개요 지하층(flrGbCd=10)의 용도에 주차장 포함,True,4.0,4711312000110790003,12261124783,경상북도 포항시 북구 두호동 1079-3번지,,47113,12000,0,1079,0003,,,1,일반,2,일반건축물,0,주건축물,04000,제2종근린생활시설,근린생활시설,1,3,0,0,4,78,0,0,2,23,19931025,20221126,0,0,0,0,,0,0,0,,0,스라브,철근콘크리트조,0,0,,13.7,0,0,0,,,,0,,0,0,628.9,19930206,,,,,,0,912,10,(철근)콘크리트,,0,,19930518,21,철근콘크리트구조,0,0,0,0
CONFIRMED_BASEMENT_PARKING_USE,층별개요 지하층(flrGbCd=10)의 용도에 주차장 포함,True,52.0,4711312000110810005,12261121701,경상북도 포항시 북구 두호동 1081-5번지,경상북도 포항시 북구 용두산길 38-8 (두호동),47113,12000,0,1081,0005,제일우성아파트,101동,2,집합,3,표제부,0,주건축물,02000,공동주택,공동주택(아파트),1,15,0,0,52,598,0,0,59,678.5,19961205,20221126,1020.62,1538.785,4,22.86,,0,0,0,,0,스라브,철근콘크리트,0,0,,41.3,134,0,0,,,12001,38,471134712483,8,0,4464,19940817,,,,,,3,922,10,(철근)콘크리트,,1,,19940900,21,철근콘크리트구조,13767.836,13767.836,259.21,11571.04
CONFIRMED_BASEMENT_PARKING_USE,층별개요 지하층(flrGbCd=10)의 용도에 주차장 포함,True,20.0,4711312000110870001,12261100749,경상북도 포항시 북구 두호동 1087-1번지,경상북도 포항시 북구 용두산길 5-13 (두호동),47113,12000,0,1087,0001,대원하이츠,4동,2,집합,3,표제부,0,주건축물,02000,공동주택,생활편익시설,1,3,0,0,20,230,0,0,44,509,19981123,20221126,312.66,617.475,1,0,,0,0,0,,0,평 스라브,철근콘크리트조,0,0,,10.6,0,10,0,,,12001,5,471134712483,13,0,0,19970403,,,,,,0,957,10,(철근)콘크리트,,0,,19970426,21,철근콘크리트구조,1059.29,441.81,0,441.81
CONFIRMED_BASEMENT_PARKING_USE,층별개요 지하층(flrGbCd=10)의 용도에 주차장 포함,True,20.0,4711312000110870001,12261100750,경상북도 포항시 북구 두호동 1087-1번지,경상북도 포항시 북구 용두산길 5-13 (두호동),47113,12000,0,1087,0001,대원하이츠,1동,2,집합,3,표제부,0,주건축물,02000,공동주택,공동주택(아파트),1,15,0,0,20,230,0,0,44,509,19981123,20221126,580.11,799.815,1,0,,0,0,0,,0,평 스라브,철근콘크리트 벽식구조,0,0,,40.55,58,0,0,,,12001,5,471134712483,13,0,0,19970403,,,,,,2,956,10,(철근)콘크리트,,1,,19970426,21,철근콘크리트구조,7969.135,7969.135,0,6735.31
CONFIRMED_BASEMENT_PARKING_USE,층별개요 지하층(flrGbCd=10)의 용도에 주차장 포함,True,12.0,4711312000110870003,12261115817,경상북도 포항시 북구 두호동 1087-3번지,경상북도 포항시 북구 삼호로 287 (두호동),47113,12000,0,1087,0003,존메디컬,,1,일반,2,일반건축물,0,주건축물,03000,제1종근린생활시설,제1종근린생활시설,2,7,0,0,12,0,0,0,15,0,20020924,20250207,566.15,0,0,50.65,,0,0,0,,0,평스라이브,철골철근콘크리트조,0,0,,38.45,0,0,0,,,12007,287,471133304014,0,0,1117.8,20010601,,,,,,2,959,10,(철근)콘크리트,,0,,200108,42,철골철근콘크리트구조,4466.57,4466.57,298.38,3335.26
CONFIRMED_BASEMENT_PARKING_USE,층별개요 지하층(flrGbCd=10)의 용도에 주차장 포함,True,8.0,4711312000110960006,12261100266836,경상북도 포항시 북구 두호동 1096-6번지,경상북도 포항시 북구 대곡로 47 (두호동),47113,12000,0,1096,0006,효성빌딩,,1,일반,2,일반건축물,0,주건축물,03000,제1종근린생활시설,제1종근린생활시설,1,4,0,0,8,92,0,0,11,126.5,20141203,20221126,1001.64,0,0,58.1234,,0,0,0,,0,평스라브,철골철근콘크리트구조,0,0,,20.8,0,0,0,,,12001,47,471133304005,0,0,1723.3,20130610,1101,신축허가,5020169,건축과,2013,2,979,10,(철근)콘크리트,,1,,20140228,42,철골철근콘크리트구조,3843.75,3843.75,199.724,3441.85
CONFIRMED_BASEMENT_PARKING_USE,층별개요 지하층(flrGbCd=10)의 용도에 주차장 포함,True,28.0,4711312000111010011,12261100236534,경상북도 포항시 북구 두호동 1101-11번지,,47113,12000,0,1101,0011,,1동,1,일반,2,일반건축물,0,주건축물,10000,교육연구시설,"종교시설,근린생활시설,교육연구시설",1,7,0,0,28,323.4,0,0,14,161,20120517,20221126,977.18,0,0,49.28,,1,0,0,,0,(철근)콘크리트,철골철근콘크리트구조,0,0,,30.2,0,0,0,,,,0,,0,0,1983,20100518,1101,신축허가,5020169,건축과,2010,2,1033,10,(철근)콘크리트,,1,,20100927,42,철골철근콘크리트구조,7407.73,7407.73,287.13,5693.88
CONFIRMED_BASEMENT_PARKING_USE,층별개요 지하층(flrGbCd=10)의 용도에 주차장 포함,True,3.0,4711312000111040000,12261134881,경상북도 포항시 북구 두호동 1104번지,경상북도 포항시 북구 새천년대로1076번길 22 (두호동),47113,12000,0,1104,0000,,,2,집합,3,표제부,0,주건축물,03000,제1종근린생활시설,"제1,2종근린생활시설",1,6,0,0,3,34.5,0,0,6,69,20060515,20221126,296.76,0,0,49.72,,0,0,0,,0,콘크리트스라브,철근콘크리트구조,0,0,,24.51,0,0,0,,,12001,22,471134712362,0,0,596.8,20050826,,,,,,0,1060,10,(철근)콘크리트,,1,,20050909,21,철근콘크리트구조,1833.29,1833.29,298.35,1780.56
CONFIRMED_BASEMENT_PARKING_USE,층별개요 지하층(flrGbCd=10)의 용도에 주차장 포함,True,7.0,4711312100109180000,12261100276099,경상북도 포항시 북구 장성동 918번지,경상북도 포항시 북구 성실로 66-14 (장성동),47113,12100,0,0918,0000,,,1,일반,2,일반건축물,0,주건축물,01000,단독주택,단독주택,1,4,0,0,7,81,0,0,4,41.7,20150806,20221126,222.1,0,0,49.69,,1,0,0,,0,(철근)콘크리트,철근콘크리트구조,14,0,,9.6,0,0,0,,,12101,66,471133304017,14,0,447,20130605,1101,신축허가,5040051,건축지적과,2013,1,263,10,(철근)콘크리트,,1,,20150603,21,철근콘크리트구조,658.66,658.66,128.72,575.36
CONFIRMED_BASEMENT_PARKING_USE,층별개요 지하층(flrGbCd=10)의 용도에 주차장 포함,True,6.0,4711312100109790000,12261135145,경상북도 포항시 북구 장성동 979번지,경상북도 포항시 북구 새천년대로 1126 (장성동),47113,12100,0,0979,0000,,,1,일반,2,일반건축물,0,주건축물,03000,제1종근린생활시설,"제1,2종근린생활시설",1,6,0,0,6,216.81,0,0,0,0,20071106,20221126,214.94,0,0,49.75,,2,0,0,,0,스라브,철근콘크리트구조,0,0,,23,0,0,0,,,12108,1126,471132303001,0,0,432,20060704,1101,신축허가,5040047,건축과,2007,0,279,90,기타지붕,,1,,20070313,21,철근콘크리트구조,1533.96,1533.96,297.13,1283.58
CONFIRMED_BASEMENT_PARKING_USE,층별개요 지하층(flrGbCd=10)의 용도에 주차장 포함,True,10.0,4711312100109800002,12261127592,경상북도 포항시 북구 장성동 980-2번지,경상북도 포항시 북구 새천년대로 1128 (장성동),47113,12100,0,0980,0002,,선진종합상가,2,집합,3,표제부,0,주건축물,04000,제2종근린생활시설,근린생활시설/교육연구시설,1,4,0,0,10,115,0,0,0,0,19950616,20221126,531.35,0,0,59.5,,1,0,0,,0,스라브,철근콘크리트조,0,0,,17.8,0,29,0,,,12108,1128,471132303001,0,0,893,19940705,,,,,,0,280,10,(철근)콘크리트,,0,,19940909,21,철근콘크리트구조,2476.95,0,217.87,1945.6
CONFIRMED_BASEMENT_PARKING_USE,층별개요 지하층(flrGbCd=10)의 용도에 주차장 포함,True,23.0,4711312100113530004,12261110794,경상북도 포항시 북구 장성동 1353-4번지,경상북도 포항시 북구 용두산길 25 (장성동),47113,12100,0,1353,0004,,,1,일반,2,일반건축물,0,주건축물,04000,제2종근린생활시설,"제2종근린생활시설,단독주택",1,3,0,0,23,264.5,0,0,5,62.5,19940203,20221126,834.04,0,0,59.46,,0,0,0,,0,스라브,철골철근콘크리트조,1,0,,13.6,0,0,0,,,12102,25,471134712483,0,0,1402.8,19930526,,,,,,0,422,10,(철근)콘크리트,,0,,19930607,41,철골콘크리트구조,2759.92,2759.92,137.43,1927.84
CONFIRMED_BASEMENT_PARKING_USE,층별개요 지하층(flrGbCd=10)의 용도에 주차장 포함,True,78.0,4711312100113640001,12261109259,경상북도 포항시 북구 장성동 1364-1번지,경상북도 포항시 북구 삼흥로88번길 11 (장성동),47113,12100,0,1364,0001,산호그린맨션7차,102동,2,집합,3,표제부,0,주건축물,02000,공동주택,공동주택(아파트),1,20,0,0,78,897,0,0,72,828,19960131,20221126,1138.18,0,0,25.84,,0,0,0,,0,스라브,철근콘크리트조,0,0,,56.31,79,0,0,,,12102,11,471134712311,0,0,4405.3,19931231,,,,,,0,472,10,(철근)콘크리트,,1,,19940122,21,철근콘크리트구조,17510.6,17510.6,328.2,14458.15
CONFIRMED_BASEMENT_PARKING_USE,층별개요 지하층(flrGbCd=10)의 용도에 주차장 포함,True,78.0,4711312100113640001,12261109261,경상북도 포항시 북구 장성동 1364-1번지,경상북도 포항시 북구 삼흥로88번길 11 (장성동),47113,12100,0,1364,0001,산호그린맨션7차,101동,2,집합,3,표제부,0,주건축물,02000,공동주택,공동주택(아파트),1,20,0,0,78,897,0,0,72,828,19960131,20221126,1138.18,0,0,25.84,,0,0,0,,0,스라브,철근콘크리트조,0,0,,56.314,80,0,0,,,12102,11,471134712311,0,0,4405.3,19931231,,,,,,0,473,10,(철근)콘크리트,,1,,19940122,21,철근콘크리트구조,17510.6,17510.6,328.2,14458.15
CONFIRMED_BASEMENT_PARKING_USE,층별개요 지하층(flrGbCd=10)의 용도에 주차장 포함,True,103.0,4711312100113650002,12261100208590,경상북도 포항시 북구 장성동 1365-2번지,경상북도 포항시 북구 삼흥로 87 (장성동),47113,12100,0,1365,0002,,,2,집합,3,표제부,0,주건축물,04000,제2종근린생활시설,"제1,2종근린생활시설,교육연구시설,종교시설",4,8,0,0,103,4612.06,0,0,0,0,20100303,20221126,1203.45,0,0,49.53,,3,0,0,,0,(철근)콘크리트,철근콘크리트구조,0,0,,33.85,0,0,0,,,12102,87,471133304015,0,0,2429.8,20070131,,,,,,2,477,10,(철근)콘크리트,,1,,20070608,21,철근콘크리트구조,14690.56,14690.56,299.61,7279.83
CONFIRMED_BASEMENT_PARKING_USE,층별개요 지하층(flrGbCd=10)의 용도에 주차장 포함,True,25.0,4711312100113660000,12261120634,경상북도 포항시 북구 장성동 1366번지,경상북도 포항시 북구 삼흥로 77-44 (장성동),47113,12100,0,1366,0000,선우비취타운,,2,집합,3,표제부,0,주건축물,02000,공동주택,"아파트,관리사무실",1,15,0,0,25,741.41,0,0,27,313.95,19930424,20221126,836,24.9,1,28.01,,0,0,0,,0,스라브,철근콘크리트,0,0,,40.1,95,0,0,,,12102,77,471133304015,44,0,2984.5,19910830,,,,,,4,480,10,(철근)콘크리트,,1,,1991,21,철근콘크리트구조,9661.23,9661.23,278.52,8313.6
CONFIRMED_BASEMENT_PARKING_USE,층별개요 지하층(flrGbCd=10)의 용도에 주차장 포함,True,25.0,4711312100114180004,12261100271097,경상북도 포항시 북구 장성동 1418-4번지,경상북도 포항시 북구 장량로128번길 2 (장성동),47113,12100,0,1418,0004,행복스토리,,2,집합,3,표제부,0,주건축물,02000,공동주택,공동주택,1,10,0,0,25,284.4,0,0,8,87.7,20150326,20221126,738.75,0,0,62.87,,1,0,0,,0,(철근)콘크리트,철근콘크리트구조,0,0,,30.6,36,0,0,,,12101,2,471134712551,0,0,1175,20140401,1101,신축허가,5020169,건축과,2014,2,1058,10,(철근)콘크리트,,1,,20140409,21,철근콘크리트구조,4257.34,4257.34,301.57,3543.5
CONFIRMED_BASEMENT_PARKING_USE,층별개요 지하층(flrGbCd=10)의 용도에 주차장 포함,True,4.0,4711312100115870004,12261128615,경상북도 포항시 북구 장성동 1587-4번지,경상북도 포항시 북구 침촌로 1-20 (장성동),47113,12100,0,1587,0004,,,1,일반,2,일반건축물,0,주건축물,06000,종교시설,종교시설,1,3,0,0,4,122.01,0,0,5,57.5,20070328,20221126,402.27,0,0,48.2,,0,0,0,,0,기타지붕,"철근콘크리트구조,일반철골조",0,0,,18.35,0,0,0,,,12101,1,471133304041,20,0,834.5,20060704,1101,신축허가,5040047,건축과,2006,1,2492,90,기타지붕,,1,,20060916,21,철근콘크리트구조,998.13,998.13,101.53,847.28
CONFIRMED_BASEMENT_PARKING_USE,층별개요 지하층(flrGbCd=10)의 용도에 주차장 포함,True,8.0,4711312100115920005,12261100304152,경상북도 포항시 북구 장성동 1592-5번지,경상북도 포항시 북구 침촌마을길 12-9 (장성동),47113,12100,0,1592,0005,,,1,일반,2,일반건축물,0,주건축물,03000,제1종근린생활시설,제1종근린생활시설,1,4,0,0,8,97,0,0,2,23,20170404,20221126,520.7,0,0,53,,0,0,0,,0,(철근)콘크리트,철근콘크리트구조,0,0,,21.95,0,4,0,,,12101,12,471134712722,9,0,982.5,20160328,1101,신축허가,5020290,건축과,2016,2,2521,10,(철근)콘크리트,,1,,20160628,21,철근콘크리트구조,2462.99,2462.99,197.46,1940.02
CONFIRMED_BASEMENT_PARKING_USE,층별개요 지하층(flrGbCd=10)의 용도에 주차장 포함,True,21.0,4711312200104680003,12261100260089,경상북도 포항시 북구 양덕동 468-3번지,경상북도 포항시 북구 장량중앙로 52 (양덕동),47113,12200,0,0468,0003,,,2,집합,3,표제부,0,주건축물,03000,제1종근린생활시설,"제1,2종근린생활시설",1,5,0,0,21,590.99,0,0,0,0,20140610,20230426,596.42,0,0,68.95,,0,0,0,,0,(철근)콘크리트,철근콘크리트구조,0,0,,21.7,0,0,0,,,12201,52,471133304054,0,0,865,20130614,,,,,,1,119,10,(철근)콘크리트,,1,,20130724,21,철근콘크리트구조,3642.89,3642.89,421.14,3642.89
CONFIRMED_BASEMENT_PARKING_USE,층별개요 지하층(flrGbCd=10)의 용도에 주차장 포함,True,10.0,4711312200106460001,12261100289477,경상북도 포항시 북구 양덕동 646-1번지,경상북도 포항시 북구 법원로 165 (양덕동),47113,12200,0,0646,0001,금성빌딩,,2,집합,3,표제부,0,주건축물,03000,제1종근린생활시설,제1종근린생활시설,1,5,0,0,10,115.7,0,0,0,0,20160502,20221126,395.58,0,0,69.64,,0,0,0,,0,(철근)콘크리트,철근콘크리트구조,0,0,,23.1,0,0,0,,,12202,165,471133304011,0,0,568,20150501,1101,신축허가,5020290,건축과,2015,1,127,10,(철근)콘크리트,,1,,20150706,21,철근콘크리트구조,2454.77,2454.77,347.71,1975.02
CONFIRMED_BASEMENT_PARKING_USE,층별개요 지하층(flrGbCd=10)의 용도에 주차장 포함,True,10.0,4711312200106580001,12261100388255,경상북도 포항시 북구 양덕동 658-1번지,경상북도 포항시 북구 장량중앙로65번길 7 (양덕동),47113,12200,0,0658,0001,현성빌딩,,2,집합,3,표제부,0,주건축물,14000,업무시설,"제1,2종근린생활시설,업무시설",1,4,0,0,10,293.35,0,0,1,11.5,20220412,20231128,370.68,0,0,69.94,,0,0,0,,0,(철근)콘크리트,철근콘크리트구조,0,0,,16.9,0,15,0,,,12201,7,471134712849,0,0,530,20171103,1101,신축허가,5040056,건축허가과,2017,1,181,10,(철근)콘크리트,,0,,20201102,21,철근콘크리트구조,1824.75,1824.75,277.65,1471.52
CONFIRMED_BASEMENT_PARKING_USE,층별개요 지하층(flrGbCd=10)의 용도에 주차장 포함,True,16.0,4711312200106680003,12261100230323,경상북도 포항시 북구 양덕동 668-3번지,경상북도 포항시 북구 법원로 162 (양덕동),47113,12200,0,0668,0003,,,1,일반,2,일반건축물,0,주건축물,14000,업무시설,"업무시설,제1,2종근린생활시설",1,5,0,0,16,511.06,0,0,2,23,20111018,20250709,407.62,0,0,69.3,,0,0,0,,0,평스라브,철근콘크리트구조,0,0,,20.9,0,0,0,,,12202,162,471133304011,0,0,588.2,20101208,1101,신축허가,5020169,건축과,2010,1,201,10,(철근)콘크리트,,1,,20101224,21,철근콘크리트구조,2494.18,2494.18,337.15,1983.12
CONFIRMED_BASEMENT_PARKING_USE,층별개요 지하층(flrGbCd=10)의 용도에 주차장 포함,True,10.0,4711312200106890004,12261100340755,경상북도 포항시 북구 양덕동 689-4번지,경상북도 포항시 북구 신덕로 248 (양덕동),47113,12200,0,0689,0004,,,1,일반,2,일반건축물,0,주건축물,03000,제1종근린생활시설,제1종근린생활시설,1,5,0,0,10,115.7,0,0,0,0,20190221,20240507,404.43,0,0,69.61,,0,0,0,,0,슬라브,철근콘크리트구조,0,0,,21.95,0,0,0,,,12202,248,471133304020,0,0,581,20180123,1101,신축허가,5020322,건축과,2018,1,248,10,(철근)콘크리트,0.282g(Ⅷ),1,,20180413,21,철근콘크리트구조,2384.97,2384.97,338.39,1966.06
CONFIRMED_BASEMENT_PARKING_USE,층별개요 지하층(flrGbCd=10)의 용도에 주차장 포함,True,12.0,4711312200112630000,12261100229018,경상북도 포항시 북구 양덕동 1263번지,경상북도 포항시 북구 천마로 55 (양덕동),47113,12200,0,1263,0000,,,1,일반,2,일반건축물,0,주건축물,03000,제1종근린생활시설,제1종근린생활시설,1,6,0,0,12,138.7,0,0,0,0,20110818,20221126,435.33,0,0,79.66,,0,0,0,,0,스라브,철근콘크리트구조,0,0,,24.3,0,0,0,,,12201,55,471133304037,0,0,546.5,20101117,1101,신축허가,5020169,건축과,2010,1,575,10,(철근)콘크리트,,1,,20101202,21,철근콘크리트구조,2952.24,2952.24,455.16,2487.43
CONFIRMED_BASEMENT_PARKING_USE,층별개요 지하층(flrGbCd=10)의 용도에 주차장 포함,True,1666.0,4711312200117310000,12261100187929,경상북도 포항시 북구 양덕동 1731번지,경상북도 포항시 북구 양덕로 60 (양덕동),47113,12200,0,1731,0000,포항양덕풍림아이원,지하주차장1,2,집합,3,표제부,1,부속건축물,02000,공동주택,지하주차장,1,0,0,0,1666,48889.2006,0,0,885,0,20080627,20221126,0,0,0,0,,0,0,0,,0,경사지붕,철근콘크리트구조,0,0,,0,0,0,0,,,12201,60,471133304025,0,0,0,20041230,2101,주택건설사업계획승인,5020169,건축과,2004,0,1113,90,기타지붕,,0,,20051130,21,철근콘크리트구조,10887.3808,10887.3808,0,0
CONFIRMED_BASEMENT_PARKING_USE,층별개요 지하층(flrGbCd=10)의 용도에 주차장 포함,True,1666.0,4711312200117310000,12261100187930,경상북도 포항시 북구 양덕동 1731번지,경상북도 포항시 북구 양덕로 60 (양덕동),47113,12200,0,1731,0000,포항양덕풍림아이원,지하주차장2,2,집합,3,표제부,1,부속건축물,02000,공동주택,지하주차장,1,0,0,0,1666,48889.2006,0,0,885,0,20080627,20221126,0,0,0,0,,0,0,0,,0,경사지붕,철근콘크리트구조,0,0,,0,0,0,0,,,12201,60,471133304025,0,0,0,20041230,2101,주택건설사업계획승인,5020169,건축과,2004,0,1084,90,기타지붕,,0,,20051130,21,철근콘크리트구조,11778.1246,11778.1246,0,0
CONFIRMED_BASEMENT_PARKING_USE,층별개요 지하층(flrGbCd=10)의 용도에 주차장 포함,True,1666.0,4711312200117310000,12261100187933,경상북도 포항시 북구 양덕동 1731번지,경상북도 포항시 북구 양덕로 60 (양덕동),47113,12200,0,1731,0000,포항양덕풍림아이원,지하주차장3,2,집합,3,표제부,1,부속건축물,02000,공동주택,지하주차장,1,0,0,0,1666,48889.2006,0,0,885,0,20080627,20221126,0,0,0,0,,0,0,0,,0,경사지붕,철근콘크리트구조,0,0,,0,0,0,0,,,12201,60,471133304025,0,0,0,20041230,2101,주택건설사업계획승인,5020169,건축과,2004,0,1096,10,(철근)콘크리트,,0,,20051130,21,철근콘크리트구조,12377.2943,12377.2943,0,0
CONFIRMED_BASEMENT_PARKING_USE,층별개요 지하층(flrGbCd=10)의 용도에 주차장 포함,True,1666.0,4711312200117310000,12261100187937,경상북도 포항시 북구 양덕동 1731번지,경상북도 포항시 북구 양덕로 60 (양덕동),47113,12200,0,1731,0000,포항양덕풍림아이원,지하주차장4,2,집합,3,표제부,1,부속건축물,02000,공동주택,지하주차장,1,0,0,0,1666,48889.2006,0,0,885,0,20080627,20221126,0,0,0,0,,0,0,0,,0,경사지붕,철근콘크리트구조,0,0,,0,0,0,0,,,12201,60,471133304025,0,0,0,20041230,2101,주택건설사업계획승인,5020169,건축과,2004,0,1097,10,(철근)콘크리트,,0,,20051130,21,철근콘크리트구조,13846.4009,13846.4009,0,0
CONFIRMED_BASEMENT_PARKING_USE,층별개요 지하층(flrGbCd=10)의 용도에 주차장 포함,True,8.0,4711312300100930001,12261100228411,경상북도 포항시 북구 환호동 93-1번지,경상북도 포항시 북구 해안로 415 (환호동),47113,12300,0,0093,0001,,,1,일반,2,일반건축물,0,주건축물,03000,제1종근린생활시설,"제1,2종근린생활시설 및 단독주택(다가구:6)",1,4,0,0,8,210.06,0,0,0,0,20110722,20221126,153.68,0,0,19.55,,0,0,0,,0,슬라브,철근콘크리트구조,6,0,,22.3,0,0,0,,,12303,415,471133304045,0,0,786,20090212,1101,신축허가,5040051,건축지적과,2009,1,78,10,(철근)콘크리트,,1,,20100415,21,철근콘크리트구조,990.42,990.42,51.87,407.68
CONFIRMED_BASEMENT_PARKING_USE,층별개요 지하층(flrGbCd=10)의 용도에 주차장 포함,True,17.0,4711312300102840000,12261121156,경상북도 포항시 북구 환호동 284번지,경상북도 포항시 북구 환호공원길 83 (환호동),47113,12300,0,0284,0000,대우 그린 빌리지,,2,집합,3,표제부,0,주건축물,02000,공동주택,공동주택(연립주택),1,4,0,18,17,507,0,0,18,207,20000108,20221126,909.58,0,0,54.83,,0,0,0,,0,평스라브,철근콘크리트,0,0,,12.7,48,1,0,,,12301,83,471134712901,0,0,1659,19990319,,,,,,0,155,10,(철근)콘크리트,,0,,19990407,21,철근콘크리트구조,3672.405,3672.405,188.7,3130.605
CONFIRMED_BASEMENT_PARKING_USE,층별개요 지하층(flrGbCd=10)의 용도에 주차장 포함,True,4.0,4711312400103660001,12261100285536,경상북도 포항시 북구 여남동 366-1번지,경상북도 포항시 북구 여남포길21번길 6-11 (여남동),47113,12400,0,0366,0001,,,1,일반,2,일반건축물,0,주건축물,01000,단독주택,단독주택,1,2,0,0,4,46,0,0,3,36,20160114,20221126,445.3,0,0,13.52,,0,0,0,,0,경사지붕,철근콘크리트구조,1,0,,9.95,0,0,0,,,12301,6,471134712460,11,0,3294,20090421,1101,신축허가,5040051,건축지적과,2009,0,123,10,(철근)콘크리트,,0,,20091231,21,철근콘크리트구조,872.815,872.815,16.99,559.69
CONFIRMED_BASEMENT_PARKING_USE,층별개요 지하층(flrGbCd=10)의 용도에 주차장 포함,True,58.0,4711325023103120000,12261118485,경상북도 포항시 북구 흥해읍 마산리 312번지,경상북도 포항시 북구 신흥로861번길 12 (흥해읍 마산리),47113,25023,0,0312,0000,대흥 온천 맨션,,2,집합,3,표제부,0,주건축물,02000,공동주택,"아파트, 부대복리시설",1,15,0,0,58,680.8,0,0,11,126.5,19930924,20221126,1347.527,193.78,3,33.27,,0,0,0,,0,스라브,철근콘크리트조,0,0,,40.7,134,2,0,,,25001,12,471134712424,0,0,4050,19911119,,,,,,2,234,10,(철근)콘크리트,,1,,19920107,21,철근콘크리트구조,16374.91,16374.91,332.59,13469.99
CONFIRMED_BASEMENT_PARKING_USE,층별개요 지하층(flrGbCd=10)의 용도에 주차장 포함,True,8.0,4711325024101830006,12261100222569,경상북도 포항시 북구 흥해읍 옥성리 183-6번지,경상북도 포항시 북구 동해대로 1517 (흥해읍 옥성리),47113,25024,0,0183,0006,,,1,일반,2,일반건축물,0,주건축물,01000,단독주택,"단독주택(다가구주택:10),제1.2종근린생활시설",1,4,0,0,8,92,0,0,0,0,20110207,20221126,154.29,0,0,48.37,,0,0,0,,0,스라브,철근콘크리트구조,10,0,,13.9,0,0,0,,,25001,1517,471132000023,0,0,319,20100527,1101,신축허가,5040051,건축지적과,2010,0,282,10,(철근)콘크리트,,1,,20100621,21,철근콘크리트구조,743.73,743.73,184.36,588.1
CONFIRMED_BASEMENT_PARKING_USE,층별개요 지하층(flrGbCd=10)의 용도에 주차장 포함,True,30.0,4711325025102290005,12261125116,경상북도 포항시 북구 흥해읍 약성리 229-5번지,경상북도 포항시 북구 동해대로1574번길 23 (흥해읍 약성리),47113,25025,0,0229,0005,삼양 금탑맨션,,2,집합,3,표제부,0,주건축물,02000,공동주택,아파트,1,6,0,0,30,877.89,0,0,18,198.5,19980105,20221126,998.894,0,0,45.78,,0,0,0,,0,스라브,철근콘크리트조,0,0,,17.7,47,5,0,,,25001,23,471134712142,0,0,2182,19970630,,,,,,0,1,10,(철근)콘크리트,,1,,19971200,21,철근콘크리트구조,5535.48,5535.475,200.48,4374.4
CONFIRMED_BASEMENT_PARKING_USE,층별개요 지하층(flrGbCd=10)의 용도에 주차장 포함,True,47.0,4711325025102330001,12261104741,경상북도 포항시 북구 흥해읍 약성리 233-1번지,경상북도 포항시 북구 동해대로1586번길 21 (흥해읍 약성리),47113,25025,0,0233,0001,흥해 상용신세계 그린타운,102동,2,집합,3,표제부,0,주건축물,02000,공동주택,공동주택(아파트),1,10,0,0,47,0,0,0,53,0,19970519,20221126,1276.69,1340.36,1,24.96,,0,0,0,,0,평스라브,철근콘크리트조,0,0,,27.1,59,0,0,,,25001,21,471134712143,0,0,5114,19950501,,,,,,6,2,10,(철근)콘크리트,,1,,19951200,21,철근콘크리트구조,5556.04,4215.68,193.95,4309.42
CONFIRMED_BASEMENT_PARKING_USE,층별개요 지하층(flrGbCd=10)의 용도에 주차장 포함,True,47.0,4711325025102330001,12261104742,경상북도 포항시 북구 흥해읍 약성리 233-1번지,경상북도 포항시 북구 동해대로1586번길 21 (흥해읍 약성리),47113,25025,0,0233,0001,흥해 상용신세계 그린타운,101동,2,집합,3,표제부,0,주건축물,02000,공동주택,공동주택(아파트),1,10,0,0,47,0,0,0,53,0,19970519,20221126,1276.69,1340.36,1,24.96,,0,0,0,,0,평스라브,철근콘크리트조,0,0,,27.1,60,0,0,,,25001,21,471134712143,0,0,5114,19950501,,,,,,6,1,10,(철근)콘크리트,,1,,19951200,21,철근콘크리트구조,6920.96,5580.6,193.95,5674.34
CONFIRMED_BASEMENT_PARKING_USE,층별개요 지하층(flrGbCd=10)의 용도에 주차장 포함,True,9.0,4711325027103150003,12261127659,경상북도 포항시 북구 흥해읍 남성리 315-3번지,경상북도 포항시 북구 흥해로 14 (흥해읍 남성리),47113,25027,0,0315,0003,,,1,일반,2,일반건축물,0,주건축물,04000,제2종근린생활시설,"근린생활시설, 업무시설",1,4,0,0,9,263.9,0,0,8,95.45,19950821,20221126,603.98,0,0,78.71,,0,0,0,,0,슬라브,철근콘크리트조,0,0,,17.8,0,0,0,,,25001,14,471133304047,0,0,767.3,19941010,,,,,,0,264,10,(철근)콘크리트,,0,,19941018,21,철근콘크리트구조,2054.65,2054.65,233.38,1790.75
CONFIRMED_BASEMENT_PARKING_USE,층별개요 지하층(flrGbCd=10)의 용도에 주차장 포함,True,7.0,4711325027103150004,12261134003,경상북도 포항시 북구 흥해읍 남성리 315-4번지,경상북도 포항시 북구 흥해로 18 (흥해읍 남성리),47113,25027,0,0315,0004,,,1,일반,2,일반건축물,0,주건축물,04000,제2종근린생활시설,제2종근린생활시설,1,3,0,0,7,80.5,0,0,0,0,19930911,20221126,236.8,0,0,59.69,,0,0,0,,0,스라브,철근콘크리트조,0,0,,14.8,0,0,0,,,25001,18,471133304047,0,0,396.69,19930105,,,,,,0,265,10,(철근)콘크리트,,0,,19930111,21,철근콘크리트구조,967.8,967.8,172.28,683.4
CONFIRMED_BASEMENT_PARKING_USE,층별개요 지하층(flrGbCd=10)의 용도에 주차장 포함,True,22.0,4711325027103270006,12261122098,경상북도 포항시 북구 흥해읍 남성리 327-6번지,경상북도 포항시 북구 남미질로21번길 10 (흥해읍 남성리),47113,25027,0,0327,0006,금성파크맨션3차,,2,집합,3,표제부,0,주건축물,02000,공동주택,아파트,1,6,0,0,22,276,0,0,2,13.4,19950711,20221126,462.554,0,0,37.59,,0,0,0,,0,스라브,R.C조,0,0,,0,36,0,0,,,25001,10,471134712084,0,0,1230.4,19940105,,,,,,0,325,10,(철근)콘크리트,,1,,19940408,21,철근콘크리트구조,3433.2,3433.2,192.56,2369.26
CONFIRMED_BASEMENT_PARKING_USE,층별개요 지하층(flrGbCd=10)의 용도에 주차장 포함,True,13.0,4711325029100560001,12261130950,경상북도 포항시 북구 흥해읍 중성리 56-1번지,경상북도 포항시 북구 중성로 80 (흥해읍 중성리),47113,25029,0,0056,0001,,,2,집합,3,표제부,0,주건축물,04000,제2종근린생활시설,"제1,2종근린생활시설,종교시설",1,4,0,0,13,539.2,0,0,0,0,20070803,20221126,403.65,0,0,51.55,,0,0,0,,0,(철근)콘크리트,철근콘크리트구조,0,0,,15.05,0,0,0,,,25001,80,471133304035,0,0,783,20060418,1101,신축허가,5040047,건축과,2006,0,1,10,(철근)콘크리트,,1,,20061009,21,철근콘크리트구조,1972.61,1972.61,171.52,1343.03
CONFIRMED_BASEMENT_PARKING_USE,층별개요 지하층(flrGbCd=10)의 용도에 주차장 포함,True,18.0,4711325047100040000,12261104891,경상북도 포항시 북구 흥해읍 학천리 4번지,경상북도 포항시 북구 동해대로 1182 (흥해읍 학천리),47113,25047,0,0004,0000,,청과 2동,1,일반,2,일반건축물,0,주건축물,07000,판매시설,도매시장,1,2,0,0,18,1221.48,0,0,0,0,20010203,20221126,5401.22,0,0,0,,1,0,0,,0,스페이스후레임,"철골철근콘크리트조,일반철골구조",0,0,,14.1,0,0,0,,,25001,1182,471132000023,0,0,0,19980410,,,,,,0,3,90,기타지붕,,1,,19980416,42,철골철근콘크리트구조,8875.34,8875.34,0,5798.52
CONFIRMED_BASEMENT_PARKING_USE,층별개요 지하층(flrGbCd=10)의 용도에 주차장 포함,True,26.0,4711325047100040000,12261104892,경상북도 포항시 북구 흥해읍 학천리 4번지,경상북도 포항시 북구 동해대로 1182 (흥해읍 학천리),47113,25047,0,0004,0000,,청과 1동,1,일반,2,일반건축물,0,주건축물,07000,판매시설,도매시장,1,2,0,0,26,1572.48,0,0,0,0,20010203,20221126,11908.72,0,0,0,,1,0,0,,0,스페이스후레임,철골철근콘크리트조,0,0,,17.7,0,0,0,,,25001,1182,471132000023,0,0,0,19980410,,,,,,0,8,90,기타지붕,,1,,19980416,42,철골철근콘크리트구조,18278.64,18278.64,0,14544
CONFIRMED_BASEMENT_PARKING_USE,층별개요 지하층(flrGbCd=10)의 용도에 주차장 포함,True,15.0,4711325047100090006,12261100312433,경상북도 포항시 북구 흥해읍 학천리 9-6번지,경상북도 포항시 북구 도음로917번길 12-15 (흥해읍 학천리),47113,25047,0,0009,0006,학천골든시티,,2,집합,3,표제부,0,주건축물,04000,제2종근린생활시설,"제1,2종근린생활시설",1,5,0,0,15,744.66,0,0,0,0,20171102,20221126,704.08,0,0,58.28,,1,0,0,,0,평슬라브,철근콘크리트구조,0,0,,19.97,0,0,0,,,25001,12,471134712129,15,0,1208,20160303,1101,신축허가,5020290,건축과,2016,1,13,10,(철근)콘크리트,Ⅶ-0.160g,1,,20161017,21,철근콘크리트구조,3668.16,3668.16,242.01,2923.5
CONFIRMED_BASEMENT_PARKING_USE,층별개요 지하층(flrGbCd=10)의 용도에 주차장 포함,True,838.0,4711325047104540000,12261100192686,경상북도 포항시 북구 흥해읍 학천리 454번지,경상북도 포항시 북구 도음로877번길 15 (흥해읍 학천리),47113,25047,0,0454,0000,삼도뷰엔빌,111,2,집합,3,표제부,1,부속건축물,02000,공동주택,지하주차장-1,1,0,0,0,838,9637,0,0,388,4462,20080916,20221126,71.68,0,0,0,,0,0,0,,0,(철근)콘크리트,철근콘크리트구조,0,0,,3.7,0,0,0,,,25001,15,471134712128,0,0,0,20080821,2101,주택건설사업계획승인,5020169,건축과,1998,0,218,10,(철근)콘크리트,,0,,20051122,21,철근콘크리트구조,9102.8625,9102.8625,0,0
CONFIRMED_BASEMENT_PARKING_USE,층별개요 지하층(flrGbCd=10)의 용도에 주차장 포함,True,838.0,4711325047104540000,12261100192688,경상북도 포항시 북구 흥해읍 학천리 454번지,경상북도 포항시 북구 도음로877번길 15 (흥해읍 학천리),47113,25047,0,0454,0000,삼도뷰엔빌,112,2,집합,3,표제부,1,부속건축물,02000,공동주택,지하주차장-2,1,0,0,0,838,9637,0,0,388,4462,20080916,20221126,89.18,0,0,0,,0,0,0,,0,(철근)콘크리트,철근콘크리트구조,0,0,,3.7,0,0,0,,,25001,15,471134712128,0,0,0,20080821,2101,주택건설사업계획승인,5020169,건축과,1998,0,216,10,(철근)콘크리트,,0,,20051122,21,철근콘크리트구조,13839.8554,13839.8554,0,0
CONFIRMED_BASEMENT_PARKING_USE,층별개요 지하층(flrGbCd=10)의 용도에 주차장 포함,True,17.0,4711325048111920002,12261133206,경상북도 포항시 북구 흥해읍 성곡리 1192-2번지,경상북도 포항시 북구 도음로 947 (흥해읍 성곡리),47113,25048,0,1192,0002,성곡리 복합시설,,1,일반,2,일반건축물,0,주건축물,04000,제2종근린생활시설,"제1종근생(소매점),업무시설(사무실),제2종근생,단독주택",1,3,0,0,17,494.46,0,0,0,0,20031210,20221126,507.06,0,0,59.79,,0,0,0,,0,평스라브,철근콘크리트구조,1,0,,11.26,1,0,0,,,25001,947,471133304007,0,0,848,20030429,1101,신축허가,,,2003,0,1,10,(철근)콘크리트,,0,,20030512,21,철근콘크리트구조,1789.5,1789.5,152.72,1295.04
CONFIRMED_BASEMENT_PARKING_USE,층별개요 지하층(flrGbCd=10)의 용도에 주차장 포함,True,9.0,4711325048114450000,1000000000000002209868,경상북도 포항시 북구 흥해읍 성곡리 1445번지,경상북도 포항시 북구 성곡서로25번길 2 (흥해읍 성곡리),47113,25048,0,1445,0000,,,1,일반,2,일반건축물,0,주건축물,03000,제1종근린생활시설,제1종근린생활시설,1,10,9,191.15,0,0,0,0,0,0,20230804,20230807,185.77,0,0,59.79,,0,0,0,,0,평스라브,철근콘크리트조,0,0,,38.23,0,0,0,,,25001,2,471134712910,0,0,310.7,20211103,1101,신축허가,5020467,건축디자인과,2021,2,1,10,(철근)콘크리트,VII-0.191g,1,,20211227,21,철근콘크리트구조,1935.8,1935.8,560.94,1742.83
CONFIRMED_BASEMENT_PARKING_USE,층별개요 지하층(flrGbCd=10)의 용도에 주차장 포함,True,89.0,4711325049102230000,1000000000000005235009,경상북도 포항시 북구 흥해읍 이인리 223번지,경상북도 포항시 북구 아치로 269 (흥해읍 이인리),47113,25049,0,0223,0000,더 센트럴골프,,1,일반,2,일반건축물,0,주건축물,13000,운동시설,"운동시설,제1,2종근린생활시설",1,3,0,0,89,3221.86,0,0,0,0,20250225,20250328,997.39,0,0,4.34,,5,0,0,,0,"(철근)콘크리트,내화판넬",일반철골구조,0,0,,14.9,0,0,0,,,25002,269,471133304022,0,0,22975,20181128,1101,신축허가,5020467,건축디자인과,2018,2,52,10,(철근)콘크리트,VII-0.190g,1,,20181219,31,일반철골구조,6479.26,6479.26,9.23,2119.87
CONFIRMED_BASEMENT_PARKING_USE,층별개요 지하층(flrGbCd=10)의 용도에 주차장 포함,True,346.0,4711325049109290000,12261103066,경상북도 포항시 북구 흥해읍 이인리 929번지,경상북도 포항시 북구 달전로 365 (흥해읍 이인리),47113,25049,0,0929,0000,삼도드림파크,115동,2,집합,3,표제부,0,주건축물,02000,공동주택,지하주차장,2,1,0,0,346,0,0,0,303,0,20040514,20221126,24,0,0,0,,0,0,0,,0,평스라브,철근콘크리트구조,0,0,,0,0,0,0,,,25001,365,471133304004,0,0,0,19970125,,,,,,0,176,10,(철근)콘크리트,,0,,19970812,21,철근콘크리트구조,6614.16,6614.16,0,24
CONFIRMED_BASEMENT_PARKING_USE,층별개요 지하층(flrGbCd=10)의 용도에 주차장 포함,True,346.0,4711325049109290000,12261103069,경상북도 포항시 북구 흥해읍 이인리 929번지,경상북도 포항시 북구 달전로 365 (흥해읍 이인리),47113,25049,0,0929,0000,삼도드림파크,116동,2,집합,3,표제부,0,주건축물,02000,공동주택,지하주차장,1,1,0,0,346,0,0,0,303,0,20040514,20221126,24.25,0,0,0,,0,0,0,,0,평스라브,철근콘크리트구조,0,0,,0,0,0,0,,,25001,365,471133304004,0,0,0,19970125,,,,,,0,180,90,기타지붕,,0,,19970812,21,철근콘크리트구조,1511.81,1511.81,0,24.25
CONFIRMED_BASEMENT_PARKING_USE,층별개요 지하층(flrGbCd=10)의 용도에 주차장 포함,True,346.0,4711325049109290000,12261103077,경상북도 포항시 북구 흥해읍 이인리 929번지,경상북도 포항시 북구 달전로 365 (흥해읍 이인리),47113,25049,0,0929,0000,삼도드림파크,114동,2,집합,3,표제부,0,주건축물,02000,공동주택,지하주차장,1,1,0,0,346,0,0,0,303,0,20040514,20221126,24,0,0,0,,0,0,0,,0,평스라브,철근콘크리트구조,0,0,,0,0,0,0,,,25001,365,471133304004,0,0,0,19970125,,,,,,0,175,10,(철근)콘크리트,,0,,19970812,21,철근콘크리트구조,2131,2131,0,24
CONFIRMED_BASEMENT_PARKING_USE,층별개요 지하층(flrGbCd=10)의 용도에 주차장 포함,True,3.0,4711332029100290000,12261100302571,경상북도 포항시 북구 청하면 청진리 29번지,경상북도 포항시 북구 해안로1918번길 85 (청하면 청진리),47113,32029,0,0029,0000,,,1,일반,2,일반건축물,0,주건축물,15000,숙박시설,생활숙박시설,1,3,0,0,3,34.5,0,0,0,0,20170323,20260126,184.33,0,0,38.81,,0,0,0,,0,슬라브,철근콘크리트구조,8,0,,13.8,0,0,0,,,32001,85,471134712789,0,0,475,20160323,1101,신축허가,5040056,건축허가과,2016,0,1,10,(철근)콘크리트,,1,,20160526,21,철근콘크리트구조,569.25,569.25,99.87,474.39
CONFIRMED_BASEMENT_PARKING_USE,층별개요 지하층(flrGbCd=10)의 용도에 주차장 포함,True,2.0,4711333029100780008,12261100365356,경상북도 포항시 북구 송라면 지경리 78-8번지,경상북도 포항시 북구 동해대로3378번길 31-1 (송라면 지경리),47113,33029,0,0078,0008,춘담재,부속동,1,일반,2,일반건축물,1,부속건축물,01000,단독주택,단독주택,1,0,0,0,2,43.47,0,0,0,0,20201005,20221126,0,0,0,0,,0,0,0,,0,(철근)콘크리트,철근콘크리트구조,0,0,,3,0,0,0,,,33001,31,471134712159,1,0,367,20200625,1201,신축신고,5040056,건축허가과,2020,0,82,10,(철근)콘크리트,,0,,20200703,21,철근콘크리트구조,43.47,43.47,0,0
CONFIRMED_BASEMENT_PARKING_USE,층별개요 지하층(flrGbCd=10)의 용도에 주차장 포함,True,2.0,4711334026107040015,12261100316533,경상북도 포항시 북구 기계면 학야리 704-15번지,경상북도 포항시 북구 학야길129번길 76-17 (기계면 학야리),47113,34026,0,0704,0015,,,1,일반,2,일반건축물,0,주건축물,01000,단독주택,단독주택,1,2,0,0,2,23,0,0,0,0,20180129,20221126,196.66,0,0,19.76,,0,0,0,,0,(철근)콘크리트,철근콘크리트구조,1,0,,7.65,0,0,0,,,34001,76,471134712742,17,0,995,20170721,1101,신축허가,5040056,건축허가과,2017,0,1,10,(철근)콘크리트,,1,,20170727,21,철근콘크리트구조,474.92,474.92,29.46,293.14
CONFIRMED_BASEMENT_PARKING_USE,층별개요 지하층(flrGbCd=10)의 용도에 주차장 포함,True,5.0,4713010100101130003,122914036,경상북도 경주시 동부동 113-3번지,경상북도 경주시 화랑로 105 (동부동),47130,10100,0,0113,0003,,,2,집합,3,표제부,0,주건축물,04000,제2종근린생활시설,"금융업소, 기술계학원, 사무소, 주차장, 휴게실",1,4,0,0,5,61.25,0,0,0,0,19911219,20241223,275.69,0,0,71.42,,0,0,0,,0,스라브,철근콘크리트조,0,0,,14.9,0,2,0,,,10101,105,471303305066,0,0,385.99,19901214,,,,,,0,143,10,(철근)콘크리트,,0,,19910318,21,철근콘크리트구조,1366.315,1366.315,281.36,1086.01
CONFIRMED_BASEMENT_PARKING_USE,층별개요 지하층(flrGbCd=10)의 용도에 주차장 포함,True,14.0,4713010100101330004,122913959,경상북도 경주시 동부동 133-4번지,경상북도 경주시 화랑로 86 (동부동),47130,10100,0,0133,0004,,,1,일반,2,일반건축물,0,주건축물,09000,의료시설,"의료시설,노유자시설",2,7,14,244.2,0,0,0,0,0,0,19940728,20221126,252.72,0,0,81.26,,1,0,0,,0,스라브,철근콘크리트조,0,0,,24.85,0,0,0,,,10101,86,471303305066,0,0,311,19930324,,,,,,0,166,10,(철근)콘크리트,,1,,19930400,21,철근콘크리트구조,2105.18,2105.18,551.52,1715.22
CONFIRMED_BASEMENT_PARKING_USE,층별개요 지하층(flrGbCd=10)의 용도에 주차장 포함,True,10.0,4713010100101550002,122913982,경상북도 경주시 동부동 155-2번지,경상북도 경주시 중앙로 67-2 (동부동),47130,10100,0,0155,0002,,,1,일반,2,일반건축물,0,주건축물,14000,업무시설,업무시설,1,4,8,62.4,2,15.6,0,0,4,46,19950114,20221126,321.69,0,0,59.57,,0,0,0,,0,스라브,철근콘크리트조,0,0,,14.7,0,0,0,,,10101,67,471303303047,2,0,540,19940418,,,,,,0,191,10,(철근)콘크리트,,0,,19940426,21,철근콘크리트구조,1590.52,1590.52,236.29,1275.96
CONFIRMED_BASEMENT_PARKING_USE,층별개요 지하층(flrGbCd=10)의 용도에 주차장 포함,True,20.0,4713010200100040005,122914446,경상북도 경주시 서부동 4-5번지,경상북도 경주시 북성로51번길 26-10 (서부동),47130,10200,0,0004,0005,경주 오피스텔,,2,집합,3,표제부,0,주건축물,14000,업무시설,업무시설,1,5,20,251.16,0,0,0,0,8,92,19990618,20221126,551.14,0,0,53.41,,0,0,0,,0,스라브,철근콘크리트조,0,0,,14.9,0,65,0,,,10201,26,471304715541,10,0,1032,19980317,,,,,,1,30,10,(철근)콘크리트,,0,,19981023,21,철근콘크리트구조,2999.49,2999.49,261.32,2696.85
CONFIRMED_BASEMENT_PARKING_USE,층별개요 지하층(flrGbCd=10)의 용도에 주차장 포함,True,9.0,4713010200102220005,122914361,경상북도 경주시 서부동 222-5번지,경상북도 경주시 화랑로 67 (서부동),47130,10200,0,0222,0005,,,1,일반,2,일반건축물,0,주건축물,14000,업무시설,"은행, 공조실, 기계실, 물탱크실, 사무실, 전기실",1,3,0,0,9,103.9,0,0,22,253,19980418,20221126,525,0,0,35.16,,0,0,0,,0,평스라브,철근콘크리트,0,0,,13.8,0,0,0,,,10202,67,471303305066,0,0,1493,19961106,,,,,,0,314,10,(철근)콘크리트,,0,,19961223,21,철근콘크리트구조,1931.45,1931.45,81.35,1214.5
CONFIRMED_BASEMENT_PARKING_USE,층별개요 지하층(flrGbCd=10)의 용도에 주차장 포함,True,8.0,4713010400100500001,122914928,경상북도 경주시 성동동 50-1번지,경상북도 경주시 원화로 273 (성동동),47130,10400,0,0050,0001,,,1,일반,2,일반건축물,0,주건축물,03000,제1종근린생활시설,근린생활시설및 단독주택,1,4,0,0,8,333,0,0,0,0,19801105,20221126,527.32,0,0,84.06,,0,0,0,,0,스라브,"철근콘크리트조, 시멘트블럭조",1,0,,13.6,0,0,0,,,10401,273,471303305047,0,0,627.35,19790827,,,,,,0,156,10,(철근)콘크리트,,0,,,21,철근콘크리트구조,1973.85,1973.85,261.55,1640.85
CONFIRMED_BASEMENT_PARKING_USE,층별개요 지하층(flrGbCd=10)의 용도에 주차장 포함,True,14.0,4713010400100500003,122915791,경상북도 경주시 성동동 50-3번지,,47130,10400,0,0050,0003,,주건축물제1동,1,일반,2,일반건축물,0,주건축물,14000,업무시설,"업무시설,근린생활시설,교육연구및복지시설",2,7,0,0,14,0,0,0,2,23,19910304,20230816,361.68,0,0,0,,0,0,0,,0,스라브,철근콘크리트조,0,0,,0,0,0,0,,,,0,,0,0,0,19900213,,,,,,0,157,10,(철근)콘크리트,,,,,21,철근콘크리트구조,3229.23,3229.23,0,2461.38
CONFIRMED_BASEMENT_PARKING_USE,층별개요 지하층(flrGbCd=10)의 용도에 주차장 포함,True,12.0,4713010400100810002,12291100203709,경상북도 경주시 성동동 81-2번지,경상북도 경주시 원화로 293 (성동동),47130,10400,0,0081,0002,성모클리닉빌딩,,1,일반,2,일반건축물,0,주건축물,03000,제1종근린생활시설,제1종근린생활시설,1,6,0,0,12,516.17,0,0,16,177.3,20110428,20221126,837.23,0,0,55.9,,7,0,0,,0,평스라브,철근콘크리트구조,0,0,,24.8,0,0,0,,,10401,293,471303305047,0,0,1498,20100120,1101,신축허가,5050223,건축과,2010,2,287,10,(철근)콘크리트,,1,,20100402,21,철근콘크리트구조,5629.93,5629.93,325.5,4875.93
CONFIRMED_BASEMENT_PARKING_USE,층별개요 지하층(flrGbCd=10)의 용도에 주차장 포함,True,13.0,4713010400101310002,122915216,경상북도 경주시 성동동 131-2번지,경상북도 경주시 원화로 299 (성동동),47130,10400,0,0131,0002,성동동 131-2 의료시설,,1,일반,2,일반건축물,0,주건축물,04000,제2종근린생활시설,"일반업무시설, 근린생활시설, 창고",1,6,0,0,13,154.5,7,26,3,25.5,19980209,20221126,447.22,0,0,54.87,,4,0,0,,0,"콘크리트스라브, 샌드위치판넬","철근콘크리트, 경량철골",0,0,,19.9,0,0,0,,,10401,299,471303305047,0,0,815,19961219,,,,,,1,434,10,(철근)콘크리트,,1,,19970414,21,철근콘크리트구조,3010.93,3010.93,315.89,2574.51
CONFIRMED_BASEMENT_PARKING_USE,층별개요 지하층(flrGbCd=10)의 용도에 주차장 포함,True,73.0,4713010400101500003,12291100338453,경상북도 경주시 성동동 150-3번지,경상북도 경주시 원화로 312 (성동동),47130,10400,0,0150,0003,,,1,일반,2,일반건축물,0,주건축물,09000,의료시설,의료시설 외1,2,5,0,0,73,853.4,0,0,0,0,20190213,20241112,1667.75,0,0,82.849,,0,0,0,,0,스라브,철근콘크리트구조,0,0,,19.9,0,0,0,,,10401,312,471303305047,0,0,2013,20120501,1101,신축허가,5050223,건축과,2012,3,484,10,(철근)콘크리트,0.239g 7등급,1,,20140401,21,철근콘크리트구조,10511.54,10511.54,365.7278,7362.1
CONFIRMED_BASEMENT_PARKING_USE,층별개요 지하층(flrGbCd=10)의 용도에 주차장 포함,True,12.0,4713010400101750003,122915283,경상북도 경주시 성동동 175-3번지,경상북도 경주시 원화로 340 (성동동),47130,10400,0,0175,0003,,,1,일반,2,일반건축물,0,주건축물,14000,업무시설,"업무시설, 근린생활시설",2,5,12,109.56,0,0,0,0,1,11.5,19961227,20221126,181.07,0,0,68.59,,1,0,0,,0,평지붕,철근콘크리트,0,0,,16.8,0,0,0,,,10401,340,471303305047,0,0,264,19951228,,,,,,0,501,10,(철근)콘크리트,,0,,19960320,21,철근콘크리트구조,1112.25,1112.25,320.52,846.16
CONFIRMED_BASEMENT_PARKING_USE,층별개요 지하층(flrGbCd=10)의 용도에 주차장 포함,True,7.0,4713010400103860011,122915698,경상북도 경주시 성동동 386-11번지,경상북도 경주시 화랑로 127 (성동동),47130,10400,0,0386,0011,성동성당,,1,일반,2,일반건축물,0,주건축물,06000,종교시설,문화및집회시설,1,4,0,0,7,216.72,0,0,10,115,20001027,20221126,608.4,0,0,34.71,,2,0,0,,0,철골조,철근콘크리트조,0,0,,18.5,0,0,0,,,10403,127,471303305066,0,0,1753,19991005,,,,,,0,932,10,(철근)콘크리트,,0,,19991025,21,철근콘크리트구조,2517.38,2517.38,108.71,1905.76
CONFIRMED_BASEMENT_PARKING_USE,층별개요 지하층(flrGbCd=10)의 용도에 주차장 포함,True,31.0,4713010500101780000,122916710,경상북도 경주시 황오동 178번지,경상북도 경주시 원화로 261 (황오동),47130,10500,0,0178,0000,,,1,일반,2,일반건축물,0,주건축물,14000,업무시설,"업무시설,근린생활시설",2,7,29,602,2,23,0,0,0,0,20030429,20221126,466.13,0,0,77.05,,0,0,0,,0,평슬라브,철근콘크리트구조,0,0,,24.95,0,0,0,,,10502,261,471303305047,0,0,605,19990524,1101,신축허가,,,1999,1,878,10,(철근)콘크리트,,1,,19990708,21,철근콘크리트구조,3976.73,3976.73,511.72,3095.88
CONFIRMED_BASEMENT_PARKING_USE,층별개요 지하층(flrGbCd=10)의 용도에 주차장 포함,True,58.0,4713010500102030062,122916787,경상북도 경주시 황오동 203-62번지,경상북도 경주시 화랑로 130 (황오동),47130,10500,0,0203,0062,,,1,일반,2,일반건축물,0,주건축물,09000,의료시설,의료시설 외2,2,7,58,852.7,0,0,0,0,0,0,19990821,20221126,572.86,0,0,80.12,,1,0,61.4,,0,스라브,"철근콘크리트,철골철근콘크리트조",0,0,,24.8,0,0,0,,,10504,130,471303305066,0,0,715,19941207,,,,,,0,946,10,(철근)콘크리트,,1,,19950617,21,철근콘크리트구조,4710.3,4710.3,495.82,3545.14
CONFIRMED_BASEMENT_PARKING_USE,층별개요 지하층(flrGbCd=10)의 용도에 주차장 포함,True,4.0,4713010500102180002,122917409,경상북도 경주시 황오동 218-2번지,경상북도 경주시 동성로 125-1 (황오동),47130,10500,0,0218,0002,,,2,집합,3,표제부,0,주건축물,03000,제1종근린생활시설,근린생활시설,1,5,0,0,4,0,0,0,0,0,19951108,20221126,319.93,0,0,79.58,,1,0,0,,0,스라브덮기,"철근콘크리트조, 경량철골조(조립식)",0,0,,10.9,0,2,0,,,10501,125,471303305016,1,0,402,19950228,,,,,,0,987,10,(철근)콘크리트,,0,,19950313,21,철근콘크리트구조,1549.8,1549.8,336.29,1351.9
CONFIRMED_BASEMENT_PARKING_USE,층별개요 지하층(flrGbCd=10)의 용도에 주차장 포함,True,34.0,4713010600100990001,122917592,경상북도 경주시 노동동 99-1번지,경상북도 경주시 중앙로 32 (노동동),47130,10600,0,0099,0001,,,1,일반,2,일반건축물,0,주건축물,14000,업무시설,업무시설(은행),2,4,0,0,34,383.1,0,0,0,0,19950808,20221126,810.11,0,0,65.36,,0,0,0,,0,"평지붕, 스라브",철골철근콘크리트조,0,0,,19.32,0,0,0,,,10602,32,471303303047,0,0,1239.48,,,,,,,0,151,10,(철근)콘크리트,,0,,19931230,31,일반철골구조,4595.88,4595.88,246.1,3050.31
CONFIRMED_BASEMENT_PARKING_USE,층별개요 지하층(flrGbCd=10)의 용도에 주차장 포함,True,19.0,4713010600101030002,122917597,경상북도 경주시 노동동 103-2번지,경상북도 경주시 중앙로 33 (노동동),47130,10600,0,0103,0002,,,1,일반,2,일반건축물,0,주건축물,04000,제2종근린생활시설,"업무시설, 근린생활시설, 위락시설",3,5,0,0,19,218.5,0,0,0,0,19960807,20221126,453.1,0,0,79.21,,0,0,0,,0,스라브,철근콘크리트조,0,0,,19.6,0,0,0,,,10602,33,471303303047,0,0,572,19930917,,,,,,1,156,10,(철근)콘크리트,,0,,19950524,21,철근콘크리트구조,3584.13,3584.13,390.48,2233.66
CONFIRMED_BASEMENT_PARKING_USE,층별개요 지하층(flrGbCd=10)의 용도에 주차장 포함,True,9.0,4713010600101120000,122917889,경상북도 경주시 노동동 112번지,경상북도 경주시 원효로 95 (노동동),47130,10600,0,0112,0000,경재빌딩,,2,집합,3,표제부,0,주건축물,04000,제2종근린생활시설,"근린생활시설, 위락시설",1,6,8,179.34,1,0,0,0,0,0,19940511,20221126,214.99,0,0,79.04,,0,0,0,,0,콘크리트스라브,철근콘크리트조,0,0,,19.5,0,7,0,,,10602,95,471303305048,0,0,272,19930727,,,,,,1,170,10,(철근)콘크리트,,1,,19931023,21,철근콘크리트구조,1451.73,1451.73,454.68,1236.74
CONFIRMED_BASEMENT_PARKING_USE,층별개요 지하층(flrGbCd=10)의 용도에 주차장 포함,True,5.0,4713010600101400020,122917727,경상북도 경주시 노동동 140-20번지,경상북도 경주시 중앙로48번길 16 (노동동),47130,10600,0,0140,0020,,,1,일반,2,일반건축물,0,주건축물,03000,제1종근린생활시설,"주차장, 금융업소, 대중음식점, 소매점, 의원, 주택",1,6,0,0,5,57.5,0,0,0,0,19920810,20221126,282.31,0,0,73.71,,0,0,0,,0,스라브,철근콘크리트조,1,0,,0,0,0,0,,,10602,16,471304716093,0,0,383,19911031,,,,,,0,285,10,(철근)콘크리트,,1,,,21,철근콘크리트구조,1849.14,1849.14,408.22,1563.48
CONFIRMED_BASEMENT_PARKING_USE,층별개요 지하층(flrGbCd=10)의 용도에 주차장 포함,True,7.0,4713010700100190001,122918576,경상북도 경주시 노서동 19-1번지,경상북도 경주시 봉황로51번길 5 (노서동),47130,10700,0,0019,0001,"노서동 19-1  일반숙박시설,소매점,사무소,주차장",주건축물제1동,1,일반,2,일반건축물,0,주건축물,15000,숙박시설,"일반숙박시설, 소매점, 사무소, 주차장",1,7,0,0,7,56.9,0,0,1,12,19970929,20241101,241.99,0,0,75.3863,,0,0,0,,0,스라브,철근콘크리트조,0,0,,25.4,0,0,0,,,10702,5,471304715505,0,0,321,,,,,,,1,26,10,(철근)콘크리트,,,,,21,철근콘크리트구조,1843.89,1843.89,499.0343,1601.9
CONFIRMED_BASEMENT_PARKING_USE,층별개요 지하층(flrGbCd=10)의 용도에 주차장 포함,True,64.0,4713010700100740000,122918577,경상북도 경주시 노서동 74번지,경상북도 경주시 원효로 79 (노서동),47130,10700,0,0074,0000,,,2,집합,3,표제부,0,주건축물,02000,공동주택,공동주택,1,7,0,0,64,2137.5,0,0,0,0,20070627,20221126,1322.04,0,0,77.27,,0,0,65.5,,0,(철근)콘크리트,철근콘크리트구조,0,0,,19.9,60,8,0,,,10703,79,471303305048,0,0,1711,20020506,1101,신축허가,5050105,건축과,2002,2,172,10,(철근)콘크리트,,1,,20020712,21,철근콘크리트구조,8971.84,8971.84,442.98,7579.34
CONFIRMED_BASEMENT_PARKING_USE,층별개요 지하층(flrGbCd=10)의 용도에 주차장 포함,True,3.0,4713010700101210006,122918170,경상북도 경주시 노서동 121-6번지,경상북도 경주시 원효로52번길 9 (노서동),47130,10700,0,0121,0006,,,1,일반,2,일반건축물,0,주건축물,15000,숙박시설,"숙박시설,일반음식점",1,4,0,0,3,34.5,0,0,2,23,19860917,20221126,243.56,0,0,54.88,,0,0,0,,0,슬라브,철근콘크리트조,0,0,,17,0,0,0,,,10701,9,471304715969,0,0,443.8,19860325,,,,,,0,267,10,(철근)콘크리트,,0,,,21,철근콘크리트구조,1278.24,1278.24,221.88,984.72
CONFIRMED_BASEMENT_PARKING_USE,층별개요 지하층(flrGbCd=10)의 용도에 주차장 포함,True,13.0,4713010700101700001,122918363,경상북도 경주시 노서동 170-1번지,경상북도 경주시 태종로699번길 3 (노서동),47130,10700,0,0170,0001,,,1,일반,2,일반건축물,0,주건축물,15000,숙박시설,숙박시설 외 1건,1,5,0,0,13,547.23,0,0,14,160.6,19860207,20221126,1063.33,0,0,57.436936,,0,1,61.9,,0,샌드위치판넬,"철근콘크리트, 철골조",0,0,,19.5,0,0,0,,,10701,3,471304716211,0,0,1851.3,19840504,,,,,,0,462,90,기타지붕,,0,,,21,철근콘크리트구조,4641.17,0,209.66726,3881.57
CONFIRMED_BASEMENT_PARKING_USE,층별개요 지하층(flrGbCd=10)의 용도에 주차장 포함,True,17.0,4713010700101770001,122918448,경상북도 경주시 노서동 177-1번지,경상북도 경주시 태종로699번길 37 (노서동),47130,10700,0,0177,0001,,주1,1,일반,2,일반건축물,0,주건축물,09000,의료시설,요양병원,1,5,0,0,17,470.82,0,0,3,39.5,19920414,20221126,940.515,0,0,68.15,,2,0,63.7,,0,슬라브,철근콘크리트,0,0,,19.4,0,0,0,,,10701,37,471304716211,0,0,1380,19910115,,,,,,0,547,10,(철근)콘크리트,,1,,,21,철근콘크리트구조,4768.485,4768.485,295.15,4073.045
CONFIRMED_BASEMENT_PARKING_USE,층별개요 지하층(flrGbCd=10)의 용도에 주차장 포함,True,8.0,4713010800102100002,122918935,경상북도 경주시 성건동 210-2번지,경상북도 경주시 금성로 313 (성건동),47130,10800,0,0210,0002,,,1,일반,2,일반건축물,0,주건축물,10000,교육연구시설,교육연구시설외3,1,5,8,101.2,0,0,0,0,1,11.5,19931115,20260708,254.2,0,0,78.46,,0,0,0,,0,스라브,"철근콘크리트조, 시멘트벽돌조",1,0,,18,0,0,0,,,10803,313,471303305009,0,0,324,19921113,,,,,,1,363,10,(철근)콘크리트,,0,,19930108,21,철근콘크리트구조,1430.635,1430.635,372.54,1207.04
CONFIRMED_BASEMENT_PARKING_USE,층별개요 지하층(flrGbCd=10)의 용도에 주차장 포함,True,19.0,4713010800103400004,122919231,경상북도 경주시 성건동 340-4번지,경상북도 경주시 금성로 281 (성건동),47130,10800,0,0340,0004,,,1,일반,2,일반건축물,0,주건축물,09000,의료시설,의료시설,2,5,0,0,19,218.5,0,0,1,11.5,19901224,20221126,946.76,0,0,77.93,,0,0,63,,0,(철근)콘크리트,"철근콘크리트,경량철골,철골조",0,0,,21.2,0,0,0,,,10803,281,471303305009,0,0,1214.9,19891122,,,,,,1,675,10,(철근)콘크리트,,1,,,21,철근콘크리트구조,6306.2,0,352.84,4286.64
CONFIRMED_BASEMENT_PARKING_USE,층별개요 지하층(flrGbCd=10)의 용도에 주차장 포함,True,47.0,4713010800103400024,12291100291190,경상북도 경주시 성건동 340-24번지,경상북도 경주시 원효로51번길 12 (성건동),47130,10800,0,0340,0024,중앙프라자,,2,집합,3,표제부,0,주건축물,03000,제1종근린생활시설,제1종근린생활시설,1,6,45,420.675,2,206.0572,0,0,0,0,20170209,20221126,654.3316,0,0,81.9143,,0,0,0,,0,(철근)콘크리트,철근콘크리트구조,0,0,,19.85,0,0,0,,,10801,12,471304715968,0,0,798.8,20090327,1101,신축허가,5050105,건축과,2009,2,682,10,(철근)콘크리트,설계지진가속도 0.22g에 견딜 수 있도록 설계 됨.,1,,20110325,21,철근콘크리트구조,4435.8522,4435.8522,457.1189,3651.4659
CONFIRMED_BASEMENT_PARKING_USE,층별개요 지하층(flrGbCd=10)의 용도에 주차장 포함,True,38.0,4713010800103400025,12291100254056,경상북도 경주시 성건동 340-25번지,경상북도 경주시 금성로 287 (성건동),47130,10800,0,0340,0025,이룸프라자,,2,집합,3,표제부,0,주건축물,03000,제1종근린생활시설,제1종근린생활시설외 1,2,6,30,400.06,8,903.5,0,0,0,0,20150420,20221126,877.91,0,0,83.65,,0,0,0,,0,슬라브,철근콘크리트구조,0,0,,19.95,0,9,0,,,10803,287,471303305009,0,0,1049.4,20130904,,,,,,2,683,10,(철근)콘크리트,0.22,0,,20140522,21,철근콘크리트구조,6665.15,6665.15,490.07,5142.85
CONFIRMED_BASEMENT_PARKING_USE,층별개요 지하층(flrGbCd=10)의 용도에 주차장 포함,True,8.0,4713010800103690002,122919378,경상북도 경주시 성건동 369-2번지,경상북도 경주시 화랑로28번길 6 (성건동),47130,10800,0,0369,0002,,,1,일반,2,일반건축물,0,주건축물,03000,제1종근린생활시설,"일반목욕탕, 단독주택, 여관",2,5,0,0,8,281.3,0,0,0,0,19961001,20221126,314.6,0,0,69.82,,0,0,0,,0,평스라브,"철근콘크리트조, 조적조",1,0,,19.5,0,0,0,,,10801,6,471304716296,0,0,450.6,19950906,,,,,,0,829,10,(철근)콘크리트,,0,,19951012,21,철근콘크리트구조,1584.36,1584.36,258.99,1167
CONFIRMED_BASEMENT_PARKING_USE,층별개요 지하층(flrGbCd=10)의 용도에 주차장 포함,True,7.0,4713010800103900003,1229111658,경상북도 경주시 성건동 390-3번지,경상북도 경주시 원효로 9 (성건동),47130,10800,0,0390,0003,,,2,집합,3,표제부,0,주건축물,04000,제2종근린생활시설,제2종근린생활시설외2,1,4,0,0,7,76.2,0,0,2,23,19910918,20221126,352.9,0,0,67.22,,0,0,0,,0,평스라브,철근콘크리트구조,1,0,,14.5,0,0,0,,,10804,9,471303305048,0,0,525,19910315,,,,,,1,940,10,(철근)콘크리트,,0,,,21,철근콘크리트구조,1694.5,1694.5,268.88,1411.6
CONFIRMED_BASEMENT_PARKING_USE,층별개요 지하층(flrGbCd=10)의 용도에 주차장 포함,True,29.0,4713010800104940000,1229111677,경상북도 경주시 성건동 494번지,경상북도 경주시 북성로17번길 11 (성건동),47130,10800,0,0494,0000,신흥빌라,102동,2,집합,3,표제부,0,주건축물,02000,공동주택,"공동주택(아파트), 근린생활시설",1,5,0,0,29,950.4,0,0,14,161,19950726,20251218,392.46,0,0,0,,1,0,0,,0,철근콘크리트 스라브,철근콘크리트조,0,0,,17.75,20,1,0,,,10801,11,471304715537,0,0,0,19941020,,,,,,0,1211,10,(철근)콘크리트,,0,,19941030,21,철근콘크리트구조,2989.45,2989.45,0,1872.3
CONFIRMED_BASEMENT_PARKING_USE,층별개요 지하층(flrGbCd=10)의 용도에 주차장 포함,True,10.0,4713010800106000001,122919745,경상북도 경주시 성건동 600-1번지,경상북도 경주시 강변로 368 (성건동),47130,10800,0,0600,0001,,,2,집합,3,표제부,0,주건축물,14000,업무시설,"업무시설,제1.2종근린생활시설",1,7,0,0,10,115,0,0,15,177.5,20080312,20221126,409.59,0,0,41.41,,1,0,0,,0,스라브,철근콘크리트조,0,0,,21.3,30,0,0,,,10802,368,471303305004,0,0,989,20070823,1101,신축허가,5050105,건축과,2007,1,1286,10,(철근)콘크리트,,1,,20070830,21,철근콘크리트구조,2911.09,2911.09,249.92,2471.73
CONFIRMED_BASEMENT_PARKING_USE,층별개요 지하층(flrGbCd=10)의 용도에 주차장 포함,True,8.0,4713010800106200346,122919890,경상북도 경주시 성건동 620-346번지,경상북도 경주시 금성로 440 (성건동),47130,10800,0,0620,0346,,,1,일반,2,일반건축물,0,주건축물,06000,종교시설,"교육연구시설, 근린생활시설, 문화및집회시설, 복지시설",1,4,0,0,8,92,0,0,12,138,20001116,20221126,1124.66,0,0,49.61,,0,0,0,,0,한식등기와잇기,철골철근콘크리트조,0,0,,24.4,0,0,0,,,10803,440,471303305009,0,0,2267,19990326,,,,,,1,1428,20,기와,,1,,19990512,21,철근콘크리트구조,4740.81,4740.81,162.11,3675.13
CONFIRMED_BASEMENT_PARKING_USE,층별개요 지하층(flrGbCd=10)의 용도에 주차장 포함,True,35.0,4713010800106200636,1229111705,경상북도 경주시 성건동 620-636번지,경상북도 경주시 국민주택길34번길 3 (성건동),47130,10800,0,0620,0636,대신유니하우스,,2,집합,3,표제부,0,주건축물,02000,공동주택,"공동주택(아파트), 부대시설",1,9,0,0,35,1183.07,0,0,0,0,19970327,20221126,778.55,7.5,1,48.09,,0,0,0,,0,콘크리트평슬라브,"철근콘크리트벽식조, 시멘트벽돌조",0,0,,24.9,144,2,0,,,10801,3,471304715150,0,0,1619,19960427,,,,,,2,1682,10,(철근)콘크리트,,1,,19960510,21,철근콘크리트구조,5627.61,5627.605,265.42,4297.18
CONFIRMED_BASEMENT_PARKING_USE,층별개요 지하층(flrGbCd=10)의 용도에 주차장 포함,True,11.0,4713011400100790000,1229115406,경상북도 경주시 충효동 79번지,경상북도 경주시 충효1길 34 (충효동),47130,11400,0,0079,0000,충효대신유니하우스,,2,집합,3,표제부,0,주건축물,02000,공동주택,"공동주택(아파트), 부대복리시설",1,8,0,0,11,467.45,0,0,5,57.5,19970707,20251218,335.76,0,0,31.58,,0,0,0,,0,평스라브,철근콘크리트조,0,0,,22.1,70,2,0,,,11401,34,471304716174,0,0,1063,19960427,,,,,,13,58,10,(철근)콘크리트,,1,,19960530,21,철근콘크리트구조,2741.83,2741.83,202.01,2147.4
CONFIRMED_BASEMENT_PARKING_USE,층별개요 지하층(flrGbCd=10)의 용도에 주차장 포함,True,34.0,4713011400105720002,1229115421,경상북도 경주시 충효동 572-2번지,경상북도 경주시 충효천길 208-14 (충효동),47130,11400,0,0572,0002,한동네오하이츠,,2,집합,3,표제부,0,주건축물,02000,공동주택,아파트,1,8,0,0,34,1051.3,0,0,0,0,19970704,20221126,776.37,0,0,33.41,,0,0,0,,0,칼라아스팔트슁글잇기,철근콘크리트조,0,0,,24.24,19,0,0,,,11401,208,471304716185,14,0,2324,19951021,,,,,,1,362,90,기타지붕,,1,,19951116,21,철근콘크리트구조,6033.25,6033.25,196.96,4577.37
CONFIRMED_BASEMENT_PARKING_USE,층별개요 지하층(flrGbCd=10)의 용도에 주차장 포함,True,3.0,4713011400106970035,12291100249556,경상북도 경주시 충효동 697-35번지,경상북도 경주시 충현로 68-14 (충효동),47130,11400,0,0697,0035,,,1,일반,2,일반건축물,0,주건축물,01000,단독주택,단독주택,1,2,0,0,3,34.5,0,0,0,0,20150126,20221126,197.58,0,0,19.86,,0,0,0,,0,슬래브,철근콘크리트구조,2,0,,8.9,0,0,0,,,11401,68,471303305058,14,0,995,20130913,1101,신축허가,5050223,건축과,2013,0,415,10,(철근)콘크리트,,0,,20131218,21,철근콘크리트구조,529.38,529.38,33.09,329.27
CONFIRMED_BASEMENT_PARKING_USE,층별개요 지하층(flrGbCd=10)의 용도에 주차장 포함,True,1.0,4713011400107170000,1229114784,경상북도 경주시 충효동 717번지,경상북도 경주시 충현로 98 (충효동),47130,11400,0,0717,0000,,공관1,1,일반,2,일반건축물,0,주건축물,01000,단독주택,교육연구시설,1,2,0,0,1,11.5,0,0,104,1196,19980609,20221126,196.08,0,0,13.47,,0,0,0,,0,스라브위아스팔트싱글,시멘트벽돌조,1,0,,7.08,0,0,0,,,11401,98,471303305058,0,0,52550,19950603,,,,,,0,429,10,(철근)콘크리트,,0,,19950630,21,철근콘크리트구조,267.78,267.78,32.76,210.66
CONFIRMED_BASEMENT_PARKING_USE,층별개요 지하층(flrGbCd=10)의 용도에 주차장 포함,True,2.0,4713011400115360000,1229114906,경상북도 경주시 충효동 1536번지,경상북도 경주시 태종로 316 (충효동),47130,11400,0,1536,0000,,,1,일반,2,일반건축물,0,주건축물,01000,단독주택,단독주택외 1,1,3,0,0,2,67.2,0,0,0,0,19980408,20221126,67.2,0,0,29.87,,0,0,0,,0,스라브덮기,철근콘크리트,3,0,,16.2,0,0,0,,,11406,316,471303305061,0,0,225,19951223,,,,,,0,590,10,(철근)콘크리트,,0,,19960725,21,철근콘크리트구조,311.05,311.05,89.6,201.6
CONFIRMED_BASEMENT_PARKING_USE,층별개요 지하층(flrGbCd=10)의 용도에 주차장 포함,True,147.0,4713011400129270000,1229115422,경상북도 경주시 충효동 2927번지,경상북도 경주시 충효녹지길 142-9 (충효동),47130,11400,0,2927,0000,충효대우1차아파트,104동,2,집합,3,표제부,0,주건축물,02000,공동주택,공동주택(아파트),1,13,0,0,147,0,0,0,146,0,19960713,20251218,3671.91,293.75,6,0,,0,0,0,,0,스라브,철근콘크리트조,0,0,,0,78,0,0,,,11401,142,471304716182,9,0,0,19940720,,,,,,3,771,10,(철근)콘크리트,,1,,19940811,21,철근콘크리트구조,10789.73,6122.928,0,5996.58
CONFIRMED_BASEMENT_PARKING_USE,층별개요 지하층(flrGbCd=10)의 용도에 주차장 포함,True,147.0,4713011400129270000,1229115423,경상북도 경주시 충효동 2927번지,경상북도 경주시 충효녹지길 142-9 (충효동),47130,11400,0,2927,0000,충효대우1차아파트,101동,2,집합,3,표제부,0,주건축물,02000,공동주택,공동주택(아파트),1,15,0,0,147,0,0,0,153,0,19960713,20251218,3671.91,293.75,6,0,,0,0,0,,0,슬라브,"철근콘크리트조, 조적조",0,0,,0,89,0,0,,,11401,142,471304716182,9,0,0,19940720,,,,,,15,769,10,(철근)콘크리트,,1,,19940811,21,철근콘크리트구조,13972.9,9306.102,0,9029.82
CONFIRMED_BASEMENT_PARKING_USE,층별개요 지하층(flrGbCd=10)의 용도에 주차장 포함,True,147.0,4713011400129270000,1229115424,경상북도 경주시 충효동 2927번지,경상북도 경주시 충효녹지길 142-9 (충효동),47130,11400,0,2927,0000,충효대우1차아파트,106동,2,집합,3,표제부,0,주건축물,02000,공동주택,공동주택(아파트),1,15,0,0,147,0,0,0,146,0,19960713,20251218,3671.91,293.75,6,0,,0,0,0,,0,스라브,"철근콘크리트조, 조적조",0,0,,0,90,0,0,,,11401,142,471304716182,9,0,0,19940720,,,,,,3,774,10,(철근)콘크리트,,1,,19940811,21,철근콘크리트구조,11658.02,11237.92,0,6864.87
CONFIRMED_BASEMENT_PARKING_USE,층별개요 지하층(flrGbCd=10)의 용도에 주차장 포함,True,147.0,4713011400129270000,1229115425,경상북도 경주시 충효동 2927번지,경상북도 경주시 충효녹지길 142-9 (충효동),47130,11400,0,2927,0000,충효대우1차아파트,103동,2,집합,3,표제부,0,주건축물,02000,공동주택,공동주택(아파트),1,15,0,0,147,0,0,0,146,0,19960713,20251218,3671.91,293.75,6,0,,0,0,0,,0,스라브,철근콘크리트조,0,0,,0,60,0,0,,,11401,142,471304716182,9,0,0,19940720,,,,,,2,773,10,(철근)콘크리트,,1,,19940811,21,철근콘크리트구조,10927.5,10927.504,0,6174.43
CONFIRMED_BASEMENT_PARKING_USE,층별개요 지하층(flrGbCd=10)의 용도에 주차장 포함,True,147.0,4713011400129270000,1229115426,경상북도 경주시 충효동 2927번지,경상북도 경주시 충효녹지길 142-9 (충효동),47130,11400,0,2927,0000,충효대우1차아파트,102동,2,집합,3,표제부,0,주건축물,02000,공동주택,공동주택(아파트),1,15,0,0,147,0,0,0,146,0,19960713,20251218,3671.91,293.75,6,0,,0,0,0,,0,스라브,철근콘크리트조,0,0,,0,60,0,0,,,11401,142,471304716182,9,0,0,19940720,,,,,,0,772,10,(철근)콘크리트,,1,,19940811,21,철근콘크리트구조,10927.5,10927.504,0,6174.43
CONFIRMED_BASEMENT_PARKING_USE,층별개요 지하층(flrGbCd=10)의 용도에 주차장 포함,True,147.0,4713011400129270000,1229115428,경상북도 경주시 충효동 2927번지,경상북도 경주시 충효녹지길 142-9 (충효동),47130,11400,0,2927,0000,충효대우1차아파트,105동,2,집합,3,표제부,0,주건축물,02000,공동주택,공동주택(아파트),1,14,0,0,147,0,0,0,0,0,19960713,20251218,501.494,293.75,6,0,,0,0,0,,0,스라브,철근콘크리트조,0,0,,0,56,0,0,,,11401,142,471304716182,9,0,0,19940720,,,,,,2,770,10,(철근)콘크리트,,1,,19940811,21,철근콘크리트구조,9038.45,9038.448,0,4385.33
CONFIRMED_BASEMENT_PARKING_USE,층별개요 지하층(flrGbCd=10)의 용도에 주차장 포함,True,59.0,4713011400129350000,1229115431,경상북도 경주시 충효동 2935번지,경상북도 경주시 충효녹지길 134-9 (충효동),47130,11400,0,2935,0000,충효대신그린타운,,2,집합,3,표제부,0,주건축물,02000,공동주택,"공동주택(아파트), 부대복리시설",1,15,0,0,59,2511.7,0,0,14,161,19960119,20221126,1144.92,186.395,3,35.22,,0,0,0,,0,평스라브,"철근콘크리트벽식구조, 시멘트벽돌조, 철근콘크리트조",0,0,,41.4,179,0,0,,,11401,134,471304716182,9,0,3251.2,19940602,,,,,,5,789,10,(철근)콘크리트,,1,,19940607,21,철근콘크리트구조,14130.075,14130.075,355.79,11567.34
CONFIRMED_BASEMENT_PARKING_USE,층별개요 지하층(flrGbCd=10)의 용도에 주차장 포함,True,33.0,4713011400129570000,1229115460,경상북도 경주시 충효동 2957번지,경상북도 경주시 충효중앙길 94-4 (충효동),47130,11400,0,2957,0000,경동하이츠5차,,2,집합,3,표제부,0,주건축물,02000,공동주택,공동주택,1,6,0,0,33,379.5,0,0,31,356.5,20010109,20221126,1090.4305,978.11,1,39.16,,0,0,0,,0,스라브,철근콘크리트조,0,0,,0,90,6,0,,,11401,94,471304716184,4,0,2784.5,19991020,,,,,,0,897,10,(철근)콘크리트,,1,,19991230,21,철근콘크리트구조,6665.02,6665.0248,204.75,5701.31
CONFIRMED_BASEMENT_PARKING_USE,층별개요 지하층(flrGbCd=10)의 용도에 주차장 포함,True,6.0,4713011400129610002,1229115121,경상북도 경주시 충효동 2961-2번지,경상북도 경주시 충효4길 9-3 (충효동),47130,11400,0,2961,0002,,,1,일반,2,일반건축물,0,주건축물,15000,숙박시설,"숙박시설,판매시설,단독주택",1,5,4,26,2,23,0,0,0,0,19960409,20221126,207.41,0,0,69.41,,0,0,0,,0,평스라브,철근콘크리트조,1,0,,18.75,0,0,0,,,11401,9,471304716177,3,0,298.8,19951124,,,,,,1,909,10,(철근)콘크리트,,0,,19940930,21,철근콘크리트구조,1170.27,1170.27,313.77,937.55
CONFIRMED_BASEMENT_PARKING_USE,층별개요 지하층(flrGbCd=10)의 용도에 주차장 포함,True,4.0,4713011400129610003,1229115122,경상북도 경주시 충효동 2961-3번지,경상북도 경주시 충효녹지길 88 (충효동),47130,11400,0,2961,0003,,,1,일반,2,일반건축물,0,주건축물,15000,숙박시설,숙박시설,1,4,0,0,4,145.08,0,0,4,46,19950614,20221126,197.61,0,0,56.87,,0,0,0,,0,스라브,철근콘크리트,0,0,,15.15,0,0,0,,,11401,88,471304716182,0,0,347.5,19941021,,,,,,0,910,10,(철근)콘크리트,Ⅶ-0.191g,1,,19941118,21,철근콘크리트구조,959.3,959.3,220.89,767.6
CONFIRMED_BASEMENT_PARKING_USE,층별개요 지하층(flrGbCd=10)의 용도에 주차장 포함,True,12.0,4713011400130040001,1229115487,경상북도 경주시 충효동 3004-1번지,경상북도 경주시 충효중앙길 22-9 (충효동),47130,11400,0,3004,0001,혁원오피스텔,,2,집합,3,표제부,0,주건축물,14000,업무시설,"근린생활시설, 일반업무시설(오피스텔)",1,7,12,231.07,0,0,0,0,2,26.45,19950821,20221126,204.23,0,0,55.44,,0,0,0,,0,슬라브,철근콘크리트조,0,0,,24.9,0,37,0,,,11401,22,471304716184,9,0,368.4,19940813,,,,,,1,1156,10,(철근)콘크리트,,1,,19940901,21,철근콘크리트구조,1699.91,1699.91,386.06,1422.23
CONFIRMED_BASEMENT_PARKING_USE,층별개요 지하층(flrGbCd=10)의 용도에 주차장 포함,True,6.0,4713011400130090001,1229115338,경상북도 경주시 충효동 3009-1번지,경상북도 경주시 충효녹지길 16-21 (충효동),47130,11400,0,3009,0001,,가동,1,일반,2,일반건축물,0,주건축물,01000,단독주택,"근린생활시설,단독주택",1,5,0,0,6,205.62,0,0,1,11.5,19950224,20221126,232.77,0,0,0,,0,0,0,,0,스라브,철근콘크리트조,18,0,,18.1,0,0,0,,,11401,16,471304716182,21,0,0,19940705,,,,,,0,1183,10,(철근)콘크리트,,0,,19940718,21,철근콘크리트구조,1458.45,1458.45,0,1158.6
CONFIRMED_BASEMENT_PARKING_USE,층별개요 지하층(flrGbCd=10)의 용도에 주차장 포함,True,28.0,4713012400102690001,1229119317,경상북도 경주시 황성동 269-1번지,경상북도 경주시 황성로64번길 9-10 (황성동),47130,12400,0,0269,0001,황성다산노블리제,,2,집합,3,표제부,0,주건축물,02000,공동주택,공동주택(아파트),1,12,0,0,28,322,0,0,10,115,20030515,20221126,617.0087,0,0,43.75,,0,0,0,,0,경사슬라브,철근콘크리트조,0,0,,35.83,40,0,0,,,12401,9,471304716327,10,0,1410,20011227,,,,,,1,419,10,(철근)콘크리트,,1,,20020322,21,철근콘크리트구조,4840.2601,4840.2601,263.69,3717.9725
CONFIRMED_BASEMENT_PARKING_USE,층별개요 지하층(flrGbCd=10)의 용도에 주차장 포함,True,44.0,4713012400103080002,1229119367,경상북도 경주시 황성동 308-2번지,경상북도 경주시 용담로54번길 30-15 (황성동),47130,12400,0,0308,0002,삼보타운,107동,2,집합,3,표제부,0,주건축물,02000,공동주택,공동주택(아파트),2,15,0,0,44,0,0,0,22,0,19950410,20221126,789.12,94.58,2,31.36,,0,0,0,,0,철근콘크리트평스라브,철근콘크리트벽식라멘조,0,0,,41,105,0,0,,,12401,30,471304715899,15,0,2516,19931021,,,,,,3,508,10,(철근)콘크리트,,1,,19931027,21,철근콘크리트구조,10021.7216,10021.7216,343.08,8631.98
CONFIRMED_BASEMENT_PARKING_USE,층별개요 지하층(flrGbCd=10)의 용도에 주차장 포함,True,47.0,4713012400103090001,1229119368,경상북도 경주시 황성동 309-1번지,경상북도 경주시 용담로54번길 30-3 (황성동),47130,12400,0,0309,0001,삼보타운,106동,2,집합,3,표제부,0,주건축물,02000,공동주택,"공동주택(아파트), 근린생활(소매점)",1,15,0,0,47,540.5,0,0,41,471.5,19930924,20221126,1310.82,561.45,3,29.03,,0,0,0,,0,철근콘크리트 평스라브,철근콘크리트라멘조,0,0,,0,180,7,0,,,12401,30,471304715899,3,0,4514,19920527,,,,,,6,509,10,(철근)콘크리트,,1,,19920630,21,철근콘크리트구조,16259.34,16259.34,315.67,14251.8
CONFIRMED_BASEMENT_PARKING_USE,층별개요 지하층(flrGbCd=10)의 용도에 주차장 포함,True,46.0,4713012400103150012,1229119369,경상북도 경주시 황성동 315-12번지,경상북도 경주시 용담로54번길 29-6 (황성동),47130,12400,0,0315,0012,삼보타운,108동,2,집합,3,표제부,0,주건축물,02000,공동주택,공동주택,2,18,0,0,46,1360.79,0,0,19,218.5,19951128,20251216,728.7,1605.48,1,30.23,,0,0,0,,0,스라브,철근콘크리트조,0,0,,49.3,108,0,0,,,12401,29,471304715899,6,0,2410,19940401,,,,,,3,510,10,(철근)콘크리트,,0,,19940427,21,철근콘크리트구조,10764.686,10764.686,386.7,9320.1693
CONFIRMED_BASEMENT_PARKING_USE,층별개요 지하층(flrGbCd=10)의 용도에 주차장 포함,True,6.0,4713012400104510000,1229118660,경상북도 경주시 황성동 451번지,경상북도 경주시 황성로 16 (황성동),47130,12400,0,0451,0000,,,1,일반,2,일반건축물,0,주건축물,03000,제1종근린생활시설,근린생활시설,1,3,0,0,6,69,0,0,0,0,19971128,20221126,315.85,0,0,59.59,,0,0,0,,0,"평슬라브, 경사슬라브","철근콘크리트조, 경량철골조",0,0,,0,0,0,0,,,12401,16,471303305067,0,0,530,,,,,,,0,727,90,기타지붕,,0,,19970324,21,철근콘크리트구조,1030.03,1030.03,133.08,705.35
CONFIRMED_BASEMENT_PARKING_USE,층별개요 지하층(flrGbCd=10)의 용도에 주차장 포함,True,81.0,4713012400105130003,1229119444,경상북도 경주시 황성동 513-3번지,경상북도 경주시 용담로92번길 53-8 (황성동),47130,12400,0,0513,0003,신흥1차 로얄맨션,101동,2,집합,3,표제부,0,주건축물,02000,공동주택,"공동주택(아파트), 근린생활시설",1,15,0,0,81,3641.24,0,0,65,747.5,19940401,20221126,1802.4,684.89,3,33.39,,0,0,0,,0,철근콘크리트 평스라브,철근콘크리트조,0,0,,41.15,225,4,0,,,12401,53,471304715900,8,0,5398,19930514,,,,,,6,890,10,(철근)콘크리트,,1,,19930517,21,철근콘크리트구조,24060.22,24060.22,375.26,20256.79
CONFIRMED_BASEMENT_PARKING_USE,층별개요 지하층(flrGbCd=10)의 용도에 주차장 포함,True,89.0,4713012400105570000,1229119501,경상북도 경주시 황성동 557번지,경상북도 경주시 황성로69번길 40 (황성동),47130,12400,0,0557,0000,한신아파트,101동,2,집합,3,표제부,0,주건축물,02000,공동주택,공동주택(아파트),1,18,0,0,89,3155.5,0,0,141,1621.5,19961216,20251218,846.53,0,0,0,,1,0,0,,0,평스라브,철근콘크리트조,0,0,,49.7,160,0,0,,,12401,40,471304716328,0,0,0,19941109,,,,,,10,1040,10,(철근)콘크리트,,1,,19941122,21,철근콘크리트구조,14571.62,14571.615,0,13613.11
CONFIRMED_BASEMENT_PARKING_USE,층별개요 지하층(flrGbCd=10)의 용도에 주차장 포함,True,86.0,4713012400105620002,1229119505,경상북도 경주시 황성동 562-2번지,경상북도 경주시 용담로92번길 65-15 (황성동),47130,12400,0,0562,0002,한길골든빌,101동,2,집합,3,표제부,0,주건축물,02000,공동주택,공동주택,1,15,0,0,86,2771.967,0,0,53,609.5,20020518,20221126,1063.955,80.04,2,28.75,,0,0,0,,0,슬라브,철근콘크리트조,0,0,,42.07,197,0,0,,,12401,65,471304715900,15,0,3701,20000210,,,,,,3,1047,10,(철근)콘크리트,,1,,20000329,21,철근콘크리트구조,16425.94,16345.898,364.3,13482.6
CONFIRMED_BASEMENT_PARKING_USE,층별개요 지하층(flrGbCd=10)의 용도에 주차장 포함,True,53.0,4713012400108860001,1229119516,경상북도 경주시 황성동 886-1번지,경상북도 경주시 용담로116번길 49-41 (황성동),47130,12400,0,0886,0001,세잔베르체,,2,집합,3,표제부,0,주건축물,02000,공동주택,"공동주택(아파트),1,2종근린생활시설",1,13,0,0,53,615.5,0,0,48,552,20060307,20221126,1213.4471,0,0,29.33,,0,0,0,,0,스라브,철근콘크리트조,0,0,,37.8,99,2,0,,,12401,49,471304715898,41,0,4137,20041213,2101,주택건설사업계획승인,,,2004,0,1180,10,(철근)콘크리트,,1,,20050222,21,철근콘크리트구조,12435.74,12435.744,248.86,10295.44
CONFIRMED_BASEMENT_PARKING_USE,층별개요 지하층(flrGbCd=10)의 용도에 주차장 포함,True,9.0,4713012400110530002,1229119066,경상북도 경주시 황성동 1053-2번지,경상북도 경주시 원화로 393 (황성동),47130,12400,0,1053,0002,,,2,집합,3,표제부,0,주건축물,03000,제1종근린생활시설,제1종근린생활시설(의원),1,5,0,0,9,103.5,0,0,0,0,20020425,20221126,387.11,0,0,57.35,,3,0,0,,0,콘크리트슬라브,철근콘크리트조,0,0,,23.6,0,0,0,,,12405,393,471303305047,0,0,675,20010823,,,,,,0,1313,10,(철근)콘크리트,,0,,20010910,21,철근콘크리트구조,2076.92,2076.92,249.15,1681.75
CONFIRMED_BASEMENT_PARKING_USE,층별개요 지하층(flrGbCd=10)의 용도에 주차장 포함,True,7.0,4713012400110530012,1229119071,경상북도 경주시 황성동 1053-12번지,경상북도 경주시 원화로 389 (황성동),47130,12400,0,1053,0012,,,1,일반,2,일반건축물,0,주건축물,04000,제2종근린생활시설,"근린생활시설, 업무시설, 주차장, 주택",1,6,0,0,7,213.03,0,0,3,34.5,19941221,20221126,222.73,0,0,56.67,,0,0,0,,0,슬라브,"철근콘크리트조, 경량철골조",1,0,,20.9,0,0,0,,,12405,389,471303305047,0,0,393,19940207,,,,,,0,1318,10,(철근)콘크리트,,1,,19940326,21,철근콘크리트구조,1435.62,1435.62,311.09,1222.59
CONFIRMED_BASEMENT_PARKING_USE,층별개요 지하층(flrGbCd=10)의 용도에 주차장 포함,True,2.0,4713012400111430000,12291100316190,경상북도 경주시 황성동 1143번지,경상북도 경주시 알천북로 153 (황성동),47130,12400,0,1143,0000,,,1,일반,2,일반건축물,0,주건축물,04000,제2종근린생활시설,제1종근린생활시설 외 1,1,5,0,0,2,23,0,0,1,12.5,20180330,20221126,99.36,0,0,59.86,,0,0,0,,0,(철근)콘크리트,철근콘크리트구조,0,0,,17.5,0,0,0,,,12401,153,471303305039,0,0,166,20170314,1101,신축허가,5050223,건축과,2017,1,1576,10,(철근)콘크리트,Ⅶ-0.214g,1,,20170323,21,철근콘크리트구조,504.11,504.11,246.38,408.99
CONFIRMED_BASEMENT_PARKING_USE,층별개요 지하층(flrGbCd=10)의 용도에 주차장 포함,True,31.0,4713012400113160000,12291100337534,경상북도 경주시 황성동 1316번지,경상북도 경주시 광중길 51 (황성동),47130,12400,0,1316,0000,황성동 1316 근린생활시설,,2,집합,3,표제부,0,주건축물,03000,제1종근린생활시설,"제2종근린생활시설,운동시설, 노유자시설",1,4,0,0,31,387.5,0,0,0,0,20190125,20221126,836.45,0,0,59.8,,0,0,0,,0,콘크리트,철근콘크리트구조,0,0,,20.4,0,0,0,,,12401,51,471304715107,0,0,1398.8,20180503,,,,,,1,1686,10,(철근)콘크리트,,0,,20180510,21,철근콘크리트구조,4252.51,4252.51,227.99,3189.16
CONFIRMED_BASEMENT_PARKING_USE,층별개요 지하층(flrGbCd=10)의 용도에 주차장 포함,True,58.0,4713012500111750003,12291100397773,경상북도 경주시 용강동 1175-3번지,경상북도 경주시 원화로 487 (용강동),47130,12500,0,1175,0003,경주축산농협 종합청사,주건축물제1동,1,일반,2,일반건축물,0,주건축물,14000,업무시설,업무시설,1,3,0,0,58,730.98,0,0,0,0,20220126,20221126,804.08,0,0,31.6567,,6,0,0,,0,(철근)콘크리트,철근콘크리트구조,0,0,,18.3,0,0,0,,,12506,487,471303305047,0,0,2540,20210204,1101,신축허가,5050367,건축허가과,2021,1,550,10,(철근)콘크리트,Ⅶ-0.239g,1,,20210405,21,철근콘크리트구조,3535.82,3535.82,81.8358,2078.63
CONFIRMED_BASEMENT_PARKING_USE,층별개요 지하층(flrGbCd=10)의 용도에 주차장 포함,True,119.0,4713012500112760000,12291100325410,경상북도 경주시 용강동 1276번지,,47130,12500,0,1276,0000,용강동 1276,,2,집합,3,표제부,0,주건축물,03000,제1종근린생활시설,제1종근린생활시설 외 5,1,7,44,51.6375,75,2445.51,0,0,2,33,20180716,20260327,1904.47,0,0,56,,0,0,0,,0,평슬라브구조,철근콘크리트구조,0,0,,29.9,0,96,0,,,,0,,0,0,3403.9,20160517,,,,,,2,598,10,(철근)콘크리트,Ⅶ-0.208g,1,,20160620,21,철근콘크리트구조,14771.15,0,352.22134,11989.2624
CONFIRMED_BASEMENT_PARKING_USE,층별개요 지하층(flrGbCd=10)의 용도에 주차장 포함,True,12.0,4713012500112900005,1229120161,경상북도 경주시 용강동 1290-5번지,경상북도 경주시 다불로 13 (용강동),47130,12500,0,1290,0005,,,1,일반,2,일반건축물,0,주건축물,03000,제1종근린생활시설,"일반업무시설,제1종근린생활시설",2,3,4,46,8,92,0,0,0,0,19940507,20221126,310.08,0,0,59.09,,0,0,0,,0,스라브,철근콘크리트조,0,0,,13.8,0,0,0,,,12501,13,471303305013,0,0,524.7,19930602,,,,,,0,713,10,(철근)콘크리트,,0,,19930726,21,철근콘크리트구조,1655.83,1655.83,169.15,887.52
CONFIRMED_BASEMENT_PARKING_USE,층별개요 지하층(flrGbCd=10)의 용도에 주차장 포함,True,27.0,4713012500113280006,1229120583,경상북도 경주시 용강동 1328-6번지,경상북도 경주시 양정로 334 (용강동),47130,12500,0,1328,0006,대신3차아파트,,2,집합,3,표제부,0,주건축물,02000,공동주택,아파트,1,18,0,0,27,1569.36,0,0,55,632.5,19950508,20260323,1294.91,887.55,3,29.805045,,1,0,0,,0,스라브,"철근콘크리트 벽식, 조적조, 철근콘크리트조",0,0,,48.8,130,10,0,,,12504,334,471303305041,0,0,4344.6,19931208,,,,,,2,951,10,(철근)콘크리트,,1,,19931210,21,철근콘크리트구조,13688.31,13688.31,274.71136,11935.11
CONFIRMED_BASEMENT_PARKING_USE,층별개요 지하층(flrGbCd=10)의 용도에 주차장 포함,True,14.0,4713012500113390000,12291100206373,경상북도 경주시 용강동 1339번지,경상북도 경주시 양정로314번길 10 (용강동),47130,12500,0,1339,0000,,대안오피스텔,2,집합,3,표제부,0,주건축물,14000,업무시설,업무시설,1,6,0,0,14,336.24,0,0,13,150.2,20110817,20221126,264.3,0,0,46.75,,0,0,0,,0,스라브,철근콘크리트구조,0,0,,18.5,0,0,0,,,12501,10,471304715831,0,0,565.4,20100820,1101,신축허가,5050223,건축과,2010,1,1027,10,(철근)콘크리트,,1,,20101019,21,철근콘크리트구조,1755.12,1755.12,237.88,1345
CONFIRMED_BASEMENT_PARKING_USE,층별개요 지하층(flrGbCd=10)의 용도에 주차장 포함,True,49.0,4713012500113480000,1229120605,경상북도 경주시 용강동 1348번지,경상북도 경주시 소금강로29번길 28 (용강동),47130,12500,0,1348,0000,용강대신맨션 2차,,2,집합,3,표제부,0,주건축물,02000,공동주택,공동주택(아파트),1,18,0,0,49,563.5,0,0,39,458.85,19930911,20221126,1092.1861,686.2239,3,28.405,,0,3,0,,0,철근콘크리트평스라브,"철근콘크리트벽식라멘조, 시멘트벽돌조",0,0,,49.7,162,6,0,,,12501,28,471304715677,0,0,3845.1,19920220,,,,,,0,1093,10,(철근)콘크리트,,1,,19920220,21,철근콘크리트구조,16660.784,16660.784,384.772,14794.87
CONFIRMED_BASEMENT_PARKING_USE,층별개요 지하층(flrGbCd=10)의 용도에 주차장 포함,True,18.0,4713012500114010000,12291100382073,경상북도 경주시 용강동 1401번지,경상북도 경주시 용황로 69 (용강동),47130,12500,0,1401,0000,MS69,MS69,1,일반,2,일반건축물,0,주건축물,03000,제1종근린생활시설,"제1종,2종근린생활시설",1,4,0,0,18,693.5089,0,0,0,0,20210312,20221126,553.26,0,0,59.74,,3,0,0,,0,(철근)콘크리트,철근콘크리트구조,0,0,,17,0,20,0,,,12501,69,471303305087,0,0,926.1,20170315,1101,신축허가,5050223,건축과,2017,1,1231,10,(철근)콘크리트,VII-0.215g,1,,20200305,21,철근콘크리트구조,2935.4513,2935.4513,232.14,2149.8797
CONFIRMED_BASEMENT_PARKING_USE,층별개요 지하층(flrGbCd=10)의 용도에 주차장 포함,True,7.0,4713012600107330664,1229123301,경상북도 경주시 동천동 733-664번지,경상북도 경주시 양정로202번길 18 (동천동),47130,12600,0,0733,0664,세림타워빌,,2,집합,3,표제부,0,주건축물,03000,제1종근린생활시설,"근린생활시설,업무시설,공동주택",1,8,0,0,7,80.5,0,0,6,69,20030515,20221126,345.57,0,0,41.79,,0,0,0,,0,스라브,철근콘크리트조,0,0,,25.3,8,6,0,,,12601,18,471304715814,0,0,827,20020620,1101,신축허가,5050105,건축과,2002,1,980,10,(철근)콘크리트,,1,,20020716,21,철근콘크리트구조,2526.26,2526.26,247.63,2047.86
CONFIRMED_BASEMENT_PARKING_USE,층별개요 지하층(flrGbCd=10)의 용도에 주차장 포함,True,5.0,4713012600107332266,12291100197909,경상북도 경주시 동천동 733-2266번지,경상북도 경주시 양정로 188-6 (동천동),47130,12600,0,0733,2266,,,1,일반,2,일반건축물,0,주건축물,04000,제2종근린생활시설,근린생활시설,1,5,0,0,5,187.23,0,0,0,0,20100824,20221126,172.95,0,0,50.72,,0,0,0,,0,스라브,철근콘크리트조,0,0,,20.4,0,0,0,,,12605,188,471303305041,6,0,341,20080229,1101,신축허가,5050105,건축과,2008,1,1330,10,(철근)콘크리트,,1,,20100111,21,철근콘크리트구조,1058.96,1058.96,249.78,851.75
CONFIRMED_BASEMENT_PARKING_USE,층별개요 지하층(flrGbCd=10)의 용도에 주차장 포함,True,51.0,4713012600107880003,12291100214957,경상북도 경주시 동천동 788-3번지,경상북도 경주시 양정로 255 (동천동),47130,12600,0,0788,0003,,,2,집합,3,표제부,0,주건축물,14000,업무시설,업무시설외1,1,10,34,0,17,205.5,0,0,1,11.5,20120720,20221126,509.45,313.48,1,61.65,,1,0,0,,0,스라브,철근콘크리트구조,0,0,,31.95,0,0,0,,,12605,255,471303305041,0,0,826.4,20111125,,,,,,1,1722,10,(철근)콘크리트,,1,,20111221,21,철근콘크리트구조,5410.42,5096.94,595.98,4925.17
CONFIRMED_BASEMENT_PARKING_USE,층별개요 지하층(flrGbCd=10)의 용도에 주차장 포함,True,6.0,4713012600107990006,1229122308,경상북도 경주시 동천동 799-6번지,경상북도 경주시 양정로225번길 25 (동천동),47130,12600,0,0799,0006,,,1,일반,2,일반건축물,0,주건축물,15000,숙박시설,"위락시설, 숙박시설",1,5,0,0,6,69,0,0,0,0,19951222,20260329,263.5,0,0,72.47,,0,0,0,,0,스라브,철근콘크리트조,0,0,,18.7,0,0,0,,,12601,25,471304715820,0,0,363.6,19950526,,,,,,1,1862,10,(철근)콘크리트,,0,,19950609,21,철근콘크리트구조,1587.52,1587.52,354.8955,1290.4
CONFIRMED_BASEMENT_PARKING_USE,층별개요 지하층(flrGbCd=10)의 용도에 주차장 포함,True,8.0,4713012600108130005,1229122453,경상북도 경주시 동천동 813-5번지,경상북도 경주시 양정로 230 (동천동),47130,12600,0,0813,0005,,,1,일반,2,일반건축물,0,주건축물,04000,제2종근린생활시설,"근린생활시설, 주택",1,6,0,0,8,92,0,0,2,23,19960916,20221126,285.36,0,0,56.45,,0,0,0,,0,스라브,철근콘크리트,1,0,,26.5,0,0,0,,,12605,230,471303305041,0,0,505.5,19951114,,,,,,10,2011,10,(철근)콘크리트,,1,,19951122,21,철근콘크리트구조,1796.52,1796.52,292.19,1477.02
CONFIRMED_BASEMENT_PARKING_USE,층별개요 지하층(flrGbCd=10)의 용도에 주차장 포함,True,7.0,4713012600109130006,1229123496,경상북도 경주시 동천동 913-6번지,경상북도 경주시 탈해로5번길 7 (동천동),47130,12600,0,0913,0006,,동보에이스 501동,2,집합,3,표제부,0,주건축물,02000,공동주택,공동주택(아파트),1,7,0,0,7,80.5,0,0,7,85.5,20050915,20221126,213.21,0,0,37.28,,0,0,0,,0,"경사스라브,아스팔트슁글잇기",철근콘크리트조,0,0,,22.85,14,0,0,,,12601,7,471304716201,0,0,571.9,20040623,1101,신축허가,5050105,건축과,2004,0,2663,10,(철근)콘크리트,,1,,20050112,21,철근콘크리트구조,1689.9581,1689.9581,247.73,1416.7776
CONFIRMED_BASEMENT_PARKING_USE,층별개요 지하층(flrGbCd=10)의 용도에 주차장 포함,True,5.0,4713012600109200002,12291100266248,경상북도 경주시 동천동 920-2번지,경상북도 경주시 초당길 4 (동천동),47130,12600,0,0920,0002,승지강변타운,,2,집합,3,표제부,0,주건축물,14000,업무시설,업무시설,1,7,0,0,5,52.2,0,0,9,104,20151130,20251211,191.04,0,0,35.53,,0,0,0,,0,(철근)콘크리트,철근콘크리트구조,0,0,,24.67,0,14,0,,,12601,4,471304716149,0,0,537.7,20150330,1101,신축허가,5050223,건축과,2015,1,2724,10,(철근)콘크리트,,1,,20150402,21,철근콘크리트구조,1496.04,1496.04,248.7,1337.28
CONFIRMED_BASEMENT_PARKING_USE,층별개요 지하층(flrGbCd=10)의 용도에 주차장 포함,True,12.0,4713012600109200006,1229122972,경상북도 경주시 동천동 920-6번지,경상북도 경주시 알천북로 289 (동천동),47130,12600,0,0920,0006,DS 오피스텔,,2,집합,3,표제부,0,주건축물,14000,업무시설,업무시설(오피스텔),1,6,0,0,12,140.5,0,0,5,57.5,19960423,20221126,279.65,0,0,58.85,,0,0,0,,0,스라브,철근콘크리트조,0,0,,23.25,0,0,0,,,12602,289,471303305039,0,0,475.2,19950516,,,,,,0,2727,10,(철근)콘크리트,,1,,19950720,21,철근콘크리트구조,1976.76,1976.76,334.01,1587.21
CONFIRMED_BASEMENT_PARKING_USE,층별개요 지하층(flrGbCd=10)의 용도에 주차장 포함,True,4.0,4713012600109210003,1229122976,경상북도 경주시 동천동 921-3번지,경상북도 경주시 알천북로 307 (동천동),47130,12600,0,0921,0003,,,1,일반,2,일반건축물,0,주건축물,01000,단독주택,"근린생활시설,다가구주택",1,5,0,0,4,46,0,0,3,35.5,20000209,20221126,217.02,0,0,59.95,,0,0,0,,0,슬라브,철근콘크리트,9,0,,19.19,9,0,0,,,12602,307,471303305039,0,0,362,19990430,,,,,,0,2734,10,(철근)콘크리트,,0,,19990521,21,철근콘크리트구조,1284.06,1284.06,298.86,1081.88
CONFIRMED_BASEMENT_PARKING_USE,층별개요 지하층(flrGbCd=10)의 용도에 주차장 포함,True,8.0,4713012600109210005,1229123511,경상북도 경주시 동천동 921-5번지,경상북도 경주시 알천북로 309-1 (동천동),47130,12600,0,0921,0005,하이파크,하이파크,2,집합,3,표제부,0,주건축물,14000,업무시설,"업무시설(오피스텔),공동주택(다세대)",1,10,0,0,8,228.34,0,0,5,61,20040309,20221126,212.76,0,0,45.06,,0,0,0,,0,콘크리트스라브,철근콘크리트,0,0,,29.25,6,12,0,,,12602,309,471303305039,1,0,472.2,20001102,1101,신축허가,5050105,건축과,2000,1,2736,10,(철근)콘크리트,,1,,20021122,21,철근콘크리트구조,2016.22,2016.22,376.48,1777.76
CONFIRMED_BASEMENT_PARKING_USE,층별개요 지하층(flrGbCd=10)의 용도에 주차장 포함,True,46.0,4713012600109440001,1229123558,경상북도 경주시 동천동 944-1번지,경상북도 경주시 초당길55번길 10 (동천동),47130,12600,0,0944,0001,삼성아파트 1차,101동,2,집합,3,표제부,0,주건축물,02000,공동주택,공동주택,1,15,0,0,46,0,0,0,64,0,19940218,20221126,1613.66,1408.72,3,30.18,,0,0,0,,0,철근콘크리트평스라브,"철근콘크리트조, 조적조",0,0,,41.2,180,0,0,,,12601,10,471304716169,0,0,5346.8,19920528,,,,,,6,2950,10,(철근)콘크리트,,1,,19920611,21,철근콘크리트구조,17821.4,17821.4,285.79,15280.41
CONFIRMED_BASEMENT_PARKING_USE,층별개요 지하층(flrGbCd=10)의 용도에 주차장 포함,True,4.0,4713012600109450000,1000000000000001570780,경상북도 경주시 동천동 945번지,경상북도 경주시 알천북로 339 (동천동),47130,12600,0,0945,0000,동천동 945 단독주택 및 근린생활시설,주1동,1,일반,2,일반건축물,0,주건축물,01000,단독주택,"다가구주택, 제1,2종근린생활시설",1,5,0,0,4,50,0,0,3,37.5,20230405,20230405,180.24,0,0,55.02,,0,0,0,,0,철근콘크리트 평스라브,철근콘크리트구조,3,0,,20,0,0,0,,,12602,339,471303305039,0,0,327.6,20211230,1101,신축허가,5050367,건축허가과,2021,1,2952,10,(철근)콘크리트,,,,20220401,21,철근콘크리트구조,994.06,994.06,248.42,813.82
CONFIRMED_BASEMENT_PARKING_USE,층별개요 지하층(flrGbCd=10)의 용도에 주차장 포함,True,7.0,4713012600109450003,12291100345053,경상북도 경주시 동천동 945-3번지,경상북도 경주시 알천북로 345 (동천동),47130,12600,0,0945,0003,,,1,일반,2,일반건축물,0,주건축물,14000,업무시설,업무시설 외 1,1,5,0,0,7,86.5,0,0,4,46,20190618,20221126,265.05,0,0,53.82,,0,0,0,,0,슬라브,철근콘크리트구조,0,0,,21,0,0,0,,,12602,345,471303305039,0,0,492.5,20130826,1101,신축허가,5050223,건축과,2013,0,2955,10,(철근)콘크리트,,1,,20161118,21,철근콘크리트구조,1495.26,1495.26,249.79,1230.21
CONFIRMED_BASEMENT_PARKING_USE,층별개요 지하층(flrGbCd=10)의 용도에 주차장 포함,True,5.0,4713012600109460002,1229123560,경상북도 경주시 동천동 946-2번지,경상북도 경주시 초당길 50 (동천동),47130,12600,0,0946,0002,웰츠타워,,2,집합,3,표제부,0,주건축물,02000,공동주택,공동주택(아파트),1,9,0,0,5,76.62,0,0,13,154.5,20050701,20221126,201.67,0,0,31.12,,0,0,0,,0,스라브,철근콘크리트조,0,0,,29.9,18,0,0,,,12601,50,471304716149,0,0,648.1,20041109,1101,신축허가,5050105,건축과,2004,1,2965,90,기타지붕,,1,,20041203,21,철근콘크리트구조,1793.87,1793.87,249.88,1619.46
CONFIRMED_BASEMENT_PARKING_USE,층별개요 지하층(flrGbCd=10)의 용도에 주차장 포함,True,22.0,4713012600109510001,1229123565,경상북도 경주시 동천동 951-1번지,경상북도 경주시 초당길 39 (동천동),47130,12600,0,0951,0001,경동하이츠타운,,2,집합,3,표제부,0,주건축물,02000,공동주택,공동주택(아파트),1,9,0,0,22,253,0,0,14,185.15,19961026,20221126,727.31,1631.49,3,39.25,,0,0,0,,0,스라브,철근콘크리트조,0,0,,29.3,54,3,0,,,12601,39,471304716149,0,0,1853.2,19950224,,,,,,0,3021,10,(철근)콘크리트,,1,,19950713,21,철근콘크리트구조,6256.195,6256.195,259.24,4804.235
CONFIRMED_BASEMENT_PARKING_USE,층별개요 지하층(flrGbCd=10)의 용도에 주차장 포함,True,4.0,4713012600109530002,12291100365973,경상북도 경주시 동천동 953-2번지,경상북도 경주시 알천북로 317 (동천동),47130,12600,0,0953,0002,,,1,일반,2,일반건축물,0,주건축물,04000,제2종근린생활시설,제1종근린생활시설 외 2,1,5,0,0,4,50,0,0,1,12.5,20200529,20221126,192.56,0,0,56.57,,0,0,0,,0,(철근)콘크리트,철근콘크리트구조,1,0,,20.6,0,0,0,,,12602,317,471303305039,0,0,340.4,20190626,1101,신축허가,5050223,건축과,2019,0,3041,10,(철근)콘크리트,Ⅶ-0.214g,1,,20191106,21,철근콘크리트구조,999.83,999.83,237.51,808.48
CONFIRMED_BASEMENT_PARKING_USE,층별개요 지하층(flrGbCd=10)의 용도에 주차장 포함,True,6.0,4713012600109530005,12291100276169,경상북도 경주시 동천동 953-5번지,경상북도 경주시 초당길 40 (동천동),47130,12600,0,0953,0005,동천영진리더스,,2,집합,3,표제부,0,주건축물,02000,공동주택,공동주택,1,10,0,0,6,71.5,0,0,14,156.7,20160524,20221126,267.549,0,0,32.69,,0,0,65.9,,0,(철근)콘크리트,철근콘크리트구조,0,0,,34.55,16,4,0,,,12601,40,471304716149,0,0,818.5,20150714,1101,신축허가,5050223,건축과,2015,1,3043,10,(철근)콘크리트,,1,,20150828,21,철근콘크리트구조,2301.1125,2301.1125,249.91,2045.54
CONFIRMED_BASEMENT_PARKING_USE,층별개요 지하층(flrGbCd=10)의 용도에 주차장 포함,True,702.0,4713012600109890000,12291100192763,경상북도 경주시 동천동 989번지,경상북도 경주시 백률로 7 (동천동),47130,12600,0,0989,0000,경주 푸르지오,지하주차장,2,집합,3,표제부,1,부속건축물,02000,공동주택,지하주차장,2,0,0,0,702,24775.63,0,0,4,0,20100114,20221126,0,27016.638,6,0,,0,0,0,,0,(철근)콘크리트,철근콘크리트구조,0,0,,0,0,0,0,,,12601,7,471303305089,0,0,0,20071019,2101,주택건설사업계획승인,5050105,건축과,2007,0,3082,10,(철근)콘크리트,,0,,20071128,21,철근콘크리트구조,24775.63,24775.63,0,0
CONFIRMED_BASEMENT_PARKING_USE,층별개요 지하층(flrGbCd=10)의 용도에 주차장 포함,True,9.0,4713013100104580006,1229125032,경상북도 경주시 구정동 458-6번지,경상북도 경주시 산업로 3035-1 (구정동),47130,13100,0,0458,0006,,,1,일반,2,일반건축물,0,주건축물,15000,숙박시설,"숙박시설, 근린생활시설, 주차장, 주택",1,4,0,0,9,103.5,0,0,1,11.5,19950314,20221126,364.12,0,0,56.37,,0,0,0,,0,슬라브,철근콘크리트조,0,0,,0,0,0,0,,,13108,3035,471303000104,1,0,646,19940203,,,,,,1,531,10,(철근)콘크리트,,0,,19940328,21,철근콘크리트구조,1707.51,1707.51,209.31,1352.14
CONFIRMED_BASEMENT_PARKING_USE,층별개요 지하층(flrGbCd=10)의 용도에 주차장 포함,True,2.0,4713013300101240026,12291100240356,경상북도 경주시 하동 124-26번지,경상북도 경주시 보불로 190-28 (하동),47130,13300,0,0124,0026,,주건축물제1동,1,일반,2,일반건축물,0,주건축물,01000,단독주택,단독주택,1,2,0,0,2,23,0,0,0,0,20140702,20221126,203.5,0,0,16.48,,0,0,0,,0,슬래브,철근콘크리트구조,1,0,,6.7,0,0,0,,,13302,190,471303305022,28,0,1235,20120523,1101,신축허가,5050223,건축과,2012,0,80,10,(철근)콘크리트,,0,,20121213,21,철근콘크리트구조,371.5,371.5,20.45,252.5
CONFIRMED_BASEMENT_PARKING_USE,층별개요 지하층(flrGbCd=10)의 용도에 주차장 포함,True,33.0,4713013300101930000,1000000000000005712160,경상북도 경주시 하동 193번지,경상북도 경주시 보불로 204-8 (하동),47130,13300,0,0193,0000,카페 브레스커피웍스,제1동,1,일반,2,일반건축물,0,주건축물,04000,제2종근린생활시설,일반음식점,1,2,0,0,33,407.2,0,0,0,0,20250523,20250829,756.98,0,0,11.61,,0,0,0,,0,(철근)콘크리트,철근콘크리트구조,0,0,,13.06,0,0,0,,,13302,204,471303305022,8,0,6521,20230626,1101,신축허가,5050367,건축허가과,2023,0,105,10,(철근)콘크리트,VII-0.202g,1,,20240201,21,철근콘크리트구조,2075.8,2075.8,11.29,736.47
CONFIRMED_BASEMENT_PARKING_USE,층별개요 지하층(flrGbCd=10)의 용도에 주차장 포함,True,2.0,4713013400104460011,12291100332271,경상북도 경주시 진현동 446-11번지,경상북도 경주시 진티길 22-5 (진현동),47130,13400,0,0446,0011,진현동 446-11 단독주택,주건축물제1동,1,일반,2,일반건축물,0,주건축물,01000,단독주택,단독주택,1,2,0,0,2,23,0,0,0,0,20181129,20221126,145.94,0,0,19.2,,0,0,0,,0,(철근)콘크리트,철근콘크리트구조,1,0,,8.6,0,0,0,,,13401,22,471304716107,5,0,760,20161010,1101,신축허가,5050223,건축과,2016,0,241,10,(철근)콘크리트,,1,,20161229,21,철근콘크리트구조,301.67,301.67,24.96,189.67
CONFIRMED_BASEMENT_PARKING_USE,층별개요 지하층(flrGbCd=10)의 용도에 주차장 포함,True,8.0,4713013400106110112,1229126035,경상북도 경주시 진현동 611-112번지,경상북도 경주시 영불로 252-4 (진현동),47130,13400,0,0611,0112,,,1,일반,2,일반건축물,0,주건축물,15000,숙박시설,숙박시설,1,2,0,0,8,426.36,0,0,0,0,20040113,20221126,569.18,0,0,68.91,,0,0,0,,0,기와,철근콘크리트구조,0,0,,7.3,0,0,0,,,13402,252,471303305043,4,0,826,20030514,1101,신축허가,5050105,건축과,2003,0,418,20,기와,,0,,20030619,21,철근콘크리트구조,1466.04,1466.04,115.1,950.76
CONFIRMED_BASEMENT_PARKING_USE,층별개요 지하층(flrGbCd=10)의 용도에 주차장 포함,True,10.0,4713013400106110124,12291100227317,경상북도 경주시 진현동 611-124번지,경상북도 경주시 영불로 248 (진현동),47130,13400,0,0611,0124,,,1,일반,2,일반건축물,0,주건축물,15000,숙박시설,숙박시설,1,2,0,0,10,427.74,0,0,0,0,20130712,20221126,510.72,0,0,61.76,,0,0,0,,0,기와,철근콘크리트구조,0,0,,12.75,0,0,0,,,13402,248,471303305043,0,0,827,20031029,1101,신축허가,5050105,건축과,2003,0,425,20,기와,,0,,20051028,21,철근콘크리트구조,1421.25,1421.25,115.39,954.24
CONFIRMED_BASEMENT_PARKING_USE,층별개요 지하층(flrGbCd=10)의 용도에 주차장 포함,True,17.0,4713013400106110150,1229126047,경상북도 경주시 진현동 611-150번지,경상북도 경주시 영불로 242-3 (진현동),47130,13400,0,0611,0150,,,1,일반,2,일반건축물,0,주건축물,15000,숙박시설,숙박시설,1,2,0,0,17,547.92,0,0,0,0,20050406,20221126,743.04,0,0,75.24,,0,0,0,,0,기와,철근콘크리트조,0,0,,14.9,0,0,0,,,13402,242,471303305043,3,0,987.5,20040901,,,,,,0,434,20,기와,,0,,20040908,21,철근콘크리트구조,1835.59,1835.59,120.07,1185.7
CONFIRMED_BASEMENT_PARKING_USE,층별개요 지하층(flrGbCd=10)의 용도에 주차장 포함,True,42.0,4713013400108500001,1229126168,경상북도 경주시 진현동 850-1번지,경상북도 경주시 영불로 223 (진현동),47130,13400,0,0850,0001,사조리조트경주휴양콘도미니엄,,2,집합,3,표제부,0,주건축물,15000,숙박시설,휴양콘도미니엄,1,4,0,0,42,1735.81,0,0,55,756.25,19900721,20221126,2268.32,0,0,32.76,,0,0,0,,0,한식골기와,철근콘크리트조,0,0,,0,0,166,0,,,13402,223,471303305043,0,0,6925,19890106,,,,,,0,523,20,기와,,0,,,21,철근콘크리트구조,14327.67,14327.67,129.05,8936.66
CONFIRMED_BASEMENT_PARKING_USE,층별개요 지하층(flrGbCd=10)의 용도에 주차장 포함,True,4.0,4713013500103940000,12291100284670,경상북도 경주시 천군동 394번지,경상북도 경주시 천군1길 14-2 (천군동),47130,13500,0,0394,0000,,,1,일반,2,일반건축물,0,주건축물,01000,단독주택,단독주택외1,1,2,0,0,4,46,0,0,1,11.5,20161024,20221126,157.36,0,0,39.05,,0,0,0,,0,슬라브,철근콘크리트구조,6,0,,8.9,0,0,0,,,13501,14,471304716122,2,0,403,20160203,1101,신축허가,5050223,건축과,2016,0,193,10,(철근)콘크리트,,0,,20160219,21,철근콘크리트구조,448.98,448.98,76.43,308
CONFIRMED_BASEMENT_PARKING_USE,층별개요 지하층(flrGbCd=10)의 용도에 주차장 포함,True,117.0,4713013500116880000,12291100204630,경상북도 경주시 천군동 1688번지,,47130,13500,0,1688,0000,강동리조트 워터파크,강동리조트 워터파크,1,일반,2,일반건축물,0,주건축물,13000,운동시설,운동시설(물놀이형시설),2,2,0,0,117,3954.16,0,0,112,0,20110614,20250515,8013.39,4084.04,94,0,,1,0,61.7,,0,철골조,철골조,0,0,,12.9,0,0,0,,,,0,,0,0,0,20081031,1101,신축허가,5050105,건축과,2008,3,532,10,(철근)콘크리트,,1,,20090522,21,철근콘크리트구조,23281.62,19197.58,0,5327.59
CONFIRMED_BASEMENT_PARKING_USE,층별개요 지하층(flrGbCd=10)의 용도에 주차장 포함,True,15.0,4713013600101500005,1229126574,경상북도 경주시 신평동 150-5번지,경상북도 경주시 엑스포로 30 (신평동),47130,13600,0,0150,0005,,,1,일반,2,일반건축물,0,주건축물,10000,교육연구시설,"교육연구시설(연수원), 근린생활시설, 운동시설",2,6,0,0,15,428.78,0,0,80,1770.7,19950630,20221126,5594.815,11.025,1,23.03,,1,0,0,,0,"스라브,철골트러스,동판",철근콘크리트라멘조,0,0,,28,0,0,0,,,13602,30,471303305042,0,0,24295,19921224,,,,,,3,6,10,(철근)콘크리트,,1,,19930300,21,철근콘크리트구조,15149.915,15149.915,36.89,8962.765
CONFIRMED_BASEMENT_PARKING_USE,층별개요 지하층(flrGbCd=10)의 용도에 주차장 포함,True,118.0,4713013600101820000,12291100250656,경상북도 경주시 신평동 182번지,경상북도 경주시 보문로 507 (신평동),47130,13600,0,0182,0000,경주화백컨벤션센터,,1,일반,2,일반건축물,0,주건축물,05000,문화및집회시설,"문화및집회시설, 판매시설, 운동시설, 위락시설",1,4,0,0,118,3800.27,0,0,402,4377.9,20150212,20221126,8555.41,9,1,20,,1,1,0,,0,철골조,철골철근콘크리트+철골트러스조구조,0,0,,43,0,0,0,,,13602,507,471303305021,0,0,42774.54,20120625,1101,신축허가,5050223,건축과,2012,8,19,90,기타지붕,,0,,20121205,31,일반철골구조,31872.65,31863.65,49.6,21214.34
CONFIRMED_BASEMENT_PARKING_USE,층별개요 지하층(flrGbCd=10)의 용도에 주차장 포함,True,118.0,4713013600102350005,12291100278453,경상북도 경주시 신평동 235-5번지,경상북도 경주시 보문로 455 (신평동),47130,13600,0,0235,0005,농협중앙회 경주연수원,,1,일반,2,일반건축물,0,주건축물,10000,교육연구시설,교육연구시설,1,8,0,0,118,4409.7,0,0,89,3325.96,20160706,20221126,6379.46,0,0,19.9358,,2,0,0,,0,(철근)콘크리트,철근콘크리트구조(일부철골구조),0,0,,30.87,0,0,0,,,13602,455,471303305021,0,0,32000,20140826,1101,신축허가,5050223,건축과,2014,8,23,10,(철근)콘크리트,,0,,20140930,21,철근콘크리트구조,28989.76,28989.76,72.6032,23233.02
CONFIRMED_BASEMENT_PARKING_USE,층별개요 지하층(flrGbCd=10)의 용도에 주차장 포함,True,17.0,4713013600102420019,1229126585,경상북도 경주시 신평동 242-19번지,경상북도 경주시 보문로 465-37 (신평동),47130,13600,0,0242,0019,,,1,일반,2,일반건축물,0,주건축물,15000,숙박시설,숙박시설(관광호텔),1,4,0,0,17,405.84,0,0,28,322,19951215,20221126,793.41,0,0,29.59,,1,0,0,,0,스라브,철근콘크리트조,0,0,,17.9,0,0,0,,,13602,465,471303305021,37,0,2681,19950113,,,,,,0,33,10,(철근)콘크리트,,0,,19950318,21,철근콘크리트구조,3839.22,3839.22,101.68,2726.28
CONFIRMED_BASEMENT_PARKING_USE,층별개요 지하층(flrGbCd=10)의 용도에 주차장 포함,True,18.0,4713013600102420028,12291100272428,경상북도 경주시 신평동 242-28번지,경상북도 경주시 보문로 465-33 (신평동),47130,13600,0,0242,0028,,,1,일반,2,일반건축물,0,주건축물,15000,숙박시설,숙박시설,1,4,0,0,18,207,0,0,7,72.3,20160308,20221126,463.13,0,0,19.95,,0,0,0,,0,징크마감,철근콘크리트구조,0,0,,19.9,0,0,0,,,13602,465,471303305021,33,0,2322,20141002,1101,신축허가,5050223,건축과,2014,1,34,10,(철근)콘크리트,,1,,20141028,21,철근콘크리트구조,2348.65,2348.65,79.78,1852.52
CONFIRMED_BASEMENT_PARKING_USE,층별개요 지하층(flrGbCd=10)의 용도에 주차장 포함,True,269.0,4713013600104000001,1229126908,경상북도 경주시 신평동 400-1번지,경상북도 경주시 보문로 402-12 (신평동),47130,13600,0,0400,0001,소노캄경주,소노캄경주,2,집합,3,표제부,0,주건축물,15000,숙박시설,숙박시설(휴양콘도미니엄),2,12,0,0,269,0,0,0,230,0,20060417,20250901,6328.38,491.27,14,20.87,,3,2,64.6,,0,(철근)콘크리트,철근콘크리트구조,0,0,,41.55,0,418,0,,,13602,402,471303305021,12,0,30321,20031210,,,,,,6,105,10,(철근)콘크리트,,1,,20040318,21,철근콘크리트구조,54451.88,54451.88,99.58,30194.46
CONFIRMED_BASEMENT_PARKING_USE,층별개요 지하층(flrGbCd=10)의 용도에 주차장 포함,True,62.0,4713013600104520001,1229126634,경상북도 경주시 신평동 452-1번지,경상북도 경주시 보문로 407 (신평동),47130,13600,0,0452,0001,경주조선온천호텔,,1,일반,2,일반건축물,0,주건축물,04000,제2종근린생활시설,제2종근린생활시설,1,5,0,0,62,713,0,0,116,1516,19970106,20221126,2683.96,0,0,22.55,,0,0,0,,0,평스라브,철근콘크리트조,0,0,,23.4,0,0,0,,,13602,407,471303305021,0,0,11902,19910108,,,,,,3,130,10,(철근)콘크리트,,0,,19911203,21,철근콘크리트구조,14134.49,14134.49,79.81,9498.86
CONFIRMED_BASEMENT_PARKING_USE,층별개요 지하층(flrGbCd=10)의 용도에 주차장 포함,True,129.0,4713013600106010019,1229126912,경상북도 경주시 신평동 601-19번지,경상북도 경주시 보문로 365 (신평동),47130,13600,0,0601,0019,일성경주보문콘도미니엄,,2,집합,3,표제부,0,주건축물,15000,숙박시설,관광숙박시설,2,6,0,0,129,3878.87,0,0,55,647.5,20031213,20221126,1873.27,0,0,19.92,,0,0,0,,0,평스라브,철근콘크리트구조,0,0,,21.4,0,122,0,,,13602,365,471303305021,0,0,9406,20000620,1101,신축허가,5050105,건축과,2000,3,155,90,기타지붕,,1,,20000720,21,철근콘크리트구조,19655.16,19655.16,93.52,8796.13
CONFIRMED_BASEMENT_PARKING_USE,층별개요 지하층(flrGbCd=10)의 용도에 주차장 포함,True,75.0,4713013600106110005,12291100201827,경상북도 경주시 신평동 611-5번지,경상북도 경주시 보문로 391 (신평동),47130,13600,0,0611,0005,,주건축물제1동,1,일반,2,일반건축물,0,주건축물,07000,판매시설,"운동시설, 판매시설, 제2종근린생활시설",2,3,0,0,75,961.5,0,0,0,0,20110201,20240603,648.26,0,0,19.76,,0,0,0,,0,철근콘크리트,철근콘크리트구조,0,0,,16.15,0,0,0,,,13602,391,471303305021,0,0,3281,20090910,1101,신축허가,5050105,건축과,2009,2,158,10,(철근)콘크리트,,0,,20091022,21,철근콘크리트구조,6310.97,6310.97,56.56,1855.75
CONFIRMED_BASEMENT_PARKING_USE,층별개요 지하층(flrGbCd=10)의 용도에 주차장 포함,True,1.0,4713013700105470002,12291100341333,경상북도 경주시 덕동 547-2번지,경상북도 경주시 덕동길 154 (덕동),47130,13700,0,0547,0002,,,1,일반,2,일반건축물,0,주건축물,01000,단독주택,단독주택,1,2,0,0,1,33.31,0,0,0,0,20190416,20221126,107.72,0,0,10.88,,0,0,0,,0,스라브,철근콘크리트조,1,0,,11.1,0,0,0,,,13701,154,471304715295,0,0,990,20170417,1101,신축허가,5050223,건축과,2017,1,8,10,(철근)콘크리트,0.214g(VII),1,,20170708,21,철근콘크리트구조,231.68,231.68,20.04,198.37
CONFIRMED_BASEMENT_PARKING_USE,층별개요 지하층(flrGbCd=10)의 용도에 주차장 포함,True,294.0,4713014000100110001,1229127441,경상북도 경주시 북군동 11-1번지,경상북도 경주시 보문로 182-29 (북군동),47130,14000,0,0011,0001,경주하일라콘도미니엄,B동,2,집합,3,표제부,0,주건축물,15000,숙박시설,콘도미니엄,1,8,0,0,294,0,0,0,135,0,19941231,20221126,2860.82,0,0,0,,0,0,0,,0,스라브,철근콘크리트조,0,0,,0,0,555,0,,,14003,182,471303305021,29,0,0,19910404,,,,,,8,14,10,(철근)콘크리트,,1,,19910704,21,철근콘크리트구조,32111.02,32111.02,0,18363
CONFIRMED_BASEMENT_PARKING_USE,층별개요 지하층(flrGbCd=10)의 용도에 주차장 포함,True,314.0,4713014000100300003,1229127443,경상북도 경주시 북군동 30-3번지,경상북도 경주시 보문로 182-27 (북군동),47130,14000,0,0030,0003,한화콘도미니엄,,2,집합,3,표제부,0,주건축물,15000,숙박시설,숙박시설,1,8,0,0,314,6923.58,0,0,50,638,19940202,20230209,3479.74,279.08,1,15.04,,0,0,0,,0,스라브,철근콘크리트조,0,0,,27.86,0,192,0,,,14003,182,471303305021,27,0,23128,19910414,,,,,,0,71,10,(철근)콘크리트,,1,,19911021,21,철근콘크리트구조,28444.26,28444.26,79.17,18311.17
CONFIRMED_BASEMENT_PARKING_USE,층별개요 지하층(flrGbCd=10)의 용도에 주차장 포함,True,314.0,4713014000100300005,1229127445,경상북도 경주시 북군동 30-5번지,경상북도 경주시 보문로 182-27 (북군동),47130,14000,0,0030,0005,한화리조트 경주 제2콘도미니엄,한화리조트 경주 제2콘도미니엄,2,집합,3,표제부,0,주건축물,15000,숙박시설,숙박시설(휴양콘도미니엄),2,8,0,0,314,6923.58,0,0,50,638,20060224,20221126,3151.72,0,0,19.62,,0,0,0,,0,(철근)콘크리트,철근콘크리트구조,0,0,,30,0,0,0,,,14003,182,471303305021,27,0,16060,20040413,1101,신축허가,5050105,건축과,2004,5,72,10,(철근)콘크리트,,1,,20040504,21,철근콘크리트구조,31140.19,31140.19,95.17,15284.19
CONFIRMED_BASEMENT_PARKING_USE,층별개요 지하층(flrGbCd=10)의 용도에 주차장 포함,True,17.0,4713014000100570024,12291100214136,경상북도 경주시 북군동 57-24번지,경상북도 경주시 보문로 132-16 (북군동),47130,14000,0,0057,0024,,,1,일반,2,일반건축물,0,주건축물,04000,제2종근린생활시설,제1.2종근린생활시설,1,3,0,0,17,195.5,0,0,11,126.5,20120621,20221126,639.61,0,0,19.87,,5,0,0,,0,평스라브,철근콘크리트구조,0,0,,16.7,0,0,0,,,14003,132,471303305021,16,0,3219,20110316,1101,신축허가,5050223,건축과,2011,0,82,10,(철근)콘크리트,,1,,20110326,21,철근콘크리트구조,3292.67,3292.67,59.61,1918.83
CONFIRMED_BASEMENT_PARKING_USE,층별개요 지하층(flrGbCd=10)의 용도에 주차장 포함,True,4.0,4713014000104680005,12291100227717,경상북도 경주시 북군동 468-5번지,경상북도 경주시 북군길 149-18 (북군동),47130,14000,0,0468,0005,,,1,일반,2,일반건축물,0,주건축물,01000,단독주택,단독주택,1,2,0,0,4,46,0,0,0,0,20130723,20251229,115.36,0,0,19.26,,1,0,0,,0,슬래브,철근콘크리트구조,1,0,,7.4,0,0,0,,,14001,149,471304715517,18,0,599,20121022,1101,신축허가,5050223,건축과,2012,0,332,10,(철근)콘크리트,,0,,20121121,21,철근콘크리트구조,449.09,449.09,37.89,226.94
CONFIRMED_BASEMENT_PARKING_USE,층별개요 지하층(flrGbCd=10)의 용도에 주차장 포함,True,52.0,4713014400107310002,12291100202312,경상북도 경주시 석장동 731-2번지,경상북도 경주시 석장길 40-11 (석장동),47130,14400,0,0731,0002,,,2,집합,3,표제부,0,주건축물,14000,업무시설,업무시설,1,5,0,0,52,587,0,0,17,196.2,20110308,20221126,749.88,0,0,47.73,,0,0,0,,0,콘크리트 스라브,철근콘크리트구조,0,0,,16.8,0,96,0,,,14401,40,471304715649,11,0,1571,20101028,1101,신축허가,5050223,건축과,2010,1,46,10,(철근)콘크리트,,1,,20101115,21,철근콘크리트구조,3686.25,3686.25,200.77,3154.03
CONFIRMED_BASEMENT_PARKING_USE,층별개요 지하층(flrGbCd=10)의 용도에 주차장 포함,True,57.0,4713014400107420000,12291100211306,경상북도 경주시 석장동 742번지,경상북도 경주시 석장1길 16-19 (석장동),47130,14400,0,0742,0000,건일프라임하우스,101동,2,집합,3,표제부,0,주건축물,14000,업무시설,오피스텔,1,5,0,0,57,635.9,0,0,13,156,20120228,20240207,735.68,0,0,48.21,,0,0,0,,0,(철근)콘크리트,철근콘크리트구조,0,0,,16.5,0,100,0,,,14401,16,471304715646,19,0,1526,20110909,1101,신축허가,5050223,건축과,2011,1,68,10,(철근)콘크리트,,1,,20111022,21,철근콘크리트구조,3607.51,3607.51,194.6,2969.64
CONFIRMED_BASEMENT_PARKING_USE,층별개요 지하층(flrGbCd=10)의 용도에 주차장 포함,True,19.0,4713014400107570000,1229128431,경상북도 경주시 석장동 757번지,경상북도 경주시 석장1길 26-7 (석장동),47130,14400,0,0757,0000,수오피스텔,,2,집합,3,표제부,0,주건축물,14000,업무시설,업무시설,1,5,0,0,19,219,0,0,31,356.5,20080220,20221126,582.08,0,0,58.27,,0,0,0,,0,슬라브,철근콘크리트조,0,0,,16.35,0,70,0,,,14401,26,471304715646,7,0,999,20070628,1101,신축허가,5050105,건축과,2007,1,96,10,(철근)콘크리트,,1,,20070727,21,철근콘크리트구조,2824.19,2824.19,233.1,2328.64
CONFIRMED_BASEMENT_PARKING_USE,층별개요 지하층(flrGbCd=10)의 용도에 주차장 포함,True,24.0,4713014400107570001,12291100185755,경상북도 경주시 석장동 757-1번지,경상북도 경주시 석장1길 26-13 (석장동),47130,14400,0,0757,0001,,,2,집합,3,표제부,0,주건축물,14000,업무시설,"업무시설,제1.2종근린생활시설",1,5,0,0,24,540.83,0,0,10,125,20090217,20221126,502.71,0,0,59.85,,0,0,0,,0,스라브,철근콘크리트조,0,0,,16.2,0,49,0,,,14401,26,471304715646,13,0,840,20080702,1101,신축허가,5050105,건축과,2008,1,97,10,(철근)콘크리트,,1,,20080725,21,철근콘크리트구조,2497.94,2497.94,227.36,1909.79
CONFIRMED_BASEMENT_PARKING_USE,층별개요 지하층(flrGbCd=10)의 용도에 주차장 포함,True,36.0,4713014400108240000,12291100350513,경상북도 경주시 석장동 824번지,경상북도 경주시 석장3길 22-8 (석장동),47130,14400,0,0824,0000,,주건축물제1동,2,집합,3,표제부,0,주건축물,14000,업무시설,오피스텔,1,5,0,0,36,378,0,0,2,14.4,20190906,20221126,560.87,0,0,59.48,,0,0,0,,0,콘크리트,철근콘크리트구조,0,0,,15.1,0,52,0,,,14401,22,471304715648,8,0,943,20141117,1101,신축허가,5050223,건축과,2014,1,222,10,(철근)콘크리트,Ⅶ-0.1995g,0,,20150824,21,철근콘크리트구조,2951.52,2951.52,247.85,2337.24
CONFIRMED_BASEMENT_PARKING_USE,층별개요 지하층(flrGbCd=10)의 용도에 주차장 포함,True,43.0,4713014400108670001,12291100254763,경상북도 경주시 석장동 867-1번지,경상북도 경주시 석현로 60-11 (석장동),47130,14400,0,0867,0001,,,2,집합,3,표제부,0,주건축물,14000,업무시설,업무시설,1,5,0,0,43,466.25,0,0,4,47,20150414,20221126,543.51,0,0,55.4,,0,0,0,,0,철골지붕,철근콘크리트구조,0,0,,17,0,67,0,,,14401,60,471303305078,11,0,981,20140528,1101,신축허가,5050223,건축과,2014,1,306,90,기타지붕,,1,,20140827,21,철근콘크리트구조,2808.38,2808.38,219.97,2157.88
CONFIRMED_BASEMENT_PARKING_USE,층별개요 지하층(flrGbCd=10)의 용도에 주차장 포함,True,1.0,4713014400110630008,12291100270489,경상북도 경주시 석장동 1063-8번지,경상북도 경주시 석장남길 77-9 (석장동),47130,14400,0,1063,0008,,,1,일반,2,일반건축물,0,주건축물,01000,단독주택,단독주택,1,1,0,0,1,31.62,0,0,0,0,20160201,20221126,99.43,0,0,19.69,,1,0,0,,0,ALC판넬,기타조적구조,0,0,,5.9,1,0,0,,,14401,77,471304715650,9,0,505,20141104,1101,신축허가,5050223,건축과,2015,0,458,90,기타지붕,,0,,20141117,19,기타조적구조,131.05,131.05,19.75,99.73
CONFIRMED_BASEMENT_PARKING_USE,층별개요 지하층(flrGbCd=10)의 용도에 주차장 포함,True,1.0,4713014400110630009,12291100267850,경상북도 경주시 석장동 1063-9번지,경상북도 경주시 석장남길 77-5 (석장동),47130,14400,0,1063,0009,,,1,일반,2,일반건축물,0,주건축물,01000,단독주택,단독주택,1,2,0,0,1,31.62,0,0,0,0,20151217,20221126,119.52,0,0,17.5,,1,0,0,,0,(철근)콘크리트,철근콘크리트구조,0,0,,6.87,1,0,0,,,14401,77,471304715650,5,0,683,20141104,1101,신축허가,5050223,건축과,2015,0,459,10,(철근)콘크리트,,0,,20141117,21,철근콘크리트구조,221.85,221.85,27.85,190.23
CONFIRMED_BASEMENT_PARKING_USE,층별개요 지하층(flrGbCd=10)의 용도에 주차장 포함,True,4.0,4713014400111740000,1000000000000001581187,경상북도 경주시 석장동 1174번지,경상북도 경주시 흥무로 155 (석장동),47130,14400,0,1174,0000,,주건축물제1동,1,일반,2,일반건축물,0,주건축물,04000,제2종근린생활시설,휴게음식점,1,2,0,0,4,50,0,0,53,666.5,20230407,20230407,719.34,54,1,10.72,,0,0,0,,0,(철근)콘크리트,철근콘크리트구조,0,0,,6.9,0,0,0,,,14402,155,471303305068,0,0,6709,20220620,1101,신축허가,5050367,건축허가과,2022,0,491,10,(철근)콘크리트,"내진등급 (MMI VII등급), 최대지반가속도 : 0.199g",1,,20220630,21,철근콘크리트구조,1052.87,1052.87,15.28,1025.29
CONFIRMED_BASEMENT_PARKING_USE,층별개요 지하층(flrGbCd=10)의 용도에 주차장 포함,True,4.0,4713025021100470006,1000000000000005150646,경상북도 경주시 감포읍 대본리 47-6번지,경상북도 경주시 대본해안길 3-13 (감포읍 대본리),47130,25021,0,0047,0006,,,1,일반,2,일반건축물,0,주건축물,04000,제2종근린생활시설,제2종근린생활시설,1,4,0,0,4,50,0,0,1,12.5,20250211,20250211,232.04,0,0,32.27,,2,0,0,,0,평스라브,철근콘크리트구조,0,0,,19.6,0,0,0,,,25001,3,471304715274,13,0,719,20220805,1101,신축허가,5050367,건축허가과,2022,1,13,10,(철근)콘크리트,VII-0.239g,1,,20230504,21,철근콘크리트구조,978.43,978.43,97.56,701.46
CONFIRMED_BASEMENT_PARKING_USE,층별개요 지하층(flrGbCd=10)의 용도에 주차장 포함,True,11.0,4713025021103800001,1000000000000006488820,경상북도 경주시 감포읍 대본리 380-1번지,경상북도 경주시 동해안로 1596 (감포읍 대본리),47130,25021,0,0380,0001,,,1,일반,2,일반건축물,0,주건축물,15000,숙박시설,숙박시설,2,4,0,0,11,0,0,0,8,0,20250916,20250916,766.73,0,0,24.06,,4,0,0,,0,(철근)콘크리트,철근콘크리트구조,0,0,,20.5,0,0,0,,,25001,1596,471303000101,0,0,3187,20220628,1101,신축허가,5050367,건축허가과,2022,2,172,10,(철근)콘크리트,내진 I 등급,1,,20230119,21,철근콘크리트구조,4583.36,4583.36,85.82,2735.15
CONFIRMED_BASEMENT_PARKING_USE,층별개요 지하층(flrGbCd=10)의 용도에 주차장 포함,True,4.0,4713025021105290001,1229128666,경상북도 경주시 감포읍 대본리 529-1번지,경상북도 경주시 동해안로 1514 (감포읍 대본리),47130,25021,0,0529,0001,,,1,일반,2,일반건축물,0,주건축물,04000,제2종근린생활시설,"제2종근린생활시설, 주택",1,3,0,0,4,199.7,0,0,0,0,20020423,20221126,182.2,0,0,44.22,,0,0,0,,0,경사스라브,철근콘크리트조,1,0,,10.2,0,0,0,,,25001,1514,471303000101,0,0,412,20010918,,,,,,0,262,10,(철근)콘크리트,,0,,20010920,21,철근콘크리트구조,641.3,641.3,107.18,441.6
CONFIRMED_BASEMENT_PARKING_USE,층별개요 지하층(flrGbCd=10)의 용도에 주차장 포함,True,7.0,4713025022101130000,12291100303470,경상북도 경주시 감포읍 전동리 113번지,경상북도 경주시 감포로4길 45 (감포읍 전동리),47130,25022,0,0113,0000,동부이끌림,동부이끌림,2,집합,3,표제부,0,주건축물,14000,업무시설,오피스텔,1,10,0,0,7,85.5,0,0,25,275.6,20170830,20221126,469.9325,0,0,31.75,,2,0,0,,0,(철근)콘크리트,철근콘크리트구조,0,0,,30.65,0,29,0,,,25001,45,471304715029,0,0,1480,20130614,1101,신축허가,5050223,건축과,2013,2,1,10,(철근)콘크리트,,1,,20150613,21,철근콘크리트구조,3753.9035,3753.9035,238.33,3527.301
CONFIRMED_BASEMENT_PARKING_USE,층별개요 지하층(flrGbCd=10)의 용도에 주차장 포함,True,2.0,4713025024102620000,12291100410794,경상북도 경주시 감포읍 나정리 262번지,경상북도 경주시 나정길 25-6 (감포읍 나정리),47130,25024,0,0262,0000,,주건축물제1동,1,일반,2,일반건축물,0,주건축물,01000,단독주택,단독주택,1,2,0,0,2,25,0,0,0,0,20221026,20221126,154.03,0,0,31.76,,0,0,0,,0,(철근)콘크리트,철근콘크리트구조,1,0,,10.86,0,0,0,,,25001,25,471304715213,6,0,485,20211231,1101,신축허가,5050367,건축허가과,2021,0,112,10,(철근)콘크리트,2/3xsxlxFa 2/3x0.22gx1.0x1.42=0.190g VII,1,,20220114,21,철근콘크리트구조,331.07,331.07,41.93,203.34
CONFIRMED_BASEMENT_PARKING_USE,층별개요 지하층(flrGbCd=10)의 용도에 주차장 포함,True,2.0,4713025024102620003,12291100410793,경상북도 경주시 감포읍 나정리 262-3번지,경상북도 경주시 나정길 25-8 (감포읍 나정리),47130,25024,0,0262,0003,,주건축물제1동,1,일반,2,일반건축물,0,주건축물,01000,단독주택,단독주택,1,2,0,0,2,25,0,0,0,0,20221026,20221126,154.03,0,0,31.12,,0,0,0,,0,(철근)콘크리트,철근콘크리트구조,1,0,,10.41,0,0,0,,,25001,25,471304715213,8,0,495,20211231,1101,신축허가,5050367,건축허가과,2021,0,113,10,(철근)콘크리트,2/3xsxlxFa 2/3x0.22gx1.0x1.42=0.190g VII,1,,20220114,21,철근콘크리트구조,331.07,331.07,41.08,203.34
CONFIRMED_BASEMENT_PARKING_USE,층별개요 지하층(flrGbCd=10)의 용도에 주차장 포함,True,39.0,4713025025102810001,12291100349033,경상북도 경주시 감포읍 오류리 281-1번지,경상북도 경주시 감포로 373 (감포읍 오류리),47130,25025,0,0281,0001,감포비치레지던스,,2,집합,3,표제부,0,주건축물,14000,업무시설,"업무시설, 제2종근린생활시설",2,8,0,0,39,1315.763,0,0,22,310.5,20190814,20221126,817.85,0,0,41.79,,2,0,0,,0,(철근)콘크리트,철근콘크리트구조,0,0,,33.1,0,93,0,,,25001,373,471303305002,0,0,1957,19961121,1101,신축허가,5050105,건축과,1996,0,199,10,(철근)콘크리트,,0,,19970723,21,철근콘크리트구조,8584.51,8584.51,297.66,5825.2
CONFIRMED_BASEMENT_PARKING_USE,층별개요 지하층(flrGbCd=10)의 용도에 주차장 포함,True,1.0,4713025025103160004,12291100256685,경상북도 경주시 감포읍 오류리 316-4번지,경상북도 경주시 감포로 329-11 (감포읍 오류리),47130,25025,0,0316,0004,,주건축물제1동,1,일반,2,일반건축물,0,주건축물,01000,단독주택,단독주택,1,2,0,0,1,11.5,0,0,0,0,20150609,20240523,110.45,0,0,47.61,,0,0,0,,0,슬라브,철근콘크리트구조 외 1,1,0,,6.31,0,0,0,,,25001,329,471303305002,11,0,232,20150120,1201,신축신고,5050056,감포읍,2015,0,292,10,(철근)콘크리트,,,,20150120,21,철근콘크리트구조,133.71,133.71,51.17,118.71
CONFIRMED_BASEMENT_PARKING_USE,층별개요 지하층(flrGbCd=10)의 용도에 주차장 포함,True,6.0,4713025029104360011,1229130944,경상북도 경주시 감포읍 감포리 436-11번지,경상북도 경주시 감포로7길 7 (감포읍 감포리),47130,25029,0,0436,0011,,,1,일반,2,일반건축물,0,주건축물,01000,단독주택,근린생활시설,1,4,0,0,6,61.5,0,0,0,0,19940411,20251010,373.27,0,0,75.87,,2,0,0,,0,"스라브, 샌드위치판넬","철근콘크리트, 경량철골조",1,0,,15.7,0,0,0,,,25001,7,471304715032,0,0,492,19930806,,,,,,0,716,10,(철근)콘크리트,,0,,19930816,21,철근콘크리트구조,1554.94,1554.94,243.2,1196.55
CONFIRMED_BASEMENT_PARKING_USE,층별개요 지하층(flrGbCd=10)의 용도에 주차장 포함,True,39.0,4713025332123930002,1229136022,경상북도 경주시 안강읍 산대리 2393-2번지,경상북도 경주시 구부랑4길 24-4 (안강읍 산대리),47130,25332,0,2393,0002,안강삼도타운,105동,2,집합,3,표제부,0,주건축물,02000,공동주택,공동주택(아파트),1,15,0,0,39,0,0,0,74,0,19941130,20251218,2487.995,1941.499,1,0,,1,0,0,,0,평스라브,철근콘크리트벽식조,0,0,,30.9,87,0,0,,,25301,24,471304715126,4,0,0,19930428,,,,,,4,1565,10,(철근)콘크리트,,1,,19930513,21,철근콘크리트구조,9744.659,9744.659,0,7576.49
CONFIRMED_BASEMENT_PARKING_USE,층별개요 지하층(flrGbCd=10)의 용도에 주차장 포함,True,39.0,4713025332123930002,1229136027,경상북도 경주시 안강읍 산대리 2393-2번지,경상북도 경주시 구부랑4길 24-1 (안강읍 산대리),47130,25332,0,2393,0002,안강삼도타운,111동/주차장,2,집합,3,표제부,0,주건축물,02000,공동주택,"주차장, 계단실",1,1,0,0,39,0,0,0,74,0,19941130,20221126,15.95,0,0,0,,1,0,0,,0,평스라브,철근콘크리트벽식조,0,0,,0,0,0,0,,,25301,24,471304715126,1,0,0,19930428,,,,,,4,1553,10,(철근)콘크리트,,0,,19930513,21,철근콘크리트구조,1168.024,1168.024,0,15.95
CONFIRMED_BASEMENT_PARKING_USE,층별개요 지하층(flrGbCd=10)의 용도에 주차장 포함,True,22.0,4713025631102450001,12291100322031,경상북도 경주시 건천읍 건천리 245-1번지,경상북도 경주시 내서로 1096 (건천읍 건천리),47130,25631,0,0245,0001,프리미엄 성보파크,,2,집합,3,표제부,0,주건축물,02000,공동주택,공동주택 외 2,1,12,0,0,22,240.1,0,0,25,288.9,20180529,20221126,683.84,0,0,57.18,,0,0,0,,0,철근콘크리트스라브,철근콘크리트구조,0,0,,38.4,40,5,0,,,25601,1096,471303305071,0,0,1196,20030121,1101,신축허가,5050105,건축과,2003,2,301,10,(철근)콘크리트,,1,,20030214,21,철근콘크리트구조,5993.01,5993.01,426.33,5098.87
CONFIRMED_BASEMENT_PARKING_USE,층별개요 지하층(flrGbCd=10)의 용도에 주차장 포함,True,8.0,4713025631103350015,1229142819,경상북도 경주시 건천읍 건천리 335-15번지,경상북도 경주시 건천1길 8-9 (건천읍 건천리),47130,25631,0,0335,0015,,,1,일반,2,일반건축물,0,주건축물,09000,의료시설,"의료시설,공공용시설",1,4,4,39.9,4,226.95,0,0,2,23,19940626,20231201,375.28,0,0,57.21,,0,0,0,,0,"아스팔트슁글,샌드위치판넬","철근콘크리트조, 경량철골조",0,0,,22.5,0,0,0,,,25601,8,471304715058,9,0,656,19930823,,,,,,0,559,10,(철근)콘크리트,,0,,19930908,21,철근콘크리트구조,1393.29,1393.29,163.46,1072.31
CONFIRMED_BASEMENT_PARKING_USE,층별개요 지하층(flrGbCd=10)의 용도에 주차장 포함,True,6.0,4713025921109960000,1229143551,경상북도 경주시 외동읍 입실리 996번지,경상북도 경주시 입실로 77 (외동읍 입실리),47130,25921,0,0996,0000,,,1,일반,2,일반건축물,0,주건축물,04000,제2종근린생활시설,근린생활시설,1,4,0,0,6,272.75,0,0,2,25.3,19941012,20221126,390.13,0,0,56.46,,3,0,0,,0,스라브,철근콘크리트,0,0,,15.5,0,0,0,,,25901,77,471303305052,0,0,691,19940205,,,,,,0,672,10,(철근)콘크리트,,0,,19940215,21,철근콘크리트구조,1908.56,1908.56,216.63,1496.92
CONFIRMED_BASEMENT_PARKING_USE,층별개요 지하층(flrGbCd=10)의 용도에 주차장 포함,True,2.0,4713025931103910008,12291100406573,경상북도 경주시 외동읍 죽동리 391-8번지,경상북도 경주시 죽동길 160-62 (외동읍 죽동리),47130,25931,0,0391,0008,,,1,일반,2,일반건축물,1,부속건축물,01000,단독주택,단독주택(주차장),1,0,0,0,2,25,0,0,0,0,20220804,20221126,0,0,0,0,,0,0,0,,0,기타지붕(판넬),철근콘크리트구조,0,0,,3.25,0,0,0,,,25901,160,471304716076,62,0,0,20220614,1202,증축신고,5050059,외동읍,2022,0,95,90,기타지붕,,0,,20220616,21,철근콘크리트구조,45.76,45.76,0,0
CONFIRMED_BASEMENT_PARKING_USE,층별개요 지하층(flrGbCd=10)의 용도에 주차장 포함,True,2.0,4713025934100570025,12291100213719,경상북도 경주시 외동읍 괘릉리 57-25번지,경상북도 경주시 앞등길 106-29 (외동읍 괘릉리),47130,25934,0,0057,0025,,,1,일반,2,일반건축물,0,주건축물,01000,단독주택,단독주택,1,2,0,0,2,23,0,0,0,0,20120605,20221126,129.64,0,0,19.12,,0,0,0,,0,스페니쉬 기와,철근콘크리트구조,1,0,,8.6,0,0,0,,,25901,106,471304715796,29,0,678,20111007,1101,신축허가,5050223,건축과,2011,0,1,90,기타지붕,,0,,20111115,21,철근콘크리트구조,197.98,197.98,23.07,156.4
CONFIRMED_BASEMENT_PARKING_USE,층별개요 지하층(flrGbCd=10)의 용도에 주차장 포함,True,2.0,4713025934100570038,12291100293631,경상북도 경주시 외동읍 괘릉리 57-38번지,경상북도 경주시 앞등길 106-31 (외동읍 괘릉리),47130,25934,0,0057,0038,,,1,일반,2,일반건축물,1,부속건축물,01000,단독주택,단독주택,1,0,0,0,2,39,0,0,0,0,20170327,20221126,0,0,0,0,,1,0,0,,0,(철근)콘크리트,철근콘크리트구조,0,0,,0.35,0,0,0,,,25901,106,471304715796,31,0,0,20131204,1101,신축허가,5050223,건축과,2016,0,1,10,(철근)콘크리트,,0,,20131230,21,철근콘크리트구조,39,39,0,0
CONFIRMED_BASEMENT_PARKING_USE,층별개요 지하층(flrGbCd=10)의 용도에 주차장 포함,True,166.0,4713025936109100000,12291100211536,경상북도 경주시 외동읍 문산리 910번지,,47130,25936,0,0910,0000,,주차장,1,일반,2,일반건축물,1,부속건축물,17000,공장,주차장,1,1,0,0,166,4077.97,0,0,6,84,20120302,20221126,30.6,0,0,0,,0,0,0,,0,샌드위치판넬,철근콘크리트구조,0,0,,2.7,0,0,0,,,,0,,0,0,0,20110324,1101,신축허가,5050223,건축과,2011,0,3,90,기타지붕,,0,,20110514,21,철근콘크리트구조,4108.54,4108.54,0,30.6
CONFIRMED_BASEMENT_PARKING_USE,층별개요 지하층(flrGbCd=10)의 용도에 주차장 포함,True,28.0,4713025936109500000,12291100289510,경상북도 경주시 외동읍 문산리 950번지,경상북도 경주시 문산공단길 118-28 (외동읍 문산리),47130,25936,0,0950,0000,윤하우스,,2,집합,3,표제부,0,주건축물,14000,업무시설,업무시설 외 1건,1,4,0,0,28,328,0,0,0,0,20170106,20221126,455.64,0,0,75.9,,0,0,0,,0,(철근)콘크리트,철근콘크리트구조,0,0,,15.2,0,41,0,,,25901,118,471304715438,28,0,600.3,20151204,1101,신축허가,5050223,건축과,2015,0,1,10,(철근)콘크리트,,1,,20160411,21,철근콘크리트구조,1893.99,1893.99,247.9,1488.12
CONFIRMED_BASEMENT_PARKING_USE,층별개요 지하층(flrGbCd=10)의 용도에 주차장 포함,True,9.0,4713032021101760003,1229152767,경상북도 경주시 양남면 하서리 176-3번지,경상북도 경주시 동해안로 412 (양남면 하서리),47130,32021,0,0176,0003,,,2,집합,3,표제부,0,주건축물,14000,업무시설,업무시설,1,3,0,0,9,436.65,0,0,3,34.5,19971001,20221126,527.35,0,0,53.65,,0,0,0,,0,(철근)콘크리트,철근콘크리트구조,0,0,,10.9,0,30,0,,,32003,412,471303000101,0,0,983,19960302,,,,,,1,88,10,(철근)콘크리트,,0,,19960600,21,철근콘크리트구조,2122.19,2122.19,160.74,1580.07
CONFIRMED_BASEMENT_PARKING_USE,층별개요 지하층(flrGbCd=10)의 용도에 주차장 포함,True,4.0,4713032021106840003,12291100201447,경상북도 경주시 양남면 하서리 684-3번지,경상북도 경주시 애일길 18 (양남면 하서리),47130,32021,0,0684,0003,,,1,일반,2,일반건축물,0,주건축물,01000,단독주택,다가구주택,1,3,0,0,4,144,0,0,5,58.5,20101118,20221126,177,0,0,35.76,,0,0,0,,0,판넬위슁글잇기,"철골조,경량철골조",11,0,,11.9,0,0,0,,,32001,18,471304715799,0,0,495,20080912,1101,신축허가,5050105,건축과,2008,0,476,90,기타지붕,,1,,20080929,31,일반철골구조,607.2,607.2,90.55,448.2
CONFIRMED_BASEMENT_PARKING_USE,층별개요 지하층(flrGbCd=10)의 용도에 주차장 포함,True,1.0,4713032026104700030,1000000000000003351833,경상북도 경주시 양남면 상계리 470-30번지,경상북도 경주시 서왕길 73-41 (양남면 상계리),47130,32026,0,0470,0030,,주건축물제1동,1,일반,2,일반건축물,0,주건축물,01000,단독주택,단독주택,1,1,0,0,1,12.5,0,0,0,0,20240306,20240311,117.89,0,0,14.77,,0,0,0,,0,리얼징크,경량철골구조,1,0,,4.1,0,0,0,,,32001,73,471304715633,41,0,798,20220818,1201,신축신고,5050061,양남면,2022,0,136,90,기타지붕,vll-0.191g,1,,,32,경량철골구조,198.9,198.9,13.54,108.04
CONFIRMED_BASEMENT_PARKING_USE,층별개요 지하층(flrGbCd=10)의 용도에 주차장 포함,True,1.0,4713032027106760005,1229153583,경상북도 경주시 양남면 신대리 676-5번지,경상북도 경주시 산에들레길 51 (양남면 신대리),47130,32027,0,0676,0005,,B동,1,일반,2,일반건축물,0,주건축물,01000,단독주택,단독주택,1,1,0,0,1,11.5,0,0,0,0,20080310,20221126,16.8,0,0,0,,1,0,0,,0,기타지붕,철근콘크리트구조,0,0,,3.8,0,0,0,,,32001,51,471304715594,0,0,0,20080131,1202,증축신고,5050061,양남면,2008,0,325,90,기타지붕,,0,,20080205,21,철근콘크리트구조,36,36,0,36
CONFIRMED_BASEMENT_PARKING_USE,층별개요 지하층(flrGbCd=10)의 용도에 주차장 포함,True,10.0,4713032028102060003,1229154019,경상북도 경주시 양남면 읍천리 206-3번지,경상북도 경주시 읍천길 23 (양남면 읍천리),47130,32028,0,0206,0003,대암아파트,,2,집합,3,표제부,0,주건축물,02000,공동주택,공동주택(아파트),1,6,0,0,10,0,0,0,7,0,19931101,20221126,466.85,0,0,31.4,,1,0,0,,0,슬라브,철근콘크리트조,0,0,,17.8,36,2,0,,,32001,23,471304715994,0,0,1487,19920524,,,,,,0,144,10,(철근)콘크리트,,1,,19920822,21,철근콘크리트구조,3156.25,3156.25,175.01,2602.35
CONFIRMED_BASEMENT_PARKING_USE,층별개요 지하층(flrGbCd=10)의 용도에 주차장 포함,True,11.0,4713032035104150004,1229154960,경상북도 경주시 양남면 나아리 415-4번지,경상북도 경주시 동해안로 648 (양남면 나아리),47130,32035,0,0415,0004,,,1,일반,2,일반건축물,0,주건축물,04000,제2종근린생활시설,근린생활시설,1,3,0,0,11,313.08,0,0,0,0,19991112,20221126,368.572,0,0,73.71,,0,0,0,,0,슬라브,철근콘크리트조,0,0,,12.4,0,0,0,,,32003,648,471303000101,0,0,500,19980831,,,,,,0,95,10,(철근)콘크리트,,0,,19981128,21,철근콘크리트구조,1439.428,1439.428,218.85,1094.236
CONFIRMED_BASEMENT_PARKING_USE,층별개요 지하층(flrGbCd=10)의 용도에 주차장 포함,True,5.0,4713033025105180000,12291100375753,경상북도 경주시 내남면 용장리 518번지,경상북도 경주시 용장4길 41 (내남면 용장리),47130,33025,0,0518,0000,,주건축물제1동,1,일반,2,일반건축물,0,주건축물,01000,단독주택,단독주택,1,2,0,0,5,62.5,0,0,0,0,20201113,20221126,197.98,0,0,35.1,,0,0,0,,0,(철근)콘크리트,철근콘크리트구조,0,0,,7.5,1,0,0,,,33001,41,471304715913,0,0,564,20190521,1101,신축허가,5050223,건축과,2019,1,1,10,(철근)콘크리트,Ⅶ-0.1994g,1,,20200306,21,철근콘크리트구조,807.51,807.51,54.63,308.09
CONFIRMED_BASEMENT_PARKING_USE,층별개요 지하층(flrGbCd=10)의 용도에 주차장 포함,True,5.0,4713036023109780053,12291100378133,경상북도 경주시 현곡면 하구리 978-53번지,경상북도 경주시 용담로 443-51 (현곡면 하구리),47130,36023,0,0978,0053,,주건축물제1동,1,일반,2,일반건축물,0,주건축물,17000,공장,공장,2,1,0,0,5,90,0,0,0,0,20201224,20221126,210.08,0,0,19.88,,0,0,0,,0,기타지붕,일반철골구조,0,0,,4.77,0,0,0,,,36002,443,471303305082,51,0,1057,20190514,1101,신축허가,5050223,건축과,2019,0,1,90,기타지붕,Ⅶ-0.214g,1,,20190929,31,일반철골구조,1073.58,1073.58,19.88,210.08
CONFIRMED_BASEMENT_PARKING_USE,층별개요 지하층(flrGbCd=10)의 용도에 주차장 포함,True,2.0,4713036027101710015,12291100399093,경상북도 경주시 현곡면 금장리 171-15번지,경상북도 경주시 가삼골1길 65-21 (현곡면 금장리),47130,36027,0,0171,0015,,본동,1,일반,2,일반건축물,0,주건축물,01000,단독주택,단독주택,1,2,0,0,2,49.8,0,0,0,0,20220228,20221126,128.12,0,0,26.64,,2,0,0,,0,기타지붕,철근콘크리트구조,1,0,,8.2,0,0,0,,,36001,65,471304715008,21,0,481,20160414,1101,신축허가,5050367,건축허가과,2021,0,20,90,기타지붕,Vll-0.199g,1,,20160428,21,철근콘크리트구조,233.85,233.85,38.26,184.05
CONFIRMED_BASEMENT_PARKING_USE,층별개요 지하층(flrGbCd=10)의 용도에 주차장 포함,True,1.0,4713036027101760011,12291100192121,경상북도 경주시 현곡면 금장리 176-11번지,경상북도 경주시 가삼골1길 55-14 (현곡면 금장리),47130,36027,0,0176,0011,현곡면 금장리 176-11 단독주택,,1,일반,2,일반건축물,0,주건축물,01000,단독주택,단독주택,1,1,0,0,1,11.5,0,0,0,0,20091231,20221126,99.37,0,0,16.53,,0,0,0,,0,아스팔트싱글,경량철골조,0,0,,4.8,1,0,0,,,36001,55,471304715008,14,0,601,20090817,1201,신축신고,5050065,현곡면,2009,0,43,90,기타지붕,,0,,20090917,32,경량철골구조,121.03,121.03,16.53,99.37
CONFIRMED_BASEMENT_PARKING_USE,층별개요 지하층(flrGbCd=10)의 용도에 주차장 포함,True,4.0,4713036027101760035,12291100300853,경상북도 경주시 현곡면 금장리 176-35번지,경상북도 경주시 가삼골1길 55-40 (현곡면 금장리),47130,36027,0,0176,0035,,주건축물제1동,1,일반,2,일반건축물,0,주건축물,01000,단독주택,단독주택,1,2,0,0,4,199.82,0,0,0,0,20170711,20221126,267.87,0,0,18.85,,0,0,0,,0,슬라브위징크판넬,철근콘크리트구조,0,0,,13.4,1,0,0,,,36001,55,471304715008,40,0,1421,20160317,1101,신축허가,5050223,건축과,2016,0,64,10,(철근)콘크리트,,0,,20160524,21,철근콘크리트구조,643.96,643.96,31.26,444.14
CONFIRMED_BASEMENT_PARKING_USE,층별개요 지하층(flrGbCd=10)의 용도에 주차장 포함,True,2.0,4713036027101770111,12291100332312,경상북도 경주시 현곡면 금장리 177-111번지,경상북도 경주시 가삼골1길 51-14 (현곡면 금장리),47130,36027,0,0177,0111,,,1,일반,2,일반건축물,1,부속건축물,01000,단독주택,단독주택,1,0,0,0,2,43.65,0,0,0,0,20181129,20221126,0,0,0,0,,0,0,0,,0,(철근)콘크리트,철근콘크리트구조,0,0,,0,0,0,0,,,36001,51,471304715008,14,0,660,20170403,1101,신축허가,5050223,건축과,2018,0,109,10,(철근)콘크리트,,0,,20170821,21,철근콘크리트구조,43.65,43.65,0,0
CONFIRMED_BASEMENT_PARKING_USE,층별개요 지하층(flrGbCd=10)의 용도에 주차장 포함,True,2.0,4713036027101770112,12291100328871,경상북도 경주시 현곡면 금장리 177-112번지,경상북도 경주시 가삼골1길 51-16 (현곡면 금장리),47130,36027,0,0177,0112,,나동,1,일반,2,일반건축물,1,부속건축물,01000,단독주택,단독주택,1,0,0,0,2,61.82,0,0,0,0,20180912,20221126,0,0,0,0,,0,0,0,,0,(철근)콘크리트,철근콘크리트구조,0,0,,0,0,0,0,,,36001,51,471304715008,16,0,866,20170731,1101,신축허가,5050223,건축과,2018,0,111,10,(철근)콘크리트,,0,,20170824,21,철근콘크리트구조,61.82,61.82,0,0
CONFIRMED_BASEMENT_PARKING_USE,층별개요 지하층(flrGbCd=10)의 용도에 주차장 포함,True,2.0,4713036027101950023,12291100365475,경상북도 경주시 현곡면 금장리 195-23번지,경상북도 경주시 가삼골1길 21-18 (현곡면 금장리),47130,36027,0,0195,0023,,나동,1,일반,2,일반건축물,1,부속건축물,01000,단독주택,단독주택,1,0,0,0,2,57.5,0,0,0,0,20200520,20221126,0,0,0,0,,0,0,0,,0,(철근)콘크리트,철근콘크리트구조,0,0,,0,0,0,0,,,36001,21,471304715008,18,0,0,20101020,1101,신축허가,5050223,건축과,2016,0,161,10,(철근)콘크리트,,0,,20101104,21,철근콘크리트구조,57.5,57.5,0,0
CONFIRMED_BASEMENT_PARKING_USE,층별개요 지하층(flrGbCd=10)의 용도에 주차장 포함,True,5.0,4713036027103540092,1229165309,경상북도 경주시 현곡면 금장리 354-92번지,경상북도 경주시 안현로 54-9 (현곡면 금장리),47130,36027,0,0354,0092,,,1,일반,2,일반건축물,0,주건축물,03000,제1종근린생활시설,"근린생활시설,운동시설,단독주택",1,5,0,0,5,57.5,0,0,8,97,20050104,20221126,526.31,0,0,51.4,,0,0,0,,0,콘크리트스라브,철근콘크리트,1,0,,18.2,0,0,0,,,36002,54,471303305037,9,0,1024,20040427,1101,신축허가,,,2004,1,227,10,(철근)콘크리트,,0,,20040802,21,철근콘크리트구조,2354.93,2354.93,189.92,1944.75
CONFIRMED_BASEMENT_PARKING_USE,층별개요 지하층(flrGbCd=10)의 용도에 주차장 포함,True,173.0,4713036027104070000,12291100326771,경상북도 경주시 현곡면 금장리 407번지,경상북도 경주시 용담로 174 (현곡면 금장리),47130,36027,0,0407,0000,성호마루한뷰,성호마루한뷰,2,집합,3,표제부,0,주건축물,02000,공동주택,"공동주택(아파트),근린생활시설",3,25,0,0,173,6084.1923,0,0,4,0,20180810,20221126,1534.6699,0,0,58.35,,0,2,0,,0,경사지붕,철근콘크리트구조,0,0,,82.8,131,26,0,,,36002,174,471303305082,0,0,2630,20080711,1101,신축허가,5050105,건축과,2008,3,286,10,(철근)콘크리트,Ⅵ-0.133g,1,,20100908,21,철근콘크리트구조,23961.0016,23961.0016,654.93,17224.5987
CONFIRMED_BASEMENT_PARKING_USE,층별개요 지하층(flrGbCd=10)의 용도에 주차장 포함,True,61.0,4713036027104080000,1229165570,경상북도 경주시 현곡면 금장리 408번지,경상북도 경주시 용담로 171 (현곡면 금장리),47130,36027,0,0408,0000,상림센트럴파크,,2,집합,3,표제부,0,주건축물,02000,공동주택,"공동주택,근린생활시설",4,10,0,0,61,2651.78,0,0,0,0,20040609,20221126,1105.339,0,0,79.35,,0,0,0,,0,경사스라브,철근콘크리트조,54,0,,32.47,54,13,0,,,36002,171,471303305082,0,0,1393,19970131,1101,신축허가,5050105,건축과,1997,0,287,10,(철근)콘크리트,,1,,19970211,21,철근콘크리트구조,10862.1564,10862.1564,555.72,7741.2218
CONFIRMED_BASEMENT_PARKING_USE,층별개요 지하층(flrGbCd=10)의 용도에 주차장 포함,True,10.0,4713036027104100000,1229165572,경상북도 경주시 현곡면 금장리 410번지,경상북도 경주시 금장5길 20-4 (현곡면 금장리),47130,36027,0,0410,0000,삼성강변타운상가,,2,집합,3,표제부,0,주건축물,02000,공동주택,"구매생활시설, 경비실, 관리보육시설(관리실), 노인정, 전기실, 주민공동시설, 펌프실",1,2,0,0,10,1265,0,0,296,3404,19960923,20251218,0,0,0,0,,3,0,0,,0,슬라브,철근콘크리트조,0,0,,0,0,0,0,,,36001,20,471304715190,4,0,0,19940917,,,,,,18,289,10,(철근)콘크리트,,0,,19941005,21,철근콘크리트구조,1593.572,1593.572,0,1193.172
CONFIRMED_BASEMENT_PARKING_USE,층별개요 지하층(flrGbCd=10)의 용도에 주차장 포함,True,38.0,4713036027104390001,1229165586,경상북도 경주시 현곡면 금장리 439-1번지,경상북도 경주시 안현로 19-35 (현곡면 금장리),47130,36027,0,0439,0001,금장로얄아파트,,2,집합,3,표제부,0,주건축물,02000,공동주택,공동주택(아파트),1,13,0,0,38,977.63,0,0,30,610,19980122,20221126,407.96,0,0,25.03,,0,0,0,,0,"박공슬라브, 아스팔스슁글",철근콘크리트벽식,0,0,,35.95,89,0,0,,,36002,19,471303305037,35,0,1630,19960906,,,,,,2,324,10,(철근)콘크리트,,1,,19960907,21,철근콘크리트구조,5544.17,5544.17,271.76,4429.64
CONFIRMED_BASEMENT_PARKING_USE,층별개요 지하층(flrGbCd=10)의 용도에 주차장 포함,True,39.0,4713036027104470000,1229165589,경상북도 경주시 현곡면 금장리 447번지,경상북도 경주시 용담로 177 (현곡면 금장리),47130,36027,0,0447,0000,우남시티빌,,2,집합,3,표제부,0,주건축물,02000,공동주택,"공동주택,근린생활시설",1,10,0,0,39,448.5,0,0,23,264.5,20050708,20221126,1369.96,0,0,58.02,,0,0,0,,0,(철근)콘크리트,철근콘크리트구조,0,0,,32.89,48,11,0,,,36002,177,471303305082,0,0,2361,20020625,1101,신축허가,5050105,건축과,2002,3,337,10,(철근)콘크리트,,1,,20040402,21,철근콘크리트구조,9124.79,9124.79,311.47,7353.86
CONFIRMED_BASEMENT_PARKING_USE,층별개요 지하층(flrGbCd=10)의 용도에 주차장 포함,True,5.0,4713036027104570001,1229165357,경상북도 경주시 현곡면 금장리 457-1번지,경상북도 경주시 금장2길 12 (현곡면 금장리),47130,36027,0,0457,0001,현곡면사무소,,1,일반,2,일반건축물,0,주건축물,04000,제2종근린생활시설,공공업무시설,1,3,0,0,5,57.5,0,0,6,69,19980507,20221126,529.4,0,0,31.78,,2,0,0,,0,슬라브,철근콘크리트조,0,0,,17.6,0,0,0,,,36001,12,471304715187,0,0,1666,19970321,,,,,,0,346,10,(철근)콘크리트,,0,,19970612,21,철근콘크리트구조,1632.57,1632.57,65.03,1083.36
CONFIRMED_BASEMENT_PARKING_USE,층별개요 지하층(flrGbCd=10)의 용도에 주차장 포함,True,2.0,4713036030100260000,12291100403972,경상북도 경주시 현곡면 오류리 26번지,경상북도 경주시 섭들2길 24-48 (현곡면 오류리),47130,36030,0,0026,0000,섭들2길24-48,,1,일반,2,일반건축물,0,주건축물,01000,단독주택,단독주택,1,2,0,0,2,45.64,0,0,1,15,20220613,20221126,106.76,0,0,19.92,,0,0,0,,0,경사지붕,철근콘크리트구조,1,0,,6.85,0,0,0,,,36001,24,471304715666,48,0,536,20211122,1101,신축허가,5050367,건축허가과,2021,0,24,10,(철근)콘크리트,MMI등급 VII-0.170g,1,,20211213,21,철근콘크리트구조,197.3,197.3,28.06,150.38
CONFIRMED_BASEMENT_PARKING_USE,층별개요 지하층(flrGbCd=10)의 용도에 주차장 포함,True,2.0,4713036030100280038,1000000000000001454592,경상북도 경주시 현곡면 오류리 28-38번지,경상북도 경주시 섭들2길 6-10 (현곡면 오류리),47130,36030,0,0028,0038,,부1동,1,일반,2,일반건축물,1,부속건축물,01000,단독주택,주차장,1,0,0,0,2,25,0,0,0,0,20230316,20230609,0,0,0,0,,1,0,0,,0,철근콘크리트구조,철근콘크리트구조,0,0,,2.5,0,0,0,,,36001,6,471304715666,10,0,658,20161222,1101,신축허가,5050367,건축허가과,2022,0,41,10,(철근)콘크리트,,0,,20181221,21,철근콘크리트구조,42.26,42.26,0,0
CONFIRMED_BASEMENT_PARKING_USE,층별개요 지하층(flrGbCd=10)의 용도에 주차장 포함,True,2.0,4713036030100600009,12291100305950,경상북도 경주시 현곡면 오류리 60-9번지,경상북도 경주시 섭들2길 51-59 (현곡면 오류리),47130,36030,0,0060,0009,,주건축물제1동,1,일반,2,일반건축물,0,주건축물,01000,단독주택,단독주택,1,2,0,0,2,57.62,0,0,0,0,20171025,20221126,109.01,0,0,19.89,,0,0,0,,0,(철근)콘크리트,철근콘크리트구조,0,0,,8.4,1,0,0,,,36001,51,471304715666,59,0,548,20120803,1101,신축허가,5050223,건축과,2016,0,53,10,(철근)콘크리트,,0,,20121011,21,철근콘크리트구조,337.15,337.15,38.94,213.4
CONFIRMED_BASEMENT_PARKING_USE,층별개요 지하층(flrGbCd=10)의 용도에 주차장 포함,True,2.0,4713036030100600013,12291100300872,경상북도 경주시 현곡면 오류리 60-13번지,경상북도 경주시 섭들2길 51-69 (현곡면 오류리),47130,36030,0,0060,0013,,,1,일반,2,일반건축물,0,주건축물,01000,단독주택,단독주택,1,2,0,0,2,65.52,0,0,1,12.5,20170711,20221126,120.63,0,0,19.78,,1,0,0,,0,(철근)콘크리트,철근콘크리트구조,1,0,,8.4,0,0,0,,,36001,51,471304715666,69,0,610,20160126,1101,신축허가,5050223,건축과,2016,0,56,10,(철근)콘크리트,,0,,20160410,21,철근콘크리트구조,385.57,385.57,38.97,237.69
CONFIRMED_BASEMENT_PARKING_USE,층별개요 지하층(flrGbCd=10)의 용도에 주차장 포함,True,2.0,4713036030100600016,12291100300873,경상북도 경주시 현곡면 오류리 60-16번지,경상북도 경주시 섭들2길 51-67 (현곡면 오류리),47130,36030,0,0060,0016,오류리 단독주택,주1,1,일반,2,일반건축물,0,주건축물,01000,단독주택,단독주택,1,2,0,0,2,65.52,0,0,1,12.5,20170711,20221126,120.63,0,0,19.78,,1,0,0,,0,(철근)콘크리트,철근콘크리트구조,0,0,,8.4,0,0,0,,,36001,51,471304715666,67,0,610,20160126,1101,신축허가,5050223,건축과,2016,0,57,10,(철근)콘크리트,,0,,20160410,21,철근콘크리트구조,385.57,385.57,38.97,237.69
CONFIRMED_BASEMENT_PARKING_USE,층별개요 지하층(flrGbCd=10)의 용도에 주차장 포함,True,2.0,4713036030100600017,12291100300871,경상북도 경주시 현곡면 오류리 60-17번지,경상북도 경주시 섭들2길 51-29 (현곡면 오류리),47130,36030,0,0060,0017,,,1,일반,2,일반건축물,0,주건축물,01000,단독주택,단독주택,1,2,0,0,2,65.52,0,0,0,0,20170711,20221126,120.63,0,0,19.74,,0,0,0,,0,(철근)콘크리트,철근콘크리트구조,1,0,,8.4,0,0,0,,,36001,51,471304715666,29,0,611,20160126,1101,신축허가,5050223,건축과,2016,0,58,10,(철근)콘크리트,,0,,20160410,21,철근콘크리트구조,385.57,385.57,38.9,237.69
CONFIRMED_BASEMENT_PARKING_USE,층별개요 지하층(flrGbCd=10)의 용도에 주차장 포함,True,58.0,4713037026110200002,1229167611,경상북도 경주시 강동면 유금리 1020-2번지,경상북도 경주시 강동로 66-19 (강동면 유금리),47130,37026,0,1020,0002,벽산반도아파트,103동,2,집합,3,표제부,0,주건축물,02000,공동주택,공동주택(아파트),1,18,0,0,58,1771.31,0,0,130,1550.2,19961101,20251218,2911.31,1611.17,1,0,,5,0,0,,0,스라브,철근콘크리트벽식,0,0,,48.4,149,0,0,,,37001,66,471303305003,19,0,0,19940325,,,,,,22,326,10,(철근)콘크리트,,1,,19940600,21,철근콘크리트구조,14921.07,13309.88,0,12338.87
CONFIRMED_BASEMENT_PARKING_USE,층별개요 지하층(flrGbCd=10)의 용도에 주차장 포함,True,58.0,4713037026110200002,1229167612,경상북도 경주시 강동면 유금리 1020-2번지,경상북도 경주시 강동로 66-26 (강동면 유금리),47130,37026,0,1020,0002,벽산반도아파트,102동,2,집합,3,표제부,0,주건축물,02000,공동주택,공동주택(아파트),1,12,0,0,58,1771.31,0,0,130,1550.2,19961101,20251218,2911.31,1611.17,1,0,,5,0,0,,0,스라브,철근콘크리트벽식,0,0,,48.4,79,0,0,,,37001,66,471303305003,26,0,0,19940325,,,,,,4,323,10,(철근)콘크리트,,1,,19940600,21,철근콘크리트구조,9240.21,7628.59,0,7170.85
CONFIRMED_BASEMENT_PARKING_USE,층별개요 지하층(flrGbCd=10)의 용도에 주차장 포함,True,58.0,4713037026110200002,1229167613,경상북도 경주시 강동면 유금리 1020-2번지,경상북도 경주시 강동로 66-10 (강동면 유금리),47130,37026,0,1020,0002,벽산반도아파트,101동,2,집합,3,표제부,0,주건축물,02000,공동주택,공동주택(아파트),1,18,0,0,58,1771.31,0,0,130,1550.2,19961101,20251218,2911.31,1611.17,1,0,,5,3,0,,0,스라브,철근콘크리트,0,0,,48.4,133,0,0,,,37001,66,471303305003,10,0,0,19940325,,,,,,1,324,10,(철근)콘크리트,,1,,19940600,21,철근콘크리트구조,15246.72,13635.55,0,13104.46
CONFIRMED_BASEMENT_PARKING_USE,층별개요 지하층(flrGbCd=10)의 용도에 주차장 포함,True,5.0,4713037026113510000,1000000000000001064470,경상북도 경주시 강동면 유금리 1351번지,경상북도 경주시 강동로 219 (강동면 유금리),47130,37026,0,1351,0000,,주건축물제1동,2,집합,3,표제부,0,주건축물,02000,공동주택,다세대주택,1,2,0,0,5,62.5,0,0,0,0,20230111,20230112,283.1,0,0,18.17,,0,0,0,,0,(철근)콘크리트,철근콘크리트구조,0,0,,8.6,2,0,0,,,37001,219,471303305003,0,0,1558,20190613,1101,신축허가,5050223,건축과,2019,0,539,10,(철근)콘크리트,Ⅶ-0.199g,1,,20210827,21,철근콘크리트구조,656.59,656.59,24.81,386.49
CONFIRMED_BASEMENT_PARKING_USE,층별개요 지하층(flrGbCd=10)의 용도에 주차장 포함,True,1.0,4713037028101350000,12291100378033,경상북도 경주시 강동면 왕신리 135번지,경상북도 경주시 사라길 246 (강동면 왕신리),47130,37028,0,0135,0000,,,1,일반,2,일반건축물,0,주건축물,01000,단독주택,단독주택,1,1,0,0,1,12.5,0,0,0,0,20201222,20221126,99.72,0,0,15.7,,0,0,0,,0,판넬,경량철골구조,1,0,,5.5,0,0,0,,,37001,246,471304715571,0,0,635,20200716,1201,신축신고,5050066,강동면,2020,0,1,90,기타지붕,VII-0.229g,1,,20200724,32,경량철골구조,129.21,129.21,15.26,96.87
CONFIRMED_BASEMENT_PARKING_USE,층별개요 지하층(flrGbCd=10)의 용도에 주차장 포함,True,2.0,4713038021111710007,1000000000000000734855,경상북도 경주시 천북면 물천리 1171-7번지,경상북도 경주시 옥동길 55-10 (천북면 물천리),47130,38021,0,1171,0007,,주건축물제1동,1,일반,2,일반건축물,0,주건축물,01000,단독주택,단독주택,1,2,0,0,2,25,0,0,0,0,20221206,20221214,93.94,0,0,19.5708,,1,0,0,,0,(철근)콘크리트,철근콘크리트구조,1,0,,8.9,0,0,0,,,38001,55,471304715869,10,0,480,20181224,1101,신축허가,5050223,건축과,2018,0,1,10,(철근)콘크리트,,0,,20190121,21,철근콘크리트구조,316.08,316.08,32.425,155.64
CONFIRMED_BASEMENT_PARKING_USE,층별개요 지하층(flrGbCd=10)의 용도에 주차장 포함,True,4.0,4713038024104310000,12291100265477,경상북도 경주시 천북면 성지리 431번지,,47130,38024,0,0431,0000,,,1,일반,2,일반건축물,1,부속건축물,01000,단독주택,단독주택,1,0,0,0,4,46,0,0,0,0,20151117,20221126,0,0,0,0,,1,0,0,,0,(철근)콘크리트,철근콘크리트구조,0,0,,2.7,0,0,0,,,,0,,0,0,1256,20140919,1201,신축신고,5050067,천북면,2014,0,178,10,(철근)콘크리트,,0,,20150511,21,철근콘크리트구조,60,60,0,0
CONFIRMED_BASEMENT_PARKING_USE,층별개요 지하층(flrGbCd=10)의 용도에 주차장 포함,True,45.0,4715010200100870000,1230134252,경상북도 김천시 용두동 87번지,경상북도 김천시 용암로 10 (용두동),47150,10200,0,0087,0000,,,1,일반,2,일반건축물,0,주건축물,07000,판매시설,"판매및영업시설,운동시설,제2종근린생활시설",2,1,0,0,45,2055,0,0,0,0,20000610,20251219,2169.47,0,0,65.85,,1,0,0,,0,슬라브,철근콘크리트조,0,0,,6,0,0,0,,,10201,10,471503306026,0,0,3294.5,19950725,,,,,,0,132,10,(철근)콘크리트,,0,,19951218,21,철근콘크리트구조,6954.92,6954.92,64.37,2120.59
CONFIRMED_BASEMENT_PARKING_USE,층별개요 지하층(flrGbCd=10)의 용도에 주차장 포함,True,21.0,4715010300101810004,1230137497,경상북도 김천시 모암동 181-4번지,경상북도 김천시 모암사랑1길 29 (모암동),47150,10300,0,0181,0004,한일상가아파트,,2,집합,3,표제부,0,주건축물,02000,공동주택,아파트,1,5,0,0,21,877.18,0,0,7,80.5,19920729,20221126,938.1,0,0,47.4,,0,0,0,,0,스라브,철근콘크리트,0,0,,16.05,50,12,0,,,10301,29,471504718312,0,0,1979.1,19910529,,,,,,0,682,10,(철근)콘크리트,,0,,19910702,21,철근콘크리트구조,4873.6,4873.6,198.53,3929.22
CONFIRMED_BASEMENT_PARKING_USE,층별개요 지하층(flrGbCd=10)의 용도에 주차장 포함,True,23.0,4715010500100150003,1230124482,경상북도 김천시 평화동 15-3번지,경상북도 김천시 구름다리5길 29 (평화동),47150,10500,0,0015,0003,한일목련아파트,,2,집합,3,표제부,0,주건축물,02000,공동주택,아파트,1,5,0,0,23,264.5,0,0,6,75.9,19920623,20251218,1010.715,0,0,37.87,,1,0,0,,0,스라브,철근콘크리트조,0,0,,15.3,60,0,0,,,10501,29,471504718108,0,0,2708,19910430,,,,,,0,96,10,(철근)콘크리트,,0,,19910516,21,철근콘크리트구조,6283.945,6283.945,177.74,4813.33
CONFIRMED_BASEMENT_PARKING_USE,층별개요 지하층(flrGbCd=10)의 용도에 주차장 포함,True,6.0,4715010500100400003,1230141762,경상북도 김천시 평화동 40-3번지,경상북도 김천시 자산로 135 (평화동),47150,10500,0,0040,0003,,,2,집합,3,표제부,0,주건축물,04000,제2종근린생활시설,"근린생활시설(일반음식점,소매점,미용원,헬스클럽), 교육연구시설(학원), 주차장, 주택",1,6,6,106.2,0,0,0,0,0,0,19941227,20221126,207.69,0,0,73.77,,1,0,0,,0,"스라브, 판넬","철근콘크리트조, 경량철골",0,0,,23.3,0,9,0,,,10505,135,471503306030,0,0,281.55,19930707,,,,,,0,190,10,(철근)콘크리트,,1,,19940221,21,철근콘크리트구조,1423.6,1423.6,435.31,1225.63
CONFIRMED_BASEMENT_PARKING_USE,층별개요 지하층(flrGbCd=10)의 용도에 주차장 포함,True,9.0,4715010500100670023,1230146939,경상북도 김천시 평화동 67-23번지,경상북도 김천시 평화장미3길 37 (평화동),47150,10500,0,0067,0023,한일장미상가빌라,,2,집합,3,표제부,0,주건축물,02000,공동주택,연립주택,1,4,0,0,9,446.76,0,0,1,11.5,19940629,20221126,487.055,9,1,59.32,,0,0,0,,0,스라브,"철근콘크리트조, 세멘트벽돌조",0,0,,13.91,20,0,0,,,10501,37,471504718886,0,0,821,19930205,,,,,,0,220,10,(철근)콘크리트,,0,,19930304,21,철근콘크리트구조,2031.155,2031.155,184.46,1514.44
CONFIRMED_BASEMENT_PARKING_USE,층별개요 지하층(flrGbCd=10)의 용도에 주차장 포함,True,9.0,4715010500100700032,1230129134,경상북도 김천시 평화동 70-32번지,경상북도 김천시 평화장미3길 53 (평화동),47150,10500,0,0070,0032,,,2,집합,3,표제부,0,주건축물,02000,공동주택,연립주택,1,4,0,0,9,177.08,0,0,0,0,20020128,20221126,271.62,0,0,54.65,,1,0,0,,0,콘크리트 평지붕,R.C 조,0,0,,15.6,12,0,0,,,10501,53,471504718886,0,0,497,20001208,,,,,,0,256,10,(철근)콘크리트,,0,,20001221,22,프리케스트콘크리트구조,1210.02,1210.02,207.84,1032.94
CONFIRMED_BASEMENT_PARKING_USE,층별개요 지하층(flrGbCd=10)의 용도에 주차장 포함,True,9.0,4715010500101460002,1230145125,경상북도 김천시 평화동 146-2번지,경상북도 김천시 김천로 51 (평화동),47150,10500,0,0146,0002,,,1,일반,2,일반건축물,0,주건축물,03000,제1종근린생활시설,"제1,2종근린생활시설",1,6,0,0,9,103.5,0,0,0,0,19971224,20221126,285.17,0,0,87.85,,1,0,0,,0,슬라브,철근콘크리트조,0,0,,27.8,0,0,0,,,10502,51,471503306005,0,0,324.6,19970411,,,,,,1,439,10,(철근)콘크리트,,1,,19970500,21,철근콘크리트구조,1988.8,1988.8,612.69,1988.8
CONFIRMED_BASEMENT_PARKING_USE,층별개요 지하층(flrGbCd=10)의 용도에 주차장 포함,True,25.0,4715010500102450091,1230134721,경상북도 김천시 평화동 245-91번지,경상북도 김천시 평화5길 7 (평화동),47150,10500,0,0245,0091,신천지타운,,2,집합,3,표제부,0,주건축물,02000,공동주택,아파트,1,5,0,0,25,0,0,0,3,0,19910706,20221126,988.86,0,0,0,,0,0,0,,0,스라브,철근콘크리트조,0,0,,0,26,15,0,,,10501,7,471504718872,0,0,0,19901108,,,,,,0,857,10,(철근)콘크리트,,0,,,21,철근콘크리트구조,4879.96,4879.96,0,3764.7
CONFIRMED_BASEMENT_PARKING_USE,층별개요 지하층(flrGbCd=10)의 용도에 주차장 포함,True,11.0,4715010500102450096,1230140421,경상북도 김천시 평화동 245-96번지,경상북도 김천시 김천로 66 (평화동),47150,10500,0,0245,0096,,,1,일반,2,일반건축물,0,주건축물,03000,제1종근린생활시설,"1종,2종근린생활시설",1,5,0,0,11,126.5,0,0,0,0,19990218,20221126,381.59,0,0,76.92,,0,0,0,,0,"슬라브, 판넬","철근콘크리트, 경량철골조(조립식)",0,0,,20,0,0,0,,,10502,66,471503306005,0,0,496.1,19970708,,,,,,1,861,10,(철근)콘크리트,,0,,19970728,21,철근콘크리트구조,1879.17,1879.17,292.87,1452.95
CONFIRMED_BASEMENT_PARKING_USE,층별개요 지하층(flrGbCd=10)의 용도에 주차장 포함,True,5.0,4715010500102450129,1230135006,경상북도 김천시 평화동 245-129번지,경상북도 김천시 김천로 62 (평화동),47150,10500,0,0245,0129,,,1,일반,2,일반건축물,0,주건축물,14000,업무시설,"업무시설,제2종근린생활시설,판매시설",1,8,0,0,5,57.5,0,0,2,23,19900516,20221126,0,0,0,0,,0,0,0,,0,스라브,철근콘크리트조,0,0,,0,0,0,0,,,10502,62,471503306005,0,0,0,19890410,,,,,,0,883,10,(철근)콘크리트,,1,,,21,철근콘크리트구조,2487.92,0,0,0
CONFIRMED_BASEMENT_PARKING_USE,층별개요 지하층(flrGbCd=10)의 용도에 주차장 포함,True,8.0,4715010500102680004,1230130418,경상북도 김천시 평화동 268-4번지,경상북도 김천시 김천로 108-2 (평화동),47150,10500,0,0268,0004,,,1,일반,2,일반건축물,0,주건축물,04000,제2종근린생활시설,근린생활시설,1,6,8,90.4,0,0,0,0,2,36.8,19960823,20260318,322.54,0,0,78.04,,1,0,0,,0,슬라브,"철근콘크리트조, 시멘트블록조",0,0,,0,0,0,0,,,10502,108,471503306005,2,0,413.3,19950410,,,,,,0,1093,10,(철근)콘크리트,,1,,19950526,21,철근콘크리트구조,2093.92,2093.92,449.43,1857.5
CONFIRMED_BASEMENT_PARKING_USE,층별개요 지하층(flrGbCd=10)의 용도에 주차장 포함,True,8.0,4715010600100500002,1230133531,경상북도 김천시 남산동 50-2번지,경상북도 김천시 김천로 154 (남산동),47150,10600,0,0050,0002,,,1,일반,2,일반건축물,0,주건축물,14000,업무시설,업무시설,1,3,0,0,8,92,0,0,19,218.5,19970327,20221126,661.695,0,0,28.45,,0,0,0,,0,스라브,철근콘크리트조,0,0,,18.95,0,0,0,,,10603,154,471503306005,0,0,2326.1,19951130,,,,,,0,355,10,(철근)콘크리트,,0,,19951130,21,철근콘크리트구조,2403.79,2403.79,75.42,1754.43
CONFIRMED_BASEMENT_PARKING_USE,층별개요 지하층(flrGbCd=10)의 용도에 주차장 포함,True,54.0,4715010700101290003,1230113278,경상북도 김천시 황금동 129-3번지,경상북도 김천시 양금로 196 (황금동),47150,10700,0,0129,0003,동보수정맨션,1동,2,집합,3,표제부,0,주건축물,02000,공동주택,아파트,1,15,0,0,54,1403.06,0,0,134,1449,19930618,20240208,2024.135,0,0,0,,1,0,0,,0,스라브,"철근콘크리트조, 시멘트조적조",0,0,,41.4,270,0,0,,,10701,196,471503306023,0,0,0,19910709,,,,,,7,676,10,(철근)콘크리트,,1,,19910814,21,철근콘크리트구조,30842.58,30906.14,0,27437.15
CONFIRMED_BASEMENT_PARKING_USE,층별개요 지하층(flrGbCd=10)의 용도에 주차장 포함,True,265.0,4715010800103940003,1230114945,경상북도 김천시 신음동 394-3번지,경상북도 김천시 시청로 46 (신음동),47150,10800,0,0394,0003,현대아파트,102동,2,집합,3,표제부,0,주건축물,02000,공동주택,아파트,1,22,0,0,265,0,0,0,435,0,19970423,20260706,498.844,98.5,1,1.56,,0,2,0,,0,평스라브,"철근콘크리트조, 시멘트벽돌조",0,0,,60,86,0,0,,,10801,46,471503306048,0,0,31919,19940922,,,,,,0,229,10,(철근)콘크리트,,1,,19941005,21,철근콘크리트구조,17812.425,8640.364,27.38,8738.864
CONFIRMED_BASEMENT_PARKING_USE,층별개요 지하층(flrGbCd=10)의 용도에 주차장 포함,True,265.0,4715010800103940003,1230114946,경상북도 김천시 신음동 394-3번지,경상북도 김천시 시청로 46 (신음동),47150,10800,0,0394,0003,현대아파트,107동,2,집합,3,표제부,0,주건축물,02000,공동주택,아파트,1,22,0,0,265,0,0,0,435,0,19961220,20260706,5715.142,98.5,1,17.905,,0,0,0,,0,평스라브,"철근콘크리트조, 시멘트벽돌조",0,0,,60,132,0,0,,,10801,46,471503306048,0,0,31919,19940922,,,,,,23,223,10,(철근)콘크리트,,1,,19941005,21,철근콘크리트구조,22410.281,98140.72,41.63,13286.72
CONFIRMED_BASEMENT_PARKING_USE,층별개요 지하층(flrGbCd=10)의 용도에 주차장 포함,True,265.0,4715010800103940003,1230114947,경상북도 김천시 신음동 394-3번지,경상북도 김천시 시청로 46 (신음동),47150,10800,0,0394,0003,현대아파트,108동,2,집합,3,표제부,0,주건축물,02000,공동주택,아파트,1,22,0,0,265,0,0,0,435,0,19961220,20260706,5715.142,98.5,1,17.905,,0,0,0,,0,평스라브,"철근콘크리트조, 시멘트벽돌조",0,0,,60,148,0,0,,,10801,46,471503306048,0,0,31919,19940922,,,,,,23,224,10,(철근)콘크리트,,1,,19941005,21,철근콘크리트구조,20637.748,98140.72,36.23,11564.187
CONFIRMED_BASEMENT_PARKING_USE,층별개요 지하층(flrGbCd=10)의 용도에 주차장 포함,True,265.0,4715010800103940003,1230114949,경상북도 김천시 신음동 394-3번지,경상북도 김천시 시청로 46 (신음동),47150,10800,0,0394,0003,현대아파트,105동,2,집합,3,표제부,0,주건축물,02000,공동주택,아파트,1,22,0,0,265,0,0,0,435,0,19961220,20260706,5715.142,98.5,1,17.905,,0,0,0,,0,평스라브,"철근콘크리트조, 시멘트벽돌조",0,0,,60,88,0,0,,,10801,46,471503306048,0,0,31919,19940922,,,,,,23,225,10,(철근)콘크리트,,1,,19941005,21,철근콘크리트구조,17997.541,98140.72,27.96,8923.98
CONFIRMED_BASEMENT_PARKING_USE,층별개요 지하층(flrGbCd=10)의 용도에 주차장 포함,True,265.0,4715010800103940003,1230114950,경상북도 김천시 신음동 394-3번지,경상북도 김천시 시청로 46 (신음동),47150,10800,0,0394,0003,현대아파트,104동,2,집합,3,표제부,0,주건축물,02000,공동주택,아파트,1,22,0,0,265,0,0,0,435,0,19970423,20260706,755.286,98.5,1,2.37,,0,3,0,,0,평스라브,"철근콘크리트조, 시멘트벽돌조",0,0,,60,110,0,0,,,10801,46,471503306048,0,0,31919,19940922,,,,,,0,226,10,(철근)콘크리트,,1,,19941005,21,철근콘크리트구조,22759.421,13587.36,42.88,13685.86
CONFIRMED_BASEMENT_PARKING_USE,층별개요 지하층(flrGbCd=10)의 용도에 주차장 포함,True,265.0,4715010800103940003,1230114951,경상북도 김천시 신음동 394-3번지,경상북도 김천시 시청로 46 (신음동),47150,10800,0,0394,0003,현대아파트,103동,2,집합,3,표제부,0,주건축물,02000,공동주택,아파트,1,22,0,0,265,0,0,0,435,0,19970423,20260706,614.406,98.5,1,1.92,,0,3,0,,0,평스라브,"철근콘크리트조, 시멘트벽돌조",0,0,,60,132,0,0,,,10801,46,471503306048,0,0,31919,19940922,,,,,,0,227,10,(철근)콘크리트,,1,,19941005,21,철근콘크리트구조,19158.725,9986.664,31.6,10085.164
CONFIRMED_BASEMENT_PARKING_USE,층별개요 지하층(flrGbCd=10)의 용도에 주차장 포함,True,265.0,4715010800103940003,1230114952,경상북도 김천시 신음동 394-3번지,경상북도 김천시 시청로 46 (신음동),47150,10800,0,0394,0003,현대아파트,101동,2,집합,3,표제부,0,주건축물,02000,공동주택,아파트,1,22,0,0,265,0,0,0,435,0,19970423,20260706,766.92,98.5,1,2.4,,0,3,0,,0,평스라브,"철근콘크리트조, 시멘트벽돌조",0,0,,60,132,0,0,,,10801,46,471503306048,0,0,31919,19940922,,,,,,0,222,10,(철근)콘크리트,,1,,19941005,21,철근콘크리트구조,22410.281,13238.22,41.78,13336.72
CONFIRMED_BASEMENT_PARKING_USE,층별개요 지하층(flrGbCd=10)의 용도에 주차장 포함,True,265.0,4715010800103940003,1230114953,경상북도 김천시 신음동 394-3번지,경상북도 김천시 시청로 46 (신음동),47150,10800,0,0394,0003,현대아파트,106동,2,집합,3,표제부,0,주건축물,02000,공동주택,아파트,1,22,0,0,265,0,0,0,435,0,19961220,20260706,5715.142,98.5,1,17.905,,0,0,0,,0,평스라브,"철근콘크리트조, 시멘트벽돌조",0,0,,60,132,0,0,,,10801,46,471503306048,0,0,31919,19940922,,,,,,23,228,10,(철근)콘크리트,,1,,19941005,21,철근콘크리트구조,19158.725,98140.72,31.6,10085.164
CONFIRMED_BASEMENT_PARKING_USE,층별개요 지하층(flrGbCd=10)의 용도에 주차장 포함,True,11.0,4715010800104710038,12301100236158,경상북도 김천시 신음동 471-38번지,경상북도 김천시 신음1길 29-11 (신음동),47150,10800,0,0471,0038,,,1,일반,2,일반건축물,0,주건축물,01000,단독주택,단독주택,1,5,0,0,11,212.81,0,0,6,65.2,20151218,20221126,234.75,0,0,55.63,,0,0,0,,0,스라브,철근콘크리트,18,0,,15.9,0,4,0,,,10801,29,471504718589,11,0,422,20150203,1101,신축허가,5060167,종합민원처리과,2015,1,344,10,(철근)콘크리트,,1,,20150217,21,철근콘크리트구조,996.08,996.08,197.33,832.72
CONFIRMED_BASEMENT_PARKING_USE,층별개요 지하층(flrGbCd=10)의 용도에 주차장 포함,True,10.0,4715010800104710039,12301100236039,경상북도 김천시 신음동 471-39번지,경상북도 김천시 신음1길 21 (신음동),47150,10800,0,0471,0039,,,1,일반,2,일반건축물,0,주건축물,01000,단독주택,단독주택,1,5,0,0,10,264.53,0,0,5,57.5,20151214,20221126,213.78,0,0,59.72,,0,0,0,,0,스라브,콘크리트구조,12,0,,16.1,0,6,0,,,10801,21,471504718589,0,0,358,20150203,1101,신축허가,5060167,종합민원처리과,2015,0,345,10,(철근)콘크리트,,1,,20150216,21,철근콘크리트구조,995.79,995.79,214.43,767.65
CONFIRMED_BASEMENT_PARKING_USE,층별개요 지하층(flrGbCd=10)의 용도에 주차장 포함,True,9.0,4715010800104710057,12301100239099,경상북도 김천시 신음동 471-57번지,경상북도 김천시 신음1길 23-6 (신음동),47150,10800,0,0471,0057,,,1,일반,2,일반건축물,0,주건축물,01000,단독주택,단독주택,1,5,0,0,9,259.28,0,0,4,46,20160401,20221126,202.95,0,0,59.69,,1,0,0,,0,스라브,콘크리트구조,16,0,,19.35,0,2,0,,,10801,23,471504718589,6,0,340,20150611,1101,신축허가,5060167,종합민원처리과,2015,1,358,10,(철근)콘크리트,,1,,20150811,21,철근콘크리트구조,998.87,998.87,213.59,726.22
CONFIRMED_BASEMENT_PARKING_USE,층별개요 지하층(flrGbCd=10)의 용도에 주차장 포함,True,8.0,4715010800104710064,12301100239138,경상북도 김천시 신음동 471-64번지,경상북도 김천시 신음1길 23-10 (신음동),47150,10800,0,0471,0064,,,1,일반,2,일반건축물,0,주건축물,01000,단독주택,"단독주택,업무시설",1,5,0,0,8,87.7,0,0,9,103.5,20160404,20221126,208.06,0,0,58.61,,1,0,0,,0,스라브,철근콘크리트구조,19,0,,19.35,0,4,0,,,10801,23,471504718589,10,0,355,20150611,1101,신축허가,5060167,종합민원처리과,2015,1,362,10,(철근)콘크리트,,1,,20150629,21,철근콘크리트구조,925.84,925.84,211.39,750.44
CONFIRMED_BASEMENT_PARKING_USE,층별개요 지하층(flrGbCd=10)의 용도에 주차장 포함,True,6.0,4715010800106890001,12301100206879,경상북도 김천시 신음동 689-1번지,,47150,10800,0,0689,0001,제이클래식,102,2,집합,3,표제부,0,주건축물,02000,공동주택,공동주택,1,4,0,0,6,69,0,0,2,23,20120817,20221126,218.79,0,0,34.73,,1,0,0,,0,(철근)콘크리트,철근콘크리트구조,0,0,,15.05,8,0,0,,,,0,,0,0,630,20110304,1101,신축허가,5060122,종합민원처리과,2011,1,543,10,(철근)콘크리트,,1,,20110405,21,철근콘크리트구조,846.31,846.31,101.16,637.33
CONFIRMED_BASEMENT_PARKING_USE,층별개요 지하층(flrGbCd=10)의 용도에 주차장 포함,True,8.0,4715010800106890004,12301100205279,경상북도 김천시 신음동 689-4번지,,47150,10800,0,0689,0004,제이클래식105,,2,집합,3,표제부,0,주건축물,02000,공동주택,공동주택,1,4,0,0,8,92,0,0,0,0,20120531,20221126,222.56,0,0,52.74,,0,0,0,,0,(철근)콘크리트,철근콘크리트구조,0,0,,15.4,8,0,0,,,,0,,0,0,422,20110902,1101,신축허가,5060122,종합민원처리과,2011,1,546,10,(철근)콘크리트,,1,,20110920,21,철근콘크리트구조,841.66,841.66,151.13,637.75
CONFIRMED_BASEMENT_PARKING_USE,층별개요 지하층(flrGbCd=10)의 용도에 주차장 포함,True,10.0,4715010800107830009,1230142072,경상북도 김천시 신음동 783-9번지,경상북도 김천시 시청로 107 (신음동),47150,10800,0,0783,0009,,,1,일반,2,일반건축물,0,주건축물,03000,제1종근린생활시설,"제1·2종근린생활시설, 단독주택",1,3,0,0,10,125,0,0,0,0,19980300,20240311,529,0,0,66.71,,0,0,0,,0,스라브,"철근콘크리트, 경량철골조, 시멘트벽돌조",1,0,,13.5,0,0,0,,,10801,107,471503306048,0,0,793,19970524,,,,,,0,602,10,(철근)콘크리트,,0,,19970714,21,철근콘크리트구조,1844.45,1844.45,149.05,1181.95
CONFIRMED_BASEMENT_PARKING_USE,층별개요 지하층(flrGbCd=10)의 용도에 주차장 포함,True,14.0,4715010800109890010,12301100210263,경상북도 김천시 신음동 989-10번지,경상북도 김천시 시청로 79 (신음동),47150,10800,0,0989,0010,,,1,일반,2,일반건축물,0,주건축물,03000,제1종근린생활시설,"제1,2종근린생활시설",1,7,0,0,14,166,0,0,4,46,20130405,20221229,442.12,0,0,69.63,,0,0,0,,0,평스라브,철근콘크리트구조,0,0,,34.75,0,0,0,,,10801,79,471503306048,0,0,635,20120410,1101,신축허가,5060122,종합민원처리과,2012,1,754,10,(철근)콘크리트,,1,,20120516,21,철근콘크리트구조,3494.8,3494.8,483.12,3067.8
CONFIRMED_BASEMENT_PARKING_USE,층별개요 지하층(flrGbCd=10)의 용도에 주차장 포함,True,4.0,4715010800110190003,12301100233621,경상북도 김천시 신음동 1019-3번지,경상북도 김천시 신양길 42 (신음동),47150,10800,0,1019,0003,,,1,일반,2,일반건축물,0,주건축물,01000,단독주택,단독주택,1,4,0,0,4,55.62,0,0,4,46,20150909,20221126,173.16,0,0,58.9,,0,0,0,,0,(철근)콘크리트,철근콘크리트구조,10,0,,14.65,0,0,0,,,10801,42,471504718583,0,0,294,20150313,1101,신축허가,5060167,종합민원처리과,2015,0,900,10,(철근)콘크리트,,1,,20150318,21,철근콘크리트구조,739.83,739.83,198.41,583.32
CONFIRMED_BASEMENT_PARKING_USE,층별개요 지하층(flrGbCd=10)의 용도에 주차장 포함,True,93.0,4715010800112730000,123016581,경상북도 김천시 신음동 1273번지,경상북도 김천시 시청6길 27 (신음동),47150,10800,0,1273,0000,덕일아파트,101동,2,집합,3,표제부,0,주건축물,02000,공동주택,아파트,1,13,0,0,93,1069.5,0,0,70,805,19931129,20230413,1097.55,2675.6,3,0,,0,0,0,,0,"스라브, 스라브위기와, 스레이트","철근콘크리트조, 시멘트벽돌조, 시멘트벽돌조(적벽돌)",8,0,,0,104,8,0,,,10801,27,471504718555,0,0,0,19920803,,,,,,4,1049,10,(철근)콘크리트,,1,,19920819,21,철근콘크리트구조,10783.15,10783.15,0,8208.27
CONFIRMED_BASEMENT_PARKING_USE,층별개요 지하층(flrGbCd=10)의 용도에 주차장 포함,True,4.0,4715010800112870007,1230143462,경상북도 김천시 신음동 1287-7번지,경상북도 김천시 시청2길 49 (신음동),47150,10800,0,1287,0007,,,1,일반,2,일반건축물,0,주건축물,04000,제2종근린생활시설,"제1,2종근린생활시설,주차장,창고,노유자시설",1,4,0,0,4,145.41,0,0,2,23,19960326,20221126,236.49,0,0,69.82,,0,0,0,,0,슬라브,철근콘크리트조,0,0,,16.95,0,0,0,,,10801,49,471504718551,0,0,338.7,19950427,,,,,,0,1140,10,(철근)콘크리트,,0,,19950516,21,철근콘크리트구조,1167.54,1167.54,272.84,924.11
CONFIRMED_BASEMENT_PARKING_USE,층별개요 지하층(flrGbCd=10)의 용도에 주차장 포함,True,2.0,4715011000110050051,12301100276784,경상북도 김천시 삼락동 1005-51번지,경상북도 김천시 거문들4길 163-13 (삼락동),47150,11000,0,1005,0051,,,1,일반,2,일반건축물,0,주건축물,01000,단독주택,단독주택,1,2,0,0,2,51.59,0,0,0,0,20200304,20221126,162.77,0,0,18.93,,2,0,0,,0,(철근)콘크리트,철근콘크리트구조,1,0,,10.7,0,0,0,,,11001,163,471504855499,13,0,860,20190619,1101,신축허가,5060194,건축디자인과,2019,0,487,10,(철근)콘크리트,,0,,20190703,21,철근콘크리트구조,301.94,301.94,26.75,230.09
CONFIRMED_BASEMENT_PARKING_USE,층별개요 지하층(flrGbCd=10)의 용도에 주차장 포함,True,39.0,4715011300100660000,1230110133,경상북도 김천시 백옥동 66번지,경상북도 김천시 백옥길 5 (백옥동),47150,11300,0,0066,0000,한보아파트,102동,2,집합,3,표제부,0,주건축물,02000,공동주택,아파트,1,13,0,0,39,1609.92,0,0,29,333.5,19960613,20251210,454.87,0,0,9.87,,1,0,0,,0,콘크리트평스라브,철근콘크리트벽식,0,0,,35.3,45,0,0,,,11301,5,471504718391,0,0,4607,19930322,,,,,,2,27,10,(철근)콘크리트,,1,,19930519,21,철근콘크리트구조,5797.985,5797.985,90.23,4157.1
CONFIRMED_BASEMENT_PARKING_USE,층별개요 지하층(flrGbCd=10)의 용도에 주차장 포함,True,28.0,4715011300100660000,1230110134,경상북도 김천시 백옥동 66번지,경상북도 김천시 백옥길 5 (백옥동),47150,11300,0,0066,0000,한보아파트,101동,2,집합,3,표제부,0,주건축물,02000,공동주택,아파트,1,21,0,0,28,1316.315,0,0,22,253,19960613,20251210,476.73,0,0,10.35,,1,0,0,,0,콘크리트평슬라브,철근콘크리트벽식,0,0,,57.2,119,0,0,,,11301,5,471504718391,0,0,4607,19930322,,,,,,2,25,10,(철근)콘크리트,,1,,19930519,21,철근콘크리트구조,10940.395,10940.395,205.46,9465.69
CONFIRMED_BASEMENT_PARKING_USE,층별개요 지하층(flrGbCd=10)의 용도에 주차장 포함,True,19.0,4715011300102430001,1230126849,경상북도 김천시 백옥동 243-1번지,경상북도 김천시 백옥길 50 (백옥동),47150,11300,0,0243,0001,건화백옥타운,101동,2,집합,3,표제부,0,주건축물,02000,공동주택,아파트,1,6,0,0,19,959.27,0,0,14,0,19920630,20221126,953.845,0,0,34.71,,0,0,0,,0,슬라브,철근콘크리트벽식구조,0,0,,17.9,60,0,0,,,11301,50,471504718391,0,0,2747.44,19910730,,,,,,0,125,10,(철근)콘크리트,,1,,19910820,21,철근콘크리트구조,6377.03,6377.03,179.97,4944.62
CONFIRMED_BASEMENT_PARKING_USE,층별개요 지하층(flrGbCd=10)의 용도에 주차장 포함,True,76.0,4715011400104160007,12301100196752,경상북도 김천시 부곡동 416-7번지,경상북도 김천시 부곡중앙5길 14 (부곡동),47150,11400,0,0416,0007,김천한성사랑채주상복합,,2,집합,3,표제부,0,주건축물,02000,공동주택,"공동주택,제1.2종근린생활시설",1,15,0,0,76,2451.2185,0,0,74,859.45,20110111,20221126,2107.3395,0,0,56.07,,0,0,64.5,,0,"경사,평스라브",철근콘크리트구조,0,0,,48.1,126,0,0,,,11401,14,471504718440,0,0,3758.7,20090102,1101,신축허가,5060122,종합민원처리과,2009,4,715,10,(철근)콘크리트,,1,,20090317,21,철근콘크리트구조,18131.5849,18131.5849,397.17,14928.3706
CONFIRMED_BASEMENT_PARKING_USE,층별개요 지하층(flrGbCd=10)의 용도에 주차장 포함,True,16.0,4715011400105950000,1230131364,경상북도 김천시 부곡동 595번지,경상북도 김천시 가메실1길 12-6 (부곡동),47150,11400,0,0595,0000,한일백합타운,,2,집합,3,표제부,0,주건축물,02000,공동주택,아파트,1,13,0,0,16,442.35,0,0,35,402.5,19950907,20251218,733.16,137.38,4,23.66,,1,0,0,,0,스라브,철근콘크리트,0,0,,36,77,0,0,,,11401,12,471504718003,6,0,3081,19940418,,,,,,3,1242,10,(철근)콘크리트,,1,,19950615,21,철근콘크리트구조,7977.52,7977.52,225,6932.32
CONFIRMED_BASEMENT_PARKING_USE,층별개요 지하층(flrGbCd=10)의 용도에 주차장 포함,True,130.0,4715011400107650000,1230114980,경상북도 김천시 부곡동 765번지,경상북도 김천시 문지왈3길 14 (부곡동),47150,11400,0,0765,0000,아트빌,지하주차장,2,집합,3,표제부,0,주건축물,02000,공동주택,공동주택,1,1,0,0,130,0,0,0,156,0,20020327,20221126,108.765,0,0,0,,0,11,0,,0,슬라브,철근콘크리트조,0,0,,0,0,0,0,,,11401,14,471504718363,0,0,0,19940324,,,,,,0,1327,10,(철근)콘크리트,,0,,19940408,21,철근콘크리트구조,4206.855,4206.855,0,120.015
CONFIRMED_BASEMENT_PARKING_USE,층별개요 지하층(flrGbCd=10)의 용도에 주차장 포함,True,18.0,4715011500104080002,12301100239341,경상북도 김천시 지좌동 408-2번지,경상북도 김천시 체육공원길 60 (지좌동),47150,11500,0,0408,0002,,,2,집합,3,표제부,0,주건축물,02000,공동주택,공동주택,1,7,0,0,18,212.7,0,0,11,155.9,20160412,20221126,416.92,0,0,23.33,,0,0,0,,0,(철근)콘크리트,철근콘크리트구조,0,0,,19.5,28,0,0,,,11501,60,471504718834,0,0,1787,20140811,1101,신축허가,5060167,종합민원처리과,2014,2,192,10,(철근)콘크리트,,1,,20150403,21,철근콘크리트구조,2809.424,2809.424,128.7,2299.944
CONFIRMED_BASEMENT_PARKING_USE,층별개요 지하층(flrGbCd=10)의 용도에 주차장 포함,True,12.0,4715011500107720001,1230131900,경상북도 김천시 지좌동 772-1번지,경상북도 김천시 황산3길 45 (지좌동),47150,11500,0,0772,0001,가람아파트,,2,집합,3,표제부,0,주건축물,02000,공동주택,아파트,1,5,0,0,12,0,0,0,3,0,19920831,20221126,592.795,0,0,45.32,,0,0,0,,0,경사스라브위기와,철근콘크리트조,0,0,,14.8,40,0,0,,,11501,45,471504718966,0,0,1308,19911030,,,,,,0,768,10,(철근)콘크리트,,0,,19920106,21,철근콘크리트구조,2980.26,2980.26,193.46,2530.5
CONFIRMED_BASEMENT_PARKING_USE,층별개요 지하층(flrGbCd=10)의 용도에 주차장 포함,True,2.0,4715011800100180001,12301100251971,경상북도 김천시 응명동 18-1번지,경상북도 김천시 매목길 206-37 (응명동),47150,11800,0,0018,0001,,,1,일반,2,일반건축물,0,주건축물,01000,단독주택,단독주택,1,1,0,0,2,46.66,0,0,0,0,20170504,20221126,96.82,0,0,23.27,,0,0,0,,0,아스팔트슁글,"철근콘크리트구조,목구조",1,0,,3.98,0,0,0,,,11702,206,471504718306,37,0,416,20130613,1101,신축허가,5060122,종합민원처리과,2013,0,29,90,기타지붕,,0,,20130620,21,철근콘크리트구조,193.73,193.73,23.27,96.82
CONFIRMED_BASEMENT_PARKING_USE,층별개요 지하층(flrGbCd=10)의 용도에 주차장 포함,True,14.0,4715012000106560000,12301100235121,경상북도 김천시 율곡동 656번지,경상북도 김천시 혁신4로 59 (율곡동),47150,12000,0,0656,0000,,,2,집합,3,표제부,0,주건축물,03000,제1종근린생활시설,제1종근린생활시설,1,5,0,0,14,444.23,0,0,0,0,20151111,20221126,452.83,0,0,69.86,,0,0,0,,0,(철근)콘크리트,철근콘크리트구조,0,0,,21.3,0,0,0,,,12001,59,471503306064,0,0,648.2,20141023,1101,신축허가,5060167,종합민원처리과,2014,1,436,10,(철근)콘크리트,,1,,20141112,21,철근콘크리트구조,2769.38,2769.38,346.94,2248.85
CONFIRMED_BASEMENT_PARKING_USE,층별개요 지하층(flrGbCd=10)의 용도에 주차장 포함,True,105.0,4715012000106570000,12301100297322,경상북도 김천시 율곡동 657번지,경상북도 김천시 용전1로1길 17 (율곡동),47150,12000,0,0657,0000,,,1,일반,2,일반건축물,0,주건축물,10000,교육연구시설,교육연구시설,1,2,0,0,105,0,0,0,15,0,20220706,20221216,3762.21,0,0,45.4,,0,0,0,,0,철근콘크리트,철근콘크리트구조,0,0,,16,0,0,0,,,12001,17,471504724530,0,0,8287.1,20200604,5200,공용건축물,5060194,건축디자인과,2020,3,437,10,(철근)콘크리트,VII-0.239g,1,,20201006,21,철근콘크리트구조,10163.57,10163.57,70.77,5864.54
CONFIRMED_BASEMENT_PARKING_USE,층별개요 지하층(flrGbCd=10)의 용도에 주차장 포함,True,9.0,4715012000106610000,12301100236638,경상북도 김천시 율곡동 661번지,경상북도 김천시 혁신4로 61 (율곡동),47150,12000,0,0661,0000,,,1,일반,2,일반건축물,0,주건축물,03000,제1종근린생활시설,제1종근린생활시설,1,5,0,0,9,103.5,0,0,0,0,20160108,20250701,318.87,0,0,69.88,,0,0,0,,0,평스라브,철근콘크리트구조,0,0,,23.7,0,0,0,,,12001,61,471503306064,0,0,456.3,20140926,1101,신축허가,5060167,종합민원처리과,2014,1,439,10,(철근)콘크리트,,1,,20141103,21,철근콘크리트구조,1975.07,1975.07,349.41,1594.35
CONFIRMED_BASEMENT_PARKING_USE,층별개요 지하층(flrGbCd=10)의 용도에 주차장 포함,True,14.0,4715012000106750000,12301100249674,경상북도 김천시 율곡동 675번지,경상북도 김천시 혁신4로 81 (율곡동),47150,12000,0,0675,0000,,,1,일반,2,일반건축물,0,주건축물,03000,제1종근린생활시설,"제1,2종근린생활시설",1,5,0,0,14,166,0,0,0,0,20161228,20240129,465.515,0,0,69.92,,0,0,0,,0,(철근)콘크리트,철근콘크리트구조,0,0,,25.3,0,0,0,,,12001,81,471503306064,0,0,665.8,20151106,1101,신축허가,5060167,종합민원처리과,2015,1,447,10,(철근)콘크리트,,1,,20160211,21,철근콘크리트구조,2896.73,2896.73,349.4,2326.275
CONFIRMED_BASEMENT_PARKING_USE,층별개요 지하층(flrGbCd=10)의 용도에 주차장 포함,True,198.0,4715012000107770000,12301100220113,경상북도 김천시 율곡동 777번지,경상북도 김천시 혁신3로 16 (율곡동),47150,12000,0,0777,0000,로제니아,로제니아,2,집합,3,표제부,0,주건축물,15000,숙박시설,"숙박시설,근린생활시설,문화및집회시설",2,16,152,0,46,0,0,0,0,0,20140725,20221126,1804.2,0,0,61.96,,0,2,65.8,,0,(철근)콘크리트,철근콘크리트구조,0,0,,56.51,0,451,0,,,12001,16,471503306063,0,0,2911.9,20121220,1101,신축허가,5060122,종합민원처리과,2012,4,590,10,(철근)콘크리트,,1,,20130121,21,철근콘크리트구조,25794.8991,25794.8991,786.55,22903.4091
CONFIRMED_BASEMENT_PARKING_USE,층별개요 지하층(flrGbCd=10)의 용도에 주차장 포함,True,140.0,4715012000107790000,12301100261034,경상북도 김천시 율곡동 779번지,경상북도 김천시 혁신2로 50 (율곡동),47150,12000,0,0779,0000,신남라인프라자,,2,집합,3,표제부,0,주건축물,20000,자동차관련시설,"자동차관련시설,제1,2종근린생활시설",1,4,0,0,140,0,0,0,0,0,20180615,20221126,2554.06,0,0,79.45,,0,0,0,,0,철골구조,철근콘크리트구조,0,0,,20,0,36,0,,,12001,50,471503306078,0,0,3214.5,20161025,1101,신축허가,5060194,건축디자인과,2016,2,591,90,기타지붕,,1,,20170406,21,철근콘크리트구조,10077.67,10077.67,311.74,10020.82
CONFIRMED_BASEMENT_PARKING_USE,층별개요 지하층(flrGbCd=10)의 용도에 주차장 포함,True,27.0,4715012000107910000,12301100235538,경상북도 김천시 율곡동 791번지,경상북도 김천시 혁신3로 22 (율곡동),47150,12000,0,0791,0000,탑클래스,,2,집합,3,표제부,0,주건축물,03000,제1종근린생활시설,제1종근린생활시설,1,5,0,0,27,315.65,0,0,0,0,20151123,20221126,815.13,0,0,69.52,,0,0,0,,0,평스라브,철근콘크리트구조,0,0,,23.2,0,41,0,,,12001,22,471503306063,0,0,1172.5,20140911,1101,신축허가,5060167,종합민원처리과,2014,1,605,10,(철근)콘크리트,,1,,20141008,21,철근콘크리트구조,4313.13,4313.13,292.26,3426.76
CONFIRMED_BASEMENT_PARKING_USE,층별개요 지하층(flrGbCd=10)의 용도에 주차장 포함,True,30.0,4715012000107920000,12301100244358,경상북도 김천시 율곡동 792번지,경상북도 김천시 혁신3로 26 (율곡동),47150,12000,0,0792,0000,드림타워,,2,집합,3,표제부,0,주건축물,03000,제1종근린생활시설,제1종근린생활시설,1,5,0,0,30,342.1,0,0,0,0,20160804,20250123,809.88,0,0,68.99,,0,0,0,,0,(철근)콘크리트,철근콘크리트구조,0,0,,22.1,0,29,0,,,12001,26,471503306063,0,0,1173.9,20150821,1101,신축허가,5060167,종합민원처리과,2015,1,606,10,(철근)콘크리트,VII-0.239g,1,,20151015,21,철근콘크리트구조,4944.14,4944.14,341.12,4004.4
CONFIRMED_BASEMENT_PARKING_USE,층별개요 지하층(flrGbCd=10)의 용도에 주차장 포함,True,31.0,4715012000107930000,12301100232300,경상북도 김천시 율곡동 793번지,경상북도 김천시 혁신3로 19 (율곡동),47150,12000,0,0793,0000,드림스퀘어,,2,집합,3,표제부,0,주건축물,03000,제1종근린생활시설,제1종근린생활시설,1,4,0,0,31,362.65,0,0,0,0,20150714,20250102,1014.16,0,0,62.17,,0,0,0,,0,(철근)콘크리트,철골철근콘크리트구조,0,0,,19.1,0,37,0,,,12001,19,471503306063,0,0,1631.4,20140821,1101,신축허가,5060167,종합민원처리과,2014,1,607,10,(철근)콘크리트,,1,,20140929,42,철골철근콘크리트구조,5301.28,5301.28,244.88,3994.9
CONFIRMED_BASEMENT_PARKING_USE,층별개요 지하층(flrGbCd=10)의 용도에 주차장 포함,True,10.0,4715012000107960000,12301100218132,경상북도 김천시 율곡동 796번지,경상북도 김천시 혁신2로 26 (율곡동),47150,12000,0,0796,0000,,,1,일반,2,일반건축물,0,주건축물,14000,업무시설,업무시설,1,5,0,0,10,118.5,0,0,32,373,20140411,20221126,1160.13,0,0,26.85,,0,0,0,1,0,평슬라브,철근콘크리트구조,0,0,,26.25,0,0,0,,,12001,26,471503306078,0,0,4321.1,20111212,1101,신축허가,5060122,종합민원처리과,2011,1,609,10,(철근)콘크리트,,1,,20120524,21,철근콘크리트구조,4917.98,4917.98,87.93,3799.3
CONFIRMED_BASEMENT_PARKING_USE,층별개요 지하층(flrGbCd=10)의 용도에 주차장 포함,True,530.0,4715012000107970000,12301100243518,경상북도 김천시 율곡동 797번지,경상북도 김천시 혁신1로 81 (율곡동),47150,12000,0,0797,0000,한신休시티,,2,집합,3,표제부,0,주건축물,14000,업무시설,오피스텔,1,28,0,0,530,16440.08,0,0,176,2020,20160728,20221126,5017.31,0,0,78.16,,0,1,0,,0,(철근)콘크리트(평지붕),철근콘크리트구조,0,0,,97.2,0,791,0,,,12002,81,471503306074,0,0,6419.6,20140528,1101,신축허가,5060167,종합민원처리과,2014,4,610,10,(철근)콘크리트,,1,,20140615,21,철근콘크리트구조,48616.41,48616.41,496.32,31861.63
CONFIRMED_BASEMENT_PARKING_USE,층별개요 지하층(flrGbCd=10)의 용도에 주차장 포함,True,43.0,4715012000108020000,12301100246871,경상북도 김천시 율곡동 802번지,경상북도 김천시 혁신3로 40 (율곡동),47150,12000,0,0802,0000,,,2,집합,3,표제부,0,주건축물,03000,제1종근린생활시설,"제1,2종근린생활시설,위락시설",1,3,0,0,43,1261.98,0,0,0,0,20161116,20221126,1676.43,0,0,66.02,,0,0,0,,0,(철근)콘크리트,철근콘크리트구조,0,0,,17.52,0,0,0,,,12001,40,471503306063,0,0,2539.2,20151229,,,,,,0,617,10,(철근)콘크리트,,1,,20160212,21,철근콘크리트구조,6195.45,6195.45,188.83,4794.88
CONFIRMED_BASEMENT_PARKING_USE,층별개요 지하층(flrGbCd=10)의 용도에 주차장 포함,True,45.0,4715012000108040000,12301100291941,경상북도 김천시 율곡동 804번지,경상북도 김천시 혁신1로 86 (율곡동),47150,12000,0,0804,0000,,한국법무보호복지공단청사,1,일반,2,일반건축물,0,주건축물,14000,업무시설,업무시설,2,4,0,0,45,0,0,0,0,0,20211201,20221126,967.64,0,0,71.15,,0,0,0,,0,콘크리트,철근콘크리트구조,0,0,,19.65,0,0,0,,,12002,86,471503306074,0,0,1360,20200416,1101,신축허가,5060194,건축디자인과,2020,2,618,10,(철근)콘크리트,VII-0.239g,1,,20200720,21,철근콘크리트구조,5286.56,5287.56,251.5,3420.42
CONFIRMED_BASEMENT_PARKING_USE,층별개요 지하층(flrGbCd=10)의 용도에 주차장 포함,True,167.0,4715012000108080000,12301100291328,경상북도 김천시 율곡동 808번지,경상북도 김천시 혁신3로 39 (율곡동),47150,12000,0,0808,0000,,김천율곡동스타메디,2,집합,3,표제부,0,주건축물,09000,의료시설,의료시설,3,8,0,0,167,6089.96,0,0,0,0,20211125,20221126,1977.26,0,0,77.7,,0,0,65.69,,0,콘크리트,철근콘크리트구조,0,0,,30.8,0,38,0,,,12001,39,471503306063,0,0,2544.7,20181026,1101,신축허가,5060194,건축디자인과,2018,6,619,10,(철근)콘크리트,VII-0.280g,1,,20190415,21,철근콘크리트구조,20230.12,20230.12,551.4,14031.35
CONFIRMED_BASEMENT_PARKING_USE,층별개요 지하층(flrGbCd=10)의 용도에 주차장 포함,True,378.0,4715012000108110000,12301100229699,경상북도 김천시 율곡동 811번지,경상북도 김천시 혁신3로 46 (율곡동),47150,12000,0,0811,0000,,영무 메트로,2,집합,3,표제부,0,주건축물,14000,업무시설,"업무시설(오피스텔,사무소,금융업소),제1,2종근린생활시설,판매시설",3,15,222,152.25,156,5746.7628,0,0,0,0,20150608,20221126,2087.206,0,0,76.99,,0,1,0,,0,평지붕,철근콘크리트구조,0,0,,50.3,0,437,0,,,12001,46,471503306063,0,0,2711,20130926,,,,,,3,621,10,(철근)콘크리트,,1,,20131004,21,철근콘크리트구조,27152.1814,27152.1814,757.63,20539.2208
CONFIRMED_BASEMENT_PARKING_USE,층별개요 지하층(flrGbCd=10)의 용도에 주차장 포함,True,442.0,4715012000108120000,12301100240538,경상북도 김천시 율곡동 812번지,경상북도 김천시 혁신1로 58 (율곡동),47150,12000,0,0812,0000,김천 코아루 파크드림 시티,,2,집합,3,표제부,0,주건축물,14000,업무시설,오피스텔,3,26,351,2653.655,91,4056.812,0,0,0,0,20160525,20221126,1944.464,0,0,71.75,,0,1,62,,0,(철근)콘크리트,철근콘크리트구조,0,0,,96.7,0,496,0,,,12002,58,471503306074,0,0,2710,20130926,1101,신축허가,5060167,종합민원처리과,2013,6,622,10,(철근)콘크리트,,1,,20131030,21,철근콘크리트구조,32225.378,32225.378,925.41,25078.467
CONFIRMED_BASEMENT_PARKING_USE,층별개요 지하층(flrGbCd=10)의 용도에 주차장 포함,True,5.0,4715012000109220000,1000000000000005324188,경상북도 김천시 율곡동 922번지,,47150,12000,0,0922,0000,,,1,일반,2,일반건축물,0,주건축물,05000,문화및집회시설,문화및집회시설,1,1,0,0,5,85.8,0,0,68,919.36,20250304,20250425,2258.28,0,0,16.39,,7,0,0,,0,(철근)콘크리트,일반철골구조,0,0,,14,0,0,0,,,,0,,0,,13780,20220826,5200,공용건축물,5060194,건축디자인과,2022,1,639,10,(철근)콘크리트,VIII-0.2039g,1,,20230704,31,일반철골구조,2997.89,2997.89,16.2,2231.8
CONFIRMED_BASEMENT_PARKING_USE,층별개요 지하층(flrGbCd=10)의 용도에 주차장 포함,True,628.0,4715012000109410000,12301100222500,경상북도 김천시 율곡동 941번지,경상북도 김천시 혁신8로 77 (율곡동),47150,12000,0,0941,0000,한국도로공사,본관,1,일반,2,일반건축물,0,주건축물,14000,업무시설,업무시설,2,25,0,0,628,21476.48,0,0,258,0,20141017,20221126,11696.98,0,0,0,,0,2,0,,0,(철근)콘크리트,철골철근콘크리트구조,0,0,,115.35,0,0,0,,,12001,77,471503306066,0,0,0,20110523,1101,신축허가,5060122,종합민원처리과,2011,12,660,10,(철근)콘크리트,,1,,20110812,42,철골철근콘크리트구조,97179.58,97179.58,0,68879.05
CONFIRMED_BASEMENT_PARKING_USE,층별개요 지하층(flrGbCd=10)의 용도에 주차장 포함,True,120.0,4715012000111230000,12301100245399,경상북도 김천시 율곡동 1123번지,경상북도 김천시 혁신2로 15 (율곡동),47150,12000,0,1123,0000,더스퀘어,,2,집합,3,표제부,0,주건축물,03000,제1종근린생활시설,"제1,2종근린생활시설,판매시설,문화및집회시설,교육연구시설",1,5,0,0,120,0,0,0,0,0,20161010,20241215,3357.2,0,0,73.45,,0,0,0,,0,기타지붕,철골철근콘크리트구조,0,0,,24.5,0,3,0,,,12001,15,471503306078,0,0,4571,20150901,1101,신축허가,5060167,종합민원처리과,2015,3,761,90,기타지붕,,1,,20150909,42,철골철근콘크리트구조,16146.83,16146.83,273.01,12479.44
CONFIRMED_BASEMENT_PARKING_USE,층별개요 지하층(flrGbCd=10)의 용도에 주차장 포함,True,2.0,4715025029100130008,12301100290261,경상북도 김천시 아포읍 송천리 13-8번지,경상북도 김천시 숭산길 250-169 (아포읍 송천리),47150,25029,0,0013,0008,,1동,1,일반,2,일반건축물,0,주건축물,01000,단독주택,단독주택,1,2,0,0,2,25,0,0,0,0,20211103,20221126,123.65,0,0,24.78,,1,0,0,,0,경사지붕,철근콘크리트구조,1,0,,8.6,0,0,0,,,25001,250,471504718547,169,0,499,20190906,1201,신축신고,5060194,건축디자인과,2019,0,1,10,(철근)콘크리트,0.1907g,1,,,21,철근콘크리트구조,193.42,193.42,38.76,193.42
CONFIRMED_BASEMENT_PARKING_USE,층별개요 지하층(flrGbCd=10)의 용도에 주차장 포함,True,2.0,4715031024112830000,12301100284619,경상북도 김천시 농소면 용암리 1283번지,경상북도 김천시 도공촌3길 21 (농소면 용암리),47150,31024,0,1283,0000,,2동,1,일반,2,일반건축물,1,부속건축물,01000,단독주택,단독주택,1,0,0,0,2,36.3,0,0,0,0,20210322,20221126,0,0,0,0,,0,0,0,,0,철근콘크리트,철근콘크리트구조,0,0,,3.65,0,0,0,,,31001,21,471504856888,0,0,0,20200609,1101,신축허가,5060194,건축디자인과,2020,0,2,10,(철근)콘크리트,VII-0.2288g,1,,20200713,21,철근콘크리트구조,36.3,36.3,0,0
CONFIRMED_BASEMENT_PARKING_USE,층별개요 지하층(flrGbCd=10)의 용도에 주차장 포함,True,1.0,4715036029106280001,12301100181445,경상북도 김천시 어모면 능치리 628-1번지,경상북도 김천시 신애길 133-17 (어모면 능치리),47150,36029,0,0628,0001,,,1,일반,2,일반건축물,0,주건축물,01000,단독주택,단독주택(다가구3),1,2,0,0,1,47.88,0,0,3,34.5,20080327,20221126,336.55,0,0,34,,0,0,0,,0,갈바륨강판,철근콘크리트구조,3,0,,8.46,0,0,0,,,36001,133,471504718578,17,0,990,20070913,1101,신축허가,5060075,종합민원처리과,2007,0,1,90,기타지붕,,0,,20070919,21,철근콘크리트구조,512.64,512.64,39.41,390.15
CONFIRMED_BASEMENT_PARKING_USE,층별개요 지하층(flrGbCd=10)의 용도에 주차장 포함,True,10.0,4715038021108080001,12301100227036,경상북도 김천시 대항면 향천리 808-1번지,경상북도 김천시 향천2길 12 (대항면 향천리),47150,38021,0,0808,0001,,,2,집합,3,표제부,0,주건축물,02000,공동주택,공동주택,1,4,0,0,10,191.1,0,0,3,39.5,20150410,20221126,355.09,0,0,44.28,,0,0,0,,0,(철근)콘크리트,철근콘크리트구조,0,0,,13.5,12,0,0,,,38001,12,471504718936,0,0,802,20100721,1101,신축허가,5060122,종합민원처리과,2010,0,307,10,(철근)콘크리트,,1,,20101120,21,철근콘크리트구조,1339.447,1339.447,140.71,1128.502
CONFIRMED_BASEMENT_PARKING_USE,층별개요 지하층(flrGbCd=10)의 용도에 주차장 포함,True,7.0,4717010100100910002,12311893,경상북도 안동시 삼산동 91-2번지,경상북도 안동시 문화광장길 66 (삼산동),47170,10100,0,0091,0002,,,1,일반,2,일반건축물,0,주건축물,04000,제2종근린생활시설,근린생활시설,1,4,0,0,7,0,0,0,14,0,19961122,20221126,550.75,0,0,35.74,,0,0,0,,0,스라브,철근콘크리트,0,0,,22.95,0,0,0,,,10101,66,471704721412,0,0,1541,19960904,,,,,,0,37,10,(철근)콘크리트,,0,,19961004,21,철근콘크리트구조,2686.64,2686.64,139.42,2148.48
CONFIRMED_BASEMENT_PARKING_USE,층별개요 지하층(flrGbCd=10)의 용도에 주차장 포함,True,12.0,4717010100100930002,12311985,경상북도 안동시 삼산동 93-2번지,경상북도 안동시 서동문로 186 (삼산동),47170,10100,0,0093,0002,,,2,집합,3,표제부,0,주건축물,03000,제1종근린생활시설,"근린생활시설, 위락시설",1,7,12,171.02,0,0,0,0,0,0,19951123,20221126,254.24,0,0,74.56,,0,0,0,,0,평스라브,철근콘크리트조,0,0,,24.4,0,10,0,,,10101,186,471703307019,0,0,341,19940608,,,,,,1,39,10,(철근)콘크리트,,0,,19940622,21,철근콘크리트구조,1946.46,1946.46,509.83,1738.52
CONFIRMED_BASEMENT_PARKING_USE,층별개요 지하층(flrGbCd=10)의 용도에 주차장 포함,True,5.0,4717010200100890004,123111005,경상북도 안동시 서부동 89-4번지,경상북도 안동시 서동문로 160-1 (서부동),47170,10200,0,0089,0004,,,1,일반,2,일반건축물,0,주건축물,03000,제1종근린생활시설,근린생활시설,1,4,0,0,5,199.58,0,0,0,0,19961118,20221126,243.51,0,0,78.56,,0,0,0,,0,평스라브,철근콘크리트,0,0,,18.5,0,0,0,,,10202,160,471703307019,1,0,309.95,19960302,,,,,,0,17,10,(철근)콘크리트,,0,,19960325,21,철근콘크리트구조,1185.84,1185.84,311.5,1185.84
CONFIRMED_BASEMENT_PARKING_USE,층별개요 지하층(flrGbCd=10)의 용도에 주차장 포함,True,21.0,4717010300100580000,123111220,경상북도 안동시 북문동 58번지,경상북도 안동시 서동문로 165 (북문동),47170,10300,0,0058,0000,지하주차장,,1,일반,2,일반건축물,0,주건축물,20000,자동차관련시설,자동차관련시설,1,0,18,180.66,3,36,0,0,0,0,19841126,20221126,1148.27,0,0,0,,0,0,0,,0,스라브,철근콘크리트조,0,0,,0,0,0,0,,,10303,165,471703307019,0,0,0,19840906,,,,,,0,98,10,(철근)콘크리트,,0,,,21,철근콘크리트구조,1148.27,1148.27,0,1148.27
CONFIRMED_BASEMENT_PARKING_USE,층별개요 지하층(flrGbCd=10)의 용도에 주차장 포함,True,1.0,4717010800100920015,123112367,경상북도 안동시 신세동 92-15번지,경상북도 안동시 태사길 138 (신세동),47170,10800,0,0092,0015,,,1,일반,2,일반건축물,0,주건축물,01000,단독주택,근린생활시설(소매점),1,3,0,0,1,29.6,0,0,0,0,19961128,20221126,88.29,0,0,84.89,,0,0,0,,0,평스라브,철근콘크리트조,1,0,,10.8,0,0,0,,,10804,138,471704722134,0,0,104,19960108,,,,,,0,54,10,(철근)콘크리트,,0,,19960307,21,철근콘크리트구조,294.47,294.47,254.68,264.87
CONFIRMED_BASEMENT_PARKING_USE,층별개요 지하층(flrGbCd=10)의 용도에 주차장 포함,True,12.0,4717010800101720007,123112517,경상북도 안동시 신세동 172-7번지,경상북도 안동시 태사길 120 (신세동),47170,10800,0,0172,0007,,,2,집합,3,표제부,0,주건축물,02000,공동주택,"근생(소매점), 연립주택",1,4,0,0,12,162,0,0,0,0,19980425,20221126,498.69,0,0,77.68,,0,0,0,,0,슬래브,철근콘크리트조,0,0,,13.1,19,0,0,,,10804,120,471704722134,0,0,641.93,19960701,,,,,,0,144,10,(철근)콘크리트,,0,,19970329,21,철근콘크리트구조,1996.11,1996.11,270.57,1736.91
CONFIRMED_BASEMENT_PARKING_USE,층별개요 지하층(flrGbCd=10)의 용도에 주차장 포함,True,1.0,4717010900100760002,123112751,경상북도 안동시 법흥동 76-2번지,경상북도 안동시 태사길 187-1 (법흥동),47170,10900,0,0076,0002,,,1,일반,2,일반건축물,0,주건축물,01000,단독주택,단독주택,1,2,0,0,1,49.74,0,0,0,0,20021202,20221126,132.45,0,0,35.99,,0,0,0,,0,기타지붕,철근콘크리트구조,1,0,,8.8,0,0,0,,,10905,187,471704722134,1,0,368,20020429,1201,신축신고,5070058,중구동,2002,0,164,90,기타지붕,,0,,20020429,21,철근콘크리트구조,281.49,281.49,58.62,215.71
CONFIRMED_BASEMENT_PARKING_USE,층별개요 지하층(flrGbCd=10)의 용도에 주차장 포함,True,42.0,4717011000114260001,12311100186923,경상북도 안동시 용상동 1426-1번지,경상북도 안동시 경동로 841 (용상동),47170,11000,0,1426,0001,,다니엘시네마,2,집합,3,표제부,0,주건축물,04000,제2종근린생활시설,"문화및집회시설,2종 근.생,업무시설,판매시설",2,6,0,0,42,1907.55,0,0,0,0,20090924,20221126,1801.84,0,0,59.8,,0,0,0,,0,(철근)콘크리트,철근콘크리트,0,0,,28.6,0,0,0,,,11003,841,471703018013,0,0,3013,20080227,1101,신축허가,5070143,건축과,2008,3,1549,10,(철근)콘크리트,,1,,20080310,42,철골철근콘크리트구조,12586.37,12586.37,267.49,8059.59
CONFIRMED_BASEMENT_PARKING_USE,층별개요 지하층(flrGbCd=10)의 용도에 주차장 포함,True,20.0,4717011000114340000,123114323,경상북도 안동시 용상동 1434번지,경상북도 안동시 경동로 822 (용상동),47170,11000,0,1434,0000,,,1,일반,2,일반건축물,0,주건축물,03000,제1종근린생활시설,판매시설,1,1,0,0,20,690.37,0,0,0,0,20000731,20221126,902.01,0,0,59.65,,2,0,0,,0,철골트러스,철골조,0,0,,8.96,0,0,0,,,11003,822,471703018013,0,0,1512.2,19991025,,,,,,0,1580,90,기타지붕,,0,,19991108,31,일반철골구조,2149.18,2149.18,59.58,900.93
CONFIRMED_BASEMENT_PARKING_USE,층별개요 지하층(flrGbCd=10)의 용도에 주차장 포함,True,6.0,4717011000115170236,12311100228292,경상북도 안동시 용상동 1517-236번지,경상북도 안동시 반변천로 155 (용상동),47170,11000,0,1517,0236,,주1동,1,일반,2,일반건축물,0,주건축물,04000,제2종근린생활시설,관광숙박시설,1,5,0,0,6,69,0,0,3,34.5,20160314,20221126,196.17,0,0,52.59,,0,0,0,,0,(철근)콘크리트,철근콘크리트구조,0,0,,22.75,0,0,0,,,11001,155,471703351461,0,0,373,20141230,1101,신축허가,5070185,건축과,2014,0,1793,10,(철근)콘크리트,,1,,20150415,21,철근콘크리트구조,1086.29,1086.29,246.64,919.99
CONFIRMED_BASEMENT_PARKING_USE,층별개요 지하층(flrGbCd=10)의 용도에 주차장 포함,True,2.0,4717011000115530008,12311100214570,경상북도 안동시 용상동 1553-8번지,경상북도 안동시 용상북1길 51 (용상동),47170,11000,0,1553,0008,,,1,일반,2,일반건축물,0,주건축물,15000,숙박시설,"제2종근린생활시설,숙박시설",1,4,0,0,2,23,0,0,1,12,20141024,20221126,104.1,0,0,59.15,,0,0,0,,0,(철근)콘크리트,철근콘크리트구조,1,0,,17.74,0,0,0,,,11001,51,471704721891,0,0,176,20140221,1101,신축허가,5070185,건축과,2014,0,1845,10,(철근)콘크리트,,1,,20140314,21,철근콘크리트구조,498.63,498.63,236.59,416.4
CONFIRMED_BASEMENT_PARKING_USE,층별개요 지하층(flrGbCd=10)의 용도에 주차장 포함,True,142.0,4717011000115920031,123114816,경상북도 안동시 용상동 1592-31번지,경상북도 안동시 전거리길 57 (용상동),47170,11000,0,1592,0031,,,1,일반,2,일반건축물,0,주건축물,09000,의료시설,"의료시설(종합병원), 제2종근린생활시설",2,9,0,0,142,5130.96,0,0,39,1088,19820514,20221126,3333.54,188.32,1,0,,8,0,0,,0,평스라브,철근콘크리트조,0,0,,30,0,0,0,,,11001,57,471704722020,0,0,0,19810318,,,,,,5,2141,10,(철근)콘크리트,,0,,,21,철근콘크리트구조,25671.5,25671.5,0,17526.62
CONFIRMED_BASEMENT_PARKING_USE,층별개요 지하층(flrGbCd=10)의 용도에 주차장 포함,True,6.0,4717011100101280002,123115220,경상북도 안동시 동문동 128-2번지,경상북도 안동시 서동문로 217 (동문동),47170,11100,0,0128,0002,,,1,일반,2,일반건축물,0,주건축물,03000,제1종근린생활시설,"근린생활시설,주택",1,4,0,0,6,1999.19,0,0,0,0,19960228,20221126,314.29,0,0,56.61,,1,0,0,,0,평스라브,철근콘크리트조,0,0,,16.7,0,0,0,,,11106,217,471703307019,0,0,555.23,19950826,,,,,,0,2,10,(철근)콘크리트,,0,,19950525,21,철근콘크리트구조,1342.39,1342.39,190.04,1342.39
CONFIRMED_BASEMENT_PARKING_USE,층별개요 지하층(flrGbCd=10)의 용도에 주차장 포함,True,9.0,4717011100101300000,123115233,경상북도 안동시 동문동 130번지,경상북도 안동시 서동문로 215 (동문동),47170,11100,0,0130,0000,,,1,일반,2,일반건축물,0,주건축물,03000,제1종근린생활시설,"근린생활시설,교육연구시설,단독주택",1,5,7,0,2,0,0,0,0,0,19971104,20221126,320.73,0,0,59.5,,0,0,0,,0,평스라브,철근콘크리트조,1,0,,19,0,0,0,,,11106,215,471703307019,0,0,539,19961014,,,,,,0,15,10,(철근)콘크리트,,0,,19961100,21,철근콘크리트구조,1655.14,1655.14,250.54,1350.43
CONFIRMED_BASEMENT_PARKING_USE,층별개요 지하층(flrGbCd=10)의 용도에 주차장 포함,True,118.0,4717011300103000007,123115662,경상북도 안동시 운흥동 300-7번지,경상북도 안동시 육사로 267 (운흥동),47170,11300,0,0300,0007,,,1,일반,2,일반건축물,0,주건축물,05000,문화및집회시설,문화및집회시설 외 1용도,2,5,0,0,118,4310.36,0,0,3,49.5,20010228,20221126,1517.18,0,0,45.91,,0,0,0,,0,스라브 외 1구조,철근콘크리트조 외 1구조,0,0,,33.3,0,0,0,,,11302,267,471703307030,0,0,3305,19991218,,,,,,0,206,10,(철근)콘크리트,,1,,20000106,21,철근콘크리트구조,12368.8,12368.8,209.67,6929.61
CONFIRMED_BASEMENT_PARKING_USE,층별개요 지하층(flrGbCd=10)의 용도에 주차장 포함,True,41.0,4717011600101890029,123115971,경상북도 안동시 남문동 189-29번지,경상북도 안동시 남문로 11 (남문동),47170,11600,0,0189,0029,,,1,일반,2,일반건축물,0,주건축물,14000,업무시설,"업무시설,제1종근린생활시설",2,5,34,52.52,7,381.24,0,0,0,0,19970402,20260702,529.1,0,0,78.8,,4,0,0,,0,콘크리트 평스라브,철근콘크리트조,0,0,,22.3,0,0,0,,,11603,11,471703307007,0,0,671.45,19950221,,,,,,1,100,10,(철근)콘크리트,,0,,19950506,21,철근콘크리트구조,3024.04,3024.04,300.24,2015.97
CONFIRMED_BASEMENT_PARKING_USE,층별개요 지하층(flrGbCd=10)의 용도에 주차장 포함,True,4.0,4717011600101890042,123115972,경상북도 안동시 남문동 189-42번지,경상북도 안동시 남문로 5-1 (남문동),47170,11600,0,0189,0042,,,1,일반,2,일반건축물,0,주건축물,01000,단독주택,주택,1,5,0,0,4,46,0,0,0,0,19931109,20221126,168.85,0,0,73.01,,1,0,0,,0,평스라브,철근콘크리트조,1,0,,16.6,0,0,0,,,11603,5,471703307007,1,0,231.27,19930310,,,,,,0,101,10,(철근)콘크리트,,0,,19930323,21,철근콘크리트구조,853.81,853.81,304.75,704.79
CONFIRMED_BASEMENT_PARKING_USE,층별개요 지하층(flrGbCd=10)의 용도에 주차장 포함,True,7.0,4717011700103080006,123116234,경상북도 안동시 안흥동 308-6번지,경상북도 안동시 중앙시장2길 52 (안흥동),47170,11700,0,0308,0006,,,1,일반,2,일반건축물,0,주건축물,14000,업무시설,업무시설,1,3,0,0,7,80.5,0,0,0,0,19950728,20230314,230.69,0,0,73.04,,2,0,0,,0,스라브,철근콘크리트조,0,0,,14.15,0,0,0,,,11701,52,471704722072,0,0,315.84,19931007,,,,,,0,153,10,(철근)콘크리트,,0,,19940630,21,철근콘크리트구조,834.63,834.63,200.62,631.96
CONFIRMED_BASEMENT_PARKING_USE,층별개요 지하층(flrGbCd=10)의 용도에 주차장 포함,True,7.0,4717012000100140001,123117503,경상북도 안동시 광석동 14-1번지,경상북도 안동시 광석4길 11 (광석동),47170,12000,0,0014,0001,,,1,일반,2,일반건축물,0,주건축물,15000,숙박시설,숙박시설,1,4,0,0,7,80.5,0,0,1,11.5,20020827,20230817,407.45,0,0,79.89,,0,0,0,,0,슬라브,철근콘크리트구조,1,0,,14.2,0,0,0,,,12001,11,471704721102,0,0,510,20010915,1101,신축허가,5070090,종합민원처리과,2001,0,20,10,(철근)콘크리트,,0,,20011029,21,철근콘크리트구조,1863.99,1863.99,286.89,1463.17
CONFIRMED_BASEMENT_PARKING_USE,층별개요 지하층(flrGbCd=10)의 용도에 주차장 포함,True,12.0,4717012000102100009,123117620,경상북도 안동시 광석동 210-9번지,경상북도 안동시 서동문로 112 (광석동),47170,12000,0,0210,0009,,,1,일반,2,일반건축물,0,주건축물,14000,업무시설,업무시설,1,2,0,0,12,0,0,0,1,0,19940121,20221126,530.81,0,0,69.26,,0,0,0,,0,스라브,철근콘크리트조,0,0,,14.7,0,0,0,,,12009,112,471703307019,0,0,766.43,19921105,,,,,,0,130,10,(철근)콘크리트,,0,,19921228,21,철근콘크리트구조,1546.3,1546.3,136.61,1047.04
CONFIRMED_BASEMENT_PARKING_USE,층별개요 지하층(flrGbCd=10)의 용도에 주차장 포함,True,11.0,4717012200100600002,1231111304,경상북도 안동시 태화동 60-2번지,경상북도 안동시 대안로 18 (태화동),47170,12200,0,0060,0002,현성빌딩,,2,집합,3,표제부,0,주건축물,15000,숙박시설,"숙박시설,근린생활시설, 주택",1,10,0,0,11,126.5,0,0,12,120,20020724,20221126,511.08,0,0,49.47,,0,0,0,,0,철근콘크리트스라브,철근콘크리트조,0,0,,32.5,10,0,0,,,12209,18,471703307014,0,0,1033.1,20011210,,,,,,0,79,10,(철근)콘크리트,,1,,20011211,21,철근콘크리트구조,4477.95,4477.95,380.58,3931.77
CONFIRMED_BASEMENT_PARKING_USE,층별개요 지하층(flrGbCd=10)의 용도에 주차장 포함,True,32.0,4717012200100630002,123118397,경상북도 안동시 태화동 63-2번지,경상북도 안동시 경동로 517 (태화동),47170,12200,0,0063,0002,,,1,일반,2,일반건축물,0,주건축물,14000,업무시설,"업무시설,제1종근린생활시설",1,5,32,50.765,0,0,0,0,0,0,19971125,20250124,522.665,0,0,55.85,,0,0,0,,0,평스라브,철근콘크리트조,0,0,,22.2,0,0,0,,,12211,517,471703018013,0,0,935.8,19950619,,,,,,1,133,10,(철근)콘크리트,,0,,19950801,21,철근콘크리트구조,2903.595,2903.595,250.98,2348.7
CONFIRMED_BASEMENT_PARKING_USE,층별개요 지하층(flrGbCd=10)의 용도에 주차장 포함,True,4.0,4717012200104220001,1231110239,경상북도 안동시 태화동 422-1번지,경상북도 안동시 안기천로 10 (태화동),47170,12200,0,0422,0001,,,1,일반,2,일반건축물,0,주건축물,03000,제1종근린생활시설,"근린생활시설,단독주택",1,4,0,0,4,137.66,0,0,3,34.5,19910204,20221126,252.72,0,0,59.46,,0,0,0,,0,스라브,철근콘크리트조,0,0,,15.2,0,0,0,,,12202,10,471703307024,0,0,425,19901217,,,,,,0,1927,10,(철근)콘크리트,,0,,,21,철근콘크리트구조,1310.06,1310.06,237.85,1010.88
CONFIRMED_BASEMENT_PARKING_USE,층별개요 지하층(flrGbCd=10)의 용도에 주차장 포함,True,1.0,4717012200106480079,1231110655,경상북도 안동시 태화동 648-79번지,경상북도 안동시 말구리4길 39-12 (태화동),47170,12200,0,0648,0079,,,1,일반,2,일반건축물,0,주건축물,01000,단독주택,단독주택(2가구),1,2,0,0,1,21.12,0,0,0,0,19970806,20221126,121.47,0,0,59.84,,0,0,0,,0,스라브,시멘트벽돌조,2,0,,7.9,0,0,0,,,12201,39,471704721341,12,0,203,19970203,,,,,,0,2366,10,(철근)콘크리트,,0,,19970228,11,벽돌구조,193.63,193.63,84.98,172.51
CONFIRMED_BASEMENT_PARKING_USE,층별개요 지하층(flrGbCd=10)의 용도에 주차장 포함,True,1.0,4717012200106480085,1231110660,경상북도 안동시 태화동 648-85번지,경상북도 안동시 말구리4길 39-5 (태화동),47170,12200,0,0648,0085,,,1,일반,2,일반건축물,0,주건축물,01000,단독주택,단독주택,1,2,0,0,1,22.11,0,0,0,0,20030129,20221126,90.76,0,0,44.71,,0,0,0,,0,스라브,벽돌구조,1,0,,8.1,0,0,0,,,12201,39,471704721341,5,0,203,20020719,1201,신축신고,5070062,태화동,2002,0,2372,10,(철근)콘크리트,,0,,20020807,11,벽돌구조,165.84,165.84,70.8,143.73
CONFIRMED_BASEMENT_PARKING_USE,층별개요 지하층(flrGbCd=10)의 용도에 주차장 포함,True,1.0,4717012200106940077,12311100211772,경상북도 안동시 태화동 694-77번지,경상북도 안동시 포도1길 49 (태화동),47170,12200,0,0694,0077,,,1,일반,2,일반건축물,0,주건축물,01000,단독주택,단독주택,1,1,0,0,1,17.28,0,0,0,0,20140728,20221126,71.5,0,0,53.76,,0,0,0,,0,싱글지붕,시멘트벽돌 및 철근콘크리트구조,0,0,,5.08,1,0,0,,,12201,49,471704722178,0,0,133,20131011,1201,신축신고,5070185,건축과,2013,0,2854,90,기타지붕,,0,,20131018,19,기타조적구조,88.78,88.78,53.76,71.5
CONFIRMED_BASEMENT_PARKING_USE,층별개요 지하층(flrGbCd=10)의 용도에 주차장 포함,True,2.0,4717012200107220006,12311100243678,경상북도 안동시 태화동 722-6번지,경상북도 안동시 경동로 404-35 (태화동),47170,12200,0,0722,0006,,,1,일반,2,일반건축물,0,주건축물,04000,제2종근린생활시설,소매점및사무소,1,3,0,0,2,23,0,0,0,0,20170721,20221126,101.29,0,0,59.58,,0,0,0,,0,판넬,일반철골구조,0,0,,12.3,0,0,0,,,12211,404,471703018013,35,0,170,20170223,1101,신축허가,5070185,건축과,2017,0,2990,90,기타지붕,,1,,20170304,31,일반철골구조,343.07,343.07,178.75,303.87
CONFIRMED_BASEMENT_PARKING_USE,층별개요 지하층(flrGbCd=10)의 용도에 주차장 포함,True,3.0,4717012200107790002,12311100206596,경상북도 안동시 태화동 779-2번지,경상북도 안동시 경북대로 326 (태화동),47170,12200,0,0779,0002,,,1,일반,2,일반건축물,0,주건축물,14000,업무시설,업무시설,1,5,0,0,3,75.9,0,0,5,126.5,20131127,20221126,301.01,0,0,48.87,,2,0,0,,0,(철근)콘크리트,철근콘크리트구조,0,0,,23.4,0,0,0,,,12201,326,471702018002,0,0,616,20130312,1101,신축허가,5070185,건축과,2013,1,3019,10,(철근)콘크리트,,1,,20130501,21,철근콘크리트구조,1453.03,1453.03,212.66,1309.96
CONFIRMED_BASEMENT_PARKING_USE,층별개요 지하층(flrGbCd=10)의 용도에 주차장 포함,True,14.0,4717012200107820008,1231111370,경상북도 안동시 태화동 782-8번지,경상북도 안동시 경북대로 325 (태화동),47170,12200,0,0782,0008,,,2,집합,3,표제부,0,주건축물,14000,업무시설,"업무시설,단독주택",2,5,0,0,14,371.91,0,0,11,126.5,20030607,20221126,468.59,0,0,43.75,,0,0,0,,0,(철근)콘크리트,철근콘크리트구조,1,0,,22.2,10,0,0,,,12201,325,471702018002,0,0,1071,20020605,1101,신축허가,5070090,종합민원처리과,2002,1,3032,10,(철근)콘크리트,,0,,20020729,21,철근콘크리트구조,2998.22,2998.22,187.7,2010.25
CONFIRMED_BASEMENT_PARKING_USE,층별개요 지하층(flrGbCd=10)의 용도에 주차장 포함,True,2.0,4717012200108010007,12311100291726,경상북도 안동시 태화동 801-7번지,,47170,12200,0,0801,0007,,부속동 B,1,일반,2,일반건축물,1,부속건축물,01000,단독주택,부속건축물_주차장,1,0,0,0,2,109.56,0,0,0,0,20220512,20221126,0,0,0,0,,0,0,0,,0,평 슬래브,철근콘크리트구조,0,0,,0,0,0,0,,,,0,,0,0,633,20210615,1101,신축허가,5070185,건축과,2021,0,3042,10,(철근)콘크리트,내진등급 2,1,,20210802,21,철근콘크리트구조,109.56,109.56,0,0
CONFIRMED_BASEMENT_PARKING_USE,층별개요 지하층(flrGbCd=10)의 용도에 주차장 포함,True,1.0,4717012300100200088,12311100239777,경상북도 안동시 화성동 20-88번지,경상북도 안동시 화성윗길 34 (화성동),47170,12300,0,0020,0088,,,1,일반,2,일반건축물,0,주건축물,01000,단독주택,단독주택,1,2,0,0,1,11.5,0,0,0,0,20170317,20221126,58.22,0,0,51.07,,0,0,0,,0,경사지붕,경량철골구조,1,0,,8.8,0,0,0,,,12301,34,471704722245,0,0,114,20160825,1101,신축허가,5070185,건축과,2016,0,102,90,기타지붕,,0,,20160830,32,경량철골구조,152.34,152.34,99.53,113.46
CONFIRMED_BASEMENT_PARKING_USE,층별개요 지하층(flrGbCd=10)의 용도에 주차장 포함,True,2.0,4717012300100980015,1231111562,경상북도 안동시 화성동 98-15번지,경상북도 안동시 화성아랫1길 1 (화성동),47170,12300,0,0098,0015,,,1,일반,2,일반건축물,0,주건축물,01000,단독주택,단독주택,1,3,0,0,2,23,0,0,0,0,20020927,20221126,127.34,0,0,70.74,,0,0,0,,0,(철근)콘크리트,철근콘크리트구조,15,0,,11.8,15,0,0,,,12301,1,471704722243,0,0,180,20010619,1101,신축허가,5070090,종합민원처리과,2001,0,129,10,(철근)콘크리트,,0,,20010620,21,철근콘크리트구조,506.16,506.16,212.23,382.02
CONFIRMED_BASEMENT_PARKING_USE,층별개요 지하층(flrGbCd=10)의 용도에 주차장 포함,True,6.0,4717012400100320001,1231111768,경상북도 안동시 목성동 32-1번지,경상북도 안동시 목성교길 12-10 (목성동),47170,12400,0,0032,0001,,,2,집합,3,표제부,0,주건축물,02000,공동주택,공동주택(다세대),1,4,0,0,6,69,0,0,0,0,20050912,20221126,168.25,0,0,53.58,,3,0,0,,0,(철근)콘크리트,철근콘크리트구조,0,0,,12.1,7,0,0,,,12401,12,471704721387,10,0,314,20041208,1101,신축허가,5070099,건축과,2004,0,6,10,(철근)콘크리트,,0,,20041220,21,철근콘크리트구조,655.12,655.12,179.22,562.76
CONFIRMED_BASEMENT_PARKING_USE,층별개요 지하층(flrGbCd=10)의 용도에 주차장 포함,True,6.0,4717012400100330003,1231111769,경상북도 안동시 목성동 33-3번지,경상북도 안동시 목성교길 12-10 (목성동),47170,12400,0,0033,0003,,,2,집합,3,표제부,0,주건축물,02000,공동주택,공동주택(다세대),1,4,0,0,6,69,0,0,0,0,20050912,20221126,161.67,0,0,57.13,,2,0,0,,0,(철근)콘크리트,철근콘크리트구조,0,0,,11.9,6,0,0,,,12401,12,471704721387,10,0,283,20041020,1101,신축허가,5070099,건축과,2004,0,8,10,(철근)콘크리트,,0,,20041220,21,철근콘크리트구조,609.57,609.57,166.94,472.44
CONFIRMED_BASEMENT_PARKING_USE,층별개요 지하층(flrGbCd=10)의 용도에 주차장 포함,True,1.0,4717012500100510001,12311100189914,경상북도 안동시 법상동 51-1번지,경상북도 안동시 법상아랫2길 17 (법상동),47170,12500,0,0051,0001,,,1,일반,2,일반건축물,0,주건축물,01000,단독주택,단독주택,1,3,0,0,1,11.5,0,0,0,0,20100727,20221126,61.43,0,0,48.75,,0,0,0,,0,(철근)콘크리트,철근콘크리트구조,0,0,,12.5,0,0,0,,,12501,17,471704721475,0,0,126,20090917,1101,신축허가,5070143,건축과,2009,0,36,10,(철근)콘크리트,,1,,20091001,21,철근콘크리트구조,149.77,149.77,97.51,122.86
CONFIRMED_BASEMENT_PARKING_USE,층별개요 지하층(flrGbCd=10)의 용도에 주차장 포함,True,4.0,4717012500100510003,1231111802,경상북도 안동시 법상동 51-3번지,경상북도 안동시 법상아랫2길 11 (법상동),47170,12500,0,0051,0003,,,1,일반,2,일반건축물,0,주건축물,01000,단독주택,다가구주택,1,4,0,0,4,135.12,0,0,0,0,20020205,20221126,201.4,0,0,59.32,,0,0,0,,0,슬라브,철근콘크리트조,4,0,,12.77,0,0,0,,,12501,11,471704721475,0,0,339.53,20010912,,,,,,0,38,10,(철근)콘크리트,,0,,20010921,21,철근콘크리트구조,667.71,667.71,156.86,532.59
CONFIRMED_BASEMENT_PARKING_USE,층별개요 지하층(flrGbCd=10)의 용도에 주차장 포함,True,1.0,4717012500100640016,1231111843,경상북도 안동시 법상동 64-16번지,경상북도 안동시 금곡윗4길 10 (법상동),47170,12500,0,0064,0016,,,1,일반,2,일반건축물,0,주건축물,01000,단독주택,주택,1,2,0,0,1,11.5,0,0,0,0,20010113,20221126,108.15,0,0,36.51,,0,0,0,,0,스라브,조적조,1,0,,8.7,0,0,0,,,12501,10,471704721161,0,0,288,20000710,,,,,,0,75,10,(철근)콘크리트,,0,,20000713,10,조적구조,163.05,163.05,49.97,143.91
CONFIRMED_BASEMENT_PARKING_USE,층별개요 지하층(flrGbCd=10)의 용도에 주차장 포함,True,4.0,4717012500100640023,12311100208512,경상북도 안동시 법상동 64-23번지,경상북도 안동시 금곡윗4길 2 (법상동),47170,12500,0,0064,0023,,,1,일반,2,일반건축물,0,주건축물,01000,단독주택,단독주택 및 제2종근린생활시설,1,4,0,0,4,46,0,0,4,46,20140123,20221126,168.65,0,0,59.38,,0,0,0,,0,(철근)콘크리트,철근콘크리트구조,11,0,,14.5,0,0,0,,,12501,2,471704721161,0,0,284,20130719,1101,신축허가,5070185,건축과,2013,0,79,10,(철근)콘크리트,,1,,20130723,21,철근콘크리트구조,638.23,638.23,196.4,557.79
CONFIRMED_BASEMENT_PARKING_USE,층별개요 지하층(flrGbCd=10)의 용도에 주차장 포함,True,1.0,4717012500100760056,1231111932,경상북도 안동시 법상동 76-56번지,경상북도 안동시 법상윗3길 12 (법상동),47170,12500,0,0076,0056,,,1,일반,2,일반건축물,0,주건축물,01000,단독주택,단독주택,1,2,0,0,1,36,0,0,0,0,20020806,20221126,112.59,0,0,41.7,,0,0,0,,0,(철근)콘크리트,철근콘크리트구조,1,0,,7.4,1,0,0,,,12501,12,471704721477,0,0,270,20020309,1201,신축신고,5070063,법상동,2002,0,172,10,(철근)콘크리트,,0,,20020316,21,철근콘크리트구조,179.64,179.64,53.2,143.64
CONFIRMED_BASEMENT_PARKING_USE,층별개요 지하층(flrGbCd=10)의 용도에 주차장 포함,True,3.0,4717012600100250000,12311100182575,경상북도 안동시 금곡동 25번지,경상북도 안동시 금곡윗4길 29 (금곡동),47170,12600,0,0025,0000,,,1,일반,2,일반건축물,0,주건축물,04000,제2종근린생활시설,"제1,2종근린생활시설, 단독주택",1,3,0,0,3,47.94,0,0,0,0,20081104,20221126,183.14,0,0,58.51,,1,0,0,,0,철근콘크리트구조,철근콘크리트구조,0,0,,7.32,0,0,0,,,12602,29,471704721161,0,0,313,20080618,1101,신축허가,5070143,건축과,2008,0,83,10,(철근)콘크리트,,1,,20080619,21,철근콘크리트구조,596.28,596.28,146.76,459.36
CONFIRMED_BASEMENT_PARKING_USE,층별개요 지하층(flrGbCd=10)의 용도에 주차장 포함,True,13.0,4717012700101560162,12311100186760,경상북도 안동시 평화동 156-162번지,경상북도 안동시 감나무5길 28-1 (평화동),47170,12700,0,0156,0162,영남하이빌 101동,,2,집합,3,표제부,0,주건축물,02000,공동주택,아파트,1,8,0,0,13,427.43,0,0,2,23,20090910,20221126,268.71,0,0,30.99,,0,0,0,,0,스라브,철근콘크리트구조,0,0,,23.2,15,0,0,,,12701,28,471704721032,1,0,867,20080703,1101,신축허가,5070143,건축과,2008,1,416,10,(철근)콘크리트,,1,,20080725,21,철근콘크리트구조,2018.06,2018.06,177.2,1536.32
CONFIRMED_BASEMENT_PARKING_USE,층별개요 지하층(flrGbCd=10)의 용도에 주차장 포함,True,1.0,4717012700201380000,12311100242097,경상북도 안동시 평화동 산138번지,경상북도 안동시 평화9길 75-1 (평화동),47170,12700,1,0138,0000,,,1,일반,2,일반건축물,0,주건축물,01000,단독주택,단독주택,1,3,0,0,1,11.5,0,0,2,18.7,20170612,20221126,128.6,0,0,50.43,,0,0,0,,0,(철근)콘크리트,철근콘크리트구조,1,0,,8.3,0,0,0,,,12701,75,471704722174,1,0,255,20160902,1101,신축허가,5070185,건축과,2016,0,822,10,(철근)콘크리트,,0,,20160922,21,철근콘크리트구조,315.7,315.7,116.46,296.98
CONFIRMED_BASEMENT_PARKING_USE,층별개요 지하층(flrGbCd=10)의 용도에 주차장 포함,True,14.0,4717012800101700049,1231114116,경상북도 안동시 안기동 170-49번지,경상북도 안동시 안기1길 40-55 (안기동),47170,12800,0,0170,0049,,,2,집합,3,표제부,0,주건축물,02000,공동주택,연립주택,1,4,0,0,14,161,0,0,0,0,20000425,20221126,416.96,0,0,0,,0,0,0,,0,철근콘크리트조/평스라브,철근콘크리트조(벽식구조),0,0,,10.4,16,16,0,,,12801,40,471704721761,55,0,0,19990731,,,,,,0,315,10,(철근)콘크리트,,0,,19990805,21,철근콘크리트구조,1838.12,1838.12,0,1379.52
CONFIRMED_BASEMENT_PARKING_USE,층별개요 지하층(flrGbCd=10)의 용도에 주차장 포함,True,1.0,4717012800101700051,1231113626,경상북도 안동시 안기동 170-51번지,경상북도 안동시 안기1길 40-51 (안기동),47170,12800,0,0170,0051,,,1,일반,2,일반건축물,0,주건축물,01000,단독주택,주택(다가구),1,2,0,0,1,11.5,0,0,0,0,20000308,20221126,112.92,0,0,59.78,,0,0,0,,0,스라브,"철근콘크리트, 시멘트벽돌조",2,0,,8.2,0,0,0,,,12801,40,471704721761,51,0,189,19991111,,,,,,0,317,10,(철근)콘크리트,,0,,19991120,21,철근콘크리트구조,254.01,254.01,116.43,220.06
CONFIRMED_BASEMENT_PARKING_USE,층별개요 지하층(flrGbCd=10)의 용도에 주차장 포함,True,1.0,4717012900103440028,1231114360,경상북도 안동시 운안동 344-28번지,경상북도 안동시 새골2길 8 (운안동),47170,12900,0,0344,0028,,,1,일반,2,일반건축물,0,주건축물,01000,단독주택,주택,1,2,0,0,1,26.88,0,0,0,0,19970116,20221126,132.15,0,0,58.47,,0,0,0,,0,스라브,조적조,1,0,,7.7,0,0,0,,,12901,8,471704721565,0,0,226,19960626,,,,,,0,189,10,(철근)콘크리트,,0,,19960723,19,기타조적구조,186.55,186.55,70.65,159.67
CONFIRMED_BASEMENT_PARKING_USE,층별개요 지하층(flrGbCd=10)의 용도에 주차장 포함,True,2.0,4717012900103440032,1231114697,경상북도 안동시 운안동 344-32번지,경상북도 안동시 새골2길 32 (운안동),47170,12900,0,0344,0032,태산빌라,,2,집합,3,표제부,0,주건축물,02000,공동주택,공동주택(다세대),1,4,0,0,2,23,0,0,2,23,20020424,20221126,169.3,0,0,50.24,,0,0,0,,0,슬라브,철근콘크리트조,0,0,,14.4,7,0,0,,,12901,32,471704721565,0,0,337,20010421,,,,,,0,192,10,(철근)콘크리트,,0,,20010531,21,철근콘크리트구조,589.72,589.72,165.76,558.6
CONFIRMED_BASEMENT_PARKING_USE,층별개요 지하층(flrGbCd=10)의 용도에 주차장 포함,True,1.0,4717012900104350026,12311100194152,경상북도 안동시 운안동 435-26번지,경상북도 안동시 열루재2길 15 (운안동),47170,12900,0,0435,0026,,,1,일반,2,일반건축물,0,주건축물,01000,단독주택,단독주택,1,2,0,0,1,17.1,0,0,0,0,20110502,20221126,73.995,0,0,42.53,,0,0,0,,0,ALC패널구조,ALC블록조,1,0,,7.93,0,0,0,,,12901,15,471704721814,0,0,174,20100603,1101,신축허가,5070143,건축과,2010,0,430,90,기타지붕,,0,,20100610,19,기타조적구조,143.38,143.38,72.57,126.28
CONFIRMED_BASEMENT_PARKING_USE,층별개요 지하층(flrGbCd=10)의 용도에 주차장 포함,True,4.0,4717012900104460002,12311100191911,경상북도 안동시 운안동 446-2번지,경상북도 안동시 마무골길 38 (운안동),47170,12900,0,0446,0002,,,1,일반,2,일반건축물,0,주건축물,01000,단독주택,"단독주택,제2종근린생활시설",1,2,0,0,4,66,0,0,1,11.5,20101125,20221126,205.66,0,0,36.66,,0,0,0,,0,슁글,일반철골구조,2,0,,9.45,0,0,0,,,12901,38,471704721320,0,0,561,20100705,1101,신축허가,5070143,건축과,2010,0,528,90,기타지붕,,0,,20100707,31,일반철골구조,450.67,450.67,68.57,384.67
CONFIRMED_BASEMENT_PARKING_USE,층별개요 지하층(flrGbCd=10)의 용도에 주차장 포함,True,25.0,4717013000115460000,12311100201201,경상북도 안동시 성곡동 1546번지,경상북도 안동시 관광단지로 346-69 (성곡동),47170,13000,0,1546,0000,성곡동 가족호텔,,1,일반,2,일반건축물,0,주건축물,15000,숙박시설,가족호텔,2,8,0,0,25,307.5,0,0,92,1141.8,20120924,20230221,2255.4,4466.48,1,24.87,,0,2,0,,0,(철근)콘크리트,철근콘크리트구조,0,0,,33.5,0,0,0,,,13002,346,471703307004,69,0,9070,20101207,1101,신축허가,5070143,건축과,2010,1,263,10,(철근)콘크리트,,1,,20110111,21,철근콘크리트구조,14689.381,14689.381,99.31,9007.096
CONFIRMED_BASEMENT_PARKING_USE,층별개요 지하층(flrGbCd=10)의 용도에 주차장 포함,True,3.0,4717013200100690006,1231115495,경상북도 안동시 안막동 69-6번지,경상북도 안동시 퇴계로 249-8 (안막동),47170,13200,0,0069,0006,계림황제빌라,,2,집합,3,표제부,0,주건축물,02000,공동주택,연립주택,1,4,0,0,3,34.5,0,0,7,80.5,19961216,20221126,421.6,0,0,44.43,,0,0,0,,0,스라브,철근콘크리트조,0,0,,15.5,16,0,0,,,13211,249,471703307040,8,0,949,19951216,,,,,,0,66,10,(철근)콘크리트,,0,,19960325,21,철근콘크리트구조,1615.03,1615.03,154.93,1470.28
CONFIRMED_BASEMENT_PARKING_USE,층별개요 지하층(flrGbCd=10)의 용도에 주차장 포함,True,20.0,4717013300107290000,1231116050,경상북도 안동시 옥동 729번지,경상북도 안동시 경북대로 406 (옥동),47170,13300,0,0729,0000,태산빌딩,,2,집합,3,표제부,0,주건축물,03000,제1종근린생활시설,"제1,2종근린생활시설,업무시설",2,6,0,0,20,790.33,0,0,0,0,20030708,20221126,495.51,0,0,46,,1,0,0,,0,(철근)콘크리트,철근콘크리트구조,0,0,,23.33,0,0,0,,,13302,406,471702018002,0,0,1077,20020617,,,,,,1,129,10,(철근)콘크리트,,1,,20020617,21,철근콘크리트구조,4190.52,4190.52,242.25,2609.06
CONFIRMED_BASEMENT_PARKING_USE,층별개요 지하층(flrGbCd=10)의 용도에 주차장 포함,True,56.0,4717013300107340003,1231116052,경상북도 안동시 옥동 734-3번지,경상북도 안동시 경북대로 418 (옥동),47170,13300,0,0734,0003,테마프라자B,,2,집합,3,표제부,0,주건축물,03000,제1종근린생활시설,"근생,판매,업무시설,주택",1,4,0,0,56,1272.91,0,0,0,0,20020810,20221126,1729.85,0,0,50.92,,0,0,0,,0,스라브,일반철골구조,0,0,,14.1,0,76,0,,,13302,418,471702018002,0,0,3397,20010522,,,,,,0,138,10,(철근)콘크리트,,0,,20010615,31,일반철골구조,6986.06,6986.1,154.72,5255.99
CONFIRMED_BASEMENT_PARKING_USE,층별개요 지하층(flrGbCd=10)의 용도에 주차장 포함,True,2.0,4717013300107360002,1231115592,경상북도 안동시 옥동 736-2번지,경상북도 안동시 경북대로 408 (옥동),47170,13300,0,0736,0002,,,1,일반,2,일반건축물,0,주건축물,03000,제1종근린생활시설,"제1,2종근린생활시설,단독주택",1,3,0,0,2,23,0,0,4,48,20060921,20221126,314.93,0,0,56.34,,1,0,0,,0,(철근)콘크리트,철근콘크리트구조,1,0,,12.3,0,0,0,,,13302,408,471702018002,0,0,559,20060504,1101,신축허가,5070099,건축과,2006,0,140,10,(철근)콘크리트,,1,,20060509,21,철근콘크리트구조,1132.49,1132.49,146.25,817.56
CONFIRMED_BASEMENT_PARKING_USE,층별개요 지하층(flrGbCd=10)의 용도에 주차장 포함,True,5.0,4717013300107410007,12311100199205,경상북도 안동시 옥동 741-7번지,경상북도 안동시 경북대로 403 (옥동),47170,13300,0,0741,0007,,주건축물제1동,1,일반,2,일반건축물,0,주건축물,04000,제2종근린생활시설,제2종근린생활시설,1,5,0,0,5,177.06,0,0,1,11.5,20120424,20221126,245.55,0,0,59.59,,0,0,0,,0,(철근)콘크리트,철근콘크리트구조,1,0,,21.15,0,0,0,,,13302,403,471702018002,0,0,412.1,20111214,1101,신축허가,5070185,건축과,2011,1,165,10,(철근)콘크리트,,1,,20111220,21,철근콘크리트구조,1275.29,1275.29,249.88,1029.74
CONFIRMED_BASEMENT_PARKING_USE,층별개요 지하층(flrGbCd=10)의 용도에 주차장 포함,True,8.0,4717013300107640001,12311100229072,경상북도 안동시 옥동 764-1번지,경상북도 안동시 복주길 51 (옥동),47170,13300,0,0764,0001,,주건축물제1동,1,일반,2,일반건축물,0,주건축물,10000,교육연구시설,"제2종근린생활시설,교육연구시설",1,3,0,0,8,92,0,0,3,34.5,20160426,20221126,726.93,0,0,59.89,,0,0,0,,0,(철근)콘크리트,일반철골구조,0,0,,12.7,0,0,0,,,13301,51,471704721495,0,0,1213.8,20150330,1101,신축허가,5070185,건축과,2015,0,175,10,(철근)콘크리트,,1,,20150409,31,일반철골구조,2558.79,2558.79,179.67,2180.79
CONFIRMED_BASEMENT_PARKING_USE,층별개요 지하층(flrGbCd=10)의 용도에 주차장 포함,True,64.0,4717013300107840001,1231116093,경상북도 안동시 옥동 784-1번지,경상북도 안동시 광명로 133 (옥동),47170,13300,0,0784,0001,,옥동세영첼시빌301동,2,집합,3,표제부,0,주건축물,02000,공동주택,공동주택(아파트),1,15,0,0,64,736,0,0,54,621,20030227,20221126,910.4476,0,0,24.06,,0,0,0,,0,기타지붕,철근콘크리트,0,0,,44.08,58,0,0,,,13302,133,471703307005,0,0,3782.7,20010522,,,,,,0,282,90,기타지붕,,1,,20010709,21,철근콘크리트구조,13233.7495,13233.7495,286.85,10850.8216
CONFIRMED_BASEMENT_PARKING_USE,층별개요 지하층(flrGbCd=10)의 용도에 주차장 포함,True,35.0,4717013300107910016,1231116102,경상북도 안동시 옥동 791-16번지,경상북도 안동시 경북대로 367 (옥동),47170,13300,0,0791,0016,시온빌딩,,2,집합,3,표제부,0,주건축물,02000,공동주택,"공동주택,제1,2종근린생활시설,업무시설",1,9,28,49.64,7,120.5,0,0,0,0,20030723,20221126,637.65,0,0,79.66,,0,0,0,,0,(철근)콘크리트,"철골,철근콘크리트구조",0,0,,31.1,44,25,0,,,13302,367,471702018002,0,0,800.5,20020607,1101,신축허가,5070090,종합민원처리과,2002,1,374,10,(철근)콘크리트,,1,,20020704,21,철근콘크리트구조,4779.357,4779.36,519.28,4156.87
CONFIRMED_BASEMENT_PARKING_USE,층별개요 지하층(flrGbCd=10)의 용도에 주차장 포함,True,8.0,4717013300109250001,12311100191235,경상북도 안동시 옥동 925-1번지,경상북도 안동시 옥서4길 39 (옥동),47170,13300,0,0925,0001,,,1,일반,2,일반건축물,0,주건축물,01000,단독주택,단독주택,1,3,0,0,8,92,0,0,0,0,20100914,20221126,162.5,0,0,59.65,,0,0,0,,0,경사지붕/아스팔트슁글,철근콘크리트구조,11,0,,9.544,0,0,0,,,13301,39,471704721858,0,0,272.4,20100601,1101,신축허가,5070143,건축과,2010,0,501,10,(철근)콘크리트,,1,,20100604,21,철근콘크리트구조,554.28,554.28,148.6,404.78
CONFIRMED_BASEMENT_PARKING_USE,층별개요 지하층(flrGbCd=10)의 용도에 주차장 포함,True,4.0,4717013300109250002,12311100205171,경상북도 안동시 옥동 925-2번지,경상북도 안동시 옥서4길 37 (옥동),47170,13300,0,0925,0002,,주건축물제1동,1,일반,2,일반건축물,0,주건축물,01000,단독주택,단독주택 및 제2종근린생활시설,1,3,0,0,4,46,0,0,4,46,20130814,20221126,160.68,0,0,59.53,,0,0,0,,0,평슬라브,철근콘크리트구조,11,0,,10.29,0,0,0,,,13301,37,471704721858,0,0,269.9,20130312,1101,신축허가,5070185,건축과,2013,0,502,10,(철근)콘크리트,,1,,20130320,21,철근콘크리트구조,548.6,0,148.83,401.7
CONFIRMED_BASEMENT_PARKING_USE,층별개요 지하층(flrGbCd=10)의 용도에 주차장 포함,True,4.0,4717013300109250004,12311100204249,경상북도 안동시 옥동 925-4번지,경상북도 안동시 옥서4길 31 (옥동),47170,13300,0,0925,0004,,,1,일반,2,일반건축물,0,주건축물,01000,단독주택,단독주택,1,3,0,0,4,46,0,0,4,46,20130607,20221126,175.92,0,0,57.38,,0,0,0,,0,(철근)콘크리트,철근콘크리트구조,11,0,,13.5,0,0,0,,,13301,31,471704721858,0,0,306.6,20130207,1101,신축허가,5070185,건축과,2013,0,504,10,(철근)콘크리트,,1,,20130215,21,철근콘크리트구조,632.35,632.35,149.49,458.35
CONFIRMED_BASEMENT_PARKING_USE,층별개요 지하층(flrGbCd=10)의 용도에 주차장 포함,True,8.0,4717013300109320001,12311100192829,경상북도 안동시 옥동 932-1번지,경상북도 안동시 옥서4길 31-7 (옥동),47170,13300,0,0932,0001,,,1,일반,2,일반건축물,0,주건축물,01000,단독주택,단독주택,1,3,0,0,8,92,0,0,0,0,20101222,20221126,119.38,0,0,59.51,,0,0,0,,0,(철근)콘크리트,철근콘크리트구조,10,0,,11.268,0,0,0,,,13301,31,471704721858,7,0,200.6,20100805,1101,신축허가,5070143,건축과,2010,0,583,10,(철근)콘크리트,,1,,20100807,21,철근콘크리트구조,419.17,419.17,149.45,299.79
CONFIRMED_BASEMENT_PARKING_USE,층별개요 지하층(flrGbCd=10)의 용도에 주차장 포함,True,6.0,4717013300109320002,12311100205224,경상북도 안동시 옥동 932-2번지,경상북도 안동시 옥서4길 31-11 (옥동),47170,13300,0,0932,0002,,,1,일반,2,일반건축물,0,주건축물,01000,단독주택,다가구주택,1,3,0,0,6,69,0,0,2,23,20130821,20221126,117.79,0,0,58.69,,0,0,0,,0,(철근)콘크리트,철근콘크리트구조,10,0,,12.5,0,0,0,,,13301,31,471704721858,11,0,200.7,20130418,1101,신축허가,5070185,건축과,2013,0,584,10,(철근)콘크리트,,1,,20130423,21,철근콘크리트구조,413.63,413.63,149.59,300.23
CONFIRMED_BASEMENT_PARKING_USE,층별개요 지하층(flrGbCd=10)의 용도에 주차장 포함,True,8.0,4717013300109510001,12311100191931,경상북도 안동시 옥동 951-1번지,경상북도 안동시 옥서2길 26-3 (옥동),47170,13300,0,0951,0001,,,1,일반,2,일반건축물,0,주건축물,01000,단독주택,단독주택,1,3,0,0,8,92,0,0,0,0,20101126,20221126,157.3,0,0,59.38,,0,0,0,,0,기타지붕(슁글),철근콘크리트구조,11,0,,8.95,0,0,0,,,13301,26,471704721856,3,0,264.9,20100531,1101,신축허가,5070143,건축과,2010,0,661,10,(철근)콘크리트,,1,,20100604,21,철근콘크리트구조,533.7,533.7,147,389.4
CONFIRMED_BASEMENT_PARKING_USE,층별개요 지하층(flrGbCd=10)의 용도에 주차장 포함,True,8.0,4717013300109510002,12311100192910,경상북도 안동시 옥동 951-2번지,경상북도 안동시 옥서2길 26-7 (옥동),47170,13300,0,0951,0002,,,1,일반,2,일반건축물,0,주건축물,01000,단독주택,단독주택,1,3,0,0,8,92,0,0,0,0,20101230,20221126,147.32,0,0,59.4,,0,0,0,,0,(철근)콘크리트,철근콘크리트구조,11,0,,8.8,0,0,0,,,13301,26,471704721856,7,0,248,20100802,1101,신축허가,5070143,건축과,2010,0,662,10,(철근)콘크리트,,1,,20100807,21,철근콘크리트구조,503.47,503.47,148.73,368.85
