{
  "type": "FeatureCollection",
  "metadata": {
    "generated_at": "2026-08-22T14:17:37.235626+00:00",
    "prototype": true,
    "label": "lower-risk route candidate",
    "disclaimer": "Static surface-flood susceptibility and OSM roads only. Not a safety guarantee; follow official alerts and road controls.",
    "osm_attribution": "© OpenStreetMap contributors",
    "origin": {
      "latitude": 36.014,
      "longitude": 129.325
    },
    "parameters": {
      "radius_m": 2500,
      "risk_buffer_m": 120.0,
      "high_penalty": 5.0,
      "very_high_penalty": 12.0,
      "candidate_limit": 25
    },
    "blocked_edge_count": 6,
    "limitations": [
      "risk influence radius is a demo parameter, not an official flood boundary",
      "parking destination safety_verified is false",
      "no live capacity or road-closure feed is included unless explicitly supplied"
    ],
    "inputs": {
      "risk_csv_sha256": "0b812909e28b7ca7afea83e75be4884430f3af1b833b5b9e82e8e36ce00e4310",
      "parking_csv_sha256": "ecce3bfb87f51af9784ba09af5496e844ca2983d6b0e971b4a0f88db89ea11c4",
      "current_flood_geojson_sha256": "d32930d2c223d73b64b489f99357f2f0e9f638c1d597c3fefef6e7c9f197508a"
    }
  },
  "features": [
    {
      "type": "Feature",
      "geometry": {
        "type": "Point",
        "coordinates": [
          129.325,
          36.014
        ]
      },
      "properties": {
        "layer": "origin",
        "label": "Demo origin near POSTECH"
      }
    },
    {
      "type": "Feature",
      "geometry": {
        "type": "Point",
        "coordinates": [
          129.3266448,
          36.00658221
        ]
      },
      "properties": {
        "layer": "destination",
        "id": "parking:51483da2ee497cf4c71c",
        "name": "효곡동 노상8",
        "address": "경상북도 포항시 남구 유동길24",
        "parking_type": "노상",
        "safety_verified": false
      }
    },
    {
      "type": "Feature",
      "geometry": {
        "type": "LineString",
        "coordinates": [
          [
            129.3261121,
            36.0130292
          ],
          [
            129.3260756,
            36.0130882
          ],
          [
            129.325981,
            36.0132409
          ],
          [
            129.3258957,
            36.0134063
          ],
          [
            129.3258622,
            36.0134712
          ],
          [
            129.3258247,
            36.013539
          ],
          [
            129.3257135,
            36.01374
          ],
          [
            129.3255197,
            36.0140785
          ],
          [
            129.3254537,
            36.0141938
          ],
          [
            129.3253638,
            36.0143525
          ],
          [
            129.3251723,
            36.0146906
          ],
          [
            129.325138,
            36.014777
          ],
          [
            129.3250872,
            36.0149178
          ],
          [
            129.3250527,
            36.0150275
          ],
          [
            129.3249937,
            36.0152597
          ],
          [
            129.3249443,
            36.0154261
          ],
          [
            129.3249354,
            36.0154615
          ],
          [
            129.3249152,
            36.0155423
          ],
          [
            129.3249004,
            36.0156142
          ],
          [
            129.3248522,
            36.0157161
          ],
          [
            129.3246411,
            36.0155635
          ],
          [
            129.3245907,
            36.0155349
          ],
          [
            129.3244747,
            36.0154691
          ],
          [
            129.3243526,
            36.0154032
          ],
          [
            129.3242199,
            36.0153073
          ],
          [
            129.3240483,
            36.0151613
          ],
          [
            129.3239651,
            36.0150826
          ],
          [
            129.3239421,
            36.015064
          ],
          [
            129.3238401,
            36.0149532
          ],
          [
            129.3237994,
            36.0149055
          ],
          [
            129.3237581,
            36.014845
          ],
          [
            129.3236979,
            36.0147419
          ],
          [
            129.3236483,
            36.0146503
          ],
          [
            129.3236112,
            36.014563
          ],
          [
            129.3235758,
            36.0144628
          ],
          [
            129.3235457,
            36.0143569
          ],
          [
            129.3235192,
            36.0142395
          ],
          [
            129.3235015,
            36.0140792
          ],
          [
            129.3234962,
            36.0139389
          ],
          [
            129.3235032,
            36.0137858
          ],
          [
            129.3235227,
            36.0136355
          ],
          [
            129.3235581,
            36.0135124
          ],
          [
            129.3236006,
            36.0134022
          ],
          [
            129.3236294,
            36.013339
          ],
          [
            129.3237771,
            36.013041
          ],
          [
            129.3238165,
            36.0129599
          ],
          [
            129.3238624,
            36.0128607
          ],
          [
            129.3242764,
            36.0120126
          ],
          [
            129.3243754,
            36.0118137
          ],
          [
            129.3243907,
            36.0117801
          ],
          [
            129.3244113,
            36.0117486
          ],
          [
            129.3245396,
            36.0115018
          ],
          [
            129.3245886,
            36.011395
          ],
          [
            129.3246176,
            36.0113296
          ],
          [
            129.3246609,
            36.0112509
          ],
          [
            129.324702,
            36.0111846
          ],
          [
            129.3247484,
            36.0110862
          ],
          [
            129.3250246,
            36.0105367
          ],
          [
            129.3251133,
            36.0104087
          ],
          [
            129.325263,
            36.0102311
          ],
          [
            129.3254028,
            36.0100767
          ],
          [
            129.3254699,
            36.0100029
          ],
          [
            129.3255986,
            36.0098619
          ],
          [
            129.3256979,
            36.0097469
          ],
          [
            129.3257408,
            36.0097013
          ],
          [
            129.3258051,
            36.0096124
          ],
          [
            129.3258488,
            36.0095465
          ],
          [
            129.3258831,
            36.0094752
          ],
          [
            129.3259036,
            36.0094314
          ],
          [
            129.325915,
            36.0093962
          ],
          [
            129.3259225,
            36.0093586
          ],
          [
            129.3259303,
            36.0093079
          ],
          [
            129.3259302,
            36.0092468
          ],
          [
            129.3259296,
            36.0091835
          ],
          [
            129.3259226,
            36.0091029
          ],
          [
            129.3259017,
            36.0090161
          ],
          [
            129.3258844,
            36.008961
          ],
          [
            129.3258374,
            36.0087961
          ],
          [
            129.3258151,
            36.0087131
          ],
          [
            129.3258131,
            36.0086613
          ],
          [
            129.3258167,
            36.0085512
          ],
          [
            129.3258238,
            36.0084833
          ],
          [
            129.3258344,
            36.0084298
          ],
          [
            129.3258542,
            36.0083648
          ],
          [
            129.3258815,
            36.008306
          ],
          [
            129.325913,
            36.0082514
          ],
          [
            129.32593,
            36.0082075
          ],
          [
            129.3259514,
            36.0081798
          ],
          [
            129.3259896,
            36.0081304
          ],
          [
            129.326049,
            36.0080565
          ],
          [
            129.3261879,
            36.0079279
          ],
          [
            129.326777,
            36.0072579
          ],
          [
            129.3270584,
            36.0069379
          ],
          [
            129.3272558,
            36.0067134
          ],
          [
            129.3274176,
            36.0063202
          ],
          [
            129.3273892,
            36.0061248
          ],
          [
            129.3272885,
            36.0059958
          ],
          [
            129.3271782,
            36.0059012
          ],
          [
            129.3270589,
            36.0058272
          ],
          [
            129.3268713,
            36.0057495
          ],
          [
            129.3259511,
            36.0055441
          ],
          [
            129.3255032,
            36.005416
          ],
          [
            129.3253127,
            36.0053661
          ],
          [
            129.3251927,
            36.0053048
          ],
          [
            129.3250637,
            36.0052069
          ],
          [
            129.3248299,
            36.0051562
          ],
          [
            129.3246451,
            36.0051213
          ],
          [
            129.3244604,
            36.0050863
          ],
          [
            129.3243814,
            36.0053006
          ],
          [
            129.3243024,
            36.0055149
          ],
          [
            129.3242645,
            36.00561
          ],
          [
            129.3242438,
            36.0056619
          ],
          [
            129.3242123,
            36.005741
          ],
          [
            129.3250727,
            36.0060081
          ],
          [
            129.3251881,
            36.006044
          ],
          [
            129.3253415,
            36.0060916
          ],
          [
            129.3256017,
            36.0061805
          ],
          [
            129.3257459,
            36.0062285
          ],
          [
            129.3265311,
            36.0064589
          ]
        ]
      },
      "properties": {
        "layer": "baseline_route",
        "distance_m": 2121.9,
        "high_exposure_m": 0.0,
        "very_high_exposure_m": 0.0,
        "risk_cost": 2121.9
      }
    },
    {
      "type": "Feature",
      "geometry": {
        "type": "LineString",
        "coordinates": [
          [
            129.3261121,
            36.0130292
          ],
          [
            129.3260756,
            36.0130882
          ],
          [
            129.325981,
            36.0132409
          ],
          [
            129.3258957,
            36.0134063
          ],
          [
            129.3258622,
            36.0134712
          ],
          [
            129.3258247,
            36.013539
          ],
          [
            129.3257135,
            36.01374
          ],
          [
            129.3255197,
            36.0140785
          ],
          [
            129.3254537,
            36.0141938
          ],
          [
            129.3253638,
            36.0143525
          ],
          [
            129.3251723,
            36.0146906
          ],
          [
            129.325138,
            36.014777
          ],
          [
            129.3250872,
            36.0149178
          ],
          [
            129.3250527,
            36.0150275
          ],
          [
            129.3249937,
            36.0152597
          ],
          [
            129.3249443,
            36.0154261
          ],
          [
            129.3249354,
            36.0154615
          ],
          [
            129.3249152,
            36.0155423
          ],
          [
            129.3249004,
            36.0156142
          ],
          [
            129.3248522,
            36.0157161
          ],
          [
            129.3246411,
            36.0155635
          ],
          [
            129.3245907,
            36.0155349
          ],
          [
            129.3244747,
            36.0154691
          ],
          [
            129.3243526,
            36.0154032
          ],
          [
            129.3242199,
            36.0153073
          ],
          [
            129.3240483,
            36.0151613
          ],
          [
            129.3239651,
            36.0150826
          ],
          [
            129.3239421,
            36.015064
          ],
          [
            129.3238401,
            36.0149532
          ],
          [
            129.3237994,
            36.0149055
          ],
          [
            129.3237581,
            36.014845
          ],
          [
            129.3236979,
            36.0147419
          ],
          [
            129.3236483,
            36.0146503
          ],
          [
            129.3236112,
            36.014563
          ],
          [
            129.3235758,
            36.0144628
          ],
          [
            129.3235457,
            36.0143569
          ],
          [
            129.3235192,
            36.0142395
          ],
          [
            129.3235015,
            36.0140792
          ],
          [
            129.3234962,
            36.0139389
          ],
          [
            129.3235032,
            36.0137858
          ],
          [
            129.3235227,
            36.0136355
          ],
          [
            129.3235581,
            36.0135124
          ],
          [
            129.3236006,
            36.0134022
          ],
          [
            129.3236294,
            36.013339
          ],
          [
            129.3237771,
            36.013041
          ],
          [
            129.3238165,
            36.0129599
          ],
          [
            129.3238624,
            36.0128607
          ],
          [
            129.3242764,
            36.0120126
          ],
          [
            129.3243754,
            36.0118137
          ],
          [
            129.3243907,
            36.0117801
          ],
          [
            129.3244113,
            36.0117486
          ],
          [
            129.3245396,
            36.0115018
          ],
          [
            129.3245886,
            36.011395
          ],
          [
            129.3246176,
            36.0113296
          ],
          [
            129.3246609,
            36.0112509
          ],
          [
            129.324702,
            36.0111846
          ],
          [
            129.3247484,
            36.0110862
          ],
          [
            129.3250246,
            36.0105367
          ],
          [
            129.3251133,
            36.0104087
          ],
          [
            129.325263,
            36.0102311
          ],
          [
            129.3254028,
            36.0100767
          ],
          [
            129.3254699,
            36.0100029
          ],
          [
            129.3255986,
            36.0098619
          ],
          [
            129.3256979,
            36.0097469
          ],
          [
            129.3257408,
            36.0097013
          ],
          [
            129.3258051,
            36.0096124
          ],
          [
            129.3258488,
            36.0095465
          ],
          [
            129.3258831,
            36.0094752
          ],
          [
            129.3259036,
            36.0094314
          ],
          [
            129.325915,
            36.0093962
          ],
          [
            129.3259225,
            36.0093586
          ],
          [
            129.3259303,
            36.0093079
          ],
          [
            129.3259302,
            36.0092468
          ],
          [
            129.3259296,
            36.0091835
          ],
          [
            129.3259226,
            36.0091029
          ],
          [
            129.3259017,
            36.0090161
          ],
          [
            129.3258844,
            36.008961
          ],
          [
            129.3258374,
            36.0087961
          ],
          [
            129.3258151,
            36.0087131
          ],
          [
            129.3258131,
            36.0086613
          ],
          [
            129.3258167,
            36.0085512
          ],
          [
            129.3258238,
            36.0084833
          ],
          [
            129.3258344,
            36.0084298
          ],
          [
            129.3258542,
            36.0083648
          ],
          [
            129.3258815,
            36.008306
          ],
          [
            129.325913,
            36.0082514
          ],
          [
            129.32593,
            36.0082075
          ],
          [
            129.3259514,
            36.0081798
          ],
          [
            129.3259896,
            36.0081304
          ],
          [
            129.326049,
            36.0080565
          ],
          [
            129.3261879,
            36.0079279
          ],
          [
            129.326777,
            36.0072579
          ],
          [
            129.3270584,
            36.0069379
          ],
          [
            129.3272558,
            36.0067134
          ],
          [
            129.3274176,
            36.0063202
          ],
          [
            129.3273892,
            36.0061248
          ],
          [
            129.3272885,
            36.0059958
          ],
          [
            129.3271782,
            36.0059012
          ],
          [
            129.3270589,
            36.0058272
          ],
          [
            129.3268713,
            36.0057495
          ],
          [
            129.3259511,
            36.0055441
          ],
          [
            129.3255032,
            36.005416
          ],
          [
            129.3253127,
            36.0053661
          ],
          [
            129.3251927,
            36.0053048
          ],
          [
            129.3250637,
            36.0052069
          ],
          [
            129.3248299,
            36.0051562
          ],
          [
            129.3246451,
            36.0051213
          ],
          [
            129.3244604,
            36.0050863
          ],
          [
            129.3243814,
            36.0053006
          ],
          [
            129.3243024,
            36.0055149
          ],
          [
            129.3242645,
            36.00561
          ],
          [
            129.3242438,
            36.0056619
          ],
          [
            129.3242123,
            36.005741
          ],
          [
            129.3250727,
            36.0060081
          ],
          [
            129.3251881,
            36.006044
          ],
          [
            129.3253415,
            36.0060916
          ],
          [
            129.3256017,
            36.0061805
          ],
          [
            129.3257459,
            36.0062285
          ],
          [
            129.3265311,
            36.0064589
          ]
        ]
      },
      "properties": {
        "layer": "lower_risk_route",
        "distance_m": 2121.9,
        "high_exposure_m": 0.0,
        "very_high_exposure_m": 0.0,
        "risk_cost": 2121.9
      }
    },
    {
      "type": "Feature",
      "geometry": {
        "type": "MultiPolygon",
        "coordinates": [
          [
            [
              [
                129.3461677073927,
                35.991905988043044
              ],
              [
                129.34607962720756,
                35.99182757280518
              ],
              [
                129.34598251356937,
                35.9917565511617
              ],
              [
                129.34587730172981,
                35.99169360706939
              ],
              [
                129.34576500492088,
                35.99163934669469
              ],
              [
                129.34564670459736,
                35.99159429257674
              ],
              [
                129.34552354002298,
                35.991558878595704
              ],
              [
                129.3453966972998,
                35.99153344579483
              ],
              [
                129.345267397947,
                35.99151823909661
              ],
              [
                129.3451368871387,
                35.99151340494428
              ],
              [
                129.34500642171423,
                35.99151898989176
              ],
              [
                129.34487725807594,
                35.99153494015542
              ],
              [
                129.34475064009135,
                35.99156110213186
              ],
              [
                129.344627787116,
                35.991597223877044
              ],
              [
                129.344509882252,
                35.991642957532186
              ],
              [
                129.34439806095554,
                35.99169786267336
              ],
              [
                129.34429340010337,
                35.99176141055237
              ],
              [
                129.34419690762243,
                35.99183298918824
              ],
              [
                129.3441095127838,
                35.9919119092601
              ],
              [
                129.3440320572532,
                35.9919974107449
              ],
              [
                129.34396528698537,
                35.9920886702362
              ],
              [
                129.34390984503926,
                35.992184808873155
              ],
              [
                129.34386626538426,
                35.992284900803774
              ],
              [
                129.34383496775632,
                35.99238798210075
              ],
              [
                129.34381625361434,
                35.992493060044175
              ],
              [
                129.34381030323502,
                35.99259912268158
              ],
              [
                129.3438171739749,
                35.9927051485734
              ],
              [
                129.34382982803416,
                35.99277282870054
              ],
              [
                129.34378600536843,
                35.99277120501779
              ],
              [
                129.34365553776613,
                35.992776788506845
              ],
              [
                129.3435263717954,
                35.99279273732538
              ],
              [
                129.3433997513463,
                35.99281889788396
              ],
              [
                129.34327689579803,
                35.99285501825219
              ],
              [
                129.34315898827745,
                35.99290075058452
              ],
              [
                129.34304716426644,
                35.992955654469775
              ],
              [
                129.34294250066782,
                35.99301920117188
              ],
              [
                129.34284600543495,
                35.99309077872116
              ],
              [
                129.34275860786545,
                35.99316969780722
              ],
              [
                129.34268114965136,
                35.99325519841653
              ],
              [
                129.34261437677318,
                35.99334645715104
              ],
              [
                129.3425589323151,
                35.99344259515723
              ],
              [
                129.34251535027056,
                35.99354268658916
              ],
              [
                129.3424840503987,
                35.99364576752433
              ],
              [
                129.3424653341799,
                35.99375084524635
              ],
              [
                129.34245938191094,
                35.99385690780486
              ],
              [
                129.34246625096654,
                35.993962933761054
              ],
              [
                129.3424858752449,
                35.99406790202455
              ],
              [
                129.3425180658025,
                35.99417080168722
              ],
              [
                129.3425625126715,
                35.99427064175898
              ],
              [
                129.34261878784352,
                35.99436646071202
              ],
              [
                129.34262222914776,
                35.994371089514196
              ],
              [
                129.3425198563199,
                35.99442135146328
              ],
              [
                129.34241519036786,
                35.99448489770262
              ],
              [
                129.34231869288078,
                35.994556474822545
              ],
              [
                129.34223129317795,
                35.99463539351679
              ],
              [
                129.34215383297192,
                35.9947208937756
              ],
              [
                129.34208705826245,
                35.99481215220431
              ],
              [
                129.3420316121513,
                35.99490828995234
              ],
              [
                129.3419880286479,
                35.99500838117622
              ],
              [
                129.3419567275254,
                35.99511146195549
              ],
              [
                129.3419380102762,
                35.99521653957523
              ],
              [
                129.34193205720706,
                35.99532260208609
              ],
              [
                129.34193892570036,
                35.99542862804968
              ],
              [
                129.34195461843694,
                35.99551256833433
              ],
              [
                129.34193381982746,
                35.99558106176403
              ],
              [
                129.34191510244207,
                35.99568613937274
              ],
              [
                129.3419091493121,
                35.9957922018745
              ],
              [
                129.34191601782064,
                35.995898227831056
              ],
              [
                129.34193564187117,
                35.996003196152046
              ],
              [
                129.34194292978967,
                35.996026492542484
              ],
              [
                129.34192727873312,
                35.99603599453086
              ],
              [
                129.34183077892413,
                35.99610757125244
              ],
              [
                129.34174337703374,
                35.99618648958271
              ],
              [
                129.34166591479564,
                35.99627198951544
              ],
              [
                129.3415991382291,
                35.996363247659104
              ],
              [
                129.34154369045382,
                35.996459385165835
              ],
              [
                129.34150010549521,
                35.99655947619452
              ],
              [
                129.3414688031404,
                35.99666255682658
              ],
              [
                129.3414500848938,
                35.99676763434851
              ],
              [
                129.34144413107168,
                35.99687369681189
              ],
              [
                129.3414509990637,
                35.9969797227788
              ],
              [
                129.3414706227784,
                35.99708469115882
              ],
              [
                129.34150281327751,
                35.99718759104266
              ],
              [
                129.34154726059396,
                35.99728743143813
              ],
              [
                129.34160353671493,
                35.99738325081425
              ],
              [
                129.34167109970272,
                35.997474126361894
              ],
              [
                129.34171226776203,
                35.99751890448895
              ],
              [
                129.34170748904543,
                35.99752987853896
              ],
              [
                129.34167618658782,
                35.997632959209064
              ],
              [
                129.34165746839784,
                35.99773803674609
              ],
              [
                129.3416515147912,
                35.99784409920151
              ],
              [
                129.3416583831555,
                35.99795012513743
              ],
              [
                129.34165908148398,
                35.99795386043971
              ],
              [
                129.34161888105527,
                35.99804617766689
              ],
              [
                129.34158757828368,
                35.99814925830674
              ],
              [
                129.34156885985965,
                35.99825433582219
              ],
              [
                129.34156461065155,
                35.99833003280537
              ],
              [
                129.3414648581571,
                35.998390591699035
              ],
              [
                129.34136835507627,
                35.99846216803834
              ],
              [
                129.34128095014367,
                35.99854108601729
              ],
              [
                129.34120348512226,
                35.998626585633
              ],
              [
                129.34113670605822,
                35.99871784349703
              ],
              [
                129.34108125609518,
                35.99881398076424
              ],
              [
                129.34103766927973,
                35.99891407159578
              ],
              [
                129.3410063654168,
                35.99901715207499
              ],
              [
                129.34098764602538,
                35.99912222948982
              ],
              [
                129.34098169143272,
                35.99922829189291
              ],
              [
                129.34098855903596,
                35.999334317846916
              ],
              [
                129.340999791286,
                35.999394399864585
              ],
              [
                129.3409992591741,
                35.99939615204448
              ],
              [
                129.34098053968782,
                35.99950122945211
              ],
              [
                129.3409745850613,
                35.99960729184835
              ],
              [
                129.34098145269203,
                35.99971331779593
              ],
              [
                129.34100107649203,
                35.99981828620461
              ],
              [
                129.34103326752228,
                35.99992118616482
              ],
              [
                129.34107771581043,
                36.000021026683655
              ],
              [
                129.3411339933345,
                36.00011684622894
              ],
              [
                129.34120155814313,
                36.0002077219899
              ],
              [
                129.34127975957392,
                36.00029277876493
              ],
              [
                129.34136784451852,
                36.00037119739096
              ],
              [
                129.34146496467508,
                36.00044222263326
              ],
              [
                129.34157018471777,
                36.00050517045947
              ],
              [
                129.34168249130437,
                36.00055943462803
              ],
              [
                129.34180080283627,
                36.000604492527366
              ],
              [
                129.3419239798757,
                36.00063991020969
              ],
              [
                129.34205083612025,
                36.000665346570585
              ],
              [
                129.34218014982932,
                36.00068055663466
              ],
              [
                129.34231067559193,
                36.00068539391514
              ],
              [
                129.34244115632242,
                36.00067981182476
              ],
              [
                129.34246834758596,
                36.00067645496025
              ],
              [
                129.34256157316577,
                36.000744630233775
              ],
              [
                129.34266679447575,
                36.00080757708799
              ],
              [
                129.3427791022357,
                36.00086184022072
              ],
              [
                129.3428974148357,
                36.00090689703038
              ],
              [
                129.34302059282763,
                36.000942313579614
              ],
              [
                129.34314744989993,
                36.00096774877498
              ],
              [
                129.34327676430405,
                36.000982957652305
              ],
              [
                129.3434072906223,
                36.00098779373623
              ],
              [
                129.3435377717637,
                36.000982210451
              ],
              [
                129.34366695107244,
                36.000966261569175
              ],
              [
                129.34379358443238,
                36.00094010069357
              ],
              [
                129.34391645224997,
                36.00090397977779
              ],
              [
                129.3440343712018,
                36.00085824669941
              ],
              [
                129.34414620563186,
                36.00080334190911
              ],
              [
                129.34425087848987,
                36.00073979418844
              ],
              [
                129.34434738170478,
                36.00066821555648
              ],
              [
                129.34443478589353,
                36.00058929537509
              ],
              [
                129.34451224931178,
                36.00050379370923
              ],
              [
                129.34457902596,
                36.00041253400623
              ],
              [
                129.34463447276738,
                36.00031639516487
              ],
              [
                129.34467805578402,
                36.00021630307041
              ],
              [
                129.34470935532175,
                36.000113221677125
              ],
              [
                129.34472806999455,
                36.00000814372454
              ],
              [
                129.34473401961912,
                35.99990208117631
              ],
              [
                129.34472714694857,
                35.99979605547438
              ],
              [
                129.34470751822147,
                35.99969108770177
              ],
              [
                129.3446753225221,
                35.99958818874913
              ],
              [
                129.34466492990452,
                35.999564847256096
              ],
              [
                129.344667762233,
                35.99954894444106
              ],
              [
                129.344673711909,
                35.999442881887454
              ],
              [
                129.34467200093567,
                35.999416485992434
              ],
              [
                129.3447362107985,
                35.99932873263858
              ],
              [
                129.34479165666673,
                35.99923259371239
              ],
              [
                129.34483523889926,
                35.99913250154707
              ],
              [
                129.3448665378155,
                35.99902942009761
              ],
              [
                129.3448852520354,
                35.99892434210405
              ],
              [
                129.34489120138008,
                35.998818279530454
              ],
              [
                129.34488432860525,
                35.998712253818994
              ],
              [
                129.3448771206432,
                35.99867370797739
              ],
              [
                129.34489123118863,
                35.998641301019106
              ],
              [
                129.3449225298431,
                35.99853821954805
              ],
              [
                129.344941243878,
                35.998433141538186
              ],
              [
                129.34494719311624,
                35.99832707895376
              ],
              [
                129.34494032031458,
                35.99822105323699
              ],
              [
                129.34493973423574,
                35.998217919070605
              ],
              [
                129.34502018659978,
                35.99820129715436
              ],
              [
                129.34514304960962,
                35.99816517499203
              ],
              [
                129.34526096377908,
                35.99811944071317
              ],
              [
                129.3453727934983,
                35.998064534780106
              ],
              [
                129.34547746176236,
                35.9980009859853
              ],
              [
                129.34557396054444,
                35.99792940635824
              ],
              [
                129.3456613605042,
                35.997850485270334
              ],
              [
                129.34573881993796,
                35.997764982795275
              ],
              [
                129.3458055928847,
                35.997673722388214
              ],
              [
                129.34586103630912,
                35.997577582954676
              ],
              [
                129.34590461629395,
                35.99747749038561
              ],
              [
                129.3459359131802,
                35.9973744086399
              ],
              [
                129.34595462560736,
                35.997269330460426
              ],
              [
                129.34596057341386,
                35.99716326781307
              ],
              [
                129.3459536993702,
                35.99705724214069
              ],
              [
                129.3459340697282,
                35.99695227452601
              ],
              [
                129.34590187358094,
                35.99684937585821
              ],
              [
                129.34585742103985,
                35.99674953709757
              ],
              [
                129.3458011402464,
                35.99665371973259
              ],
              [
                129.34573357324746,
                35.996562846520696
              ],
              [
                129.3456553707737,
                35.996477792602214
              ],
              [
                129.34556728597192,
                35.996399377073104
              ],
              [
                129.3454701671512,
                35.99632835509722
              ],
              [
                129.34536494961318,
                35.9962654106346
              ],
              [
                129.34525264664467,
                35.99621114985526
              ],
              [
                129.34513433975985,
                35.996166095302215
              ],
              [
                129.34501116828557,
                35.996130680859814
              ],
              [
                129.3448843183903,
                35.99610524757577
              ],
              [
                129.34475501166236,
                35.99609004037719
              ],
              [
                129.34462449334683,
                35.996085205712134
              ],
              [
                129.34451864234123,
                35.99608973629481
              ],
              [
                129.34454718689932,
                35.99599572395857
              ],
              [
                129.3445659008599,
                35.99589064596327
              ],
              [
                129.34457185043806,
                35.995784583350776
              ],
              [
                129.34456497838738,
                35.995678557563615
              ],
              [
                129.3445492828534,
                35.99559461763803
              ],
              [
                129.34457007920122,
                35.99552612376735
              ],
              [
                129.3445887930256,
                35.99542104576103
              ],
              [
                129.34459474254308,
                35.995314983139444
              ],
              [
                129.34458787050767,
                35.995208957345234
              ],
              [
                129.34456824315188,
                35.99510398946231
              ],
              [
                129.34453604954675,
                35.9950010903824
              ],
              [
                129.34449159977922,
                35.994901251069784
              ],
              [
                129.34443532196408,
                35.994805433018286
              ],
              [
                129.34443188053524,
                35.994800804269126
              ],
              [
                129.3445342526249,
                35.994750540695534
              ],
              [
                129.3446389172111,
                35.99468699261753
              ],
              [
                129.34473541274446,
                35.99461541364338
              ],
              [
                129.34482280991583,
                35.994536493138234
              ],
              [
                129.34490026704847,
                35.994450991170176
              ],
              [
                129.3449670382034,
                35.994359731189434
              ],
              [
                129.34502248036276,
                35.99426359209745
              ],
              [
                129.3450660596213,
                35.9941634997819
              ],
              [
                129.34509735632707,
                35.99406041819918
              ],
              [
                129.34511606912127,
                35.99395534009064
              ],
              [
                129.3451220178388,
                35.99384927742146
              ],
              [
                129.3451151452414,
                35.99374325163471
              ],
              [
                129.34510248992342,
                35.99367557166095
              ],
              [
                129.34514631311254,
                35.99367719485967
              ],
              [
                129.3452767820786,
                35.993671609742634
              ],
              [
                129.3454059491127,
                35.993655659035866
              ],
              [
                129.34553257021685,
                35.99362949635976
              ],
              [
                129.34565542591562,
                35.99359337368525
              ],
              [
                129.34577333300228,
                35.99354763890685
              ],
              [
                129.34588515593515,
                35.993492732491625
              ],
              [
                129.34598981777464,
                35.99342918323674
              ],
              [
                129.34608631055585,
                35.99335760317606
              ],
              [
                129.3461737049962,
                35.993278681685204
              ],
              [
                129.34625115944522,
                35.993193178841736
              ],
              [
                129.34631792798973,
                35.99310191810431
              ],
              [
                129.34637336763709,
                35.99300577838169
              ],
              [
                129.3464169445062,
                35.99290568556758
              ],
              [
                129.34644823896812,
                35.99280260362321
              ],
              [
                129.3464669496857,
                35.99269752529339
              ],
              [
                129.34647289651375,
                35.99259146254542
              ],
              [
                129.34646602223228,
                35.992485436823145
              ],
              [
                129.34644639309533,
                35.992380469209806
              ],
              [
                129.34641419819113,
                35.99227757059449
              ],
              [
                129.3463697476191,
                35.99217773193704
              ],
              [
                129.34631346950178,
                35.99208191472493
              ],
              [
                129.3462459058602,
                35.99199104171411
              ],
              [
                129.3461677073927,
                35.991905988043044
              ]
            ]
          ],
          [
            [
              [
                129.3486912631757,
                35.99795556684228
              ],
              [
                129.34860317373182,
                35.997877153587346
              ],
              [
                129.3485060503869,
                35.997806134111805
              ],
              [
                129.34840082848615,
                35.99774319235161
              ],
              [
                129.34828852135837,
                35.997688934450736
              ],
              [
                129.34817021055778,
                35.997643882924514
              ],
              [
                129.34804703544896,
                35.99760847162809
              ],
              [
                129.34792018223538,
                35.99758304157893
              ],
              [
                129.3477908725373,
                35.99756783767296
              ],
              [
                129.3476603516284,
                35.997563006326565
              ],
              [
                129.3475298764453,
                35.99756859406665
              ],
              [
                129.34740070348428,
                35.99758454708267
              ],
              [
                129.3472740767027,
                35.99761071174474
              ],
              [
                129.34715121554072,
                35.99764683608296
              ],
              [
                129.3470333031793,
                35.997692572213566
              ],
              [
                129.34692147514693,
                35.99774747968881
              ],
              [
                129.34681680838506,
                35.997811029738024
              ],
              [
                129.3467203108777,
                35.99788261035933
              ],
              [
                129.34663291194425,
                35.997961532212734
              ],
              [
                129.3465554532899,
                35.99804703525806
              ],
              [
                129.3464886808995,
                35.99813829607384
              ],
              [
                129.34643323785244,
                35.998234435786436
              ],
              [
                129.3463896581287,
                35.99833452853353
              ],
              [
                129.34635836146492,
                35.99843761037994
              ],
              [
                129.34633964931075,
                35.998542688600516
              ],
              [
                129.34633370192375,
                35.99864875124005
              ],
              [
                129.34634057663172,
                35.99875477685896
              ],
              [
                129.3463602072784,
                35.998859744370144
              ],
              [
                129.34639240485888,
                35.99896264287269
              ],
              [
                129.34643685933776,
                35.99906248138771
              ],
              [
                129.34649314263336,
                35.999158298402314
              ],
              [
                129.34656071273884,
                35.99924917113012
              ],
              [
                129.3466389189406,
                35.99933422439869
              ],
              [
                129.34672700808449,
                35.999412639078784
              ],
              [
                129.34682413182819,
                35.99948365997361
              ],
              [
                129.34692935481118,
                35.999546603092725
              ],
              [
                129.34704166366308,
                35.999600862239866
              ],
              [
                129.34715997676338,
                35.99964591485189
              ],
              [
                129.34728315465918,
                35.99968132703183
              ],
              [
                129.34741001103987,
                35.99970675772834
              ],
              [
                129.34753932416348,
                35.99972196202058
              ],
              [
                129.3476698486247,
                35.99972679347735
              ],
              [
                129.34780032735043,
                35.999721205567475
              ],
              [
                129.34792950370817,
                35.99970525210803
              ],
              [
                129.34805613361007,
                35.99967908674596
              ],
              [
                129.34817899749606,
                35.99964296147805
              ],
              [
                129.3482969120805,
                35.99959722422379
              ],
              [
                129.3484087417495,
                35.999542315474116
              ],
              [
                129.3485134094986,
                35.99947876404865
              ],
              [
                129.34860990730596,
                35.999407182002216
              ],
              [
                129.34869730584063,
                35.99932825872951
              ],
              [
                129.34877476341273,
                35.99924275432527
              ],
              [
                129.34884153407904,
                35.99915149226323
              ],
              [
                129.34889697482637,
                35.99905535146485
              ],
              [
                129.34894055176315,
                35.99895525783422
              ],
              [
                129.3489718452598,
                35.99885217534045
              ],
              [
                129.34899055398841,
                35.99874709673362
              ],
              [
                129.3489964978231,
                35.99864103398372
              ],
              [
                129.34898961957256,
                35.99853500853459
              ],
              [
                129.34896998552915,
                35.99843004146681
              ],
              [
                129.34893778482834,
                35.99832714366428
              ],
              [
                129.34889332762543,
                35.99822730607896
              ],
              [
                129.3488370421068,
                35.998131490188
              ],
              [
                129.34876947036477,
                35.99804061873464
              ],
              [
                129.3486912631757,
                35.99795556684228
              ]
            ]
          ],
          [
            [
              [
                129.31449605155828,
                36.00171461888063
              ],
              [
                129.3143989538485,
                36.001643571703276
              ],
              [
                129.3142937536974,
                36.00158059995336
              ],
              [
                129.31418146422448,
                36.00152631006361
              ],
              [
                129.31406316681395,
                36.001481224857415
              ],
              [
                129.31394000070145,
                36.001445778514295
              ],
              [
                129.31381315200395,
                36.00142031238914
              ],
              [
                129.3136838422981,
                36.00140507172532
              ],
              [
                129.31355331685776,
                36.00140020329314
              ],
              [
                129.31342283266318,
                36.00140575397663
              ],
              [
                129.31329364629738,
                36.001421670322074
              ],
              [
                129.31316700184678,
                36.00144779905273
              ],
              [
                129.3130441189217,
                36.00148388854467
              ],
              [
                129.3129261809126,
                36.0015295912497
              ],
              [
                129.31281432359492,
                36.00158446704196
              ],
              [
                129.31270962419214,
                36.00164798745589
              ],
              [
                129.31261309100248,
                36.00171954077501
              ],
              [
                129.31252565368885,
                36.001798437922226
              ],
              [
                129.31244815432615,
                36.00188391909535
              ],
              [
                129.31238133929105,
                36.00197516108353
              ],
              [
                129.31232585207368,
                36.00207128519451
              ],
              [
                129.31228222707932,
                36.00217136571623
              ],
              [
                129.31225088448062,
                36.0022744388313
              ],
              [
                129.31223212616948,
                36.00237951189863
              ],
              [
                129.31222613284802,
                36.002485573012784
              ],
              [
                129.31223296228637,
                36.00259160074884
              ],
              [
                129.31225254876435,
                36.00269657399938
              ],
              [
                129.31228470370237,
                36.00279948180823
              ],
              [
                129.3123291174758,
                36.00289933310693
              ],
              [
                129.312385362395,
                36.00299516625953
              ],
              [
                129.31245289682272,
                36.003086058324214
              ],
              [
                129.31253107038913,
                36.00317113394237
              ],
              [
                129.31261913025438,
                36.0032495737695
              ],
              [
                129.31271622835817,
                36.003320622366665
              ],
              [
                129.31282142958705,
                36.003383595476556
              ],
              [
                129.31293372078014,
                36.00343788661416
              ],
              [
                129.31305202048713,
                36.00348297290817
              ],
              [
                129.31317518938405,
                36.00351842013723
              ],
              [
                129.313302041247,
                36.00354388691241
              ],
              [
                129.31343135437768,
                36.00355912796539
              ],
              [
                129.31356188337057,
                36.00356399651087
              ],
              [
                129.31369237110897,
                36.003558445660474
              ],
              [
                129.31382156087358,
                36.003542528874355
              ],
              [
                129.31394820844744,
                36.00351639944617
              ],
              [
                129.31407109410017,
                36.00348030902666
              ],
              [
                129.3141890343365,
                36.003434605199644
              ],
              [
                129.3143008932954,
                36.00337972813414
              ],
              [
                129.3144055936903,
                36.0033162063446
              ],
              [
                129.31450212718494,
                36.003244651600404
              ],
              [
                129.3145895641045,
                36.00316575303337
              ],
              [
                129.31466706238942,
                36.003080270500284
              ],
              [
                129.31473387570435,
                36.002989027264235
              ],
              [
                129.31478936062527,
                36.00289290206544
              ],
              [
                129.31483298283518,
                36.002792820657774
              ],
              [
                129.31486432226845,
                36.00268974689268
              ],
              [
                129.31488307715478,
                36.0025846734362
              ],
              [
                129.31488906692366,
                36.00247861220875
              ],
              [
                129.31488223394152,
                36.00237258463957
              ],
              [
                129.3148626440647,
                36.00226761182972
              ],
              [
                129.31483048600342,
                36.002164704718396
              ],
              [
                129.31478606950236,
                36.00206485434726
              ],
              [
                129.31472982235593,
                36.00196902231665
              ],
              [
                129.314662286287,
                36.001878131525224
              ],
              [
                129.31458411172844,
                36.00179305728266
              ],
              [
                129.31449605155828,
                36.00171461888063
              ]
            ]
          ],
          [
            [
              [
                129.35091188095694,
                36.003142817819146
              ],
              [
                129.3508066500366,
                36.003079878275294
              ],
              [
                129.3506943336817,
                36.003025622726305
              ],
              [
                129.3505760135354,
                36.002980573664836
              ],
              [
                129.35045282905222,
                36.00294516492233
              ],
              [
                129.3503259665259,
                36.00291973749161
              ],
              [
                129.35019664766634,
                36.002904536243435
              ],
              [
                129.3500661178355,
                36.00289970756857
              ],
              [
                129.34993563405587,
                36.00290529796818
              ],
              [
                129.3498064529065,
                36.002921253606125
              ],
              [
                129.34967981842362,
                36.0029474208273
              ],
              [
                129.34955695012155,
                36.0029835476371
              ],
              [
                129.34943903124997,
                36.00302928612803
              ],
              [
                129.3493271974001,
                36.00308419582958
              ],
              [
                129.34922252556944,
                36.003147747949676
              ],
              [
                129.34912602379075,
                36.00321933046646
              ],
              [
                129.34908525838716,
                36.003256141288944
              ],
              [
                129.34899375522357,
                36.00328304524531
              ],
              [
                129.34887583557764,
                36.00332878318457
              ],
              [
                129.34876400091173,
                36.0033836923628
              ],
              [
                129.34865932823118,
                36.00344724399296
              ],
              [
                129.34856282557698,
                36.0035188260579
              ],
              [
                129.3484754223181,
                36.00359774920377
              ],
              [
                129.3483979602014,
                36.003683253377936
              ],
              [
                129.3483311852451,
                36.003774515148045
              ],
              [
                129.34827574055328,
                36.00387065563133
              ],
              [
                129.34823216012174,
                36.00397074895799
              ],
              [
                129.3482008636941,
                36.0040738311873
              ],
              [
                129.34818215271758,
                36.00417890959037
              ],
              [
                129.34817620743854,
                36.00428497221029
              ],
              [
                129.34818308516435,
                36.00439099760765
              ],
              [
                129.3482027197098,
                36.004495964697476
              ],
              [
                129.34823492203247,
                36.0045988625829
              ],
              [
                129.34827938205126,
                36.00469870029099
              ],
              [
                129.34833567163116,
                36.0047945163166
              ],
              [
                129.34840324870473,
                36.00488538788289
              ],
              [
                129.34848146249143,
                36.00497043982862
              ],
              [
                129.34856955976392,
                36.00504885303724
              ],
              [
                129.34866669210163,
                36.005119872326155
              ],
              [
                129.34877192406134,
                36.005182813720346
              ],
              [
                129.34888424218613,
                36.00523707104022
              ],
              [
                129.3490025647662,
                36.005282121740166
              ],
              [
                129.3491245346929,
                36.00531718195397
              ],
              [
                129.34917704769455,
                36.0053877949632
              ],
              [
                129.3492552628088,
                36.005472846389885
              ],
              [
                129.34934336140577,
                36.005551259016286
              ],
              [
                129.34944049505222,
                36.00562227766539
              ],
              [
                129.3495457282922,
                36.00568521836834
              ],
              [
                129.34965804765653,
                36.00573947495221
              ],
              [
                129.3497763714235,
                36.005784524878464
              ],
              [
                129.3498995600374,
                36.00581993427607
              ],
              [
                129.35002642708437,
                36.00584536212042
              ],
              [
                129.35015575071984,
                36.00586056351818
              ],
              [
                129.350173705424,
                36.00586122768058
              ],
              [
                129.35017032184086,
                36.00588023176295
              ],
              [
                129.35016437911682,
                36.005986294437285
              ],
              [
                129.35017125967045,
                36.00609231967498
              ],
              [
                129.35019089728925,
                36.00619728639262
              ],
              [
                129.3502231029012,
                36.006300183696936
              ],
              [
                129.35026756639354,
                36.00640002062055
              ],
              [
                129.3503238595978,
                36.00649583566594
              ],
              [
                129.3503914404117,
                36.0065867060656
              ],
              [
                129.35046965801857,
                36.006671756669604
              ],
              [
                129.35055775915436,
                36.0067501683743
              ],
              [
                129.35065489536126,
                36.006821186011564
              ],
              [
                129.35076013115878,
                36.00688412562231
              ],
              [
                129.35087245305303,
                36.00693838104408
              ],
              [
                129.35099077929792,
                36.00698342974957
              ],
              [
                129.35111397031395,
                36.00701883787947
              ],
              [
                129.3512408396641,
                36.00704426442143
              ],
              [
                129.35137016548154,
                36.00705946449462
              ],
              [
                129.3515007022386,
                36.00706429170845
              ],
              [
                129.35163119274384,
                36.00705869957265
              ],
              [
                129.35176038025122,
                36.007042741944986
              ],
              [
                129.35188702056558,
                36.007016572512526
              ],
              [
                129.3520098940265,
                36.0069804433113
              ],
              [
                129.35212781725613,
                36.006934702298665
              ],
              [
                129.3522396545573,
                36.00687979000177
              ],
              [
                129.35234432885207,
                36.00681623527439
              ],
              [
                129.3524408320556,
                36.00674465020314
              ],
              [
                129.35252823478496,
                36.006665724211906
              ],
              [
                129.35260569530976,
                36.006580217421565
              ],
              [
                129.35267246765852,
                36.006488953328855
              ],
              [
                129.35272790880182,
                36.00639281087479
              ],
              [
                129.35277148484425,
                36.00629271597941
              ],
              [
                129.35280277616488,
                36.00618963262401
              ],
              [
                129.3528214814568,
                36.00608455356695
              ],
              [
                129.35282191262786,
                36.006076853644984
              ],
              [
                129.35291022621013,
                36.00602323139608
              ],
              [
                129.35300672793792,
                36.005951645868336
              ],
              [
                129.35309412923118,
                36.00587271946236
              ],
              [
                129.3531715883734,
                36.00578721230304
              ],
              [
                129.35323835940642,
                36.005695947890636
              ],
              [
                129.3532937993134,
                36.00559980516925
              ],
              [
                129.35333737421095,
                36.0054997100615
              ],
              [
                129.3533686644891,
                36.00539662655072
              ],
              [
                129.353387368851,
                36.00529154739677
              ],
              [
                129.3533933072128,
                36.0051854845749
              ],
              [
                129.35338642243596,
                36.00507945952967
              ],
              [
                129.35336678087566,
                36.00497449333775
              ],
              [
                129.35333457173982,
                36.004871596874565
              ],
              [
                129.35329010526493,
                36.00477176107922
              ],
              [
                129.3532338097267,
                36.00467594741159
              ],
              [
                129.35316622731398,
                36.00458507859351
              ],
              [
                129.35308800890584,
                36.00450002972298
              ],
              [
                129.3529999078026,
                36.00442161984731
              ],
              [
                129.35290277247026,
                36.00435060407596
              ],
              [
                129.3527975383695,
                36.00428766630915
              ],
              [
                129.35268521894656,
                36.00423341265244
              ],
              [
                129.35256689587413,
                36.00418836558024
              ],
              [
                129.35244370863487,
                36.00415295890486
              ],
              [
                129.35231684354912,
                36.00412753359921
              ],
              [
                129.3521875223514,
                36.00411233451357
              ],
              [
                129.35205699042618,
                36.00410750801789
              ],
              [
                129.3519736757207,
                36.00411107887787
              ],
              [
                129.35194426373957,
                36.00401711162703
              ],
              [
                129.35189979950192,
                36.003917275289595
              ],
              [
                129.35184350625642,
                36.00382146094303
              ],
              [
                129.35177592616978,
                36.003730591315694
              ],
              [
                129.35169771009876,
                36.00364554151341
              ],
              [
                129.35160961132112,
                36.003567130592444
              ],
              [
                129.3515124782805,
                36.0034961136723
              ],
              [
                129.3514072464155,
                36.00343317466433
              ],
              [
                129.35129492915084,
                36.00337891968599
              ],
              [
                129.3511766081384,
                36.00333387122442
              ],
              [
                129.35112057984483,
                36.00331776659094
              ],
              [
                129.35109711081788,
                36.00329224660743
              ],
              [
                129.3510090130271,
                36.003213835235215
              ],
              [
                129.35091188095694,
                36.003142817819146
              ]
            ]
          ],
          [
            [
              [
                129.34144832407497,
                36.0055105287977
              ],
              [
                129.34136023329324,
                36.005432110329345
              ],
              [
                129.34126310707398,
                36.00536108509396
              ],
              [
                129.34115788078998,
                36.00529813708298
              ],
              [
                129.3410455678123,
                36.005243872500564
              ],
              [
                129.3409272497515,
                36.005198813926334
              ],
              [
                129.3408040660421,
                36.00516339528337
              ],
              [
                129.34067720297037,
                36.00513795765984
              ],
              [
                129.34054788225149,
                36.005122746024604
              ],
              [
                129.34041734926527,
                36.00511790686849
              ],
              [
                129.34028686106464,
                36.0051234867936
              ],
              [
                129.3401576742712,
                36.00513943206464
              ],
              [
                129.34003103297553,
                36.00516558912631
              ],
              [
                129.33990815675753,
                36.00520170608187
              ],
              [
                129.3397902289431,
                36.00524743511871
              ],
              [
                129.3396783852096,
                36.00530233585736
              ],
              [
                129.33957370264963,
                36.005365879592034
              ],
              [
                129.33947718939933,
                36.00543745438167
              ],
              [
                129.33938977492963,
                36.00551637094246
              ],
              [
                129.33931230109545,
                36.00560186928518
              ],
              [
                129.33924551402774,
                36.005693126033655
              ],
              [
                129.33919005694725,
                36.00578926235347
              ],
              [
                129.33914646396912,
                36.00588935241493
              ],
              [
                129.33911515495765,
                36.005992432308794
              ],
              [
                129.3390964314814,
                36.00609750932865
              ],
              [
                129.33909047390702,
                36.00620357153094
              ],
              [
                129.33909733966036,
                36.00630959748025
              ],
              [
                129.33911696267148,
                36.00641456608632
              ],
              [
                129.33914915400902,
                36.00651746643772
              ],
              [
                129.3391936036977,
                36.00661730753773
              ],
              [
                129.33923007045124,
                36.00667939455034
              ],
              [
                129.3391772608818,
                36.00672706932684
              ],
              [
                129.3390997856432,
                36.006812567522644
              ],
              [
                129.33903299731986,
                36.00690382414117
              ],
              [
                129.33897753914468,
                36.006999960349255
              ],
              [
                129.33893394524324,
                36.00710005031831
              ],
              [
                129.33890263548886,
                36.00720313013993
              ],
              [
                129.33888391145715,
                36.007308207108444
              ],
              [
                129.33887795352015,
                36.00741426928077
              ],
              [
                129.3388848191072,
                36.00752029522182
              ],
              [
                129.33890444214998,
                36.00762526384136
              ],
              [
                129.3389366337168,
                36.00772816422785
              ],
              [
                129.33898108383022,
                36.007828005384255
              ],
              [
                129.33903736445066,
                36.00792382577223
              ],
              [
                129.33910493359693,
                36.008014702572915
              ],
              [
                129.3391831405649,
                36.00809976057468
              ],
              [
                129.33927123219289,
                36.00817818060266
              ],
              [
                129.33936836011472,
                36.00824920740856
              ],
              [
                129.33947358892974,
                36.008312156944996
              ],
              [
                129.33958590521124,
                36.00836642295393
              ],
              [
                129.3397042272673,
                36.00841148280607
              ],
              [
                129.33982741555872,
                36.008446902534764
              ],
              [
                129.33995428367476,
                36.008472341015924
              ],
              [
                129.34008360976046,
                36.00848755325375
              ],
              [
                129.3402141482856,
                36.00849239274048
              ],
              [
                129.34034464204166,
                36.00848681286763
              ],
              [
                129.34047383425136,
                36.008470867374854
              ],
              [
                129.34060048067414,
                36.00844470983235
              ],
              [
                129.34072336159082,
                36.00840859216162
              ],
              [
                129.34084129355173,
                36.00836286220897
              ],
              [
                129.34095314077555,
                36.00830796039501
              ],
              [
                129.34105782608881,
                36.00824441547259
              ],
              [
                129.34115434130044,
                36.00817283943387
              ],
              [
                129.3412417569119,
                36.008093921615746
              ],
              [
                129.3413192310688,
                36.008008422060406
              ],
              [
                129.3413860176682,
                36.00791716419488
              ],
              [
                129.3414414735435,
                36.00782102690027
              ],
              [
                129.3414850646574,
                36.00772093604689
              ],
              [
                129.3415163712438,
                36.007617855577124
              ],
              [
                129.3415350918488,
                36.007512778221596
              ],
              [
                129.34154104623207,
                36.00740671593821
              ],
              [
                129.34153417710078,
                36.007300690166375
              ],
              [
                129.3415145506595,
                36.00719572198977
              ],
              [
                129.34148235597047,
                36.007092822302944
              ],
              [
                129.34143790313115,
                36.00699298207605
              ],
              [
                129.34140143450563,
                36.00693089574805
              ],
              [
                129.34145424286294,
                36.00688322000043
              ],
              [
                129.34153171561545,
                36.006797720298245
              ],
              [
                129.34159850095935,
                36.006706462302844
              ],
              [
                129.34165395574004,
                36.006610324896556
              ],
              [
                129.34169754593083,
                36.00651023395081
              ],
              [
                129.34172885177446,
                36.006407153408865
              ],
              [
                129.3417475718242,
                36.00630207600203
              ],
              [
                129.341753525845,
                36.00619601368873
              ],
              [
                129.34174665654766,
                36.00608998790861
              ],
              [
                129.34172703013823,
                36.005985019745474
              ],
              [
                129.3416948356787,
                36.00588212009373
              ],
              [
                129.3416503832643,
                36.0057822799232
              ],
              [
                129.34159410103533,
                36.005686460735895
              ],
              [
                129.34152653105238,
                36.00559558530684
              ],
              [
                129.34144832407497,
                36.0055105287977
              ]
            ]
          ],
          [
            [
              [
                129.34867443533108,
                36.01295443424103
              ],
              [
                129.34855610143282,
                36.01290938333738
              ],
              [
                129.34843290235125,
                36.012873972659506
              ],
              [
                129.34830602452075,
                36.01284854321887
              ],
              [
                129.34817668979852,
                36.01283333990558
              ],
              [
                129.34804614369935,
                36.01282850913027
              ],
              [
                129.3479156434023,
                36.01283409741437
              ],
              [
                129.3477864456455,
                36.01285005094208
              ],
              [
                129.3476597946251,
                36.01287621607861
              ],
              [
                129.34753691001458,
                36.012912340849475
              ],
              [
                129.3474189752208,
                36.01295807736675
              ],
              [
                129.34730712598818,
                36.013012985179
              ],
              [
                129.34720243946242,
                36.01307653551231
              ],
              [
                129.34710592381776,
                36.01314811636207
              ],
              [
                129.34701850854827,
                36.0132270383861
              ],
              [
                129.34694103551655,
                36.01331254154259
              ],
              [
                129.34687425084584,
                36.013403802409
              ],
              [
                129.34681879773385,
                36.01349994211126
              ],
              [
                129.34677521025753,
                36.013600034787125
              ],
              [
                129.34674390822823,
                36.013703116502114
              ],
              [
                129.34672519314728,
                36.01380819453231
              ],
              [
                129.34671924530045,
                36.01391425692441
              ],
              [
                129.34672612201996,
                36.01402028224118
              ],
              [
                129.34674575713032,
                36.01412524939842
              ],
              [
                129.34677796158363,
                36.014228147498635
              ],
              [
                129.34682242527833,
                36.014327985566794
              ],
              [
                129.34687872004403,
                36.01442380209431
              ],
              [
                129.3469463037634,
                36.01451467429947
              ],
              [
                129.34702452559182,
                36.01459972701491
              ],
              [
                129.34711263222457,
                36.01467814111665
              ],
              [
                129.347209775151,
                36.01474916141346
              ],
              [
                129.34731501882575,
                36.014812103920676
              ],
              [
                129.3474273496792,
                36.01486636244789
              ],
              [
                129.34754568587903,
                36.01491141443791
              ],
              [
                129.34766888774968,
                36.0149468259998
              ],
              [
                129.34779576874968,
                36.014972256088114
              ],
              [
                129.3479251069,
                36.014987459787875
              ],
              [
                129.3480556565542,
                36.0149922906736
              ],
              [
                129.34818616039655,
                36.014986702219595
              ],
              [
                129.34831536155258,
                36.01497074824819
              ],
              [
                129.34844201569567,
                36.01494458241125
              ],
              [
                129.34856490303218,
                36.01490845671017
              ],
              [
                129.34868284005063,
                36.01486271906858
              ],
              [
                129.348794690921,
                36.01480780998117
              ],
              [
                129.34885679809133,
                36.01477010716147
              ],
              [
                129.3488920283078,
                36.01484920671303
              ],
              [
                129.34894832594622,
                36.01494502224495
              ],
              [
                129.3490159124815,
                36.015035893260425
              ],
              [
                129.3490941370419,
                36.015120944603545
              ],
              [
                129.3491822462964,
                36.01519935716357
              ],
              [
                129.349279391709,
                36.01527037576414
              ],
              [
                129.34938463771053,
                36.01533331643684
              ],
              [
                129.34949613680462,
                36.015387170235925
              ],
              [
                129.34945276953303,
                36.01548676359094
              ],
              [
                129.34942147027064,
                36.01558984595716
              ],
              [
                129.34940275832216,
                36.01569492435492
              ],
              [
                129.3493968139432,
                36.01580098682739
              ],
              [
                129.34940369443265,
                36.01590701193655
              ],
              [
                129.3494233335786,
                36.016011978600204
              ],
              [
                129.34945554229438,
                36.01611487592558
              ],
              [
                129.34950001043737,
                36.01621471294514
              ],
              [
                129.34955630979428,
                36.01631052816038
              ],
              [
                129.34962389820362,
                36.01640139880223
              ],
              [
                129.3497021247756,
                36.01648644971836
              ],
              [
                129.3497902361598,
                36.01656486180211
              ],
              [
                129.34980408913873,
                36.016574988792264
              ],
              [
                129.3498408479452,
                36.01665751590511
              ],
              [
                129.34978506317609,
                36.01668490144226
              ],
              [
                129.3496803738265,
                36.016748453915355
              ],
              [
                129.34958385599006,
                36.0168200367277
              ],
              [
                129.34949643918196,
                36.01689896051818
              ],
              [
                129.34941896527965,
                36.016984465228006
              ],
              [
                129.34935218041474,
                36.01707572741968
              ],
              [
                129.3492967277868,
                36.01717186820631
              ],
              [
                129.34925314146813,
                36.01727196171526
              ],
              [
                129.34922184125895,
                36.017375044004034
              ],
              [
                129.34920312864307,
                36.01748012234317
              ],
              [
                129.34919718388258,
                36.017586184776384
              ],
              [
                129.34920406427992,
                36.01769220986605
              ],
              [
                129.3492237036242,
                36.017797176530145
              ],
              [
                129.3492559128268,
                36.017900073875914
              ],
              [
                129.34930038174036,
                36.017999910935615
              ],
              [
                129.3493566821443,
                36.01809572621036
              ],
              [
                129.3494242718669,
                36.01818659693047
              ],
              [
                129.34950250000585,
                36.01827164794289
              ],
              [
                129.34959061319557,
                36.018350060140044
              ],
              [
                129.34963194802447,
                36.01838027669237
              ],
              [
                129.34967557894495,
                36.018454529314546
              ],
              [
                129.34974316934202,
                36.018545399845785
              ],
              [
                129.3498213981797,
                36.01863045064124
              ],
              [
                129.3499095120858,
                36.01870886259546
              ],
              [
                129.35000666247947,
                36.01877988053788
              ],
              [
                129.35011191374366,
                36.01884282050647
              ],
              [
                129.3502242522355,
                36.01889707633532
              ],
              [
                129.35034259604907,
                36.01894212549321
              ],
              [
                129.3504009893422,
                36.01895890691397
              ],
              [
                129.35041457818167,
                36.018970999346514
              ],
              [
                129.35030131180446,
                36.01896681050021
              ],
              [
                129.3501708015711,
                36.01897240128759
              ],
              [
                129.35004159428087,
                36.01898835728127
              ],
              [
                129.3499149342216,
                36.01901452482269
              ],
              [
                129.3498783503451,
                36.01902527946587
              ],
              [
                129.34984664314874,
                36.018954096010965
              ],
              [
                129.34979034153437,
                36.01885828098663
              ],
              [
                129.3497227508132,
                36.018767410488486
              ],
              [
                129.34964452194438,
                36.01868235963079
              ],
              [
                129.34955640832888,
                36.01860394747992
              ],
              [
                129.34945925855337,
                36.01853292916725
              ],
              [
                129.3493540082175,
                36.01846998861749
              ],
              [
                129.34924167092393,
                36.01841573196296
              ],
              [
                129.34912332851738,
                36.01837068170694
              ],
              [
                129.34900012066677,
                36.01833527169238
              ],
              [
                129.34887323389086,
                36.01830984292435
              ],
              [
                129.34874389013302,
                36.01829464028646
              ],
              [
                129.34861333499498,
                36.01828981018287
              ],
              [
                129.34848282574288,
                36.018295399128505
              ],
              [
                129.3483536192011,
                36.018311353301215
              ],
              [
                129.34822695965036,
                36.01833751906002
              ],
              [
                129.34810406684633,
                36.01837364442441
              ],
              [
                129.34798612427468,
                36.01841938150076
              ],
              [
                129.34787426775478,
                36.01847428983226
              ],
              [
                129.34776957450248,
                36.01853784064
              ],
              [
                129.3476730527568,
                36.0186094219148
              ],
              [
                129.34758563207058,
                36.01868834431039
              ],
              [
                129.3475081543586,
                36.01877384778139
              ],
              [
                129.34744136578914,
                36.01886510890222
              ],
              [
                129.3473859095975,
                36.01896124879638
              ],
              [
                129.3473423198903,
                36.01906134159977
              ],
              [
                129.34731101650033,
                36.0191644233767
              ],
              [
                129.3472923009421,
                36.019269501402626
              ],
              [
                129.34728635350598,
                36.01937556372432
              ],
              [
                129.34729323152024,
                36.019481588905215
              ],
              [
                129.34731286879693,
                36.01958655586241
              ],
              [
                129.34732537283216,
                36.019626504335655
              ],
              [
                129.34731409927315,
                36.019646048162244
              ],
              [
                129.347270509105,
                36.01974614093068
              ],
              [
                129.34723920535797,
                36.01984922267908
              ],
              [
                129.34722048954995,
                36.01995430068323
              ],
              [
                129.34721454197376,
                36.02006036299005
              ],
              [
                129.34722141995903,
                36.02016638816315
              ],
              [
                129.34724105731806,
                36.02027135511971
              ],
              [
                129.3472732649813,
                36.02037425296413
              ],
              [
                129.34731773281632,
                36.02047409072389
              ],
              [
                129.34737403261286,
                36.02056990689335
              ],
              [
                129.34744162220514,
                36.020660778694236
              ],
              [
                129.34746665604482,
                36.02068799623297
              ],
              [
                129.34749563094124,
                36.020737308076924
              ],
              [
                129.34756322081714,
                36.02082817980518
              ],
              [
                129.34764144960099,
                36.02091323199068
              ],
              [
                129.3477295639211,
                36.02099164551458
              ],
              [
                129.3478267151927,
                36.02106266519118
              ],
              [
                129.34793196779023,
                36.02112560704175
              ],
              [
                129.34804430805798,
                36.02117986488228
              ],
              [
                129.34816265407298,
                36.02122491616213
              ],
              [
                129.3482858660652,
                36.02126032699722
              ],
              [
                129.34841275739566,
                36.02128575634911
              ],
              [
                129.3485421059858,
                36.02130095930988
              ],
              [
                129.34867266608862,
                36.021305789461174
              ],
              [
                129.34880318028772,
                36.021300200284415
              ],
              [
                129.348932391609,
                36.02128424560886
              ],
              [
                129.34905905562778,
                36.02125807909314
              ],
              [
                129.34918195245538,
                36.0212219527452
              ],
              [
                129.34929989848888,
                36.021176214494936
              ],
              [
                129.34941175781145,
                36.02112130484288
              ],
              [
                129.3495164531331,
                36.02105775261737
              ],
              [
                129.3496129761664,
                36.02098616988091
              ],
              [
                129.3496238640152,
                36.02097634034149
              ],
              [
                129.34968252927902,
                36.02100467331115
              ],
              [
                129.34980087595014,
                36.02104972297201
              ],
              [
                129.3499240883878,
                36.0210851321225
              ],
              [
                129.34999819491753,
                36.02109998224205
              ],
              [
                129.35000393795676,
                36.02110418033096
              ],
              [
                129.35010919232522,
                36.0211671202604
              ],
              [
                129.35022153412763,
                36.02122137605248
              ],
              [
                129.35033988142615,
                36.02126642517633
              ],
              [
                129.3504630944385,
                36.021301833768554
              ],
              [
                129.3505899865158,
                36.02132726081236
              ],
              [
                129.35071933557234,
                36.021342461422094
              ],
              [
                129.35084989585658,
                36.021347289201984
              ],
              [
                129.3509804099504,
                36.02134169765632
              ],
              [
                129.35110962088072,
                36.02132574063716
              ],
              [
                129.35123628422662,
                36.02129957182574
              ],
              [
                129.35135918010587,
                36.021263443252096
              ],
              [
                129.35147712492474,
                36.021217702867546
              ],
              [
                129.35158898277808,
                36.021162791193184
              ],
              [
                129.35164636306465,
                36.021127958591364
              ],
              [
                129.35163436345943,
                36.021195349647165
              ],
              [
                129.35162842172073,
                36.021301412118596
              ],
              [
                129.35163530573857,
                36.02140743698317
              ],
              [
                129.35165494926719,
                36.02151240316103
              ],
              [
                129.3516871631776,
                36.0216152997641
              ],
              [
                129.35173163727723,
                36.02171513583177
              ],
              [
                129.35178794329542,
                36.02181094987471
              ],
              [
                129.35185553900652,
                36.021901819135124
              ],
              [
                129.35193377345047,
                36.021986868473995
              ],
              [
                129.352021893201,
                36.022065278799865
              ],
              [
                129.35211904962105,
                36.022136294957846
              ],
              [
                129.35214023360146,
                36.02214896180861
              ],
              [
                129.35211755557648,
                36.02215176263327
              ],
              [
                129.35199089116836,
                36.02217793237773
              ],
              [
                129.35186799416638,
                36.022214061599534
              ],
              [
                129.3517500480967,
                36.02225980236789
              ],
              [
                129.3516381888123,
                36.02231471419043
              ],
              [
                129.35153349355573,
                36.02237826825465
              ],
              [
                129.3514369705853,
                36.022449852519976
              ],
              [
                129.35134954946562,
                36.02252877761138
              ],
              [
                129.35127207211568,
                36.022614283457514
              ],
              [
                129.35120528470026,
                36.02270554660993
              ],
              [
                129.3511498304436,
                36.022801688172535
              ],
              [
                129.3511062434336,
                36.02290178226519
              ],
              [
                129.35107494347724,
                36.02300486493975
              ],
              [
                129.35105623205584,
                36.02310994346309
              ],
              [
                129.35105028942,
                36.02321600587711
              ],
              [
                129.35105717285177,
                36.0233220307444
              ],
              [
                129.35107681611103,
                36.023426996985066
              ],
              [
                129.35110903007137,
                36.02352989371042
              ],
              [
                129.3511535045398,
                36.02362972995867
              ],
              [
                129.35120981124211,
                36.023725544238765
              ],
              [
                129.35127740794601,
                36.023816413790605
              ],
              [
                129.3513556436819,
                36.0239014634724
              ],
              [
                129.3513999348648,
                36.02394087397475
              ],
              [
                129.35144049985306,
                36.02403193289723
              ],
              [
                129.35149680719198,
                36.02412774703263
              ],
              [
                129.35156440457152,
                36.02421861641286
              ],
              [
                129.35161803454878,
                36.02427691665887
              ],
              [
                129.35159027224978,
                36.02429376904076
              ],
              [
                129.35149374700939,
                36.02436535334165
              ],
              [
                129.35140632384682,
                36.024444278460685
              ],
              [
                129.35132884470062,
                36.024529784326276
              ],
              [
                129.35126205575298,
                36.02462104748977
              ],
              [
                129.35120660024285,
                36.024717189054996
              ],
              [
                129.35116301227026,
                36.02481728314176
              ],
              [
                129.35113171165136,
                36.02492036580201
              ],
              [
                129.35111299987392,
                36.025025444302734
              ],
              [
                129.351107057192,
                36.02513150668606
              ],
              [
                129.35111394088804,
                36.02523753151487
              ],
              [
                129.35113358471938,
                36.02534249770964
              ],
              [
                129.3511657995542,
                36.0254453943821
              ],
              [
                129.35121027519094,
                36.025545230571026
              ],
              [
                129.35126658334428,
                36.02564104478589
              ],
              [
                129.3513341817679,
                36.02573191426724
              ],
              [
                129.3514124194756,
                36.02581696387393
              ],
              [
                129.35150054300976,
                36.025895374511904
              ],
              [
                129.35159770369688,
                36.025966391023324
              ],
              [
                129.3516477371948,
                36.025996307127684
              ],
              [
                129.35169177978855,
                36.02607124892578
              ],
              [
                129.35175937907007,
                36.02616211815617
              ],
              [
                129.35183761766172,
                36.026247167474445
              ],
              [
                129.35192574209725,
                36.02632557778932
              ],
              [
                129.35202290369458,
                36.026396593946075
              ],
              [
                129.35212816672856,
                36.026459531999826
              ],
              [
                129.35213066265658,
                36.026460737277525
              ],
              [
                129.35210538116826,
                36.02651879342995
              ],
              [
                129.35207408112473,
                36.026621876303835
              ],
              [
                129.35205537021662,
                36.02672695491704
              ],
              [
                129.35204942868964,
                36.02683301731064
              ],
              [
                129.35205631381515,
                36.02693904204739
              ],
              [
                129.35207595933673,
                36.02704400804868
              ],
              [
                129.3521081761062,
                36.02714690442812
              ],
              [
                129.35215265390346,
                36.02724674022724
              ],
              [
                129.35220896442232,
                36.027342553959315
              ],
              [
                129.3522765653937,
                36.027433422869535
              ],
              [
                129.35235480580695,
                36.02751847182223
              ],
              [
                129.35244293217826,
                36.027596881729664
              ],
              [
                129.35254009580692,
                36.02766789744102
              ],
              [
                129.35264536094823,
                36.0277308350157
              ],
              [
                129.35275771382572,
                36.0277850883109
              ],
              [
                129.35287607239493,
                36.02783013481976
              ],
              [
                129.35299929676498,
                36.0278655407041
              ],
              [
                129.3531262001776,
                36.02789096497319
              ],
              [
                129.35325556043784,
                36.027906162768076
              ],
              [
                129.35338613168634,
                36.02791098772016
              ],
              [
                129.35351665639936,
                36.027905393360896
              ],
              [
                129.35364587750146,
                36.027889433569484
              ],
              [
                129.35377255047382,
                36.02786326205384
              ],
              [
                129.35389545534147,
                36.02782713087007
              ],
              [
                129.35401340842407,
                36.02778138799462
              ],
              [
                129.35412527373694,
                36.02772647397261
              ],
              [
                129.35422997393232,
                36.02766291767444
              ],
              [
                129.35432650067594,
                36.02759133120187
              ],
              [
                129.35441392435814,
                36.0275124039923
              ],
              [
                129.35449140304684,
                36.02742689617835
              ],
              [
                129.35455819059553,
                36.0273356312666
              ],
              [
                129.3546136438285,
                36.02723948820602
              ],
              [
                129.3546572287339,
                36.02713939292247
              ],
              [
                129.35468852560558,
                36.027036309401
              ],
              [
                129.3546979928425,
                36.02698313242226
              ],
              [
                129.35480461111757,
                36.02694178394171
              ],
              [
                129.35491647469306,
                36.02688686918369
              ],
              [
                129.35502117314186,
                36.02682331219567
              ],
              [
                129.35511769814647,
                36.02675172508599
              ],
              [
                129.3552051201141,
                36.0266727972982
              ],
              [
                129.35528259712905,
                36.02658728897052
              ],
              [
                129.35534938306105,
                36.026496023614484
              ],
              [
                129.35540483474983,
                36.0263998801833
              ],
              [
                129.3554484181986,
                36.026299784606415
              ],
              [
                129.35547971371506,
                36.02619670087167
              ],
              [
                129.3554984199519,
                36.02609162174113
              ],
              [
                129.35550435680736,
                36.02598555918981
              ],
              [
                129.3554974671574,
                36.02587953465963
              ],
              [
                129.3554778174042,
                36.02577456922235
              ],
              [
                129.35544559683464,
                36.02567167374608
              ],
              [
                129.35540111579536,
                36.025571839160406
              ],
              [
                129.3553448027024,
                36.02547602691358
              ],
              [
                129.35527719991362,
                36.02538515971371
              ],
              [
                129.35519895850445,
                36.02530011264321
              ],
              [
                129.3551108319966,
                36.02522170473202
              ],
              [
                129.35501366910086,
                36.025150691070664
              ],
              [
                129.35490840554328,
                36.02508775553907
              ],
              [
                129.35488320503714,
                36.02507558684352
              ],
              [
                129.3548264980302,
                36.024999363837495
              ],
              [
                129.35480210699177,
                36.02497285083357
              ],
              [
                129.35480249435477,
                36.02497250110281
              ],
              [
                129.35486106331166,
                36.02490786004773
              ],
              [
                129.35492159587523,
                36.02488438373622
              ],
              [
                129.35503345647234,
                36.02482946886705
              ],
              [
                129.35513815211831,
                36.0247659117709
              ],
              [
                129.35523467452256,
                36.0246943245572
              ],
              [
                129.35532209411735,
                36.02461539667052
              ],
              [
                129.3553995690099,
                36.02452988824997
              ],
              [
                129.35546635309026,
                36.024438622808
              ],
              [
                129.35552180321616,
                36.02434247929864
              ],
              [
                129.35556538540567,
                36.0242423836521
              ],
              [
                129.3555966799787,
                36.02413929985692
              ],
              [
                129.3556153855971,
                36.02403422067568
              ],
              [
                129.3556213221649,
                36.023928158083926
              ],
              [
                129.3556144325609,
                36.023822133523964
              ],
              [
                129.3555947831869,
                36.02371716806781
              ],
              [
                129.35556256332603,
                36.02361427258381
              ],
              [
                129.35551808331815,
                36.0235144380016
              ],
              [
                129.3554617715693,
                36.023418625769374
              ],
              [
                129.3553941704245,
                36.0233277585951
              ],
              [
                129.35531593094322,
                36.02324271156099
              ],
              [
                129.3552278066287,
                36.023164303696625
              ],
              [
                129.35513064617055,
                36.02309329009205
              ],
              [
                129.35502538527138,
                36.023030354626684
              ],
              [
                129.35491303763553,
                36.02297610338384
              ],
              [
                129.3547946852073,
                36.022931058814684
              ],
              [
                129.35467146775207,
                36.02289565470742
              ],
              [
                129.35454457188112,
                36.02287023201021
              ],
              [
                129.35441521962545,
                36.022855035548226
              ],
              [
                129.35428465666854,
                36.02285021166613
              ],
              [
                129.35415414035182,
                36.02285580681897
              ],
              [
                129.35402492756776,
                36.02287176712481
              ],
              [
                129.35389826265705,
                36.02289793888358
              ],
              [
                129.35377536542714,
                36.02293407005702
              ],
              [
                129.35372273162255,
                36.02295448288266
              ],
              [
                129.35369554107814,
                36.022924925337335
              ],
              [
                129.3536512493321,
                36.02288551567933
              ],
              [
                129.35361068240525,
                36.02279445749818
              ],
              [
                129.35355437347775,
                36.02269864434299
              ],
              [
                129.35348677513588,
                36.0226077760669
              ],
              [
                129.35340853841214,
                36.02252272776272
              ],
              [
                129.35332041678325,
                36.022444318472246
              ],
              [
                129.35322325891292,
                36.02237330329932
              ],
              [
                129.35320207470042,
                36.02236063664164
              ],
              [
                129.35322475274506,
                36.02235783561185
              ],
              [
                129.35335141702163,
                36.02233166456568
              ],
              [
                129.35347431351568,
                36.022295533827204
              ],
              [
                129.3535922586275,
                36.02224979136859
              ],
              [
                129.35370411644922,
                36.022194877730925
              ],
              [
                129.3538088097053,
                36.02213132178095
              ],
              [
                129.35390533012816,
                36.02205973561702
              ],
              [
                129.3539927481691,
                36.02198080867355
              ],
              [
                129.35407022195037,
                36.02189530108064
              ],
              [
                129.35413700537268,
                36.02180403634272
              ],
              [
                129.35419245530005,
                36.021707893407076
              ],
              [
                129.35423603775254,
                36.02160779819836
              ],
              [
                129.3542673330475,
                36.021504714700896
              ],
              [
                129.35428603983976,
                36.02139963567442
              ],
              [
                129.3542919780221,
                36.02129357309296
              ],
              [
                129.35428509045778,
                36.021187548398764
              ],
              [
                129.35426544352887,
                36.0210825826651
              ],
              [
                129.354233226495,
                36.020979686763
              ],
              [
                129.35418874966882,
                36.02087985162613
              ],
              [
                129.3541324414257,
                36.02078403870806
              ],
              [
                129.35406484407682,
                36.020693170723334
              ],
              [
                129.35398660864522,
                36.020608122761985
              ],
              [
                129.3538984885951,
                36.02052971386251
              ],
              [
                129.353801332575,
                36.020458699124944
              ],
              [
                129.35369607624474,
                36.02039576243958
              ],
              [
                129.35364361561724,
                36.020370428238344
              ],
              [
                129.35369319687754,
                36.02031570486755
              ],
              [
                129.353759979419,
                36.02022444032057
              ],
              [
                129.3537929786808,
                36.02016722337938
              ],
              [
                129.35382993638214,
                36.020168589068064
              ],
              [
                129.35396044829497,
                36.02016299429027
              ],
              [
                129.35408965667494,
                36.020147034071435
              ],
              [
                129.35421631712578,
                36.02012086212356
              ],
              [
                129.35433920979312,
                36.0200847305069
              ],
              [
                129.35445715111413,
                36.02003898720214
              ],
              [
                129.35456900521743,
                36.01998407275844
              ],
              [
                129.35467369486324,
                36.01992051605033
              ],
              [
                129.35477021181882,
                36.019848929183446
              ],
              [
                129.35485762656882,
                36.01977000159903
              ],
              [
                129.3549350972672,
                36.01968449343329
              ],
              [
                129.3550018778444,
                36.01959322819619
              ],
              [
                129.35505732519175,
                36.01949708483983
              ],
              [
                129.35510090535425,
                36.01939698929289
              ],
              [
                129.35513219867119,
                36.01929390554297
              ],
              [
                129.35515090381656,
                36.01918882635225
              ],
              [
                129.35515684069898,
                36.01908276369631
              ],
              [
                129.35514995219413,
                36.01897673901811
              ],
              [
                129.35513030469323,
                36.01887177339079
              ],
              [
                129.35509808746136,
                36.018768877684344
              ],
              [
                129.35505361081306,
                36.01866904283057
              ],
              [
                129.35499730312205,
                36.01857323028025
              ],
              [
                129.35492970669412,
                36.018482362744464
              ],
              [
                129.3548514725435,
                36.01839731530888
              ],
              [
                129.35476335412196,
                36.01831890700694
              ],
              [
                129.35466620006244,
                36.01824789293294
              ],
              [
                129.35456094600585,
                36.018184956970785
              ],
              [
                129.35444860559068,
                36.01813070520859
              ],
              [
                129.35433026069165,
                36.018085660102535
              ],
              [
                129.35420705100174,
                36.018050255446
              ],
              [
                129.3540801630574,
                36.01802483219243
              ],
              [
                129.35395081881325,
                36.018009635172334
              ],
              [
                129.35383873989113,
                36.01800549349432
              ],
              [
                129.353852927382,
                36.017999990842185
              ],
              [
                129.35396477903993,
                36.01794507695716
              ],
              [
                129.35406946649243,
                36.01788152076728
              ],
              [
                129.35416598152804,
                36.01780993437321
              ],
              [
                129.3542533946498,
                36.0177310072116
              ],
              [
                129.3543308640273,
                36.017645499414655
              ],
              [
                129.3543976436038,
                36.01755423448871
              ],
              [
                129.35445309028023,
                36.0174580913829
              ],
              [
                129.35449667010803,
                36.01735799602351
              ],
              [
                129.35452796342977,
                36.01725491239631
              ],
              [
                129.35454666891928,
                36.01714983326229
              ],
              [
                129.35454801761827,
                36.01712574147892
              ],
              [
                129.35460009343626,
                36.0171104299736
              ],
              [
                129.3547180301872,
                36.017064686415324
              ],
              [
                129.354829879922,
                36.01700977172571
              ],
              [
                129.3549345654429,
                36.01694621478164
              ],
              [
                129.35503107855698,
                36.01687462769103
              ],
              [
                129.35511848978584,
                36.01679569989726
              ],
              [
                129.35519595731733,
                36.01671019153856
              ],
              [
                129.35526273511243,
                36.01661892612675
              ],
              [
                129.35531818008928,
                36.0165227826156
              ],
              [
                129.35536175831564,
                36.01642268693531
              ],
              [
                129.3553930501495,
                36.01631960307473
              ],
              [
                129.3554117542791,
                36.016214523797096
              ],
              [
                129.35541769062274,
                36.01610846107885
              ],
              [
                129.35541080206147,
                36.01600243636356
              ],
              [
                129.3553911549869,
                36.0158974707247
              ],
              [
                129.3553589386601,
                36.015794575032366
              ],
              [
                129.3553144633868,
                36.01569474021824
              ],
              [
                129.3552581575275,
                36.015598927732746
              ],
              [
                129.35519056337037,
                36.01550806028631
              ],
              [
                129.3551123319077,
                36.01542301296372
              ],
              [
                129.35502421656548,
                36.015344604797384
              ],
              [
                129.35492706594687,
                36.01527359088026
              ],
              [
                129.35482181565973,
                36.01521065509475
              ],
              [
                129.35470947930625,
                36.01515640352727
              ],
              [
                129.35459113872201,
                36.01511135863216
              ],
              [
                129.3544679335584,
                36.0150759542007
              ],
              [
                129.35434105030834,
                36.01505053118424
              ],
              [
                129.35421171088123,
                36.01503533441098
              ],
              [
                129.35408116083713,
                36.01503051022861
              ],
              [
                129.35395065739303,
                36.01503610509504
              ],
              [
                129.3538214573175,
                36.01505206513112
              ],
              [
                129.3536948048289,
                36.015078236639376
              ],
              [
                129.35357191961495,
                36.01511436758397
              ],
              [
                129.353494922965,
                36.01514423175096
              ],
              [
                129.35352022967896,
                36.015086106753756
              ],
              [
                129.35355152340142,
                36.01498302334017
              ],
              [
                129.35355175946216,
                36.01498169731458
              ],
              [
                129.3535755525063,
                36.014960213597625
              ],
              [
                129.35362136180063,
                36.014909650012065
              ],
              [
                129.35373124859623,
                36.01493166827581
              ],
              [
                129.35386058776595,
                36.014946865568916
              ],
              [
                129.35399113766073,
                36.014951689992316
              ],
              [
                129.35412164096243,
                36.01494609508254
              ],
              [
                129.35425084080194,
                36.01493013472412
              ],
              [
                129.35437749286518,
                36.014903962630406
              ],
              [
                129.35450037737863,
                36.014867830863075
              ],
              [
                129.35461831085797,
                36.0148220874042
              ],
              [
                129.3547301575073,
                36.01476717280447
              ],
              [
                129.35483484015867,
                36.01470361593989
              ],
              [
                129.35493135064678,
                36.01463202891763
              ],
              [
                129.35501875951846,
                36.01455310118039
              ],
              [
                129.35509622498432,
                36.01446759286587
              ],
              [
                129.35516300102515,
                36.01437632748547
              ],
              [
                129.35521844457605,
                36.014280183992625
              ],
              [
                129.35526202171846,
                36.01418008831736
              ],
              [
                129.3552933128209,
                36.01407700444852
              ],
              [
                129.35531201657852,
                36.01397192514937
              ],
              [
                129.35531795291334,
                36.01386586239661
              ],
              [
                129.35531419470965,
                36.01380801535551
              ],
              [
                129.35532191726094,
                36.01379949088693
              ],
              [
                129.3553886924836,
                36.01370822537534
              ],
              [
                129.3554441352985,
                36.01361208177162
              ],
              [
                129.35548771179432,
                36.0135119860069
              ],
              [
                129.35551900234574,
                36.01340890207082
              ],
              [
                129.35553770565323,
                36.013303822727345
              ],
              [
                129.35554364164312,
                36.01319775995358
              ],
              [
                129.35553675319977,
                36.01309173519356
              ],
              [
                129.3555171067137,
                36.012986769521255
              ],
              [
                129.35548489144023,
                36.012883873807056
              ],
              [
                129.35544041767503,
                36.012784038982865
              ],
              [
                129.35538411376402,
                36.012688226499186
              ],
              [
                129.35531652197662,
                36.01259735906645
              ],
              [
                129.35523829328233,
                36.01251231176931
              ],
              [
                129.3551804561999,
                36.01246084449079
              ],
              [
                129.3551722138268,
                36.012442341727834
              ],
              [
                129.35511591048584,
                36.01234652910961
              ],
              [
                129.35504831930004,
                36.012255661517166
              ],
              [
                129.35497009123313,
                36.01217061403673
              ],
              [
                129.35488197967828,
                36.01209220570221
              ],
              [
                129.3547848332023,
                36.01202119160818
              ],
              [
                129.35467958737308,
                36.01195825563878
              ],
              [
                129.35456725574983,
                36.01190400388217
              ],
              [
                129.35444892012273,
                36.01185895879453
              ],
              [
                129.35432572009535,
                36.011823554169
              ],
              [
                129.3542222048348,
                36.011802812282156
              ],
              [
                129.35417250741554,
                36.011718238293014
              ],
              [
                129.35410491785055,
                36.01162737015031
              ],
              [
                129.3540266914183,
                36.011542322036476
              ],
              [
                129.35393858149644,
                36.01146391299153
              ],
              [
                129.35384143663586,
                36.01139289811688
              ],
              [
                129.35376860610307,
                36.01134934495781
              ],
              [
                129.35383710012155,
                36.01129853824528
              ],
              [
                129.35392450643883,
                36.01121961127616
              ],
              [
                129.3540019698615,
                36.01113410363252
              ],
              [
                129.35406874439008,
                36.011042838819314
              ],
              [
                129.35412418697413,
                36.0109466957845
              ],
              [
                129.35413750718303,
                36.010916099421145
              ],
              [
                129.3541982346434,
                36.0109134957528
              ],
              [
                129.35432742789285,
                36.01089753533815
              ],
              [
                129.35445407349042,
                36.01087136318235
              ],
              [
                129.35457695172474,
                36.01083523134763
              ],
              [
                129.3546948791721,
                36.0107894878167
              ],
              [
                129.35480672009462,
                36.01073457314097
              ],
              [
                129.35491139737957,
                36.010671016197165
              ],
              [
                129.3550079029132,
                36.0105994290932
              ],
              [
                129.35509530729024,
                36.010520501272566
              ],
              [
                129.35517276876448,
                36.010434992873776
              ],
              [
                129.35523954135516,
                36.01034372740903
              ],
              [
                129.3552949820306,
                36.010247583832566
              ],
              [
                129.3553385569,
                36.010147488075226
              ],
              [
                129.35536984635363,
                36.010044404126624
              ],
              [
                129.3553885491026,
                36.00993932475081
              ],
              [
                129.3553944850786,
                36.00983326192521
              ],
              [
                129.35538759716607,
                36.00972723709437
              ],
              [
                129.35536795175045,
                36.00962227133292
              ],
              [
                129.35533573807677,
                36.00951937551213
              ],
              [
                129.35529126642524,
                36.009419540564906
              ],
              [
                129.3552349651214,
                36.009323727942956
              ],
              [
                129.35519005016056,
                36.009263343419676
              ],
              [
                129.3551884462056,
                36.00925477330413
              ],
              [
                129.35515623291835,
                36.00915187742667
              ],
              [
                129.35511176170294,
                36.00905204240432
              ],
              [
                129.35505546088072,
                36.008956229689566
              ],
              [
                129.3549878726914,
                36.00886536199501
              ],
              [
                129.35490964806974,
                36.00878031440785
              ],
              [
                129.3548215403758,
                36.00870190596304
              ],
              [
                129.3547243981392,
                36.00863089175621
              ],
              [
                129.35461915688697,
                36.00856795567259
              ],
              [
                129.3545068301343,
                36.00851370380146
              ],
              [
                129.35438849962443,
                36.008468658600066
              ],
              [
                129.35426530491162,
                36.00843325386268
              ],
              [
                129.35413843238823,
                36.00840783054356
              ],
              [
                129.3540091038603,
                36.00839263347386
              ],
              [
                129.35387856478297,
                36.00838780900409
              ],
              [
                129.3537480722677,
                36.00839340359497
              ],
              [
                129.35361888297774,
                36.00840936336997
              ],
              [
                129.35349224102762,
                36.00843553463413
              ],
              [
                129.35336936600362,
                36.008471665353966
              ],
              [
                129.35325144122012,
                36.00851740758428
              ],
              [
                129.35313960232529,
                36.00857232081859
              ],
              [
                129.3530349263652,
                36.008635876230784
              ],
              [
                129.3529384214124,
                36.00870746176733
              ],
              [
                129.35285101685804,
                36.0087863880409
              ],
              [
                129.35277355446146,
                36.00887189496879
              ],
              [
                129.3527067802435,
                36.008963159092104
              ],
              [
                129.35265133730124,
                36.00905930150539
              ],
              [
                129.35260775961368,
                36.0091593963203
              ],
              [
                129.3525764668979,
                36.00926247958176
              ],
              [
                129.35255776056547,
                36.009367558550935
              ],
              [
                129.352551820818,
                36.009473621265485
              ],
              [
                129.3525529739262,
                36.00949138082939
              ],
              [
                129.35250094856033,
                36.009502131542334
              ],
              [
                129.3523780714243,
                36.009538261252004
              ],
              [
                129.35226014447665,
                36.00958400251167
              ],
              [
                129.35214830338623,
                36.009638914824166
              ],
              [
                129.35204362522035,
                36.00970246937226
              ],
              [
                129.35194711807276,
                36.00977405411074
              ],
              [
                129.3519407397769,
                36.00977981352116
              ],
              [
                129.35191337561804,
                36.00978785927838
              ],
              [
                129.3517954480275,
                36.00983360008282
              ],
              [
                129.35168360626005,
                36.00988851196349
              ],
              [
                129.35157892738945,
                36.0099520661073
              ],
              [
                129.35148241951623,
                36.010023650472945
              ],
              [
                129.3513950120597,
                36.01010257568438
              ],
              [
                129.35131754680717,
                36.01018808166913
              ],
              [
                129.35125076980694,
                36.01027934497737
              ],
              [
                129.3511953241829,
                36.010375486711524
              ],
              [
                129.35115174393985,
                36.01047558098974
              ],
              [
                129.35112044881953,
                36.01057866386217
              ],
              [
                129.35110174025664,
                36.010683742593706
              ],
              [
                129.3510957984743,
                36.010789805224285
              ],
              [
                129.35109632272838,
                36.01079788165079
              ],
              [
                129.351007980162,
                36.010823855544515
              ],
              [
                129.3508900505029,
                36.010869595462374
              ],
              [
                129.35077820664304,
                36.01092450650095
              ],
              [
                129.35067352567634,
                36.01098805985525
              ],
              [
                129.35057701572353,
                36.011059643491606
              ],
              [
                129.35053611853888,
                36.0110965707625
              ],
              [
                129.3505495662171,
                36.01109926581234
              ],
              [
                129.35067276345882,
                36.01113467433659
              ],
              [
                129.35079109588295,
                36.011179723173285
              ],
              [
                129.3509034239167,
                36.0112339784932
              ],
              [
                129.35100866580453,
                36.011296917805836
              ],
              [
                129.35110580802515,
                36.0113679349908
              ],
              [
                129.3511939150516,
                36.011446346134235
              ],
              [
                129.35127213836074,
                36.01153139611449
              ],
              [
                129.35133972460514,
                36.01162226587359
              ],
              [
                129.35139602286873,
                36.01171808030443
              ],
              [
                129.35144049093645,
                36.01181791667786
              ],
              [
                129.35147270051723,
                36.01192081352845
              ],
              [
                129.35149234137026,
                36.01202577991333
              ],
              [
                129.35149922429446,
                36.01213180495525
              ],
              [
                129.35149328295245,
                36.01223786757753
              ],
              [
                129.3514745745114,
                36.01234294633756
              ],
              [
                129.3514432790945,
                36.0124460292639
              ],
              [
                129.35139969804803,
                36.012546123602256
              ],
              [
                129.35134425104118,
                36.01264226537673
              ],
              [
                129.35127747202577,
                36.01273352867385
              ],
              [
                129.35120000409538,
                36.01281903456018
              ],
              [
                129.35111259329287,
                36.01289795954777
              ],
              [
                129.3510160814264,
                36.01296954352536
              ],
              [
                129.35091139796225,
                36.01303309707959
              ],
              [
                129.35079955107364,
                36.013088008135156
              ],
              [
                129.35068161793083,
                36.013133747850226
              ],
              [
                129.35055873432648,
                36.01316987571014
              ],
              [
                129.3504320837361,
                36.013196043770456
              ],
              [
                129.35030288591912,
                36.01321200000836
              ],
              [
                129.35017238517005,
                36.013217590750166
              ],
              [
                129.3500418383335,
                36.01321276215155
              ],
              [
                129.35000949099216,
                36.01320896022754
              ],
              [
                129.35000705975335,
                36.01321317566313
              ],
              [
                129.34990699428607,
                36.013262301515276
              ],
              [
                129.34980230953832,
                36.01332585410547
              ],
              [
                129.34970579595984,
                36.013397437033056
              ],
              [
                129.3496944391039,
                36.013407690990185
              ],
              [
                129.34960648055863,
                36.01343354996854
              ],
              [
                129.34948854620362,
                36.01347928851454
              ],
              [
                129.3493766976892,
                36.01353419824811
              ],
              [
                129.3493145917334,
                36.01357190133807
              ],
              [
                129.34927936167492,
                36.01349280189297
              ],
              [
                129.34922306468454,
                36.01339698648975
              ],
              [
                129.34915547932744,
                36.01330611555975
              ],
              [
                129.34907725651104,
                36.01322106422133
              ],
              [
                129.34898914957807,
                36.01314265154554
              ],
              [
                129.3488920070508,
                36.013071632668805
              ],
              [
                129.3487867644591,
                36.01300869152128
              ],
              [
                129.34867443533108,
                36.01295443424103
              ]
            ],
            [
              [
                129.35309517266487,
                36.01812476428236
              ],
              [
                129.35320725172286,
                36.018128906654454
              ],
              [
                129.35319306416346,
                36.01813440923047
              ],
              [
                129.35317980193744,
                36.0181409202349
              ],
              [
                129.35317737554445,
                36.01814043406303
              ],
              [
                129.35304803127627,
                36.01812523606968
              ],
              [
                129.35291747619465,
                36.01812041065123
              ],
              [
                129.35278812241114,
                36.018125954781205
              ],
              [
                129.35287651848262,
                36.01809167111728
              ],
              [
                129.35296582843736,
                36.01810956620009
              ],
              [
                129.35309517266487,
                36.01812476428236
              ]
            ],
            [
              [
                129.35255310549258,
                36.015954267911155
              ],
              [
                129.3525334622158,
                36.01584930178205
              ],
              [
                129.3525281067301,
                36.015832194810514
              ],
              [
                129.35263567473635,
                36.01580996825755
              ],
              [
                129.35275856146285,
                36.015773838268
              ],
              [
                129.35283555900497,
                36.01574397457189
              ],
              [
                129.35281025158085,
                36.015802099422245
              ],
              [
                129.3527789565767,
                36.01590518263555
              ],
              [
                129.3527602490184,
                36.016010261527164
              ],
              [
                129.35275889979124,
                36.01603435329785
              ],
              [
                129.35270682431647,
                36.016049664004505
              ],
              [
                129.35261718541102,
                36.01608443042745
              ],
              [
                129.35255928811662,
                36.01607282903646
              ],
              [
                129.35255999022297,
                36.016060292812895
              ],
              [
                129.35255310549258,
                36.015954267911155
              ]
            ]
          ],
          [
            [
              [
                129.35369232119473,
                35.99033802398148
              ],
              [
                129.35360423536545,
                35.990259614279495
              ],
              [
                129.3535071169676,
                35.99018859873547
              ],
              [
                129.3534019012987,
                35.99012566124746
              ],
              [
                129.35328960162755,
                35.99007140791832
              ],
              [
                129.35317129943655,
                35.990026361219336
              ],
              [
                129.3530481340074,
                35.989990954959225
              ],
              [
                129.35292129145031,
                35.98996553010691
              ],
              [
                129.35279199328295,
                35.989950331508275
              ],
              [
                129.35266148466798,
                35.98994550552864
              ],
              [
                129.35253102242356,
                35.989951098643196
              ],
              [
                129.35240186292154,
                35.98996705698966
              ],
              [
                129.35227524998953,
                35.98999322688682
              ],
              [
                129.3521524029344,
                35.990029356314345
              ],
              [
                129.35203450480128,
                35.99007509733948
              ],
              [
                129.3519226909816,
                35.990130009467315
              ],
              [
                129.3518180382801,
                35.99019356388241
              ],
              [
                129.3517215545452,
                35.99026514854079
              ],
              [
                129.3516341689638,
                35.99034407406362
              ],
              [
                129.35155672311248,
                35.990429580375356
              ],
              [
                129.35148996285278,
                35.990520844023045
              ],
              [
                129.35143453114728,
                35.99061698610582
              ],
              [
                129.3513909618667,
                35.9907170807385
              ],
              [
                129.35135967464717,
                35.99082016396774
              ],
              [
                129.35134097084733,
                35.99092524305502
              ],
              [
                129.35133503064426,
                35.991031306036874
              ],
              [
                129.35134191129652,
                35.99113733147032
              ],
              [
                129.35136154659065,
                35.9912422982701
              ],
              [
                129.35139374747695,
                35.99134519554212
              ],
              [
                129.35143820388814,
                35.99144503231934
              ],
              [
                129.35149448772393,
                35.99154084710562
              ],
              [
                129.3515620569722,
                35.99163171713601
              ],
              [
                129.35164026092772,
                35.99171676726411
              ],
              [
                129.3517283464578,
                35.99179517839087
              ],
              [
                129.351825465255,
                35.991866195353744
              ],
              [
                129.35193068200638,
                35.99192913420015
              ],
              [
                129.35204298340165,
                35.99198338877501
              ],
              [
                129.35216128789205,
                35.99202843655919
              ],
              [
                129.35228445610758,
                35.99206384370225
              ],
              [
                129.3524113018309,
                35.99208926920136
              ],
              [
                129.35254060342274,
                35.992104468185715
              ],
              [
                129.35267111558875,
                35.99210929427527
              ],
              [
                129.35280158137437,
                35.99210370099055
              ],
              [
                129.35293074427165,
                35.99208774220036
              ],
              [
                129.35305736032245,
                35.99206157160301
              ],
              [
                129.3531802101001,
                35.99202544124573
              ],
              [
                129.35329811045486,
                35.991979699096994
              ],
              [
                129.35340992590986,
                35.99192478569486
              ],
              [
                129.3535145795976,
                35.99186122990381
              ],
              [
                129.35361106363166,
                35.99178964382063
              ],
              [
                129.35369844881373,
                35.991710716878956
              ],
              [
                129.3537758935825,
                35.991625209208834
              ],
              [
                129.35384265211812,
                35.99153394431541
              ],
              [
                129.35389808152422,
                35.99143780114744
              ],
              [
                129.3539416480184,
                35.99133770563183
              ],
              [
                129.35397293207168,
                35.99123462175581
              ],
              [
                129.35399163244708,
                35.991129542282756
              ],
              [
                129.35399756909908,
                35.99102347919103
              ],
              [
                129.35399068490563,
                35.99091745392773
              ],
              [
                129.35397104621626,
                35.99081248757167
              ],
              [
                129.3539388422112,
                35.990709590999835
              ],
              [
                129.35389438307743,
                35.990609755152384
              ],
              [
                129.35383809702003,
                35.9905139414897
              ],
              [
                129.3537705261364,
                35.99042307273359
              ],
              [
                129.35369232119473,
                35.99033802398148
              ]
            ]
          ]
        ]
      },
      "properties": {
        "layer": "risk_zone",
        "risk_level": "HIGH"
      }
    },
    {
      "type": "Feature",
      "geometry": {
        "type": "Polygon",
        "coordinates": [
          [
            [
              129.35149922429446,
              36.01213180495525
            ],
            [
              129.35149234137026,
              36.01202577991333
            ],
            [
              129.35147270051723,
              36.01192081352845
            ],
            [
              129.35144049093645,
              36.01181791667786
            ],
            [
              129.35139602286873,
              36.01171808030443
            ],
            [
              129.35133972460514,
              36.01162226587359
            ],
            [
              129.35127213836074,
              36.01153139611449
            ],
            [
              129.3511939150516,
              36.011446346134235
            ],
            [
              129.35110580802515,
              36.0113679349908
            ],
            [
              129.35100866580453,
              36.011296917805836
            ],
            [
              129.3509034239167,
              36.0112339784932
            ],
            [
              129.35079109588295,
              36.011179723173285
            ],
            [
              129.35067276345882,
              36.01113467433659
            ],
            [
              129.3505495662171,
              36.01109926581234
            ],
            [
              129.3504226905744,
              36.011073838591265
            ],
            [
              129.35029335836688,
              36.01105863754211
            ],
            [
              129.35016281508504,
              36.01105380905369
            ],
            [
              129.35003231788087,
              36.01105939962544
            ],
            [
              129.34990312346278,
              36.011075355419514
            ],
            [
              129.34977647599467,
              36.01110152277929
            ],
            [
              129.3496535951159,
              36.0111376497089
            ],
            [
              129.3495356641973,
              36.011183388299614
            ],
            [
              129.34942381894606,
              36.01123829808004
            ],
            [
              129.34931913646952,
              36.01130185025728
            ],
            [
              129.3492226249029,
              36.011373432808995
            ],
            [
              129.34913521370103,
              36.011452356376594
            ],
            [
              129.34905774468731,
              36.01153786090343
            ],
            [
              129.34899096394633,
              36.011629122953735
            ],
            [
              129.34893551463796,
              36.01172526364203
            ],
            [
              129.34889193080247,
              36.01182535709658
            ],
            [
              129.34886063221617,
              36.01192843937541
            ],
            [
              129.3488419203472,
              36.01203351774918
            ],
            [
              129.3488359754505,
              36.012139580261255
            ],
            [
              129.34884285482977,
              36.01224560547324
            ],
            [
              129.3488624922839,
              36.01235057230196
            ],
            [
              129.34889469874247,
              36.012453469853064
            ],
            [
              129.34893916408458,
              36.01255330715683
            ],
            [
              129.34899546012397,
              36.01264912271202
            ],
            [
              129.349063044731,
              36.01273999374626
            ],
            [
              129.34914126705254,
              36.01282504510348
            ],
            [
              129.3492293737791,
              36.012903457672785
            ],
            [
              129.34932651639912,
              36.01297447627774
            ],
            [
              129.34943175937025,
              36.0130374169499
            ],
            [
              129.34954408912955,
              36.0130916735166
            ],
            [
              129.3496624238552,
              36.013136723439494
            ],
            [
              129.349785623886,
              36.013172132847565
            ],
            [
              129.34991250269806,
              36.01319756071611
            ],
            [
              129.3500418383335,
              36.01321276215155
            ],
            [
              129.35017238517005,
              36.013217590750166
            ],
            [
              129.35030288591912,
              36.01321200000836
            ],
            [
              129.3504320837361,
              36.013196043770456
            ],
            [
              129.35055873432648,
              36.01316987571014
            ],
            [
              129.35068161793083,
              36.013133747850226
            ],
            [
              129.35079955107364,
              36.013088008135156
            ],
            [
              129.35091139796225,
              36.01303309707959
            ],
            [
              129.3510160814264,
              36.01296954352536
            ],
            [
              129.35111259329287,
              36.01289795954777
            ],
            [
              129.35120000409538,
              36.01281903456018
            ],
            [
              129.35127747202577,
              36.01273352867385
            ],
            [
              129.35134425104118,
              36.01264226537673
            ],
            [
              129.35139969804803,
              36.012546123602256
            ],
            [
              129.3514432790945,
              36.0124460292639
            ],
            [
              129.3514745745114,
              36.01234294633756
            ],
            [
              129.35149328295245,
              36.01223786757753
            ],
            [
              129.35149922429446,
              36.01213180495525
            ]
          ]
        ]
      },
      "properties": {
        "layer": "risk_zone",
        "risk_level": "VERY_HIGH"
      }
    },
    {
      "type": "Feature",
      "geometry": {
        "type": "Polygon",
        "coordinates": [
          [
            [
              129.32738,
              36.01054
            ],
            [
              129.32786,
              36.01053999999999
            ],
            [
              129.32786,
              36.01012
            ],
            [
              129.32738,
              36.01012
            ],
            [
              129.32738,
              36.01054
            ]
          ]
        ]
      },
      "properties": {
        "layer": "risk_zone",
        "risk_level": "CURRENT"
      }
    }
  ]
}
