building_id,pnu,building_name,legal_dong_name,lot_number,longitude,latitude,underground_parking_status,underground_parking_confirmed,underground_floor_count_gis,indoor_parking_slots_max,main_purpose_name,surface_elevation_m,relative_elevation_m,elevation_match_distance_m,terrain_risk,terrain_observed_flood_rate,terrain_lift_vs_average,distance_to_past_flood_m,inside_past_flood_area,static_risk,rain_trigger_level,rain_trigger_rule
1986303388533249785600000000,4725010900100770001,,경상북도 상주시 무양동,77-1,128.1535895,36.4201703,UNDERGROUND_FLOOR_ONLY,0,1,0.0,단독주택,58.52,6.7,23.1,MODERATE,0.052,0.8,1476.9,0,MODERATE,호우경보,3시간 90mm 이상 또는 12시간 180mm 이상
1983303334383243538300000000,4725011000100040008,,경상북도 상주시 낙양동,4-8,128.1529029,36.4145475,UNDERGROUND_FLOOR_ONLY,0,1,0.0,단독주택,61.82,10.0,13.1,MODERATE,0.052,0.8,1470.6,0,MODERATE,호우경보,3시간 90mm 이상 또는 12시간 180mm 이상
1984303402653242576300000000,4725011000101100010,,경상북도 상주시 낙양동,110-10,128.153651,36.4136733,UNDERGROUND_FLOOR_ONLY,0,1,0.0,단독주택,60.83,9.01,3.2,MODERATE,0.052,0.8,1391.6,0,MODERATE,호우경보,3시간 90mm 이상 또는 12시간 180mm 이상
1984303894583236437000000000,4725010700102140008,,경상북도 상주시 남성동,214-8,128.1590526,36.4080891,UNDERGROUND_FLOOR_ONLY,0,1,0.0,단독주택,62.97,10.77,5.1,LOW,0.004,0.1,999.9,0,LOW,극한호우,"1시간 50mm 이상이면서 3시간 90mm 이상, 또는 1시간 72mm 이상"
1988303437353257800700000000,4725013300106530015,,경상북도 상주시 만산동,653-15,128.1542406,36.4273866,GIS_BASEMENT_CANDIDATE_NOT_CONFIRMED_BY_TITLE,0,1,0.0,제2종근린생활시설,62.65,10.83,24.3,LOW,0.004,0.1,1813.2,0,LOW,극한호우,"1시간 50mm 이상이면서 3시간 90mm 이상, 또는 1시간 72mm 이상"
1984304173113248711200000000,4725010600100220007,,경상북도 상주시 서성동,22-7,128.1623218,36.4191177,UNDERGROUND_FLOOR_ONLY,0,1,0.0,단독주택,56.94,6.68,15.2,MODERATE,0.052,0.8,559.1,0,MODERATE,호우경보,3시간 90mm 이상 또는 12시간 180mm 이상
1983304503103249827600000000,4725010400103870010,,경상북도 상주시 복룡동,387-10,128.1660154,36.4200876,UNDERGROUND_FLOOR_ONLY,0,1,0.0,단독주택,55.16,4.9,4.0,HIGH,0.148,2.3,466.6,0,VERY_HIGH,호우주의보,3시간 60mm 이상 또는 12시간 110mm 이상
1987304397313242802300000000,4725010200106330005,,경상북도 상주시 성동동,633-5,128.1647417,36.4137697,UNDERGROUND_FLOOR_ONLY,0,1,0.0,단독주택,56.6,6.34,19.9,MODERATE,0.052,0.8,183.7,0,HIGH,호우경보,3시간 90mm 이상 또는 12시간 180mm 이상
1994304465063247173500000000,4725010300100280013,,경상북도 상주시 인봉동,28-13,128.1655558,36.4177007,UNDERGROUND_FLOOR_ONLY,0,1,0.0,단독주택,55.81,5.55,5.6,MODERATE,0.052,0.8,213.1,0,HIGH,호우경보,3시간 90mm 이상 또는 12시간 180mm 이상
1979304419923241952500000000,4725010200102620020,,경상북도 상주시 성동동,262-20,128.1649822,36.4130013,UNDERGROUND_FLOOR_ONLY,0,1,0.0,단독주택,56.07,5.81,16.3,MODERATE,0.052,0.8,223.2,0,HIGH,호우경보,3시간 90mm 이상 또는 12시간 180mm 이상
1990303485553240241800000000,4725011000101230046,,경상북도 상주시 낙양동,123-46,128.1545441,36.4115612,UNDERGROUND_FLOOR_ONLY,0,1,0.0,단독주택,62.39,10.57,18.5,LOW,0.004,0.1,1332.8,0,LOW,극한호우,"1시간 50mm 이상이면서 3시간 90mm 이상, 또는 1시간 72mm 이상"
1981304102883246948300000000,4725010600101030004,,경상북도 상주시 서성동,103-4,128.161515,36.4175369,UNDERGROUND_FLOOR_ONLY,0,1,0.0,단독주택,58.72,8.46,4.4,MODERATE,0.052,0.8,549.9,0,MODERATE,호우경보,3시간 90mm 이상 또는 12시간 180mm 이상
1989304375043242694400000000,4725010200106330024,,경상북도 상주시 성동동,633-24,128.1644918,36.4136746,UNDERGROUND_FLOOR_ONLY,0,1,0.0,단독주택,56.61,6.34,4.5,MODERATE,0.052,0.8,212.9,0,HIGH,호우경보,3시간 90mm 이상 또는 12시간 180mm 이상
1983304025473245221800000000,4725010600101490005,,경상북도 상주시 서성동,149-5,128.1606275,36.415988,UNDERGROUND_FLOOR_ONLY,0,1,0.0,제1종근린생활시설,60.87,10.61,29.1,LOW,0.004,0.1,614.9,0,LOW,극한호우,"1시간 50mm 이상이면서 3시간 90mm 이상, 또는 1시간 72mm 이상"
1980303558193237607500000000,4725011000101720020,,경상북도 상주시 낙양동,172-20,128.1553195,36.4091807,UNDERGROUND_FLOOR_ONLY,0,1,0.0,단독주택,62.47,10.27,14.8,LOW,0.004,0.1,1346.2,0,LOW,극한호우,"1시간 50mm 이상이면서 3시간 90mm 이상, 또는 1시간 72mm 이상"
0000304162593238099400000000,4725010700101650002,,경상북도 상주시 남성동,165-2,128.1620593,36.4095547,PROBABLE_NOT_CONFIRMED_IN_FLOOR_ROWS,0,1,21.0,공동주택,57.38,6.68,14.7,MODERATE,0.052,0.8,724.2,0,MODERATE,호우경보,3시간 90mm 이상 또는 12시간 180mm 이상
2013304106833247113300000000,4725010600101030003,,경상북도 상주시 서성동,103-3,128.1615614,36.4176852,PROBABLE_NOT_CONFIRMED_IN_FLOOR_ROWS,0,1,10.0,숙박시설,57.85,7.59,2.2,MODERATE,0.052,0.8,550.8,0,MODERATE,호우경보,3시간 90mm 이상 또는 12시간 180mm 이상
1995304301713414605000000000,4725025021105860000,,경상북도 상주시 함창읍 구향리,586,128.1659909,36.5685685,UNDERGROUND_FLOOR_ONLY,0,1,0.0,동물및식물관련시설,78.11,13.84,35.9,LOW,0.004,0.1,14904.7,0,LOW,극한호우,"1시간 50mm 이상이면서 3시간 90mm 이상, 또는 1시간 72mm 이상"
1995303900733236064300000000,4725010700102150000,,경상북도 상주시 남성동,215,128.1591161,36.4077525,UNDERGROUND_FLOOR_ONLY,0,1,0.0,단독주택,62.81,10.6,5.5,LOW,0.004,0.1,975.4,0,LOW,극한호우,"1시간 50mm 이상이면서 3시간 90mm 이상, 또는 1시간 72mm 이상"
1988303694083250559500000000,4725010900102200000,,경상북도 상주시 무양동,220,128.1570063,36.4208348,UNDERGROUND_FLOOR_ONLY,0,1,0.0,단독주택,58.64,6.82,4.0,MODERATE,0.052,0.8,1157.6,0,MODERATE,호우경보,3시간 90mm 이상 또는 12시간 180mm 이상
2008277622863094030800000000,4725039032107230004,,경상북도 상주시 모서면 호음리,723-4,127.8647836,36.2822503,UNDERGROUND_FLOOR_ONLY,0,1,0.0,공동주택,,,2813.6,UNKNOWN,,,30783.4,0,UNKNOWN,호우경보,3시간 90mm 이상 또는 12시간 180mm 이상
1992304156343240098700000000,4725010700101580004,,경상북도 상주시 남성동,158-4,128.1620205,36.4113611,UNDERGROUND_FLOOR_ONLY,0,1,0.0,제1종근린생활시설,58.13,7.87,15.1,MODERATE,0.052,0.8,585.2,0,MODERATE,호우경보,3시간 90mm 이상 또는 12시간 180mm 이상
1986303838803232707200000000,4725011200101880003,,경상북도 상주시 신봉동,188-3,128.1583811,36.4047346,UNDERGROUND_FLOOR_ONLY,0,1,0.0,단독주택,66.95,14.74,26.1,LOW,0.004,0.1,947.1,0,LOW,극한호우,"1시간 50mm 이상이면서 3시간 90mm 이상, 또는 1시간 72mm 이상"
1990305015423251954300000000,4725010500100110000,,경상북도 상주시 냉림동,11,128.1717555,36.421948,UNDERGROUND_FLOOR_ONLY,0,1,0.0,단독주택,53.37,6.3,35.4,MODERATE,0.052,0.8,707.7,0,MODERATE,호우경보,3시간 90mm 이상 또는 12시간 180mm 이상
1992303765753232970800000000,4725011200102150001,,경상북도 상주시 신봉동,215-1,128.1575704,36.40498,UNDERGROUND_FLOOR_ONLY,0,1,0.0,단독주택,70.73,18.52,14.4,LOW,0.004,0.1,1040.1,0,LOW,극한호우,"1시간 50mm 이상이면서 3시간 90mm 이상, 또는 1시간 72mm 이상"
1995305053583247203500000000,4725010400102060006,상주2차우방타운,경상북도 상주시 복룡동,206-6,128.1721166,36.4176634,UNDERGROUND_FLOOR_ONLY,0,1,0.0,공동주택,53.96,5.67,6.0,MODERATE,0.052,0.8,412.0,0,HIGH,호우경보,3시간 90mm 이상 또는 12시간 180mm 이상
1980303830083250526300000000,4725010900102370002,,경상북도 상주시 무양동,237-2,128.1585219,36.4207901,UNDERGROUND_FLOOR_ONLY,0,1,0.0,제1종근린생활시설,58.84,7.02,19.4,MODERATE,0.052,0.8,1009.9,0,MODERATE,호우경보,3시간 90mm 이상 또는 12시간 180mm 이상
1988304253433244411300000000,4725010100100080004,,경상북도 상주시 성하동,8-4,128.1631593,36.4152347,UNDERGROUND_FLOOR_ONLY,0,1,0.0,숙박시설,60.17,9.91,1.6,MODERATE,0.052,0.8,331.9,0,HIGH,호우경보,3시간 90mm 이상 또는 12시간 180mm 이상
1983304440303242357800000000,4725010200102340006,,경상북도 상주시 성동동,234-6,128.1652149,36.4133644,UNDERGROUND_FLOOR_ONLY,0,1,0.0,공동주택,57.62,7.36,3.6,MODERATE,0.052,0.8,175.4,0,HIGH,호우경보,3시간 90mm 이상 또는 12시간 180mm 이상
1990303577663237480500000000,4725011000101760001,,경상북도 상주시 낙양동,176-1,128.1555341,36.4090634,UNDERGROUND_FLOOR_ONLY,0,1,0.0,단독주택,62.47,10.27,22.7,LOW,0.004,0.1,1331.0,0,LOW,극한호우,"1시간 50mm 이상이면서 3시간 90mm 이상, 또는 1시간 72mm 이상"
1985303459093245572000000000,4725010800101410001,,경상북도 상주시 서문동,141-1,128.15432,36.4163664,UNDERGROUND_FLOOR_ONLY,0,1,0.0,단독주택,61.23,9.41,10.7,MODERATE,0.052,0.8,1316.3,0,MODERATE,호우경보,3시간 90mm 이상 또는 12시간 180mm 이상
1995303419633247347000000000,4725010900102780008,,경상북도 상주시 무양동,278-8,128.1539039,36.41797,UNDERGROUND_FLOOR_ONLY,0,1,0.0,숙박시설,60.42,8.6,12.6,MODERATE,0.052,0.8,1382.8,0,MODERATE,호우경보,3시간 90mm 이상 또는 12시간 180mm 이상
1996303445463248518200000000,4725010900102770002,,경상북도 상주시 무양동,277-2,128.1542074,36.4190223,PROBABLE_NOT_CONFIRMED_IN_FLOOR_ROWS,0,1,13.0,숙박시설,63.62,11.8,0.6,LOW,0.004,0.1,1374.5,0,LOW,극한호우,"1시간 50mm 이상이면서 3시간 90mm 이상, 또는 1시간 72mm 이상"
2011303813913243967400000000,4725010700100160001,드림뷰,경상북도 상주시 남성동,16-1,128.158254,36.4148824,CONFIRMED_BASEMENT_PARKING_USE,1,1,23.0,공동주택,59.84,8.02,5.5,MODERATE,0.052,0.8,876.8,0,MODERATE,호우경보,3시간 90mm 이상 또는 12시간 180mm 이상
1993304171613241333200000000,4725010700101050012,,경상북도 상주시 남성동,105-12,128.1622061,36.4124704,UNDERGROUND_FLOOR_ONLY,0,1,0.0,업무시설,55.8,5.54,6.8,MODERATE,0.052,0.8,499.6,0,HIGH,호우경보,3시간 90mm 이상 또는 12시간 180mm 이상
1992308967213367195500000000,4725025034104360000,,경상북도 상주시 함창읍 금곡리,436,128.2174315,36.525335,UNDERGROUND_FLOOR_ONLY,0,1,0.0,단독주택,59.23,4.61,3.9,HIGH,0.148,2.3,10423.5,0,HIGH,호우주의보,3시간 60mm 이상 또는 12시간 110mm 이상
2006303821093233587100000000,4725011200102030056,,경상북도 상주시 신봉동,203-56,128.1581953,36.4055292,UNDERGROUND_FLOOR_ONLY,0,1,0.0,단독주택,66.24,14.04,4.2,LOW,0.004,0.1,983.4,0,LOW,극한호우,"1시간 50mm 이상이면서 3시간 90mm 이상, 또는 1시간 72mm 이상"
1985302458383426485200000000,4725046021102810001,,경상북도 상주시 이안면 양범리,281-1,128.14556,36.5794715,UNDERGROUND_FLOOR_ONLY,0,1,0.0,제1종근린생활시설,92.48,19.94,3.0,LOW,0.004,0.1,16597.5,0,LOW,극한호우,"1시간 50mm 이상이면서 3시간 90mm 이상, 또는 1시간 72mm 이상"
1985303889583233811300000000,4725011200102030012,,경상북도 상주시 신봉동,203-12,128.1589619,36.405724,UNDERGROUND_FLOOR_ONLY,0,1,0.0,단독주택,64.18,11.97,4.4,LOW,0.004,0.1,906.2,0,LOW,극한호우,"1시간 50mm 이상이면서 3시간 90mm 이상, 또는 1시간 72mm 이상"
2012302967463234745200000000,4725011000102190001,해오름아파트,경상북도 상주시 낙양동,219-1,128.1486961,36.4066645,CONFIRMED_BASEMENT_PARKING_USE,1,1,11.0,공동주택,69.59,17.1,37.7,LOW,0.004,0.1,1580.1,0,LOW,극한호우,"1시간 50mm 이상이면서 3시간 90mm 이상, 또는 1시간 72mm 이상"
2010303316873236605200000000,4725011000101860004,이원파크빌아파트,경상북도 상주시 낙양동,186-4,128.1526153,36.4083026,UNDERGROUND_FLOOR_ONLY,0,1,0.0,공동주택,65.33,13.12,23.2,LOW,0.004,0.1,1532.3,0,LOW,극한호우,"1시간 50mm 이상이면서 3시간 90mm 이상, 또는 1시간 72mm 이상"
1983303918843250760900000000,4725010500103340013,,경상북도 상주시 냉림동,334-13,128.1595145,36.4209919,UNDERGROUND_FLOOR_ONLY,0,1,0.0,숙박시설,57.8,5.98,22.8,MODERATE,0.052,0.8,932.5,0,MODERATE,호우경보,3시간 90mm 이상 또는 12시간 180mm 이상
1995303871783236309400000000,4725010700102130003,,경상북도 상주시 남성동,213-3,128.1587967,36.4079765,UNDERGROUND_FLOOR_ONLY,0,1,0.0,단독주택,62.97,10.77,20.8,LOW,0.004,0.1,1018.4,0,LOW,극한호우,"1시간 50mm 이상이면서 3시간 90mm 이상, 또는 1시간 72mm 이상"
1990304986843251991600000000,4725010500100110000,,경상북도 상주시 냉림동,11,128.1714373,36.4219846,UNDERGROUND_FLOOR_ONLY,0,1,0.0,단독주택,53.37,6.3,17.1,MODERATE,0.052,0.8,733.5,0,MODERATE,호우경보,3시간 90mm 이상 또는 12시간 180mm 이상
1988307879273245234900000000,4725012200100670008,,경상북도 상주시 외답동,67-8,128.2035888,36.4155768,UNDERGROUND_FLOOR_ONLY,0,1,0.0,공장,98.45,50.22,9.2,VERY_LOW,0.0,0.0,2466.9,0,VERY_LOW,극한호우,"1시간 50mm 이상이면서 3시간 90mm 이상, 또는 1시간 72mm 이상"
2014113891833092547200000000,4725035037105160001,,경상북도 상주시 공성면 우하리,516-1,128.0422201,36.280195,UNDERGROUND_FLOOR_ONLY,0,1,0.0,단독주택,,,4006.8,UNKNOWN,,,13481.6,0,UNKNOWN,호우경보,3시간 90mm 이상 또는 12시간 180mm 이상
1985305824503231573900000000,4725012000101450002,,경상북도 상주시 서곡동,145-2,128.180498,36.4034973,UNDERGROUND_FLOOR_ONLY,0,1,0.0,단독주택,59.6,8.91,6.1,MODERATE,0.052,0.8,227.1,0,HIGH,호우경보,3시간 90mm 이상 또는 12시간 180mm 이상
1996303946283242705200000000,4725010700100850048,,경상북도 상주시 남성동,85-48,128.1597127,36.4137309,CONFIRMED_BASEMENT_PARKING_USE,1,3,23.0,업무시설,57.86,6.04,3.5,MODERATE,0.052,0.8,721.7,0,MODERATE,호우경보,3시간 90mm 이상 또는 12시간 180mm 이상
2004303977273434887400000000,4725025026102580002,점촌영업소,경상북도 상주시 함창읍 나한리,258-2,128.1626407,36.5868773,UNDERGROUND_FLOOR_ONLY,0,1,0.0,제1종근린생활시설,121.33,43.88,48.5,VERY_LOW,0.0,0.0,16970.5,0,VERY_LOW,극한호우,"1시간 50mm 이상이면서 3시간 90mm 이상, 또는 1시간 72mm 이상"
1992304089703240493000000000,4725010700101070006,,경상북도 상주시 남성동,107-6,128.1612817,36.4117223,UNDERGROUND_FLOOR_ONLY,0,1,0.0,제1종근린생활시설,60.42,10.16,3.4,LOW,0.004,0.1,629.9,0,LOW,극한호우,"1시간 50mm 이상이면서 3시간 90mm 이상, 또는 1시간 72mm 이상"
1985305765023250501500000000,4725010400101610075,,경상북도 상주시 복룡동,161-75,128.1800924,36.4205568,GIS_ONLY_NO_REGISTER_ROW,0,1,,,52.5,5.42,61.3,MODERATE,0.052,0.8,233.6,0,HIGH,호우경보,3시간 90mm 이상 또는 12시간 180mm 이상
1979305594143248539000000000,4725010400101900002,,경상북도 상주시 복룡동,190-2,128.1781608,36.4188075,UNDERGROUND_FLOOR_ONLY,0,1,0.0,제1종근린생활시설,56.85,8.55,2.3,MODERATE,0.052,0.8,139.9,0,HIGH,호우경보,3시간 90mm 이상 또는 12시간 180mm 이상
1985303717323242923900000000,4725010700100780004,,경상북도 상주시 남성동,78-4,128.1571634,36.4139527,UNDERGROUND_FLOOR_ONLY,0,1,0.0,단독주택,58.7,6.88,2.9,MODERATE,0.052,0.8,1000.5,0,MODERATE,호우경보,3시간 90mm 이상 또는 12시간 180mm 이상
1974304078593245230700000000,4725010600101470006,,경상북도 상주시 서성동,147-6,128.1612214,36.4159921,UNDERGROUND_FLOOR_ONLY,0,1,0.0,제2종근린생활시설,60.16,9.9,9.5,MODERATE,0.052,0.8,549.2,0,MODERATE,호우경보,3시간 90mm 이상 또는 12시간 180mm 이상
2000307381963247416500000000,4725012200104090001,,경상북도 상주시 외답동,409-1,128.1980752,36.417598,UNDERGROUND_FLOOR_ONLY,0,1,0.0,단독주택,67.79,19.56,5.8,LOW,0.004,0.1,1834.6,0,LOW,극한호우,"1시간 50mm 이상이면서 3시간 90mm 이상, 또는 1시간 72mm 이상"
1991303932903231846400000000,4725011200101790004,동아아파트,경상북도 상주시 신봉동,179-4,128.1594183,36.4039488,UNDERGROUND_FLOOR_ONLY,0,1,0.0,공동주택,57.96,5.75,4.1,MODERATE,0.052,0.8,820.4,0,MODERATE,호우경보,3시간 90mm 이상 또는 12시간 180mm 이상
1991303912683232659200000000,4725011200101790004,동아아파트,경상북도 상주시 신봉동,179-4,128.1592039,36.4046833,UNDERGROUND_FLOOR_ONLY,0,1,0.0,공동주택,58.49,6.29,2.5,MODERATE,0.052,0.8,855.9,0,MODERATE,호우경보,3시간 90mm 이상 또는 12시간 180mm 이상
1993305518923417930700000000,4725025021100360006,,경상북도 상주시 함창읍 구향리,36-6,128.1796318,36.5714312,UNDERGROUND_FLOOR_ONLY,0,1,0.0,단독주택,82.93,17.49,1.2,LOW,0.004,0.1,15048.4,0,LOW,극한호우,"1시간 50mm 이상이면서 3시간 90mm 이상, 또는 1시간 72mm 이상"
1987305418173277693400000000,4725012800105900000,,경상북도 상주시 초산동,590,128.1765949,36.445094,UNDERGROUND_FLOOR_ONLY,0,1,0.0,단독주택,60.11,13.04,28.7,LOW,0.004,0.1,1597.8,0,LOW,극한호우,"1시간 50mm 이상이면서 3시간 90mm 이상, 또는 1시간 72mm 이상"
1988307853063245977100000000,4725012200100400008,,경상북도 상주시 외답동,40-8,128.2033069,36.4162484,GIS_BASEMENT_CANDIDATE_NOT_CONFIRMED_BY_TITLE,0,1,0.0,공장,94.07,45.84,12.0,VERY_LOW,0.0,0.0,2426.4,0,VERY_LOW,극한호우,"1시간 50mm 이상이면서 3시간 90mm 이상, 또는 1시간 72mm 이상"
2010305207273353939800000000,4725045026100130001,,경상북도 상주시 공검면 화동리,13-1,128.1752788,36.5138126,UNDERGROUND_FLOOR_ONLY,0,1,0.0,노유자시설,110.15,50.96,9.9,VERY_LOW,0.0,0.0,8740.0,0,VERY_LOW,극한호우,"1시간 50mm 이상이면서 3시간 90mm 이상, 또는 1시간 72mm 이상"
1996308418353243027900000000,4725012300102690000,,경상북도 상주시 헌신동,269,128.2095673,36.4135277,UNDERGROUND_FLOOR_ONLY,0,1,0.0,공장,88.1,39.87,6.5,VERY_LOW,0.0,0.0,3158.5,0,VERY_LOW,극한호우,"1시간 50mm 이상이면서 3시간 90mm 이상, 또는 1시간 72mm 이상"
2001307893553249944300000000,4725012300103130001,한국도로공사 상주지사,경상북도 상주시 헌신동,313-1,128.2038134,36.4198183,UNDERGROUND_FLOOR_ONLY,0,1,0.0,업무시설,67.65,19.42,8.0,LOW,0.004,0.1,2417.8,0,LOW,극한호우,"1시간 50mm 이상이면서 3시간 90mm 이상, 또는 1시간 72mm 이상"
1988307956463245964300000000,4725012200100400008,,경상북도 상주시 외답동,40-8,128.2044594,36.4162253,GIS_BASEMENT_CANDIDATE_NOT_CONFIRMED_BY_TITLE,0,1,0.0,공장,93.12,44.89,6.5,VERY_LOW,0.0,0.0,2553.9,0,VERY_LOW,극한호우,"1시간 50mm 이상이면서 3시간 90mm 이상, 또는 1시간 72mm 이상"
1993308345463244006600000000,4725012300102680000,,경상북도 상주시 헌신동,268,128.2087684,36.4144177,UNDERGROUND_FLOOR_ONLY,0,1,0.0,창고시설,83.1,34.87,6.5,VERY_LOW,0.0,0.0,3054.5,0,VERY_LOW,극한호우,"1시간 50mm 이상이면서 3시간 90mm 이상, 또는 1시간 72mm 이상"
1983304440413242544800000000,4725010200102340001,성동아파트,경상북도 상주시 성동동,234-1,128.1652186,36.4135329,UNDERGROUND_FLOOR_ONLY,0,1,0.0,공동주택,57.14,6.88,3.3,MODERATE,0.052,0.8,160.4,0,HIGH,호우경보,3시간 90mm 이상 또는 12시간 180mm 이상
1988307853243245044300000000,4725012200100670008,,경상북도 상주시 외답동,67-8,128.2032959,36.415408,UNDERGROUND_FLOOR_ONLY,0,1,0.0,공장,100.46,52.23,5.2,VERY_LOW,0.0,0.0,2437.4,0,VERY_LOW,극한호우,"1시간 50mm 이상이면서 3시간 90mm 이상, 또는 1시간 72mm 이상"
1996303334733247396200000000,4725010900102810016,,경상북도 상주시 무양동,281-16,128.1529581,36.4180234,UNDERGROUND_FLOOR_ONLY,0,1,0.0,숙박시설,61.0,9.18,15.7,MODERATE,0.052,0.8,1487.4,0,MODERATE,호우경보,3시간 90mm 이상 또는 12시간 180mm 이상
1999302888753204319700000000,4725011300103860000,,경상북도 상주시 가장동,386,128.1474163,36.3792598,UNDERGROUND_FLOOR_ONLY,0,1,0.0,교육연구시설,71.65,14.6,14.3,LOW,0.004,0.1,804.5,0,LOW,극한호우,"1시간 50mm 이상이면서 3시간 90mm 이상, 또는 1시간 72mm 이상"
1998354573323420405300000000,4717012400100570001,,경상북도 안동시 목성동,57-1,128.7275172,36.5669867,UNDERGROUND_FLOOR_ONLY,0,1,0.0,제2종근린생활시설,99.43,14.32,7.7,LOW,0.004,0.1,19457.1,0,LOW,극한호우,"1시간 50mm 이상이면서 3시간 90mm 이상, 또는 1시간 72mm 이상"
1970303788403224171400000000,4725011200103100000,,경상북도 상주시 신봉동,310,128.1577054,36.3970494,UNDERGROUND_FLOOR_ONLY,0,1,0.0,단독주택,58.87,5.79,44.7,MODERATE,0.052,0.8,198.5,0,HIGH,호우경보,3시간 90mm 이상 또는 12시간 180mm 이상
0000302987053223066800000000,4725011200105420003,세영첼시빌아파트,경상북도 상주시 신봉동,542-3,128.1487598,36.3961402,UNDERGROUND_FLOOR_ONLY,0,1,114.0,공동주택,85.44,32.18,20.9,VERY_LOW,0.0,0.0,850.9,0,VERY_LOW,극한호우,"1시간 50mm 이상이면서 3시간 90mm 이상, 또는 1시간 72mm 이상"
2008300141673211017500000000,4725036028101030001,,경상북도 상주시 외남면 지사리,103-1,128.1168939,36.3855845,UNDERGROUND_FLOOR_ONLY,0,1,0.0,창고시설,163.03,72.57,4.7,VERY_LOW,0.0,0.0,2728.9,0,VERY_LOW,극한호우,"1시간 50mm 이상이면서 3시간 90mm 이상, 또는 1시간 72mm 이상"
1991303920803233160500000000,4725011200101790004,동아아파트,경상북도 상주시 신봉동,179-4,128.159301,36.4051341,UNDERGROUND_FLOOR_ONLY,0,1,0.0,공동주택,59.07,6.87,3.9,MODERATE,0.052,0.8,854.1,0,MODERATE,호우경보,3시간 90mm 이상 또는 12시간 180mm 이상
1991303974343232843900000000,4725011200101790004,동아아파트,경상북도 상주시 신봉동,179-4,128.1598935,36.4048431,UNDERGROUND_FLOOR_ONLY,0,1,0.0,공동주택,53.25,1.05,3.2,VERY_HIGH,0.355,5.5,783.3,0,VERY_HIGH,호우주의보,3시간 60mm 이상 또는 12시간 110mm 이상
1991303999293231919000000000,4725011200101790004,동아아파트,경상북도 상주시 신봉동,179-4,128.1601592,36.404007,UNDERGROUND_FLOOR_ONLY,0,1,0.0,공동주택,57.82,7.13,3.0,MODERATE,0.052,0.8,740.4,0,MODERATE,호우경보,3시간 90mm 이상 또는 12시간 180mm 이상
1991303965423232327200000000,4725011200101790004,동아아파트,경상북도 상주시 신봉동,179-4,128.1597872,36.4043784,UNDERGROUND_FLOOR_ONLY,0,1,0.0,공동주택,59.05,6.84,3.4,MODERATE,0.052,0.8,787.2,0,MODERATE,호우경보,3시간 90mm 이상 또는 12시간 180mm 이상
1991303984463233359600000000,4725011200101790004,동아아파트,경상북도 상주시 신봉동,179-4,128.1600132,36.4053066,UNDERGROUND_FLOOR_ONLY,0,1,0.0,공동주택,59.23,7.03,5.2,MODERATE,0.052,0.8,781.5,0,MODERATE,호우경보,3시간 90mm 이상 또는 12시간 180mm 이상
1995303236913240608600000000,4725011000101300002,,경상북도 상주시 낙양동,130-2,128.1517775,36.4119184,UNDERGROUND_FLOOR_ONLY,0,1,0.0,위험물저장및처리시설,61.95,10.13,20.8,LOW,0.004,0.1,1623.7,0,LOW,극한호우,"1시간 50mm 이상이면서 3시간 90mm 이상, 또는 1시간 72mm 이상"
1987302708973201544900000000,4725011300103860000,,경상북도 상주시 가장동,386,128.1453767,36.376779,UNDERGROUND_FLOOR_ONLY,0,1,0.0,교육연구시설,68.65,11.6,3.5,LOW,0.004,0.1,1065.3,0,LOW,극한호우,"1시간 50mm 이상이면서 3시간 90mm 이상, 또는 1시간 72mm 이상"
1995303071963238423500000000,4725011000101450001,경희삼백아파트,경상북도 상주시 낙양동,145-1,128.1499097,36.4099674,CONFIRMED_BASEMENT_PARKING_USE,1,1,68.0,공동주택,64.14,11.65,13.7,LOW,0.004,0.1,1821.1,0,LOW,극한호우,"1시간 50mm 이상이면서 3시간 90mm 이상, 또는 1시간 72mm 이상"
1985303397653243937500000000,4725010700100530004,,경상북도 상주시 남성동,53-4,128.1536134,36.4149003,UNDERGROUND_FLOOR_ONLY,0,1,0.0,단독주택,61.66,9.84,19.6,MODERATE,0.052,0.8,1391.9,0,MODERATE,호우경보,3시간 90mm 이상 또는 12시간 180mm 이상
1976303827803256191800000000,4725010500103730001,,경상북도 상주시 냉림동,373-1,128.1585722,36.4258949,UNDERGROUND_FLOOR_ONLY,0,1,0.0,방송통신시설,59.35,7.53,6.5,MODERATE,0.052,0.8,1384.4,0,MODERATE,호우경보,3시간 90mm 이상 또는 12시간 180mm 이상
1995296363683095636800000000,4725035023100690000,,경상북도 상주시 공성면 장동리,69,128.073369,36.2820098,UNDERGROUND_FLOOR_ONLY,0,1,0.0,제2종근린생활시설,,,1835.0,UNKNOWN,,,11084.6,0,UNKNOWN,호우경보,3시간 90mm 이상 또는 12시간 180mm 이상
2008303130803219415500000000,4725011200106100003,,경상북도 상주시 신봉동,610-3,128.150314,36.3928357,UNDERGROUND_FLOOR_ONLY,0,1,1.0,단독주택,67.33,14.24,63.8,LOW,0.004,0.1,625.7,0,LOW,극한호우,"1시간 50mm 이상이면서 3시간 90mm 이상, 또는 1시간 72mm 이상"
2003304290283371494200000000,4725045027105130006,한국도로공사 북상주영업소,경상북도 상주시 공검면 역곡리,513-6,128.1652808,36.5297287,UNDERGROUND_FLOOR_ONLY,0,1,0.0,제1종근린생활시설,93.34,28.27,47.9,VERY_LOW,0.0,0.0,10694.4,0,VERY_LOW,극한호우,"1시간 50mm 이상이면서 3시간 90mm 이상, 또는 1시간 72mm 이상"
2002303969353226939900000000,4725011200103310000,,경상북도 상주시 신봉동,331,128.159759,36.3995241,UNDERGROUND_FLOOR_ONLY,0,1,0.0,창고시설,58.51,5.42,4.1,MODERATE,0.052,0.8,542.3,0,MODERATE,호우경보,3시간 90mm 이상 또는 12시간 180mm 이상
1976297691403179656400000000,4725036025102830002,,경상북도 상주시 외남면 신상리,283-2,128.0891962,36.3575795,UNDERGROUND_FLOOR_ONLY,0,1,0.0,제1종근린생활시설,93.11,20.94,3.7,VERY_LOW,0.0,0.0,4553.1,0,VERY_LOW,극한호우,"1시간 50mm 이상이면서 3시간 90mm 이상, 또는 1시간 72mm 이상"
1976297713593179507100000000,4725036025102830002,,경상북도 상주시 외남면 신상리,283-2,128.0894414,36.3574428,UNDERGROUND_FLOOR_ONLY,0,1,0.0,제1종근린생활시설,90.57,18.4,16.5,LOW,0.004,0.1,4528.9,0,LOW,극한호우,"1시간 50mm 이상이면서 3시간 90mm 이상, 또는 1시간 72mm 이상"
1996304919023260498600000000,4725013000101740001,,경상북도 상주시 계산동,174-1,128.1707962,36.4296567,UNDERGROUND_FLOOR_ONLY,0,1,0.0,노유자시설,56.75,9.68,20.8,MODERATE,0.052,0.8,15.5,0,HIGH,호우경보,3시간 90mm 이상 또는 12시간 180mm 이상
2012303239263240848800000000,4725011000101310002,,경상북도 상주시 낙양동,131-2,128.1518067,36.4121346,PROBABLE_NOT_CONFIRMED_IN_FLOOR_ROWS,0,1,16.0,제1종근린생활시설,61.25,9.43,3.7,MODERATE,0.052,0.8,1616.3,0,MODERATE,호우경보,3시간 90mm 이상 또는 12시간 180mm 이상
1999303715113184369200000000,4725011500105580001,,경상북도 상주시 지천동,558-1,128.1563581,36.361196,UNDERGROUND_FLOOR_ONLY,0,1,0.0,단독주택,114.19,55.75,63.5,VERY_LOW,0.0,0.0,1859.4,0,VERY_LOW,극한호우,"1시간 50mm 이상이면서 3시간 90mm 이상, 또는 1시간 72mm 이상"
1987303083153243509000000000,4725011000100200018,,경상북도 상주시 낙양동,20-18,128.1501021,36.4145482,UNDERGROUND_FLOOR_ONLY,0,1,0.0,단독주택,63.21,11.39,2.8,LOW,0.004,0.1,1781.4,0,LOW,극한호우,"1시간 50mm 이상이면서 3시간 90mm 이상, 또는 1시간 72mm 이상"
1997303426543245381200000000,4725010800101460018,,경상북도 상주시 서문동,146-18,128.1539547,36.416198,CONFIRMED_BASEMENT_PARKING_USE,1,1,1.0,단독주택,60.98,9.16,9.8,MODERATE,0.052,0.8,1355.7,0,MODERATE,호우경보,3시간 90mm 이상 또는 12시간 180mm 이상
1986302282233186481800000000,4725011400102470001,,경상북도 상주시 양촌동,247-1,128.1404241,36.3632526,UNDERGROUND_FLOOR_ONLY,0,1,0.0,단독주택,69.34,10.9,4.8,LOW,0.004,0.1,381.4,0,MODERATE,극한호우,"1시간 50mm 이상이면서 3시간 90mm 이상, 또는 1시간 72mm 이상"
1999415542852897160000000000,4711312100114080001,장성현대아파트,경상북도 포항시 북구 장성동,1408-1,129.3936885,36.0840651,UNDERGROUND_FLOOR_ONLY,0,1,0.0,공동주택,18.81,17.38,32.4,LOW,0.004,0.1,2535.1,0,LOW,극한호우,"1시간 50mm 이상이면서 3시간 90mm 이상, 또는 1시간 72mm 이상"
1987299837343159851100000000,4725034029102230001,,경상북도 상주시 청리면 덕산리,223-1,128.1128467,36.3395148,UNDERGROUND_FLOOR_ONLY,0,1,0.0,단독주택,73.18,8.68,4.3,MODERATE,0.052,0.8,3342.3,0,MODERATE,호우경보,3시간 90mm 이상 또는 12시간 180mm 이상
2012302996093249185300000000,4725010900100110177,한국전력공사 상주배전사업소,경상북도 상주시 무양동,11-177,128.1492124,36.4196779,PROBABLE_NOT_CONFIRMED_IN_FLOOR_ROWS,0,1,2.0,업무시설,62.07,9.94,27.1,MODERATE,0.052,0.8,1930.5,0,MODERATE,호우경보,3시간 90mm 이상 또는 12시간 180mm 이상
1990301253393158717800000000,4725034023108790007,,경상북도 상주시 청리면 청하리,879-7,128.1286018,36.3383457,UNDERGROUND_FLOOR_ONLY,0,1,0.0,위험물저장및처리시설,73.21,9.44,8.9,MODERATE,0.052,0.8,2894.1,0,MODERATE,호우경보,3시간 90mm 이상 또는 12시간 180mm 이상
1981301310183159883700000000,4725034021108330003,,경상북도 상주시 청리면 원장리,833-3,128.1292488,36.3393895,UNDERGROUND_FLOOR_ONLY,0,1,0.0,단독주택,72.38,8.61,10.1,MODERATE,0.052,0.8,2773.9,0,MODERATE,호우경보,3시간 90mm 이상 또는 12시간 180mm 이상
1989308288553301678800000000,4725032521103910003,,경상북도 상주시 사벌국면 덕담리,391-3,128.2089378,36.4663835,UNDERGROUND_FLOOR_ONLY,0,1,0.0,제1종근린생활시설,65.16,16.98,15.0,LOW,0.004,0.1,4077.6,0,LOW,극한호우,"1시간 50mm 이상이면서 3시간 90mm 이상, 또는 1시간 72mm 이상"
1981301311383159766000000000,4725034021108330003,,경상북도 상주시 청리면 원장리,833-3,128.1292616,36.3392844,UNDERGROUND_FLOOR_ONLY,0,1,0.0,단독주택,72.38,8.61,2.8,MODERATE,0.052,0.8,2785.4,0,MODERATE,호우경보,3시간 90mm 이상 또는 12시간 180mm 이상
1990301265523158907700000000,4725034023108790007,,경상북도 상주시 청리면 청하리,879-7,128.1287397,36.3385159,UNDERGROUND_FLOOR_ONLY,0,1,0.0,위험물저장및처리시설,72.37,8.6,4.2,MODERATE,0.052,0.8,2874.1,0,MODERATE,호우경보,3시간 90mm 이상 또는 12시간 180mm 이상
1981303808673245308600000000,4725010800101280001,,경상북도 상주시 서문동,128-1,128.1582135,36.4160914,GIS_ONLY_NO_REGISTER_ROW,0,1,,,58.28,6.46,3.6,MODERATE,0.052,0.8,883.1,0,MODERATE,호우경보,3시간 90mm 이상 또는 12시간 180mm 이상
2014102982783282116200000000,4725041024106340000,경북 상주 글로벌 리더쉽 센터,경상북도 상주시 화서면 상용리,634,127.9184539,36.4499634,UNDERGROUND_FLOOR_ONLY,0,1,0.0,종교시설,,,774.1,UNKNOWN,,,25284.2,0,UNKNOWN,호우경보,3시간 90mm 이상 또는 12시간 180mm 이상
1997303511043245028200000000,4725010800101400008,,경상북도 상주시 서문동,140-8,128.1548919,36.4158709,CONFIRMED_BASEMENT_PARKING_USE,1,2,20.0,제2종근린생활시설,59.88,8.06,4.2,MODERATE,0.052,0.8,1250.5,0,MODERATE,호우경보,3시간 90mm 이상 또는 12시간 180mm 이상
1995303906873256671600000000,4725010500101220001,,경상북도 상주시 냉림동,122-1,128.1594601,36.4263186,UNDERGROUND_FLOOR_ONLY,0,1,0.0,제2종근린생활시설,59.33,7.51,2.1,MODERATE,0.052,0.8,1276.1,0,MODERATE,호우경보,3시간 90mm 이상 또는 12시간 180mm 이상
1995307289373285933100000000,4725012600108080003,,경상북도 상주시 낙상동,808-3,128.1975755,36.4523104,UNDERGROUND_FLOOR_ONLY,0,1,0.0,창고시설,,,157.5,UNKNOWN,,,2081.4,0,UNKNOWN,호우경보,3시간 90mm 이상 또는 12시간 180mm 이상
2003291749063113487300000000,4725035037100220001,,경상북도 상주시 공성면 우하리,22-1,128.0222232,36.298543,UNDERGROUND_FLOOR_ONLY,0,1,0.0,단독주택,,,4256.8,UNKNOWN,,,13992.4,0,UNKNOWN,호우경보,3시간 90mm 이상 또는 12시간 180mm 이상
1978298275493099896900000000,4725035021101550001,,경상북도 상주시 공성면 옥산리,155-1,128.0946983,36.2856556,UNDERGROUND_FLOOR_ONLY,0,1,0.0,단독주택,,,110.3,UNKNOWN,,,9573.2,0,UNKNOWN,호우경보,3시간 90mm 이상 또는 12시간 180mm 이상
1974298265133092702200000000,4725035027108730000,,경상북도 상주시 공성면 산현리,873,128.0944926,36.2791741,UNDERGROUND_FLOOR_ONLY,0,1,0.0,교육연구시설,,,206.0,UNKNOWN,,,10243.7,0,UNKNOWN,호우경보,3시간 90mm 이상 또는 12시간 180mm 이상
1989304133813241551400000000,4725010700101040017,,경상북도 상주시 남성동,104-17,128.1617876,36.4126711,UNDERGROUND_FLOOR_ONLY,0,1,0.0,제1종근린생활시설,57.26,7.0,28.9,MODERATE,0.052,0.8,531.2,0,MODERATE,호우경보,3시간 90mm 이상 또는 12시간 180mm 이상
1972308297153301397700000000,4725032521103880003,,경상북도 상주시 사벌국면 덕담리,388-3,128.2090309,36.4661304,UNDERGROUND_FLOOR_ONLY,0,1,0.0,단독주택,62.23,14.05,0.6,LOW,0.004,0.1,4060.4,0,LOW,극한호우,"1시간 50mm 이상이면서 3시간 90mm 이상, 또는 1시간 72mm 이상"
1997298028303100029800000000,4725035021101830038,,경상북도 상주시 공성면 옥산리,183-38,128.0919491,36.2858005,UNDERGROUND_FLOOR_ONLY,0,1,0.0,제2종근린생활시설,,,135.5,UNKNOWN,,,9686.3,0,UNKNOWN,호우경보,3시간 90mm 이상 또는 12시간 180mm 이상
1991304526173247844900000000,4725010400103510003,,경상북도 상주시 복룡동,351-3,128.1662458,36.4182987,UNDERGROUND_FLOOR_ONLY,0,1,0.0,단독주택,56.79,6.53,9.6,MODERATE,0.052,0.8,267.7,0,HIGH,호우경보,3시간 90mm 이상 또는 12시간 180mm 이상
1989303815033252896400000000,4725010500103640003,,경상북도 상주시 냉림동,364-3,128.1583857,36.4229271,UNDERGROUND_FLOOR_ONLY,0,1,0.0,숙박시설,56.39,4.57,15.2,HIGH,0.148,2.3,1166.3,0,HIGH,호우주의보,3시간 60mm 이상 또는 12시간 110mm 이상
1991298187773098291300000000,4725035021101630003,,경상북도 상주시 공성면 옥산리,163-3,128.093702,36.2842179,UNDERGROUND_FLOOR_ONLY,0,1,0.0,단독주택,,,174.8,UNKNOWN,,,9763.9,0,UNKNOWN,호우경보,3시간 90mm 이상 또는 12시간 180mm 이상
2012294966603101139800000000,4725035039101340001,,경상북도 상주시 공성면 도곡리,134-1,128.0578882,36.2871066,UNDERGROUND_FLOOR_ONLY,0,1,0.0,단독주택,,,3297.8,UNKNOWN,,,11715.4,0,UNKNOWN,호우경보,3시간 90mm 이상 또는 12시간 180mm 이상
1991300211843099058000000000,4725035028110890000,,경상북도 상주시 공성면 평천리,1089,128.1162374,36.2847008,UNDERGROUND_FLOOR_ONLY,0,1,0.0,공장,,,1686.4,UNKNOWN,,,8980.8,0,UNKNOWN,호우경보,3시간 90mm 이상 또는 12시간 180mm 이상
1990300167513098774400000000,4725035028110880000,,경상북도 상주시 공성면 평천리,1088,128.1157404,36.2844499,GIS_ONLY_NO_REGISTER_ROW,0,1,,,,,1649.7,UNKNOWN,,,9017.6,0,UNKNOWN,호우경보,3시간 90mm 이상 또는 12시간 180mm 이상
1990299947213099455200000000,4725035028110820000,,경상북도 상주시 공성면 평천리,1082,128.1132974,36.2850861,UNDERGROUND_FLOOR_ONLY,0,1,0.0,공장,,,1422.3,UNKNOWN,,,8999.3,0,UNKNOWN,호우경보,3시간 90mm 이상 또는 12시간 180mm 이상
2021104382213437007300000000,4725042021101180000,,경상북도 상주시 화북면 용유리,118,127.9321426,36.5896597,UNDERGROUND_FLOOR_ONLY,0,1,0.0,단독주택,,,1296.7,UNKNOWN,,,31829.3,0,UNKNOWN,호우경보,3시간 90mm 이상 또는 12시간 180mm 이상
2010300498883136830400000000,4725034025112360000,웅진폴리실리콘,경상북도 상주시 청리면 마공리,1236,128.1199177,36.3187044,UNDERGROUND_FLOOR_ONLY,0,1,0.0,공장,,,150.9,UNKNOWN,,,5196.3,0,UNKNOWN,호우경보,3시간 90mm 이상 또는 12시간 180mm 이상
2010300567423138977800000000,4725034025112360000,웅진폴리실리콘,경상북도 상주시 청리면 마공리,1236,128.1207084,36.320632,UNDERGROUND_FLOOR_ONLY,0,1,0.0,공장,,,142.1,UNKNOWN,,,4968.9,0,UNKNOWN,호우경보,3시간 90mm 이상 또는 12시간 180mm 이상
1997313500383217858300000000,4725033026102200000,,경상북도 상주시 낙동면 분황리,220,128.2658477,36.3902647,UNDERGROUND_FLOOR_ONLY,0,1,0.0,동물및식물관련시설,,,1396.7,UNKNOWN,,,9644.6,0,UNKNOWN,호우경보,3시간 90mm 이상 또는 12시간 180mm 이상
2002313003383221683200000000,4725033026103050000,,경상북도 상주시 낙동면 분황리,305,128.260365,36.3937692,UNDERGROUND_FLOOR_ONLY,0,1,0.0,업무시설,,,1582.7,UNKNOWN,,,8979.5,0,UNKNOWN,호우경보,3시간 90mm 이상 또는 12시간 180mm 이상
1999316380893221534100000000,4725033025101150002,,경상북도 상주시 낙동면 물량리,115-2,128.2980008,36.3932322,UNDERGROUND_FLOOR_ONLY,0,1,0.0,동물및식물관련시설,,,522.0,UNKNOWN,,,13000.5,0,UNKNOWN,호우경보,3시간 90mm 이상 또는 12시간 180mm 이상
1996317187193188096600000000,4725033022102330001,,경상북도 상주시 낙동면 낙동리,233-1,128.3064827,36.3630095,UNDERGROUND_FLOOR_ONLY,0,1,0.0,단독주택,,,474.9,UNKNOWN,,,14787.9,0,UNKNOWN,호우경보,3시간 90mm 이상 또는 12시간 180mm 이상
2012305487533436748600000000,4725025026100030006,,경상북도 상주시 함창읍 나한리,3-6,128.1795388,36.5883888,UNDERGROUND_FLOOR_ONLY,0,1,0.0,단독주택,91.17,22.0,77.3,VERY_LOW,0.0,0.0,16928.0,0,VERY_LOW,극한호우,"1시간 50mm 이상이면서 3시간 90mm 이상, 또는 1시간 72mm 이상"
1992305937243245913200000000,4725012100100250001,,경상북도 상주시 화개동,25-1,128.1819498,36.416404,UNDERGROUND_FLOOR_ONLY,0,1,0.0,단독주택,,,182.6,UNKNOWN,,,197.9,0,UNKNOWN,호우경보,3시간 90mm 이상 또는 12시간 180mm 이상
1996280197773376883000000000,4725042023107300001,,경상북도 상주시 화북면 상오리,730-1,127.8963589,36.5369056,UNDERGROUND_FLOOR_ONLY,0,1,4.0,제2종근린생활시설,,,3405.5,UNKNOWN,,,32193.3,0,UNKNOWN,호우경보,3시간 90mm 이상 또는 12시간 180mm 이상
1987304008293245961900000000,4725010600101100023,,경상북도 상주시 서성동,110-23,128.1604475,36.4166585,UNDERGROUND_FLOOR_ONLY,0,1,0.0,단독주택,57.85,7.59,3.8,MODERATE,0.052,0.8,642.8,0,MODERATE,호우경보,3시간 90mm 이상 또는 12시간 180mm 이상
1993281888043406419300000000,4725042021105290000,,경상북도 상주시 화북면 용유리,529,127.9155454,36.5633757,UNDERGROUND_FLOOR_ONLY,0,1,0.0,단독주택,,,378.8,UNKNOWN,,,31928.3,0,UNKNOWN,호우경보,3시간 90mm 이상 또는 12시간 180mm 이상
1997279691043476146000000000,4725042024108100004,,경상북도 상주시 화북면 입석리,810-4,127.8917273,36.6263869,UNDERGROUND_FLOOR_ONLY,0,1,0.0,단독주택,,,570.5,UNKNOWN,,,37833.6,0,UNKNOWN,호우경보,3시간 90mm 이상 또는 12시간 180mm 이상
1999302692213232518500000000,4725011100100910003,,경상북도 상주시 개운동,91-3,128.1455988,36.4046876,CONFIRMED_BASEMENT_PARKING_USE,1,1,2.0,단독주택,72.85,20.36,56.1,VERY_LOW,0.0,0.0,1662.9,0,VERY_LOW,극한호우,"1시간 50mm 이상이면서 3시간 90mm 이상, 또는 1시간 72mm 이상"
1996282148433395700300000000,4725042021103260002,,경상북도 상주시 화북면 용유리,326-2,127.9183395,36.5536951,UNDERGROUND_FLOOR_ONLY,0,1,0.0,공장,,,1382.4,UNKNOWN,,,31165.6,0,UNKNOWN,호우경보,3시간 90mm 이상 또는 12시간 180mm 이상
1997303990013242100500000000,4725010700100850038,,경상북도 상주시 남성동,85-38,128.160192,36.4131814,UNDERGROUND_FLOOR_ONLY,0,1,0.0,단독주택,59.57,9.31,4.1,MODERATE,0.052,0.8,680.9,0,MODERATE,호우경보,3시간 90mm 이상 또는 12시간 180mm 이상
1992282087923406837500000000,4725042021104150000,,경상북도 상주시 화북면 용유리,415,127.9177823,36.5637353,UNDERGROUND_FLOOR_ONLY,0,1,0.0,제2종근린생활시설,,,550.2,UNKNOWN,,,31727.1,0,UNKNOWN,호우경보,3시간 90mm 이상 또는 12시간 180mm 이상
2001308123373252560400000000,4725012300105160000,상주영업소,경상북도 상주시 헌신동,516,128.2064118,36.4221494,UNDERGROUND_FLOOR_ONLY,0,1,0.0,제2종근린생활시설,67.51,21.96,49.2,VERY_LOW,0.0,0.0,2459.4,0,VERY_LOW,극한호우,"1시간 50mm 이상이면서 3시간 90mm 이상, 또는 1시간 72mm 이상"
1994304165263254124400000000,4725010500101550000,2차 진주맨션,경상북도 상주시 냉림동,155,128.1623069,36.4239957,UNDERGROUND_FLOOR_ONLY,0,1,0.0,공동주택,55.38,5.12,16.0,MODERATE,0.052,0.8,997.7,0,MODERATE,호우경보,3시간 90mm 이상 또는 12시간 180mm 이상
1998273574893446946100000000,4725042026101350000,,경상북도 상주시 화북면 운흥리,135,127.8230774,36.6005679,UNDERGROUND_FLOOR_ONLY,0,1,0.0,숙박시설,,,232.3,UNKNOWN,,,42943.2,0,UNKNOWN,호우경보,3시간 90mm 이상 또는 12시간 180mm 이상
1997303569403243702200000000,4725010700100330027,대한적십자 상주병원,경상북도 상주시 남성동,33-27,128.1555249,36.4146699,UNDERGROUND_FLOOR_ONLY,0,1,0.0,의료시설,59.2,7.38,4.1,MODERATE,0.052,0.8,1179.5,0,MODERATE,호우경보,3시간 90mm 이상 또는 12시간 180mm 이상
1996295507283388947800000000,4725044025102300000,,경상북도 상주시 은척면 문암리,230,128.0674435,36.5463707,UNDERGROUND_FLOOR_ONLY,0,1,0.0,단독주택,,,684.8,UNKNOWN,,,17216.6,0,UNKNOWN,호우경보,3시간 90mm 이상 또는 12시간 180mm 이상
1990295892343372738800000000,4725044021103200000,,경상북도 상주시 은척면 봉중리,320,128.071542,36.5317281,UNDERGROUND_FLOOR_ONLY,0,1,0.0,제1종근린생활시설,118.23,15.87,38.0,LOW,0.004,0.1,15719.5,0,LOW,극한호우,"1시간 50mm 이상이면서 3시간 90mm 이상, 또는 1시간 72mm 이상"
1995296084563374751900000000,4725044021103900002,,경상북도 상주시 은척면 봉중리,390-2,128.0737132,36.5335227,UNDERGROUND_FLOOR_ONLY,0,1,0.0,제2종근린생활시설,112.36,10.0,10.6,MODERATE,0.052,0.8,15695.6,0,MODERATE,호우경보,3시간 90mm 이상 또는 12시간 180mm 이상
2009305974993280126500000000,4725012700106750003,중덕지자연생태 교육원,경상북도 상주시 중덕동,675-3,128.1828375,36.4472249,UNDERGROUND_FLOOR_ONLY,0,1,0.0,교육연구시설,63.36,16.94,0.7,LOW,0.004,0.1,1363.8,0,LOW,극한호우,"1시간 50mm 이상이면서 3시간 90mm 이상, 또는 1시간 72mm 이상"
1993303990963421616300000000,4725025025101330000,,경상북도 상주시 함창읍 교촌리,133,128.1626145,36.5749192,UNDERGROUND_FLOOR_ONLY,0,1,0.0,단독주택,85.72,18.24,32.8,LOW,0.004,0.1,15663.8,0,LOW,극한호우,"1시간 50mm 이상이면서 3시간 90mm 이상, 또는 1시간 72mm 이상"
1992303904443420383000000000,4725025025101420005,,경상북도 상주시 함창읍 교촌리,142-5,128.1616318,36.5738178,UNDERGROUND_FLOOR_ONLY,0,1,0.0,단독주택,82.86,15.38,28.3,LOW,0.004,0.1,15563.8,0,LOW,극한호우,"1시간 50mm 이상이면서 3시간 90mm 이상, 또는 1시간 72mm 이상"
1995306560973430757700000000,4725025027100110001,,경상북도 상주시 함창읍 대조리,11-1,128.1914484,36.5828721,UNDERGROUND_FLOOR_ONLY,0,1,0.0,종교시설,,,112.9,UNKNOWN,,,16293.1,0,UNKNOWN,호우경보,3시간 90mm 이상 또는 12시간 180mm 이상
0000303750673420101300000000,4725025025101500000,,경상북도 상주시 함창읍 교촌리,150,128.1599102,36.5735804,UNDERGROUND_FLOOR_ONLY,0,1,0.0,단독주택,83.69,11.15,20.1,LOW,0.004,0.1,15575.2,0,LOW,극한호우,"1시간 50mm 이상이면서 3시간 90mm 이상, 또는 1시간 72mm 이상"
1991303731153419877600000000,4725025025101510004,,경상북도 상주시 함창읍 교촌리,151-4,128.1596891,36.5733811,UNDERGROUND_FLOOR_ONLY,0,1,0.0,단독주택,83.69,11.15,10.4,LOW,0.004,0.1,15558.5,0,LOW,극한호우,"1시간 50mm 이상이면서 3시간 90mm 이상, 또는 1시간 72mm 이상"
1991303780053419964900000000,4725025025101460000,,경상북도 상주시 함창읍 교촌리,146,128.1602366,36.5734544,UNDERGROUND_FLOOR_ONLY,0,1,0.0,단독주택,86.88,19.4,17.4,LOW,0.004,0.1,15554.2,0,LOW,극한호우,"1시간 50mm 이상이면서 3시간 90mm 이상, 또는 1시간 72mm 이상"
1988304892113412171300000000,4725025024102290001,,경상북도 상주시 함창읍 증촌리,229-1,128.1725521,36.5663113,UNDERGROUND_FLOOR_ONLY,0,1,0.0,단독주택,80.89,19.65,21.5,LOW,0.004,0.1,14553.4,0,LOW,극한호우,"1시간 50mm 이상이면서 3시간 90mm 이상, 또는 1시간 72mm 이상"
1988303784183420203000000000,4725025025101470002,,경상북도 상주시 함창읍 교촌리,147-2,128.1602859,36.5736685,UNDERGROUND_FLOOR_ONLY,0,1,0.0,단독주택,87.82,20.34,0.1,VERY_LOW,0.0,0.0,15576.5,0,VERY_LOW,극한호우,"1시간 50mm 이상이면서 3시간 90mm 이상, 또는 1시간 72mm 이상"
2012302970513234417000000000,4725011000102190004,해오름아파트,경상북도 상주시 낙양동,219-4,128.1487259,36.4063685,CONFIRMED_BASEMENT_PARKING_USE,1,1,8.0,공동주택,67.17,14.68,36.3,LOW,0.004,0.1,1552.0,0,LOW,극한호우,"1시간 50mm 이상이면서 3시간 90mm 이상, 또는 1시간 72mm 이상"
1965305006163401984000000000,4725025023102770002,,경상북도 상주시 함창읍 오사리,277-2,128.1736871,36.5571202,UNDERGROUND_FLOOR_ONLY,0,1,0.0,단독주택,65.36,4.12,37.7,HIGH,0.148,2.3,13525.4,0,HIGH,호우주의보,3시간 60mm 이상 또는 12시간 110mm 이상
2007312728923210617400000000,4725033021103180001,,경상북도 상주시 낙동면 상촌리,318-1,128.2571462,36.3838317,UNDERGROUND_FLOOR_ONLY,0,1,0.0,노유자시설,,,1193.8,UNKNOWN,,,8868.2,0,UNKNOWN,호우경보,3시간 90mm 이상 또는 12시간 180mm 이상
1995304439203251601300000000,4725010500100780000,냉림 4주공아파트,경상북도 상주시 냉림동,78,128.1653269,36.4216926,UNDERGROUND_FLOOR_ONLY,0,1,0.0,공동주택,55.09,4.83,8.8,HIGH,0.148,2.3,651.4,0,HIGH,호우주의보,3시간 60mm 이상 또는 12시간 110mm 이상
1995304404533252306500000000,4725010500100780000,냉림 3주공아파트 상가,경상북도 상주시 냉림동,78,128.1649498,36.4223318,UNDERGROUND_FLOOR_ONLY,0,1,0.0,공동주택,55.27,5.01,2.2,MODERATE,0.052,0.8,728.4,0,MODERATE,호우경보,3시간 90mm 이상 또는 12시간 180mm 이상
1995304510233251873100000000,4725010500100780000,냉림 3주공아파트,경상북도 상주시 냉림동,78,128.1661224,36.4219299,UNDERGROUND_FLOOR_ONLY,0,1,0.0,공동주택,54.26,4.0,9.4,HIGH,0.148,2.3,670.7,0,HIGH,호우주의보,3시간 60mm 이상 또는 12시간 110mm 이상
2008304287023427276000000000,4725025027107720000,,경상북도 상주시 함창읍 대조리,772,128.1659983,36.5799861,UNDERGROUND_FLOOR_ONLY,0,1,0.0,단독주택,92.06,24.58,1.2,VERY_LOW,0.0,0.0,16156.0,0,VERY_LOW,극한호우,"1시간 50mm 이상이면서 3시간 90mm 이상, 또는 1시간 72mm 이상"
1990306586033427123500000000,4725025028106220001,,경상북도 상주시 함창읍 윤직리,622-1,128.191678,36.579595,UNDERGROUND_FLOOR_ONLY,0,1,0.0,단독주택,74.98,11.1,26.8,LOW,0.004,0.1,15930.0,0,LOW,극한호우,"1시간 50mm 이상이면서 3시간 90mm 이상, 또는 1시간 72mm 이상"
1995305403623391012000000000,4725025032109500000,,경상북도 상주시 함창읍 신흥리,950,128.1779761,36.5471914,UNDERGROUND_FLOOR_ONLY,0,1,0.0,단독주택,67.69,6.45,1.3,MODERATE,0.052,0.8,12379.5,0,MODERATE,호우경보,3시간 90mm 이상 또는 12시간 180mm 이상
1979304247333246582700000000,4725010300100570001,,경상북도 상주시 인봉동,57-1,128.1631205,36.4171919,GIS_ONLY_NO_REGISTER_ROW,0,1,,,57.6,7.34,18.4,MODERATE,0.052,0.8,369.8,0,HIGH,호우경보,3시간 90mm 이상 또는 12시간 180mm 이상
2003310606413304900500000000,4725032528107370001,,경상북도 상주시 사벌국면 묵하리,737-1,128.2348389,36.4690226,UNDERGROUND_FLOOR_ONLY,0,1,0.0,동물및식물관련시설,79.64,29.45,19.7,VERY_LOW,0.0,0.0,6312.4,0,VERY_LOW,극한호우,"1시간 50mm 이상이면서 3시간 90mm 이상, 또는 1시간 72mm 이상"
0000306712043383688600000000,4725025032103020002,,경상북도 상주시 함창읍 신흥리,302-2,128.1924846,36.5404482,UNDERGROUND_FLOOR_ONLY,0,1,0.0,단독주택,76.6,19.35,1.0,LOW,0.004,0.1,11590.0,0,LOW,극한호우,"1시간 50mm 이상이면서 3시간 90mm 이상, 또는 1시간 72mm 이상"
1986410636274037992100000000,4793031022101840000,,경상북도 울진군 북면 나곡리,184,129.3704689,37.1123148,PROBABLE_NOT_CONFIRMED_IN_FLOOR_ROWS,0,1,210.0,공동주택,28.74,26.87,5.1,VERY_LOW,0.0,0.0,13405.5,0,VERY_LOW,극한호우,"1시간 50mm 이상이면서 3시간 90mm 이상, 또는 1시간 72mm 이상"
1997306104973381206800000000,4725025032104020001,,경상북도 상주시 함창읍 신흥리,402-1,128.1856729,36.53828,UNDERGROUND_FLOOR_ONLY,0,1,0.0,단독주택,,,104.2,UNKNOWN,,,11342.4,0,UNKNOWN,호우경보,3시간 90mm 이상 또는 12시간 180mm 이상
1991306003583411097200000000,4725025022105500000,,경상북도 상주시 함창읍 오동리,550,128.1849513,36.5652209,UNDERGROUND_FLOOR_ONLY,0,1,0.0,종교시설,69.74,10.19,65.4,LOW,0.004,0.1,14333.9,0,LOW,극한호우,"1시간 50mm 이상이면서 3시간 90mm 이상, 또는 1시간 72mm 이상"
1985303855273251746000000000,4725010900102130005,,경상북도 상주시 무양동,213-5,128.158819,36.4218864,UNDERGROUND_FLOOR_ONLY,0,1,0.0,제2종근린생활시설,58.1,6.28,6.8,MODERATE,0.052,0.8,1054.6,0,MODERATE,호우경보,3시간 90mm 이상 또는 12시간 180mm 이상
1989305605183411378100000000,4725025022105700014,,경상북도 상주시 함창읍 오동리,570-14,128.1805055,36.5655181,UNDERGROUND_FLOOR_ONLY,0,1,0.0,제1종근린생활시설,73.0,13.44,31.6,LOW,0.004,0.1,14387.3,0,LOW,극한호우,"1시간 50mm 이상이면서 3시간 90mm 이상, 또는 1시간 72mm 이상"
1989305748373415666000000000,4725025021101050001,,경상북도 상주시 함창읍 구향리,105-1,128.1821636,36.5693655,UNDERGROUND_FLOOR_ONLY,0,1,0.0,제2종근린생활시설,78.38,18.83,12.6,LOW,0.004,0.1,14804.3,0,LOW,극한호우,"1시간 50mm 이상이면서 3시간 90mm 이상, 또는 1시간 72mm 이상"
1990305953983415648200000000,4725025022106350000,,경상북도 상주시 함창읍 오동리,635,128.1844599,36.5693267,UNDERGROUND_FLOOR_ONLY,0,1,0.0,교육연구시설,87.01,27.46,36.9,VERY_LOW,0.0,0.0,14790.9,0,VERY_LOW,극한호우,"1시간 50mm 이상이면서 3시간 90mm 이상, 또는 1시간 72mm 이상"
1989305545923415720300000000,4725025021100430005,,경상북도 상주시 함창읍 구향리,43-5,128.1799032,36.5694369,UNDERGROUND_FLOOR_ONLY,0,1,0.0,단독주택,79.49,18.24,11.1,LOW,0.004,0.1,14825.5,0,LOW,극한호우,"1시간 50mm 이상이면서 3시간 90mm 이상, 또는 1시간 72mm 이상"
1990305349733414770400000000,4725025021101420004,,경상북도 상주시 함창읍 구향리,142-4,128.1776988,36.5686025,UNDERGROUND_FLOOR_ONLY,0,1,0.0,제2종근린생활시설,77.02,15.78,3.3,LOW,0.004,0.1,14750.3,0,LOW,극한호우,"1시간 50mm 이상이면서 3시간 90mm 이상, 또는 1시간 72mm 이상"
1989305825393415167300000000,4725025022106310006,,경상북도 상주시 함창읍 오동리,631-6,128.183017,36.5689076,UNDERGROUND_FLOOR_ONLY,0,1,0.0,단독주택,84.52,24.97,1.3,VERY_LOW,0.0,0.0,14749.6,0,VERY_LOW,극한호우,"1시간 50mm 이상이면서 3시간 90mm 이상, 또는 1시간 72mm 이상"
2004304896503243351100000000,4725010200100770000,,경상북도 상주시 성동동,77,128.1703136,36.4142097,UNDERGROUND_FLOOR_ONLY,0,1,0.0,교육연구시설,60.7,12.41,22.9,LOW,0.004,0.1,394.1,0,MODERATE,극한호우,"1시간 50mm 이상이면서 3시간 90mm 이상, 또는 1시간 72mm 이상"
1983305544473417684100000000,4725025021100360002,,경상북도 상주시 함창읍 구향리,36-2,128.1799139,36.5712064,UNDERGROUND_FLOOR_ONLY,0,1,0.0,단독주택,80.76,15.33,3.5,LOW,0.004,0.1,15021.5,0,LOW,극한호우,"1시간 50mm 이상이면서 3시간 90mm 이상, 또는 1시간 72mm 이상"
1990304335553241169400000000,4725010200106260008,백합맨션,경상북도 상주시 성동동,626-8,128.1640313,36.4123051,UNDERGROUND_FLOOR_ONLY,0,1,0.0,공동주택,57.33,7.07,3.0,MODERATE,0.052,0.8,349.8,0,HIGH,호우경보,3시간 90mm 이상 또는 12시간 180mm 이상
1997303307723264769100000000,4725013300104870000,,경상북도 상주시 만산동,487,128.152888,36.4336789,UNDERGROUND_FLOOR_ONLY,0,1,0.0,숙박시설,75.88,24.06,27.5,VERY_LOW,0.0,0.0,1984.6,0,VERY_LOW,극한호우,"1시간 50mm 이상이면서 3시간 90mm 이상, 또는 1시간 72mm 이상"
1981305315233415609800000000,4725025021102000004,,경상북도 상주시 함창읍 구향리,200-4,128.177325,36.5693628,UNDERGROUND_FLOOR_ONLY,0,1,0.0,제2종근린생활시설,79.28,18.04,4.9,LOW,0.004,0.1,14837.7,0,LOW,극한호우,"1시간 50mm 이상이면서 3시간 90mm 이상, 또는 1시간 72mm 이상"
1988305323233417475100000000,4725025021102920001,,경상북도 상주시 함창읍 구향리,292-1,128.1774396,36.5710422,UNDERGROUND_FLOOR_ONLY,0,1,0.0,단독주택,79.74,14.3,0.3,LOW,0.004,0.1,15022.5,0,LOW,극한호우,"1시간 50mm 이상이면서 3시간 90mm 이상, 또는 1시간 72mm 이상"
1996125623922891604700000000,4715031023108090001,,경상북도 김천시 농소면 월곡리,809-1,128.1746931,36.1001008,UNDERGROUND_FLOOR_ONLY,0,1,0.0,단독주택,72.48,7.78,17.3,MODERATE,0.052,0.8,2683.6,0,MODERATE,호우경보,3시간 90mm 이상 또는 12시간 180mm 이상
1988308365393406438700000000,4725025030101680001,,경상북도 상주시 함창읍 척동리,168-1,128.211264,36.5607591,UNDERGROUND_FLOOR_ONLY,0,1,0.0,단독주택,63.52,5.63,21.4,MODERATE,0.052,0.8,14071.1,0,MODERATE,호우경보,3시간 90mm 이상 또는 12시간 180mm 이상
0000324628632907680300000000,4719011300101910001,,경상북도 구미시 공단동,191-1,128.3849141,36.1094402,UNDERGROUND_FLOOR_ONLY,0,1,0.0,공장,33.63,7.22,72.9,MODERATE,0.052,0.8,1596.1,0,MODERATE,호우경보,3시간 90mm 이상 또는 12시간 180mm 이상
1986305663873416876200000000,4725025021100520001,,경상북도 상주시 함창읍 구향리,52-1,128.1812365,36.5704653,UNDERGROUND_FLOOR_ONLY,0,1,0.0,단독주택,77.07,11.97,16.8,LOW,0.004,0.1,14931.2,0,LOW,극한호우,"1시간 50mm 이상이면서 3시간 90mm 이상, 또는 1시간 72mm 이상"
1988305646733412655000000000,4725025022105730006,,경상북도 상주시 함창읍 오동리,573-6,128.1809871,36.566664,UNDERGROUND_FLOOR_ONLY,0,1,0.0,단독주택,74.65,15.09,47.0,LOW,0.004,0.1,14511.3,0,LOW,극한호우,"1시간 50mm 이상이면서 3시간 90mm 이상, 또는 1시간 72mm 이상"
1989305827443415329600000000,4725025022106310005,,경상북도 상주시 함창읍 오동리,631-5,128.1830424,36.5690539,UNDERGROUND_FLOOR_ONLY,0,1,0.0,단독주택,84.52,24.97,16.1,VERY_LOW,0.0,0.0,14765.7,0,VERY_LOW,극한호우,"1시간 50mm 이상이면서 3시간 90mm 이상, 또는 1시간 72mm 이상"
1987305665753416735800000000,4725025021100520006,,경상북도 상주시 함창읍 구향리,52-6,128.1812555,36.5703385,UNDERGROUND_FLOOR_ONLY,0,1,0.0,단독주택,77.07,11.97,4.4,LOW,0.004,0.1,14917.0,0,LOW,극한호우,"1시간 50mm 이상이면서 3시간 90mm 이상, 또는 1시간 72mm 이상"
1984306127333414678400000000,4725025022107190001,,경상북도 상주시 함창읍 오동리,719-1,128.1863827,36.5684337,UNDERGROUND_FLOOR_ONLY,0,1,0.0,단독주택,82.11,22.55,4.0,VERY_LOW,0.0,0.0,14687.4,0,VERY_LOW,극한호우,"1시간 50mm 이상이면서 3시간 90mm 이상, 또는 1시간 72mm 이상"
1993305970613417299900000000,4725025021100830018,,경상북도 상주시 함창읍 구향리,83-18,128.1846682,36.5708128,UNDERGROUND_FLOOR_ONLY,0,1,0.0,단독주택,85.87,20.77,2.6,VERY_LOW,0.0,0.0,14955.2,0,VERY_LOW,극한호우,"1시간 50mm 이상이면서 3시간 90mm 이상, 또는 1시간 72mm 이상"
2019120944162899449800000000,4715011900105400001,,경상북도 김천시 양천동,540-1,128.1226518,36.1068002,UNDERGROUND_FLOOR_ONLY,0,1,0.0,업무시설,64.91,1.67,9.1,VERY_HIGH,0.355,5.5,0.0,1,VERY_HIGH,호우주의보,3시간 60mm 이상 또는 12시간 110mm 이상
1988306230633423562100000000,4725025028107530000,,경상북도 상주시 함창읍 윤직리,753,128.1876589,36.576426,UNDERGROUND_FLOOR_ONLY,0,1,0.0,단독주택,85.94,20.84,1.0,VERY_LOW,0.0,0.0,15573.4,0,VERY_LOW,극한호우,"1시간 50mm 이상이면서 3시간 90mm 이상, 또는 1시간 72mm 이상"
1985303901403252082500000000,4725010500101960000,,경상북도 상주시 냉림동,196,128.1593378,36.4221846,UNDERGROUND_FLOOR_ONLY,0,1,0.0,숙박시설,58.45,6.63,5.0,MODERATE,0.052,0.8,1032.7,0,MODERATE,호우경보,3시간 90mm 이상 또는 12시간 180mm 이상
2008300913743139891000000000,4725034025112380000,,경상북도 상주시 청리면 마공리,1238,128.1245762,36.3214187,UNDERGROUND_FLOOR_ONLY,0,1,0.0,교육연구시설,,,361.1,UNKNOWN,,,4811.0,0,UNKNOWN,호우경보,3시간 90mm 이상 또는 12시간 180mm 이상
2013282579183341185500000000,4725047021200070025,,경상북도 상주시 화남면 동관리,7-25,127.9225676,36.5045386,UNDERGROUND_FLOOR_ONLY,0,1,0.0,제1종근린생활시설,,,3642.7,UNKNOWN,,,27742.7,0,UNKNOWN,호우경보,3시간 90mm 이상 또는 12시간 180mm 이상
2005303316303258167400000000,4725013300106520019,,경상북도 상주시 만산동,652-19,128.1528958,36.42773,GIS_BASEMENT_CANDIDATE_NOT_CONFIRMED_BY_TITLE,0,1,0.0,단독주택,68.38,16.56,4.7,LOW,0.004,0.1,1955.7,0,LOW,극한호우,"1시간 50mm 이상이면서 3시간 90mm 이상, 또는 1시간 72mm 이상"
1993304168963243941100000000,4725010700100010119,,경상북도 상주시 남성동,1-119,128.1622115,36.4148204,CONFIRMED_BASEMENT_PARKING_USE,1,1,19.0,제1종근린생활시설,60.86,10.6,18.0,LOW,0.004,0.1,437.5,0,MODERATE,극한호우,"1시간 50mm 이상이면서 3시간 90mm 이상, 또는 1시간 72mm 이상"
1994305806353414627200000000,4725025022106320002,,경상북도 상주시 함창읍 오동리,632-2,128.1827969,36.5684231,UNDERGROUND_FLOOR_ONLY,0,1,0.0,교육연구시설,79.26,19.71,26.3,LOW,0.004,0.1,14696.8,0,LOW,극한호우,"1시간 50mm 이상이면서 3시간 90mm 이상, 또는 1시간 72mm 이상"
2003305311413289818900000000,4725012800106660003,(주)올품,경상북도 상주시 초산동,666-3,128.175569,36.4560305,UNDERGROUND_FLOOR_ONLY,0,1,0.0,공장,81.27,32.29,15.2,VERY_LOW,0.0,0.0,2611.2,0,VERY_LOW,극한호우,"1시간 50mm 이상이면서 3시간 90mm 이상, 또는 1시간 72mm 이상"
1995304463103252224900000000,4725010500100780000,냉림 3주공아파트,경상북도 상주시 냉림동,78,128.1656017,36.4222519,UNDERGROUND_FLOOR_ONLY,0,1,0.0,공동주택,56.2,5.94,6.1,MODERATE,0.052,0.8,709.4,0,MODERATE,호우경보,3시간 90mm 이상 또는 12시간 180mm 이상
2009286861583233621400000000,4725040022106780002,,경상북도 상주시 화동면 선교리,678-2,127.969158,36.4072416,UNDERGROUND_FLOOR_ONLY,0,1,0.0,단독주택,,,2308.2,UNKNOWN,,,18430.8,0,UNKNOWN,호우경보,3시간 90mm 이상 또는 12시간 180mm 이상
2008284706093153591500000000,4725039021104620008,상주오렌지골프리조트(18홀),경상북도 상주시 모서면 삼포리,462-8,127.9442603,36.3353229,UNDERGROUND_FLOOR_ONLY,0,1,0.0,운동시설,,,2324.3,UNKNOWN,,,20828.9,0,UNKNOWN,호우경보,3시간 90mm 이상 또는 12시간 180mm 이상
2013311207343231807200000000,4725033028105290000,연세요양병원,경상북도 상주시 낙동면 신상리,529,128.240495,36.4030998,UNDERGROUND_FLOOR_ONLY,0,1,0.0,의료시설,56.91,9.64,3.8,MODERATE,0.052,0.8,6677.7,0,MODERATE,호우경보,3시간 90mm 이상 또는 12시간 180mm 이상
2004303011633222690400000000,4725011200105860008,,경상북도 상주시 신봉동,586-8,128.1490287,36.3957985,CONFIRMED_BASEMENT_PARKING_USE,1,1,2.0,단독주택,94.19,40.93,5.5,VERY_LOW,0.0,0.0,809.9,0,VERY_LOW,극한호우,"1시간 50mm 이상이면서 3시간 90mm 이상, 또는 1시간 72mm 이상"
2000291374623111873400000000,4725038026101460004,,경상북도 상주시 모동면 상판리,146-4,128.0180364,36.2971244,UNDERGROUND_FLOOR_ONLY,0,1,0.0,제2종근린생활시설,,,3854.0,UNKNOWN,,,14471.2,0,UNKNOWN,호우경보,3시간 90mm 이상 또는 12시간 180mm 이상
1988303801933252162400000000,4725010900102100008,,경상북도 상주시 무양동,210-8,128.1582298,36.4222672,UNDERGROUND_FLOOR_ONLY,0,1,0.0,숙박시설,57.1,5.28,46.2,MODERATE,0.052,0.8,1132.0,0,MODERATE,호우경보,3시간 90mm 이상 또는 12시간 180mm 이상
1988305409693413443800000000,4725025021101250006,,경상북도 상주시 함창읍 구향리,125-6,128.1783504,36.5674008,UNDERGROUND_FLOOR_ONLY,0,1,0.0,제2종근린생활시설,76.27,15.03,1.1,LOW,0.004,0.1,14611.7,0,LOW,극한호우,"1시간 50mm 이상이면서 3시간 90mm 이상, 또는 1시간 72mm 이상"
2003303469373248455200000000,4725010900102770003,,경상북도 상주시 무양동,277-3,128.1544731,36.418963,UNDERGROUND_FLOOR_ONLY,0,1,0.0,숙박시설,63.16,11.34,5.7,LOW,0.004,0.1,1344.3,0,LOW,극한호우,"1시간 50mm 이상이면서 3시간 90mm 이상, 또는 1시간 72mm 이상"
2012282454533436754400000000,4725042021102160001,,경상북도 상주시 화북면 용유리,216-1,127.9221971,36.5906596,UNDERGROUND_FLOOR_ONLY,0,1,0.0,단독주택,,,987.2,UNKNOWN,,,32813.9,0,UNKNOWN,호우경보,3시간 90mm 이상 또는 12시간 180mm 이상
2016120166623179248400000000,4725034031106790000,,경상북도 상주시 청리면 삼괴리,679,128.1111638,36.3588585,UNDERGROUND_FLOOR_ONLY,0,1,0.0,단독주택,78.65,16.14,66.8,LOW,0.004,0.1,2143.6,0,LOW,극한호우,"1시간 50mm 이상이면서 3시간 90mm 이상, 또는 1시간 72mm 이상"
1995304479313251399300000000,4725010500100780000,냉림 4주공아파트,경상북도 상주시 냉림동,78,128.1657714,36.4215064,UNDERGROUND_FLOOR_ONLY,0,1,0.0,공동주택,55.7,5.44,6.2,MODERATE,0.052,0.8,625.4,0,MODERATE,호우경보,3시간 90mm 이상 또는 12시간 180mm 이상
1995304402713252001800000000,4725010500100780000,냉림 4주공아파트,경상북도 상주시 냉림동,78,128.1649254,36.4220575,UNDERGROUND_FLOOR_ONLY,0,1,0.0,공동주택,56.02,5.76,2.9,MODERATE,0.052,0.8,699.0,0,MODERATE,호우경보,3시간 90mm 이상 또는 12시간 180mm 이상
2024138005643188795400000000,4725033022102060001,,경상북도 상주시 낙동면 낙동리,206-1,128.309825,36.3687771,UNDERGROUND_FLOOR_ONLY,0,1,0.0,수련시설,,,829.5,UNKNOWN,,,14949.7,0,UNKNOWN,호우경보,3시간 90mm 이상 또는 12시간 180mm 이상
2007303153663258250300000000,4725013300106930029,상주이마트,경상북도 상주시 만산동,693-29,128.1510836,36.4278222,UNDERGROUND_FLOOR_ONLY,0,2,0.0,판매시설,82.37,30.55,4.4,VERY_LOW,0.0,0.0,2136.7,0,VERY_LOW,극한호우,"1시간 50mm 이상이면서 3시간 90mm 이상, 또는 1시간 72mm 이상"
2019154292953417567400000000,4790025330114170000,G-플레이스 경북도청,경상북도 예천군 호명읍 산합리,1417,128.4899522,36.5758408,CONFIRMED_BASEMENT_PARKING_USE,1,1,26.0,제2종근린생활시설,107.14,28.29,4.0,VERY_LOW,0.0,0.0,4627.6,0,VERY_LOW,극한호우,"1시간 50mm 이상이면서 3시간 90mm 이상, 또는 1시간 72mm 이상"
1985304085163246523200000000,4725010600101560007,,경상북도 상주시 서성동,156-7,128.1613119,36.4171558,GIS_ONLY_NO_REGISTER_ROW,0,1,,,58.55,8.29,4.9,MODERATE,0.052,0.8,559.1,0,MODERATE,호우경보,3시간 90mm 이상 또는 12시간 180mm 이상
1980304282363248604800000000,4725010400104600001,,경상북도 상주시 복룡동,460-1,128.1635381,36.4190098,UNDERGROUND_FLOOR_ONLY,0,1,0.0,단독주택,57.08,6.82,20.4,MODERATE,0.052,0.8,454.5,0,HIGH,호우경보,3시간 90mm 이상 또는 12시간 180mm 이상
1995303091473249312200000000,4725010900102720005,,경상북도 상주시 무양동,272-5,128.1502718,36.4197758,UNDERGROUND_FLOOR_ONLY,0,1,0.0,단독주택,61.87,10.05,2.3,LOW,0.004,0.1,1818.5,0,LOW,극한호우,"1시간 50mm 이상이면서 3시간 90mm 이상, 또는 1시간 72mm 이상"
2011292913753375919400000000,4725044024106670001,,경상북도 상주시 은척면 남곡리,667-1,128.0383393,36.5349032,UNDERGROUND_FLOOR_ONLY,0,1,0.0,단독주택,,,2335.6,UNKNOWN,,,18706.9,0,UNKNOWN,호우경보,3시간 90mm 이상 또는 12시간 180mm 이상
1988310869363204922500000000,4725033030103020000,,경상북도 상주시 낙동면 내곡리,302,128.236345,36.3789169,UNDERGROUND_FLOOR_ONLY,0,1,0.0,단독주택,60.5,9.24,62.6,MODERATE,0.052,0.8,6901.6,0,MODERATE,호우경보,3시간 90mm 이상 또는 12시간 180mm 이상
2012304173443259216800000000,4725013000105010001,계산동 대림다미아,경상북도 상주시 계산동,501-1,128.1624663,36.4285829,CONFIRMED_BASEMENT_PARKING_USE,1,1,8.0,공동주택,70.64,20.38,48.3,VERY_LOW,0.0,0.0,890.7,0,VERY_LOW,극한호우,"1시간 50mm 이상이면서 3시간 90mm 이상, 또는 1시간 72mm 이상"
1990311622433291103600000000,4725032535100020006,,경상북도 상주시 사벌국면 삼덕리,2-6,128.2459737,36.4564748,UNDERGROUND_FLOOR_ONLY,0,1,0.0,제1종근린생활시설,,,262.3,UNKNOWN,,,6753.6,0,UNKNOWN,호우경보,3시간 90mm 이상 또는 12시간 180mm 이상
1990304332713241509200000000,4725010200106260001,백합맨션,경상북도 상주시 성동동,626-1,128.1640042,36.4126115,UNDERGROUND_FLOOR_ONLY,0,1,0.0,공동주택,57.49,7.23,3.1,MODERATE,0.052,0.8,327.6,0,HIGH,호우경보,3시간 90mm 이상 또는 12시간 180mm 이상
2012303857363234301500000000,4725011200102030005,,경상북도 상주시 신봉동,203-5,128.158609,36.4061687,UNDERGROUND_FLOOR_ONLY,0,1,0.0,단독주택,69.36,17.16,3.6,LOW,0.004,0.1,957.9,0,LOW,극한호우,"1시간 50mm 이상이면서 3시간 90mm 이상, 또는 1시간 72mm 이상"
1985305377143415109200000000,4725025021101400003,,경상북도 상주시 함창읍 구향리,140-3,128.1780095,36.5689048,UNDERGROUND_FLOOR_ONLY,0,1,0.0,제2종근린생활시설,76.65,15.4,4.4,LOW,0.004,0.1,14781.0,0,LOW,극한호우,"1시간 50mm 이상이면서 3시간 90mm 이상, 또는 1시간 72mm 이상"
1979298102233100721500000000,4725035021102730006,,경상북도 상주시 공성면 옥산리,273-6,128.0927805,36.2864162,UNDERGROUND_FLOOR_ONLY,0,1,0.0,제2종근린생활시설,84.8,0.0,89.8,VERY_HIGH,0.355,5.5,9585.0,0,VERY_HIGH,호우주의보,3시간 60mm 이상 또는 12시간 110mm 이상
2010300545143137770200000000,4725034025112360000,웅진폴리실리콘,경상북도 상주시 청리면 마공리,1236,128.1204448,36.3195463,UNDERGROUND_FLOOR_ONLY,0,1,0.0,공장,82.79,0.0,79.8,VERY_HIGH,0.355,5.5,5092.8,0,VERY_HIGH,호우주의보,3시간 60mm 이상 또는 12시간 110mm 이상
2013300958153290247000000000,4725043025108930000,,경상북도 상주시 외서면 봉강리,893,128.1270642,36.4569315,UNDERGROUND_FLOOR_ONLY,0,1,0.0,동물및식물관련시설,109.73,35.66,10.1,VERY_LOW,0.0,0.0,5661.3,0,VERY_LOW,극한호우,"1시간 50mm 이상이면서 3시간 90mm 이상, 또는 1시간 72mm 이상"
2004304186993260745000000000,4725013000104910000,,경상북도 상주시 계산동,491,128.1626379,36.4299583,UNDERGROUND_FLOOR_ONLY,0,1,0.0,수련시설,75.18,24.92,2.6,VERY_LOW,0.0,0.0,859.0,0,VERY_LOW,극한호우,"1시간 50mm 이상이면서 3시간 90mm 이상, 또는 1시간 72mm 이상"
1984303937563246320200000000,4725010600101210001,상주관광호텔,경상북도 상주시 서성동,121-1,128.1596638,36.4169889,UNDERGROUND_FLOOR_ONLY,0,1,0.0,숙박시설,58.64,6.82,21.2,MODERATE,0.052,0.8,734.3,0,MODERATE,호우경보,3시간 90mm 이상 또는 12시간 180mm 이상
2010364386442783803400000000,4723031030100130000,주1,경상북도 영천시 청통면 치일리,13,128.8237092,35.9919462,UNDERGROUND_FLOOR_ONLY,0,1,0.0,제1종근린생활시설,92.27,17.16,54.5,LOW,0.004,0.1,27384.5,0,LOW,극한호우,"1시간 50mm 이상이면서 3시간 90mm 이상, 또는 1시간 72mm 이상"
2012303753153425273100000000,4725025025104110000,잠사곤충사업장 청사,경상북도 상주시 함창읍 교촌리,411,128.1600559,36.5782953,UNDERGROUND_FLOOR_ONLY,0,1,0.0,교육연구시설,96.94,24.4,16.8,VERY_LOW,0.0,0.0,16085.1,0,VERY_LOW,극한호우,"1시간 50mm 이상이면서 3시간 90mm 이상, 또는 1시간 72mm 이상"
2012303762443425314400000000,4725025025104110000,잠사곤충사업장 청사,경상북도 상주시 함창읍 교촌리,411,128.1601152,36.5782798,UNDERGROUND_FLOOR_ONLY,0,1,0.0,교육연구시설,96.94,24.4,22.3,VERY_LOW,0.0,0.0,16082.1,0,VERY_LOW,극한호우,"1시간 50mm 이상이면서 3시간 90mm 이상, 또는 1시간 72mm 이상"
2012303752263425155100000000,4725025025104110000,잠사곤충사업장 청사,경상북도 상주시 함창읍 교촌리,411,128.1600106,36.5781503,UNDERGROUND_FLOOR_ONLY,0,1,0.0,교육연구시설,96.94,24.4,22.7,VERY_LOW,0.0,0.0,16070.3,0,VERY_LOW,극한호우,"1시간 50mm 이상이면서 3시간 90mm 이상, 또는 1시간 72mm 이상"
2011301085973432054000000000,4725046022102890001,,경상북도 상주시 이안면 문창리,289-1,128.1303022,36.5846353,UNDERGROUND_FLOOR_ONLY,0,1,0.0,제1종근린생활시설,112.2,28.61,33.1,VERY_LOW,0.0,0.0,17663.6,0,VERY_LOW,극한호우,"1시간 50mm 이상이면서 3시간 90mm 이상, 또는 1시간 72mm 이상"
2013305917833249120700000000,4725010400101720023,마리앙스컨벤션,경상북도 상주시 복룡동,172-23,128.1817771,36.419296,UNDERGROUND_FLOOR_ONLY,0,1,0.0,문화및집회시설,57.61,9.38,7.9,MODERATE,0.052,0.8,71.1,0,HIGH,호우경보,3시간 90mm 이상 또는 12시간 180mm 이상
2013305388393390544800000000,4725025032109780000,,경상북도 상주시 함창읍 신흥리,978,128.1778649,36.546846,UNDERGROUND_FLOOR_ONLY,0,1,0.0,단독주택,67.62,6.38,7.9,MODERATE,0.052,0.8,12342.4,0,MODERATE,호우경보,3시간 90mm 이상 또는 12시간 180mm 이상
2011303804173233648300000000,4725011200102030036,,경상북도 상주시 신봉동,203-36,128.1580076,36.4055862,PROBABLE_NOT_CONFIRMED_IN_FLOOR_ROWS,0,1,1.0,단독주택,66.24,14.04,13.6,LOW,0.004,0.1,1005.2,0,LOW,극한호우,"1시간 50mm 이상이면서 3시간 90mm 이상, 또는 1시간 72mm 이상"
2011298603213172475800000000,4725036025101750000,,경상북도 상주시 외남면 신상리,175,128.0992624,36.351017,UNDERGROUND_FLOOR_ONLY,0,1,0.0,단독주택,77.09,7.97,44.2,MODERATE,0.052,0.8,3689.1,0,MODERATE,호우경보,3시간 90mm 이상 또는 12시간 180mm 이상
2012312892153236429000000000,4725033026104640005,축산폐수처리장,경상북도 상주시 낙동면 분황리,464-5,128.2593363,36.407064,UNDERGROUND_FLOOR_ONLY,0,1,0.0,분뇨.쓰레기처리시설,,,1476.1,UNKNOWN,,,8444.9,0,UNKNOWN,호우경보,3시간 90mm 이상 또는 12시간 180mm 이상
2008307340893307425800000000,4725032521109260001,희망실버타운,경상북도 상주시 사벌국면 덕담리,926-1,128.1984477,36.4716688,UNDERGROUND_FLOOR_ONLY,0,1,0.0,노유자시설,56.66,6.46,11.2,MODERATE,0.052,0.8,4108.9,0,MODERATE,호우경보,3시간 90mm 이상 또는 12시간 180mm 이상
1984303749313251093000000000,4725010900102170003,,경상북도 상주시 무양동,217-3,128.1576292,36.4213096,UNDERGROUND_FLOOR_ONLY,0,1,0.0,단독주택,57.43,5.61,3.6,MODERATE,0.052,0.8,1124.5,0,MODERATE,호우경보,3시간 90mm 이상 또는 12시간 180mm 이상
1985303560183247478000000000,4725010800100770004,,경상북도 상주시 서문동,77-4,128.1554724,36.4180728,UNDERGROUND_FLOOR_ONLY,0,1,0.0,단독주택,58.46,6.64,3.8,MODERATE,0.052,0.8,1213.8,0,MODERATE,호우경보,3시간 90mm 이상 또는 12시간 180mm 이상
1989298843013230492800000000,4725037021105140003,,경상북도 상주시 내서면 능암리,514-3,128.1026699,36.4032658,UNDERGROUND_FLOOR_ONLY,0,1,0.0,단독주택,84.49,11.75,32.6,LOW,0.004,0.1,5236.2,0,LOW,극한호우,"1시간 50mm 이상이면서 3시간 90mm 이상, 또는 1시간 72mm 이상"
1987303170983241764400000000,4725011000101040006,,경상북도 상주시 낙양동,104-6,128.1510578,36.4129668,UNDERGROUND_FLOOR_ONLY,0,1,0.0,제2종근린생활시설,61.06,9.24,35.2,MODERATE,0.052,0.8,1685.6,0,MODERATE,호우경보,3시간 90mm 이상 또는 12시간 180mm 이상
1988303855983249856800000000,4725010900102520002,군농협북지점,경상북도 상주시 무양동,252-2,128.1588016,36.420184,UNDERGROUND_FLOOR_ONLY,0,1,0.0,업무시설,58.96,7.14,16.0,MODERATE,0.052,0.8,948.4,0,MODERATE,호우경보,3시간 90mm 이상 또는 12시간 180mm 이상
1995304776993243270300000000,4725010200100630000,경희삼백아파트,경상북도 상주시 성동동,63,128.1689803,36.4141499,PROBABLE_NOT_CONFIRMED_IN_FLOOR_ROWS,0,1,81.0,공동주택,56.11,5.85,4.1,MODERATE,0.052,0.8,263.7,0,HIGH,호우경보,3시간 90mm 이상 또는 12시간 180mm 이상
1990302663133422775200000000,4725046021103260001,,경상북도 상주시 이안면 양범리,326-1,128.1477975,36.5761065,UNDERGROUND_FLOOR_ONLY,0,1,0.0,제1종근린생활시설,83.71,11.17,11.8,LOW,0.004,0.1,16169.3,0,LOW,극한호우,"1시간 50mm 이상이면서 3시간 90mm 이상, 또는 1시간 72mm 이상"
1995305065583247757800000000,4725010400102060006,상주2차우방타운,경상북도 상주시 복룡동,206-6,128.172258,36.4181616,UNDERGROUND_FLOOR_ONLY,0,1,0.0,공동주택,55.11,6.81,5.6,MODERATE,0.052,0.8,410.6,0,HIGH,호우경보,3시간 90mm 이상 또는 12시간 180mm 이상
1995305099483247251500000000,4725010400102060006,상주2차우방타운,경상북도 상주시 복룡동,206-6,128.1726289,36.4177017,UNDERGROUND_FLOOR_ONLY,0,1,0.0,공동주택,53.83,5.54,3.2,MODERATE,0.052,0.8,357.1,0,HIGH,호우경보,3시간 90mm 이상 또는 12시간 180mm 이상
1995304989883247693600000000,4725010400102060006,상주2차우방타운,경상북도 상주시 복룡동,206-6,128.1714132,36.4181119,UNDERGROUND_FLOOR_ONLY,0,1,0.0,공동주택,54.82,6.52,1.6,MODERATE,0.052,0.8,499.0,0,HIGH,호우경보,3시간 90mm 이상 또는 12시간 180mm 이상
1995304982083247151000000000,4725010400102060006,상주2차우방타운,경상북도 상주시 복룡동,206-6,128.1713189,36.4176239,UNDERGROUND_FLOOR_ONLY,0,1,0.0,공동주택,56.21,7.92,1.3,MODERATE,0.052,0.8,498.7,0,HIGH,호우경보,3시간 90mm 이상 또는 12시간 180mm 이상
1988303961443240399500000000,4725010700101150039,,경상북도 상주시 남성동,115-39,128.1598507,36.4116518,UNDERGROUND_FLOOR_ONLY,0,1,0.0,제2종근린생활시설,58.99,7.17,1.4,MODERATE,0.052,0.8,773.9,0,MODERATE,호우경보,3시간 90mm 이상 또는 12시간 180mm 이상
1986304279613244378000000000,4725010100100080007,,경상북도 상주시 성하동,8-7,128.1634509,36.4152022,UNDERGROUND_FLOOR_ONLY,0,1,0.0,숙박시설,57.45,7.19,11.4,MODERATE,0.052,0.8,299.7,0,HIGH,호우경보,3시간 90mm 이상 또는 12시간 180mm 이상
2012304141963259427800000000,4725013000105010001,계산동 대림다미아,경상북도 상주시 계산동,501-1,128.1621182,36.4287764,CONFIRMED_BASEMENT_PARKING_USE,1,1,8.0,공동주택,70.64,20.38,20.7,VERY_LOW,0.0,0.0,925.6,0,VERY_LOW,극한호우,"1시간 50mm 이상이면서 3시간 90mm 이상, 또는 1시간 72mm 이상"
2012303775273425096100000000,4725025025104110000,잠사곤충사업장 청사,경상북도 상주시 함창읍 교촌리,411,128.1601909,36.5780076,UNDERGROUND_FLOOR_ONLY,0,1,0.0,교육연구시설,96.94,24.4,45.0,VERY_LOW,0.0,0.0,16050.8,0,VERY_LOW,극한호우,"1시간 50mm 이상이면서 3시간 90mm 이상, 또는 1시간 72mm 이상"
1993303748783239579800000000,4725010700101400000,,경상북도 상주시 남성동,140,128.1574694,36.4109363,UNDERGROUND_FLOOR_ONLY,0,1,0.0,교육연구시설,61.96,10.14,14.5,LOW,0.004,0.1,1047.5,0,LOW,극한호우,"1시간 50mm 이상이면서 3시간 90mm 이상, 또는 1시간 72mm 이상"
2010278719993487968800000000,4725042024106890000,,경상북도 상주시 화북면 입석리,689,127.8809934,36.6371203,UNDERGROUND_FLOOR_ONLY,0,1,0.0,단독주택,,,1247.6,UNKNOWN,,,39494.2,0,UNKNOWN,호우경보,3시간 90mm 이상 또는 12시간 180mm 이상
2001303190333220174600000000,4725011200106030001,명지3차아파트,경상북도 상주시 신봉동,603-1,128.150987,36.3935126,UNDERGROUND_FLOOR_ONLY,0,1,0.0,공동주택,66.64,13.55,2.2,LOW,0.004,0.1,547.9,0,LOW,극한호우,"1시간 50mm 이상이면서 3시간 90mm 이상, 또는 1시간 72mm 이상"
2013312722173210194200000000,4725033021103180001,,경상북도 상주시 낙동면 상촌리,318-1,128.2570649,36.3834512,UNDERGROUND_FLOOR_ONLY,0,1,0.0,노유자시설,,,1155.2,UNKNOWN,,,8871.4,0,UNKNOWN,호우경보,3시간 90mm 이상 또는 12시간 180mm 이상
1994303698283253647600000000,4725010900101970001,,경상북도 상주시 무양동,197-1,128.1570942,36.4236166,UNDERGROUND_FLOOR_ONLY,0,1,0.0,종교시설,57.99,6.17,5.7,MODERATE,0.052,0.8,1324.6,0,MODERATE,호우경보,3시간 90mm 이상 또는 12시간 180mm 이상
2021176520662590381500000000,4729011700101050010,,경상북도 경산시 중방동,105-10,128.7407741,35.8311978,CONFIRMED_BASEMENT_PARKING_USE,1,1,21.0,업무시설,50.43,11.51,42.5,LOW,0.004,0.1,20751.9,0,LOW,극한호우,"1시간 50mm 이상이면서 3시간 90mm 이상, 또는 1시간 72mm 이상"
2012305853303414992600000000,4725025022106320002,,경상북도 상주시 함창읍 오동리,632-2,128.1833262,36.5687471,UNDERGROUND_FLOOR_ONLY,0,1,0.0,교육연구시설,82.57,23.02,16.6,VERY_LOW,0.0,0.0,14730.6,0,VERY_LOW,극한호우,"1시간 50mm 이상이면서 3시간 90mm 이상, 또는 1시간 72mm 이상"
2002305817113414884800000000,4725025022106320002,,경상북도 상주시 함창읍 오동리,632-2,128.1829206,36.568654,UNDERGROUND_FLOOR_ONLY,0,1,0.0,교육연구시설,84.53,24.98,3.4,VERY_LOW,0.0,0.0,14721.9,0,VERY_LOW,극한호우,"1시간 50mm 이상이면서 3시간 90mm 이상, 또는 1시간 72mm 이상"
1995305105253246167800000000,4725010400102300011,상주1차우방타운,경상북도 상주시 복룡동,230-11,128.1726786,36.4167246,UNDERGROUND_FLOOR_ONLY,0,1,0.0,공동주택,55.32,7.02,1.9,MODERATE,0.052,0.8,344.2,0,HIGH,호우경보,3시간 90mm 이상 또는 12시간 180mm 이상
2001303286193219783900000000,4725011200106030001,명지3차아파트,경상북도 상주시 신봉동,603-1,128.15205,36.3931503,UNDERGROUND_FLOOR_ONLY,0,1,0.0,공동주택,63.85,10.76,4.5,LOW,0.004,0.1,430.7,0,MODERATE,극한호우,"1시간 50mm 이상이면서 3시간 90mm 이상, 또는 1시간 72mm 이상"
2001303187223219734800000000,4725011200106030001,명지3차아파트,경상북도 상주시 신봉동,603-1,128.1509465,36.3931167,UNDERGROUND_FLOOR_ONLY,0,1,0.0,공동주택,67.33,14.24,4.6,LOW,0.004,0.1,553.2,0,LOW,극한호우,"1시간 50mm 이상이면서 3시간 90mm 이상, 또는 1시간 72mm 이상"
2007282847353274429600000000,4725041024104080000,화서휴게소 및 주유소,경상북도 상주시 화서면 상용리,408,127.9248468,36.4443658,UNDERGROUND_FLOOR_ONLY,0,1,242.0,관광휴게시설,,,167.4,UNKNOWN,,,24395.3,0,UNKNOWN,호우경보,3시간 90mm 이상 또는 12시간 180mm 이상
1999303770083263104900000000,4725013300102260001,,경상북도 상주시 만산동,226-1,128.158021,36.4321296,UNDERGROUND_FLOOR_ONLY,0,1,0.0,위험물저장및처리시설,61.86,10.04,75.2,LOW,0.004,0.1,1392.4,0,LOW,극한호우,"1시간 50mm 이상이면서 3시간 90mm 이상, 또는 1시간 72mm 이상"
2008302774603233979500000000,4725011100100830003,,경상북도 상주시 개운동,83-3,128.1465364,36.4059952,UNDERGROUND_FLOOR_ONLY,0,1,0.0,종교시설,70.95,18.46,4.5,LOW,0.004,0.1,1682.1,0,LOW,극한호우,"1시간 50mm 이상이면서 3시간 90mm 이상, 또는 1시간 72mm 이상"
1992178217862601968900000000,4729025621104970004,,경상북도 경산시 압량읍 부적리,497-4,128.7595258,35.8416802,UNDERGROUND_FLOOR_ONLY,0,1,0.0,제2종근린생활시설,61.28,22.29,2.0,VERY_LOW,0.0,0.0,21941.4,0,VERY_LOW,극한호우,"1시간 50mm 이상이면서 3시간 90mm 이상, 또는 1시간 72mm 이상"
1990303484263240116300000000,4725011000101230048,,경상북도 상주시 낙양동,123-48,128.1545281,36.4114483,UNDERGROUND_FLOOR_ONLY,0,1,0.0,단독주택,60.77,8.95,24.0,MODERATE,0.052,0.8,1337.8,0,MODERATE,호우경보,3시간 90mm 이상 또는 12시간 180mm 이상
2024126524493433642300000000,4725025026100030008,,경상북도 상주시 함창읍 나한리,3-8,128.1795761,36.5885905,UNDERGROUND_FLOOR_ONLY,0,1,0.0,제2종근린생활시설,91.17,22.0,82.5,VERY_LOW,0.0,0.0,16950.1,0,VERY_LOW,극한호우,"1시간 50mm 이상이면서 3시간 90mm 이상, 또는 1시간 72mm 이상"
1985303559883247608600000000,4725010800100770003,,경상북도 상주시 서문동,77-3,128.1554707,36.4181904,UNDERGROUND_FLOOR_ONLY,0,1,0.0,단독주택,59.7,7.88,4.7,MODERATE,0.052,0.8,1216.6,0,MODERATE,호우경보,3시간 90mm 이상 또는 12시간 180mm 이상
1989304587453300761400000000,4725013600100030008,,경상북도 상주시 남적동,3-8,128.1676423,36.4659685,UNDERGROUND_FLOOR_ONLY,0,1,0.0,단독주택,63.21,9.61,2.9,MODERATE,0.052,0.8,3925.0,0,MODERATE,호우경보,3시간 90mm 이상 또는 12시간 180mm 이상
1993304068363234909500000000,4725011200101650002,현대아파트,경상북도 상주시 신봉동,165-2,128.1609691,36.4066939,CONFIRMED_BASEMENT_PARKING_USE,1,1,76.0,공동주택,58.79,8.09,3.4,MODERATE,0.052,0.8,738.6,0,MODERATE,호우경보,3시간 90mm 이상 또는 12시간 180mm 이상
1993304042293235467200000000,4725011200101650002,현대아파트,경상북도 상주시 신봉동,165-2,128.160686,36.4071993,CONFIRMED_BASEMENT_PARKING_USE,1,1,76.0,공동주택,60.17,9.47,5.5,MODERATE,0.052,0.8,793.6,0,MODERATE,호우경보,3시간 90mm 이상 또는 12시간 180mm 이상
2016123955643239447900000000,4725011000101050005,,경상북도 상주시 낙양동,105-5,128.1527855,36.4134099,UNDERGROUND_FLOOR_ONLY,0,1,0.0,단독주택,60.93,9.11,2.7,MODERATE,0.052,0.8,1489.8,0,MODERATE,호우경보,3시간 90mm 이상 또는 12시간 180mm 이상
1985304253863244641100000000,4725010100100100005,,경상북도 상주시 성하동,10-5,128.1631671,36.4154416,UNDERGROUND_FLOOR_ONLY,0,1,0.0,제2종근린생활시설,60.14,9.88,16.5,MODERATE,0.052,0.8,331.0,0,HIGH,호우경보,3시간 90mm 이상 또는 12시간 180mm 이상
1986362068163384102700000000,4717037021108290108,,경상북도 안동시 남선면 이천리,829-108,128.8104419,36.533048,UNDERGROUND_FLOOR_ONLY,0,1,0.0,제2종근린생활시설,103.76,7.18,10.0,MODERATE,0.052,0.8,10067.5,0,MODERATE,호우경보,3시간 90mm 이상 또는 12시간 180mm 이상
2004303252863220714700000000,4725011200106020002,신봉그린빌,경상북도 상주시 신봉동,602-2,128.1516908,36.3939925,UNDERGROUND_FLOOR_ONLY,0,1,0.0,공동주택,66.32,13.23,3.4,LOW,0.004,0.1,474.1,0,MODERATE,극한호우,"1시간 50mm 이상이면서 3시간 90mm 이상, 또는 1시간 72mm 이상"
1983303900583251650700000000,4725010500101990004,,경상북도 상주시 냉림동,199-4,128.1593228,36.4217955,UNDERGROUND_FLOOR_ONLY,0,1,0.0,제2종근린생활시설,59.05,7.23,15.5,MODERATE,0.052,0.8,1005.2,0,MODERATE,호우경보,3시간 90mm 이상 또는 12시간 180mm 이상
1994305513573415331500000000,4725025021101150037,,경상북도 상주시 함창읍 구향리,115-37,128.1795364,36.5690901,UNDERGROUND_FLOOR_ONLY,0,1,0.0,제2종근린생활시설,81.41,20.17,8.9,VERY_LOW,0.0,0.0,14789.7,0,VERY_LOW,극한호우,"1시간 50mm 이상이면서 3시간 90mm 이상, 또는 1시간 72mm 이상"
2001298150073090629400000000,4725035026109390004,,경상북도 상주시 공성면 이화리,939-4,128.0931862,36.2773181,UNDERGROUND_FLOOR_ONLY,0,1,0.0,단독주택,,,428.6,UNKNOWN,,,10489.6,0,UNKNOWN,호우경보,3시간 90mm 이상 또는 12시간 180mm 이상
2011293708153093428100000000,4725035037105240006,백두대간생태교육센터,경상북도 상주시 공성면 우하리,524-6,128.0438087,36.2803018,UNDERGROUND_FLOOR_ONLY,0,1,0.0,교육연구시설,,,4025.0,UNKNOWN,,,13346.9,0,UNKNOWN,호우경보,3시간 90mm 이상 또는 12시간 180mm 이상
2007303223543248500400000000,4725010900102910000,상주종합버스터미널,경상북도 상주시 무양동,291,128.1517332,36.4190302,PROBABLE_NOT_CONFIRMED_IN_FLOOR_ROWS,0,1,513.0,판매시설,52.49,0.67,15.4,VERY_HIGH,0.355,5.5,1641.8,0,VERY_HIGH,호우주의보,3시간 60mm 이상 또는 12시간 110mm 이상
1996303472583247345500000000,4725010800101650002,,경상북도 상주시 서문동,165-2,128.154494,36.4179628,UNDERGROUND_FLOOR_ONLY,0,1,0.0,숙박시설,61.43,9.61,6.0,MODERATE,0.052,0.8,1318.2,0,MODERATE,호우경보,3시간 90mm 이상 또는 12시간 180mm 이상
2009306111633252689100000000,4725010400101100010,상주시국민체육센터,경상북도 상주시 복룡동,110-10,128.1839863,36.4224896,UNDERGROUND_FLOOR_ONLY,0,1,0.0,운동시설,59.5,13.08,5.3,LOW,0.004,0.1,499.5,0,MODERATE,극한호우,"1시간 50mm 이상이면서 3시간 90mm 이상, 또는 1시간 72mm 이상"
1986305246633413561000000000,4725025021101580001,,경상북도 상주시 함창읍 구향리,158-1,128.1765306,36.5675242,UNDERGROUND_FLOOR_ONLY,0,1,0.0,단독주택,82.64,21.4,1.5,VERY_LOW,0.0,0.0,14641.7,0,VERY_LOW,극한호우,"1시간 50mm 이상이면서 3시간 90mm 이상, 또는 1시간 72mm 이상"
1993303924143246933600000000,4725010600101250015,,경상북도 상주시 서성동,125-15,128.1595224,36.4175431,UNDERGROUND_FLOOR_ONLY,0,1,0.0,숙박시설,61.28,9.46,16.9,MODERATE,0.052,0.8,762.2,0,MODERATE,호우경보,3시간 90mm 이상 또는 12시간 180mm 이상
1990304329693240865100000000,4725010200106260008,백합맨션,경상북도 상주시 성동동,626-8,128.1639618,36.4120315,UNDERGROUND_FLOOR_ONLY,0,1,0.0,공동주택,59.01,8.75,3.0,MODERATE,0.052,0.8,377.7,0,HIGH,호우경보,3시간 90mm 이상 또는 12시간 180mm 이상
1999281110393411875600000000,4725042022101550000,,경상북도 상주시 화북면 장암리,155,127.9069166,36.5683581,UNDERGROUND_FLOOR_ONLY,0,1,0.0,창고시설,,,571.6,UNKNOWN,,,33033.3,0,UNKNOWN,호우경보,3시간 90mm 이상 또는 12시간 180mm 이상
1982303979213246961100000000,4725010600101220004,,경상북도 상주시 서성동,122-4,128.1601367,36.4175618,UNDERGROUND_FLOOR_ONLY,0,1,0.0,단독주택,57.77,7.51,3.6,MODERATE,0.052,0.8,696.8,0,MODERATE,호우경보,3시간 90mm 이상 또는 12시간 180mm 이상
1994282891013325890200000000,4725047021102090018,,경상북도 상주시 화남면 동관리,209-18,127.925884,36.49073,UNDERGROUND_FLOOR_ONLY,0,1,0.0,제2종근린생활시설,,,2940.1,UNKNOWN,,,26600.6,0,UNKNOWN,호우경보,3시간 90mm 이상 또는 12시간 180mm 이상
1995316479143184276300000000,4725033022105730004,,경상북도 상주시 낙동면 낙동리,573-4,128.2985382,36.3596533,UNDERGROUND_FLOOR_ONLY,0,1,0.0,제2종근린생활시설,,,402.0,UNKNOWN,,,14088.2,0,UNKNOWN,호우경보,3시간 90mm 이상 또는 12시간 180mm 이상
2004303232933247327100000000,4725010900102860002,,경상북도 상주시 무양동,286-2,128.1518223,36.4179721,UNDERGROUND_FLOOR_ONLY,0,1,0.0,숙박시설,63.23,11.41,2.9,LOW,0.004,0.1,1611.1,0,LOW,극한호우,"1시간 50mm 이상이면서 3시간 90mm 이상, 또는 1시간 72mm 이상"
2000303425183248428600000000,4725010900102770001,,경상북도 상주시 무양동,277-1,128.1539801,36.4189439,UNDERGROUND_FLOOR_ONLY,0,1,0.0,숙박시설,59.43,7.61,15.6,MODERATE,0.052,0.8,1396.7,0,MODERATE,호우경보,3시간 90mm 이상 또는 12시간 180mm 이상
1995306533293252737500000000,4725010400104780002,,경상북도 상주시 복룡동,478-2,128.1886877,36.4224866,UNDERGROUND_FLOOR_ONLY,0,1,0.0,숙박시설,54.42,8.0,4.2,MODERATE,0.052,0.8,894.4,0,MODERATE,호우경보,3시간 90mm 이상 또는 12시간 180mm 이상
2003303297033247187500000000,4725010900102810021,,경상북도 상주시 무양동,281-21,128.152535,36.4178394,PROBABLE_NOT_CONFIRMED_IN_FLOOR_ROWS,0,1,4.0,숙박시설,61.04,9.22,3.5,MODERATE,0.052,0.8,1530.7,0,MODERATE,호우경보,3시간 90mm 이상 또는 12시간 180mm 이상
1983303841123243116500000000,4725010700100840090,,경상북도 상주시 남성동,84-90,128.1585458,36.4141128,UNDERGROUND_FLOOR_ONLY,0,1,0.0,숙박시설,59.72,7.9,3.1,MODERATE,0.052,0.8,846.2,0,MODERATE,호우경보,3시간 90mm 이상 또는 12시간 180mm 이상
1995310033243239852300000000,4725033027100170011,제1호,경상북도 상주시 낙동면 성동리,17-11,128.2275232,36.4104832,UNDERGROUND_FLOOR_ONLY,0,1,0.0,숙박시설,66.71,23.33,31.6,VERY_LOW,0.0,0.0,5122.6,0,VERY_LOW,극한호우,"1시간 50mm 이상이면서 3시간 90mm 이상, 또는 1시간 72mm 이상"
1996291862593270664400000000,4725037026103010003,,경상북도 상주시 내서면 서원리,301-3,128.0253384,36.4401567,UNDERGROUND_FLOOR_ONLY,0,1,0.0,종교시설,,,352.9,UNKNOWN,,,14297.5,0,UNKNOWN,호우경보,3시간 90mm 이상 또는 12시간 180mm 이상
1995312892973236032600000000,4725033026104640005,축산폐수처리장,경상북도 상주시 낙동면 분황리,464-5,128.259343,36.4067103,UNDERGROUND_FLOOR_ONLY,0,1,0.0,분뇨.쓰레기처리시설,,,1472.3,UNKNOWN,,,8460.4,0,UNKNOWN,호우경보,3시간 90mm 이상 또는 12시간 180mm 이상
2007302508353195838400000000,4725011300106790014,남상주영업소,경상북도 상주시 가장동,679-14,128.1430662,36.3716588,UNDERGROUND_FLOOR_ONLY,0,1,0.0,제1종근린생활시설,70.16,13.11,7.4,LOW,0.004,0.1,756.3,0,LOW,극한호우,"1시간 50mm 이상이면서 3시간 90mm 이상, 또는 1시간 72mm 이상"
1987305448323409485300000000,4725025023101810012,,경상북도 상주시 함창읍 오사리,181-12,128.1787279,36.5638304,UNDERGROUND_FLOOR_ONLY,0,1,0.0,단독주택,76.02,14.78,33.1,LOW,0.004,0.1,14213.4,0,LOW,극한호우,"1시간 50mm 이상이면서 3시간 90mm 이상, 또는 1시간 72mm 이상"
1980305584543415310500000000,4725025021101150015,,경상북도 상주시 함창읍 구향리,115-15,128.1803288,36.5690633,UNDERGROUND_FLOOR_ONLY,0,1,0.0,제1종근린생활시설,77.74,18.19,4.8,LOW,0.004,0.1,14781.3,0,LOW,극한호우,"1시간 50mm 이상이면서 3시간 90mm 이상, 또는 1시간 72mm 이상"
1980303808823241941800000000,4725010700100820009,,경상북도 상주시 남성동,82-9,128.1581701,36.4130578,UNDERGROUND_FLOOR_ONLY,0,1,0.0,단독주택,60.51,8.69,26.8,MODERATE,0.052,0.8,903.0,0,MODERATE,호우경보,3시간 90mm 이상 또는 12시간 180mm 이상
2003303439313274480500000000,4725013300100600002,,경상북도 상주시 만산동,60-2,128.1544847,36.4424145,UNDERGROUND_FLOOR_ONLY,0,1,0.0,노유자시설,86.91,30.03,20.0,VERY_LOW,0.0,0.0,2229.3,0,VERY_LOW,극한호우,"1시간 50mm 이상이면서 3시간 90mm 이상, 또는 1시간 72mm 이상"
2013303747373242127000000000,4725010700100810000,남성 다미아,경상북도 상주시 남성동,81,128.1574878,36.4132316,UNDERGROUND_FLOOR_ONLY,0,1,0.0,공동주택,58.24,6.42,13.1,MODERATE,0.052,0.8,974.2,0,MODERATE,호우경보,3시간 90mm 이상 또는 12시간 180mm 이상
1985304642613243639000000000,4725010200100530000,,경상북도 상주시 성동동,53,128.1674872,36.4144966,UNDERGROUND_FLOOR_ONLY,0,1,0.0,제2종근린생활시설,54.84,4.58,4.1,HIGH,0.148,2.3,100.5,0,VERY_HIGH,호우주의보,3시간 60mm 이상 또는 12시간 110mm 이상
2009413819603998009500000000,4793037022106950001,한국해양과학기술원 동해연구소,경상북도 울진군 죽변면 후정리,695-1,129.4051155,37.0755992,UNDERGROUND_FLOOR_ONLY,0,1,0.0,교육연구시설,11.62,9.52,3.0,MODERATE,0.052,0.8,8879.4,0,MODERATE,호우경보,3시간 90mm 이상 또는 12시간 180mm 이상
2015133370253232027800000000,4725033026104640011,상주시 가축분뇨 시설,경상북도 상주시 낙동면 분황리,464-11,128.2578062,36.4074233,UNDERGROUND_FLOOR_ONLY,0,1,0.0,자원순환관련시설,,,1347.5,UNKNOWN,,,8272.5,0,UNKNOWN,호우경보,3시간 90mm 이상 또는 12시간 180mm 이상
1991303400983238948800000000,4725011000101590005,,경상북도 상주시 낙양동,159-5,128.1535843,36.4104054,UNDERGROUND_FLOOR_ONLY,0,1,0.0,단독주택,62.57,10.75,10.2,LOW,0.004,0.1,1471.9,0,LOW,극한호우,"1시간 50mm 이상이면서 3시간 90mm 이상, 또는 1시간 72mm 이상"
1984123689673242878000000000,4725010900100330004,,경상북도 상주시 무양동,33-4,128.1497865,36.4164793,GIS_BASEMENT_CANDIDATE_NOT_CONFIRMED_BY_TITLE,0,1,0.0,업무시설,62.01,9.88,29.0,MODERATE,0.052,0.8,1819.4,0,MODERATE,호우경보,3시간 90mm 이상 또는 12시간 180mm 이상
1999296577263187047400000000,4725036024100970003,,경상북도 상주시 외남면 송지리,97-3,128.0768769,36.3643512,UNDERGROUND_FLOOR_ONLY,0,1,0.0,창고시설,115.88,30.62,1.2,VERY_LOW,0.0,0.0,5854.4,0,VERY_LOW,극한호우,"1시간 50mm 이상이면서 3시간 90mm 이상, 또는 1시간 72mm 이상"
2010303807533243652900000000,4725010700100150005,상주드림뷰,경상북도 상주시 남성동,15-5,128.1581786,36.4145997,PROBABLE_NOT_CONFIRMED_IN_FLOOR_ROWS,0,1,14.0,공동주택,61.96,10.14,7.4,LOW,0.004,0.1,884.9,0,LOW,극한호우,"1시간 50mm 이상이면서 3시간 90mm 이상, 또는 1시간 72mm 이상"
2012305439603415316400000000,4725025021102030001,함창도농교류커뮤니티센터,경상북도 상주시 함창읍 구향리,203-1,128.17871,36.5690846,UNDERGROUND_FLOOR_ONLY,0,1,0.0,제1종근린생활시설,78.04,16.8,8.8,LOW,0.004,0.1,14795.3,0,LOW,극한호우,"1시간 50mm 이상이면서 3시간 90mm 이상, 또는 1시간 72mm 이상"
1985303709223250514700000000,4725010900102200001,,경상북도 상주시 무양동,220-1,128.1571743,36.4207927,UNDERGROUND_FLOOR_ONLY,0,1,0.0,단독주택,57.95,6.13,12.6,MODERATE,0.052,0.8,1138.9,0,MODERATE,호우경보,3시간 90mm 이상 또는 12시간 180mm 이상
2011306386193251532300000000,4725010400101340000,,경상북도 상주시 복룡동,134,128.1870313,36.421417,UNDERGROUND_FLOOR_ONLY,0,1,0.0,장례시설,61.02,14.61,3.6,LOW,0.004,0.1,676.5,0,LOW,극한호우,"1시간 50mm 이상이면서 3시간 90mm 이상, 또는 1시간 72mm 이상"
2010293076913375995300000000,4725044024106660000,한방산업단지,경상북도 상주시 은척면 남곡리,666,128.0401486,36.5349401,UNDERGROUND_FLOOR_ONLY,0,1,0.0,제1종근린생활시설,,,2259.3,UNKNOWN,,,18552.0,0,UNKNOWN,호우경보,3시간 90mm 이상 또는 12시간 180mm 이상
1991303881703238224300000000,4725010700102050023,,경상북도 상주시 남성동,205-23,128.1589329,36.4097008,UNDERGROUND_FLOOR_ONLY,0,1,0.0,단독주택,60.08,7.87,3.1,MODERATE,0.052,0.8,970.6,0,MODERATE,호우경보,3시간 90mm 이상 또는 12시간 180mm 이상
1988303845723252658500000000,4725010500103640011,,경상북도 상주시 냉림동,364-11,128.1587247,36.4227095,UNDERGROUND_FLOOR_ONLY,0,1,0.0,제1종근린생활시설,56.84,5.02,3.4,MODERATE,0.052,0.8,1122.2,0,MODERATE,호우경보,3시간 90mm 이상 또는 12시간 180mm 이상
1984303458133248820900000000,4725010900100610018,,경상북도 상주시 무양동,61-18,128.1543527,36.4192938,UNDERGROUND_FLOOR_ONLY,0,1,0.0,단독주택,59.36,7.54,4.4,MODERATE,0.052,0.8,1366.9,0,MODERATE,호우경보,3시간 90mm 이상 또는 12시간 180mm 이상
1992304350843248694900000000,4725010400104250003,,경상북도 상주시 복룡동,425-3,128.1643027,36.4190836,UNDERGROUND_FLOOR_ONLY,0,1,0.0,단독주택,55.74,5.48,3.5,MODERATE,0.052,0.8,411.8,0,HIGH,호우경보,3시간 90mm 이상 또는 12시간 180mm 이상
1980303767303253949900000000,4725010500103550002,,경상북도 상주시 냉림동,355-2,128.1578679,36.4238817,UNDERGROUND_FLOOR_ONLY,0,1,0.0,단독주택,57.65,5.83,3.8,MODERATE,0.052,0.8,1280.6,0,MODERATE,호우경보,3시간 90mm 이상 또는 12시간 180mm 이상
0000303872593230219000000000,4725011200102580000,상주고등학교,경상북도 상주시 신봉동,258,128.1587245,36.4024892,UNDERGROUND_FLOOR_ONLY,0,1,0.0,교육연구시설,62.19,9.98,16.9,MODERATE,0.052,0.8,812.6,0,MODERATE,호우경보,3시간 90mm 이상 또는 12시간 180mm 이상
2011303989163257046200000000,4725010500101110000,지엘리더스파크골드,경상북도 상주시 냉림동,111,128.1603826,36.4266472,UNDERGROUND_FLOOR_ONLY,0,1,0.0,공동주택,58.68,8.42,4.8,MODERATE,0.052,0.8,1167.4,0,MODERATE,호우경보,3시간 90mm 이상 또는 12시간 180mm 이상
2011303988963256686100000000,4725010500101110000,지엘리더스파크골드,경상북도 상주시 냉림동,111,128.1603756,36.4263228,UNDERGROUND_FLOOR_ONLY,0,1,0.0,공동주택,58.37,8.11,1.8,MODERATE,0.052,0.8,1179.8,0,MODERATE,호우경보,3시간 90mm 이상 또는 12시간 180mm 이상
1989303879333245266900000000,4725010800101230030,,경상북도 상주시 서문동,123-30,128.1590006,36.4160462,UNDERGROUND_FLOOR_ONLY,0,1,0.0,제1종근린생활시설,58.67,6.85,2.9,MODERATE,0.052,0.8,795.5,0,MODERATE,호우경보,3시간 90mm 이상 또는 12시간 180mm 이상
2001303852933229493500000000,4725011200102580000,상주고등학교,경상북도 상주시 신봉동,258,128.1584956,36.4018375,UNDERGROUND_FLOOR_ONLY,0,1,0.0,교육연구시설,68.7,16.49,2.8,LOW,0.004,0.1,736.7,0,LOW,극한호우,"1시간 50mm 이상이면서 3시간 90mm 이상, 또는 1시간 72mm 이상"
1999303916653230067100000000,4725011200102580000,상주고등학교,경상북도 상주시 신봉동,258,128.1592135,36.4023475,UNDERGROUND_FLOOR_ONLY,0,1,0.0,교육연구시설,60.47,8.26,1.6,MODERATE,0.052,0.8,809.8,0,MODERATE,호우경보,3시간 90mm 이상 또는 12시간 180mm 이상
1984303169553241640600000000,4725011000101040005,,경상북도 상주시 낙양동,104-5,128.1510403,36.4128555,UNDERGROUND_FLOOR_ONLY,0,1,0.0,제2종근린생활시설,61.06,9.24,23.6,MODERATE,0.052,0.8,1688.9,0,MODERATE,호우경보,3시간 90mm 이상 또는 12시간 180mm 이상
1975303957243229219800000000,4725011200102580000,상주고등학교,경상북도 상주시 신봉동,258,128.1596548,36.40158,UNDERGROUND_FLOOR_ONLY,0,1,0.0,교육연구시설,58.3,7.6,45.9,MODERATE,0.052,0.8,743.9,0,MODERATE,호우경보,3시간 90mm 이상 또는 12시간 180mm 이상
1990300592483161653000000000,4725034028104850000,,경상북도 상주시 청리면 수상리,485,128.1212797,36.3410598,UNDERGROUND_FLOOR_ONLY,0,1,0.0,단독주택,71.11,9.15,20.1,MODERATE,0.052,0.8,2762.8,0,MODERATE,호우경보,3시간 90mm 이상 또는 12시간 180mm 이상
2005304145253249159400000000,4725010600100100000,상주시민교회,경상북도 상주시 서성동,10,128.1620171,36.4195245,UNDERGROUND_FLOOR_ONLY,0,1,0.0,종교시설,53.78,3.52,7.1,HIGH,0.148,2.3,614.1,0,HIGH,호우주의보,3시간 60mm 이상 또는 12시간 110mm 이상
1986304980233420852700000000,4725025027107280004,,경상북도 상주시 함창읍 대조리,728-4,128.1736546,36.574123,UNDERGROUND_FLOOR_ONLY,0,1,0.0,단독주택,88.12,22.69,23.9,VERY_LOW,0.0,0.0,15401.5,0,VERY_LOW,극한호우,"1시간 50mm 이상이면서 3시간 90mm 이상, 또는 1시간 72mm 이상"
2002303448473190643100000000,4725011500103110001,,경상북도 상주시 지천동,311-1,128.1534713,36.3668775,UNDERGROUND_FLOOR_ONLY,0,1,0.0,종교시설,96.42,37.98,1.4,VERY_LOW,0.0,0.0,1244.2,0,VERY_LOW,극한호우,"1시간 50mm 이상이면서 3시간 90mm 이상, 또는 1시간 72mm 이상"
2003303918813248494700000000,4725010600100560006,삼백빌딩,경상북도 상주시 서성동,56-6,128.1594839,36.4189501,PROBABLE_NOT_CONFIRMED_IN_FLOOR_ROWS,0,2,149.0,업무시설,55.4,3.58,2.1,HIGH,0.148,2.3,818.0,0,HIGH,호우주의보,3시간 60mm 이상 또는 12시간 110mm 이상
2011304035053256492600000000,4725010500101110005,지엘리더스파크골드,경상북도 상주시 냉림동,111-5,128.1608869,36.4261435,UNDERGROUND_FLOOR_ONLY,0,1,0.0,공동주택,58.01,7.75,7.1,MODERATE,0.052,0.8,1133.7,0,MODERATE,호우경보,3시간 90mm 이상 또는 12시간 180mm 이상
2008284759983152957900000000,4725039021104620009,주식회사 블루원,경상북도 상주시 모서면 삼포리,462-9,127.9448537,36.3347473,UNDERGROUND_FLOOR_ONLY,0,1,0.0,숙박시설,,,2241.5,UNKNOWN,,,20774.0,0,UNKNOWN,호우경보,3시간 90mm 이상 또는 12시간 180mm 이상
0000305535743344436000000000,4725043021100780011,,경상북도 상주시 외서면 연봉리,78-11,128.1788152,36.5052139,UNDERGROUND_FLOOR_ONLY,0,1,0.0,단독주택,64.34,9.85,1.4,MODERATE,0.052,0.8,7737.8,0,MODERATE,호우경보,3시간 90mm 이상 또는 12시간 180mm 이상
2008284721233152179800000000,4725039021104620009,주식회사 블루원,경상북도 상주시 모서면 삼포리,462-9,127.9444136,36.3340495,UNDERGROUND_FLOOR_ONLY,0,1,0.0,숙박시설,,,2205.0,UNKNOWN,,,20834.6,0,UNKNOWN,호우경보,3시간 90mm 이상 또는 12시간 180mm 이상
2008304928253424180900000000,4725025027106750003,,경상북도 상주시 함창읍 대조리,675-3,128.1731193,36.5771274,UNDERGROUND_FLOOR_ONLY,0,1,0.0,운동시설,87.4,21.96,1.3,VERY_LOW,0.0,0.0,15739.4,0,VERY_LOW,극한호우,"1시간 50mm 이상이면서 3시간 90mm 이상, 또는 1시간 72mm 이상"
1992304127543239928800000000,4725010700101560014,황제맨션,경상북도 상주시 남성동,156-14,128.1616959,36.4112099,UNDERGROUND_FLOOR_ONLY,0,1,0.0,공동주택,57.3,7.04,2.7,MODERATE,0.052,0.8,623.9,0,MODERATE,호우경보,3시간 90mm 이상 또는 12시간 180mm 이상
2001303634823238646700000000,4725011000101710003,대림 아크로빌,경상북도 상주시 낙양동,171-3,128.1561867,36.4101079,CONFIRMED_BASEMENT_PARKING_USE,1,2,49.0,공동주택,60.45,8.25,47.3,MODERATE,0.052,0.8,1214.9,0,MODERATE,호우경보,3시간 90mm 이상 또는 12시간 180mm 이상
1997303370103240320000000000,4725011000101320000,낙양주공아파트,경상북도 상주시 낙양동,132,128.1532581,36.411644,UNDERGROUND_FLOOR_ONLY,0,1,0.0,공동주택,60.86,9.04,2.9,MODERATE,0.052,0.8,1469.2,0,MODERATE,호우경보,3시간 90mm 이상 또는 12시간 180mm 이상
1997303369643241096000000000,4725011000101320000,낙양주공아파트,경상북도 상주시 낙양동,132,128.1532633,36.4123432,UNDERGROUND_FLOOR_ONLY,0,1,0.0,공동주택,60.64,8.82,4.2,MODERATE,0.052,0.8,1453.0,0,MODERATE,호우경보,3시간 90mm 이상 또는 12시간 180mm 이상
1997303397903240794900000000,4725011000101320000,낙양주공아파트,경상북도 상주시 낙양동,132,128.1535744,36.4120689,UNDERGROUND_FLOOR_ONLY,0,1,0.0,공동주택,60.37,8.55,4.9,MODERATE,0.052,0.8,1424.8,0,MODERATE,호우경보,3시간 90mm 이상 또는 12시간 180mm 이상
1997303324583241065100000000,4725011000101320000,낙양주공아파트,경상북도 상주시 낙양동,132,128.1527607,36.4123203,UNDERGROUND_FLOOR_ONLY,0,1,0.0,공동주택,60.58,8.76,4.1,MODERATE,0.052,0.8,1508.4,0,MODERATE,호우경보,3시간 90mm 이상 또는 12시간 180mm 이상
1997303327583240507400000000,4725011000101320000,낙양주공아파트,경상북도 상주시 낙양동,132,128.1527867,36.4118174,UNDERGROUND_FLOOR_ONLY,0,1,0.0,공동주택,61.48,9.66,2.7,MODERATE,0.052,0.8,1516.1,0,MODERATE,호우경보,3시간 90mm 이상 또는 12시간 180mm 이상
1997303325973240058800000000,4725011000101320000,낙양주공아파트,경상북도 상주시 낙양동,132,128.1527628,36.4114135,UNDERGROUND_FLOOR_ONLY,0,1,0.0,공동주택,61.32,9.5,4.0,MODERATE,0.052,0.8,1528.5,0,MODERATE,호우경보,3시간 90mm 이상 또는 12시간 180mm 이상
1995304780863243745800000000,4725010200100630000,경희삼백아파트,경상북도 상주시 성동동,63,128.1690298,36.4145778,PROBABLE_NOT_CONFIRMED_IN_FLOOR_ROWS,0,1,81.0,공동주택,55.92,5.66,6.5,MODERATE,0.052,0.8,246.9,0,HIGH,호우경보,3시간 90mm 이상 또는 12시간 180mm 이상
1992303879783257028700000000,4725010500101280010,,경상북도 상주시 냉림동,128-10,128.1591629,36.4266433,UNDERGROUND_FLOOR_ONLY,0,1,0.0,제1종근린생활시설,58.97,7.15,5.5,MODERATE,0.052,0.8,1296.9,0,MODERATE,호우경보,3시간 90mm 이상 또는 12시간 180mm 이상
2000303271953220199500000000,4725011200106010004,계영그린빌,경상북도 상주시 신봉동,601-4,128.1518968,36.3935263,UNDERGROUND_FLOOR_ONLY,0,1,0.0,공동주택,67.72,14.63,3.1,LOW,0.004,0.1,447.0,0,MODERATE,극한호우,"1시간 50mm 이상이면서 3시간 90mm 이상, 또는 1시간 72mm 이상"
1999297303493362034100000000,4725044030102250001,,경상북도 상주시 은척면 하흘리,225-1,128.0871617,36.5219409,UNDERGROUND_FLOOR_ONLY,0,1,0.0,단독주택,105.51,3.42,58.6,HIGH,0.148,2.3,13737.4,0,HIGH,호우주의보,3시간 60mm 이상 또는 12시간 110mm 이상
1984303823783261789800000000,4725013300102260009,,경상북도 상주시 만산동,226-9,128.1586024,36.4309392,UNDERGROUND_FLOOR_ONLY,0,1,0.0,제2종근린생활시설,62.31,10.49,18.7,LOW,0.004,0.1,1311.4,0,LOW,극한호우,"1시간 50mm 이상이면서 3시간 90mm 이상, 또는 1시간 72mm 이상"
2012296545253371543600000000,4725044021103420000,,경상북도 상주시 은척면 봉중리,342,128.0788166,36.530586,UNDERGROUND_FLOOR_ONLY,0,1,4.0,제1종근린생활시설,,,449.5,UNKNOWN,,,15070.8,0,UNKNOWN,호우경보,3시간 90mm 이상 또는 12시간 180mm 이상
1991304256263248602900000000,4725010400104680000,,경상북도 상주시 복룡동,468,128.1632472,36.4190111,UNDERGROUND_FLOOR_ONLY,0,1,0.0,제1종근린생활시설,57.08,6.82,6.0,MODERATE,0.052,0.8,476.1,0,HIGH,호우경보,3시간 90mm 이상 또는 12시간 180mm 이상
2010310295843295695000000000,4725032534200060005,상주시 국제승마장,경상북도 상주시 사벌국면 화달리,6-5,128.2312437,36.4607648,UNDERGROUND_FLOOR_ONLY,0,1,0.0,교육연구시설,100.47,50.29,0.9,VERY_LOW,0.0,0.0,5474.5,0,VERY_LOW,극한호우,"1시간 50mm 이상이면서 3시간 90mm 이상, 또는 1시간 72mm 이상"
2000304095783232336900000000,4725011200101100014,해암 첼시빌,경상북도 상주시 신봉동,110-14,128.1612402,36.4043731,UNDERGROUND_FLOOR_ONLY,0,1,0.0,공동주택,57.67,6.97,5.2,MODERATE,0.052,0.8,627.2,0,MODERATE,호우경보,3시간 90mm 이상 또는 12시간 180mm 이상
1979304004593240934500000000,4725010700101150014,,경상북도 상주시 남성동,115-14,128.160339,36.4121294,UNDERGROUND_FLOOR_ONLY,0,1,0.0,단독주택,58.2,7.94,7.2,MODERATE,0.052,0.8,702.6,0,MODERATE,호우경보,3시간 90mm 이상 또는 12시간 180mm 이상
1990303608333251444400000000,4725010900101640001,,경상북도 상주시 무양동,164-1,128.1560618,36.421641,UNDERGROUND_FLOOR_ONLY,0,1,0.0,단독주택,57.62,5.8,2.2,MODERATE,0.052,0.8,1292.6,0,MODERATE,호우경보,3시간 90mm 이상 또는 12시간 180mm 이상
2008286451543260753600000000,4725040023107690000,,경상북도 상주시 화동면 판곡리,769,127.9648893,36.4317256,UNDERGROUND_FLOOR_ONLY,0,1,0.0,창고시설,,,1526.8,UNKNOWN,,,19746.9,0,UNKNOWN,호우경보,3시간 90mm 이상 또는 12시간 180mm 이상
1997303474063274366900000000,4725013300100600002,,경상북도 상주시 만산동,60-2,128.1548707,36.4423084,UNDERGROUND_FLOOR_ONLY,0,1,0.0,노유자시설,86.91,30.03,16.9,VERY_LOW,0.0,0.0,2187.6,0,VERY_LOW,극한호우,"1시간 50mm 이상이면서 3시간 90mm 이상, 또는 1시간 72mm 이상"
1999303866033268082700000000,4725013200106830000,동경타운,경상북도 상주시 죽전동,683,128.1591576,36.4366042,UNDERGROUND_FLOOR_ONLY,0,1,0.0,공동주택,71.39,19.57,2.3,LOW,0.004,0.1,1447.1,0,LOW,극한호우,"1시간 50mm 이상이면서 3시간 90mm 이상, 또는 1시간 72mm 이상"
1989304053233251078600000000,4725010500102390004,,경상북도 상주시 냉림동,239-4,128.1610169,36.4212636,UNDERGROUND_FLOOR_ONLY,0,1,0.0,제1종근린생활시설,56.29,6.03,22.8,MODERATE,0.052,0.8,827.9,0,MODERATE,호우경보,3시간 90mm 이상 또는 12시간 180mm 이상
1988307839893245307300000000,4725012200100670008,,경상북도 상주시 외답동,67-8,128.2031508,36.4156465,UNDERGROUND_FLOOR_ONLY,0,1,0.0,공장,100.46,52.23,27.2,VERY_LOW,0.0,0.0,2417.6,0,VERY_LOW,극한호우,"1시간 50mm 이상이면서 3시간 90mm 이상, 또는 1시간 72mm 이상"
2004305006063413363500000000,4725025024102420000,함창고등학교,경상북도 상주시 함창읍 증촌리,242,128.1738411,36.5673728,CONFIRMED_BASEMENT_PARKING_USE,1,1,24.0,교육연구시설,91.14,29.9,8.5,VERY_LOW,0.0,0.0,14654.2,0,VERY_LOW,극한호우,"1시간 50mm 이상이면서 3시간 90mm 이상, 또는 1시간 72mm 이상"
1980303372173243993600000000,4725010700100530002,,경상북도 상주시 남성동,53-2,128.15333,36.4149536,UNDERGROUND_FLOOR_ONLY,0,1,0.0,단독주택,60.78,8.96,19.4,MODERATE,0.052,0.8,1423.4,0,MODERATE,호우경보,3시간 90mm 이상 또는 12시간 180mm 이상
1996298195833097151100000000,4725035027108490007,,경상북도 상주시 공성면 산현리,849-7,128.0937774,36.2831897,PROBABLE_NOT_CONFIRMED_IN_FLOOR_ROWS,0,1,6.0,위락시설,89.53,4.73,65.2,HIGH,0.148,2.3,9864.8,0,HIGH,호우주의보,3시간 60mm 이상 또는 12시간 110mm 이상
1984303688073247507900000000,4725010800100830000,,경상북도 상주시 서문동,83,128.1568985,36.4180859,UNDERGROUND_FLOOR_ONLY,0,1,0.0,단독주택,58.11,6.29,3.2,MODERATE,0.052,0.8,1059.5,0,MODERATE,호우경보,3시간 90mm 이상 또는 12시간 180mm 이상
1990303940313250039200000000,4725010500103500005,,경상북도 상주시 냉림동,350-5,128.1597443,36.4203393,UNDERGROUND_FLOOR_ONLY,0,1,0.0,의료시설,59.05,7.23,1.8,MODERATE,0.052,0.8,869.2,0,MODERATE,호우경보,3시간 90mm 이상 또는 12시간 180mm 이상
2011282350453281877500000000,4725041024106340000,경북 상주 글로벌 리더쉽 센터,경상북도 상주시 화서면 상용리,634,127.9193843,36.4511194,UNDERGROUND_FLOOR_ONLY,0,1,0.0,종교시설,,,851.5,UNKNOWN,,,25237.1,0,UNKNOWN,호우경보,3시간 90mm 이상 또는 12시간 180mm 이상
1991303240083245079500000000,4725010800101510001,,경상북도 상주시 서문동,151-1,128.1518721,36.4159463,UNDERGROUND_FLOOR_ONLY,0,1,0.0,제1종근린생활시설,62.05,10.23,4.9,LOW,0.004,0.1,1585.8,0,LOW,극한호우,"1시간 50mm 이상이면서 3시간 90mm 이상, 또는 1시간 72mm 이상"
1980304220053241946600000000,4725010700100980003,,경상북도 상주시 남성동,98-3,128.1627542,36.4130178,UNDERGROUND_FLOOR_ONLY,0,1,0.0,제1종근린생활시설,59.69,9.43,7.4,MODERATE,0.052,0.8,417.7,0,HIGH,호우경보,3시간 90mm 이상 또는 12시간 180mm 이상
1986123986173241605000000000,4725011000100010010,,경상북도 상주시 낙양동,1-10,128.1531044,36.4153555,UNDERGROUND_FLOOR_ONLY,0,1,0.0,제2종근린생활시설,60.32,8.5,1.3,MODERATE,0.052,0.8,1447.8,0,MODERATE,호우경보,3시간 90mm 이상 또는 12시간 180mm 이상
2003303587463351204100000000,4725045025101800000,,경상북도 상주시 공검면 양정리,180,128.1571629,36.5115245,UNDERGROUND_FLOOR_ONLY,0,1,0.0,문화및집회시설,71.94,6.88,4.5,MODERATE,0.052,0.8,9046.7,0,MODERATE,호우경보,3시간 90mm 이상 또는 12시간 180mm 이상
1997303240543247593400000000,4725010900102860008,,경상북도 상주시 무양동,286-8,128.1519107,36.4182112,UNDERGROUND_FLOOR_ONLY,0,1,0.0,제2종근린생활시설,61.93,10.11,4.0,LOW,0.004,0.1,1605.5,0,LOW,극한호우,"1시간 50mm 이상이면서 3시간 90mm 이상, 또는 1시간 72mm 이상"
1991285013053273477600000000,4725041021101510004,,경상북도 상주시 화서면 신봉리,151-4,127.9489887,36.4433186,UNDERGROUND_FLOOR_ONLY,0,1,0.0,제2종근린생활시설,290.73,2.66,46.0,HIGH,0.148,2.3,21873.4,0,HIGH,호우주의보,3시간 60mm 이상 또는 12시간 110mm 이상
1991304182543247183500000000,4725010600100940026,,경상북도 상주시 서성동,94-26,128.1624063,36.4177401,GIS_ONLY_NO_REGISTER_ROW,0,1,,,57.59,7.33,2.3,MODERATE,0.052,0.8,467.3,0,HIGH,호우경보,3시간 90mm 이상 또는 12시간 180mm 이상
1992303845723252301000000000,4725010900102100009,,경상북도 상주시 무양동,210-9,128.1587201,36.4223875,UNDERGROUND_FLOOR_ONLY,0,1,0.0,창고시설,56.53,4.71,14.5,HIGH,0.148,2.3,1098.8,0,HIGH,호우주의보,3시간 60mm 이상 또는 12시간 110mm 이상
1989316402213188132700000000,4725033022107210000,,경상북도 상주시 낙동면 낙동리,721,128.297739,36.3631371,UNDERGROUND_FLOOR_ONLY,0,1,0.0,제1종근린생활시설,45.55,0.0,8.9,VERY_HIGH,0.355,5.5,13868.1,0,VERY_HIGH,호우주의보,3시간 60mm 이상 또는 12시간 110mm 이상
0000305319983414240900000000,4725025021101630001,,경상북도 상주시 함창읍 구향리,163-1,128.1773591,36.5681286,UNDERGROUND_FLOOR_ONLY,0,1,0.0,단독주택,75.85,14.61,2.8,LOW,0.004,0.1,14700.8,0,LOW,극한호우,"1시간 50mm 이상이면서 3시간 90mm 이상, 또는 1시간 72mm 이상"
2000286037973176853900000000,4725039026102090000,,경상북도 상주시 모서면 가막리,209,127.9593498,36.3561656,UNDERGROUND_FLOOR_ONLY,0,1,0.0,단독주택,,,947.0,UNKNOWN,,,18922.7,0,UNKNOWN,호우경보,3시간 90mm 이상 또는 12시간 180mm 이상
2000303433993246514700000000,4725010800100700008,,경상북도 상주시 서문동,70-8,128.1540528,36.4172186,UNDERGROUND_FLOOR_ONLY,0,1,0.0,단독주택,60.53,8.71,19.4,MODERATE,0.052,0.8,1354.9,0,MODERATE,호우경보,3시간 90mm 이상 또는 12시간 180mm 이상
1998295119953247705700000000,4725037023104460000,,경상북도 상주시 내서면 북장리,446,128.0613836,36.4191502,UNDERGROUND_FLOOR_ONLY,0,1,0.0,단독주택,,,756.4,UNKNOWN,,,9700.5,0,UNKNOWN,호우경보,3시간 90mm 이상 또는 12시간 180mm 이상
1993303877103243983500000000,4725010700100120010,,경상북도 상주시 남성동,12-10,128.1589586,36.4148901,PROBABLE_NOT_CONFIRMED_IN_FLOOR_ROWS,0,1,24.0,근린생활시설,62.94,11.12,0.8,LOW,0.004,0.1,798.6,0,LOW,극한호우,"1시간 50mm 이상이면서 3시간 90mm 이상, 또는 1시간 72mm 이상"
2004303906273242232700000000,4725010700100840049,,경상북도 상주시 남성동,84-49,128.1592604,36.4133095,PROBABLE_NOT_CONFIRMED_IN_FLOOR_ROWS,0,1,6.0,제1종근린생활시설,58.67,6.85,7.3,MODERATE,0.052,0.8,778.9,0,MODERATE,호우경보,3시간 90mm 이상 또는 12시간 180mm 이상
2009413980573996373900000000,4793037022106950001,한국해양과학기술원 동해연구소,경상북도 울진군 죽변면 후정리,695-1,129.4068775,37.07409,UNDERGROUND_FLOOR_ONLY,0,1,0.0,교육연구시설,6.61,4.5,79.1,HIGH,0.148,2.3,8721.2,0,HIGH,호우주의보,3시간 60mm 이상 또는 12시간 110mm 이상
1977304187333243423300000000,4725010700100020004,,경상북도 상주시 남성동,2-4,128.1624093,36.4143518,UNDERGROUND_FLOOR_ONLY,0,1,0.0,단독주택,59.61,9.35,5.6,MODERATE,0.052,0.8,416.5,0,HIGH,호우경보,3시간 90mm 이상 또는 12시간 180mm 이상
1989305417093416944800000000,4725025021102150005,,경상북도 상주시 함창읍 구향리,215-5,128.1784808,36.5705541,UNDERGROUND_FLOOR_ONLY,0,1,0.0,단독주택,79.79,14.35,2.0,LOW,0.004,0.1,14959.8,0,LOW,극한호우,"1시간 50mm 이상이면서 3시간 90mm 이상, 또는 1시간 72mm 이상"
1997304554143245466100000000,4725010200101630001,,경상북도 상주시 성동동,163-1,128.1665258,36.4161526,UNDERGROUND_FLOOR_ONLY,0,1,0.0,제1종근린생활시설,56.71,6.45,3.9,MODERATE,0.052,0.8,31.2,0,HIGH,호우경보,3시간 90mm 이상 또는 12시간 180mm 이상
1993303824303241409100000000,4725010700101200005,무지개타운,경상북도 상주시 남성동,120-5,128.1583356,36.4125763,CONFIRMED_BASEMENT_PARKING_USE,1,1,21.0,공동주택,62.75,10.93,6.3,LOW,0.004,0.1,897.1,0,LOW,극한호우,"1시간 50mm 이상이면서 3시간 90mm 이상, 또는 1시간 72mm 이상"
1976305955543416126800000000,4725025022106350000,,경상북도 상주시 함창읍 오동리,635,128.1844838,36.5697577,UNDERGROUND_FLOOR_ONLY,0,1,0.0,교육연구시설,87.52,27.96,19.7,VERY_LOW,0.0,0.0,14838.6,0,VERY_LOW,극한호우,"1시간 50mm 이상이면서 3시간 90mm 이상, 또는 1시간 72mm 이상"
1987304038613242467900000000,4725010700100850009,중앙시장 N동,경상북도 상주시 남성동,85-9,128.1607387,36.4135071,UNDERGROUND_FLOOR_ONLY,0,1,0.0,판매시설,59.65,9.39,38.4,MODERATE,0.052,0.8,613.7,0,MODERATE,호우경보,3시간 90mm 이상 또는 12시간 180mm 이상
1987304032023242726000000000,4725010700100850009,중앙시장 M동,경상북도 상주시 남성동,85-9,128.1606688,36.4137404,UNDERGROUND_FLOOR_ONLY,0,1,0.0,판매시설,61.97,11.71,42.7,LOW,0.004,0.1,616.6,0,LOW,극한호우,"1시간 50mm 이상이면서 3시간 90mm 이상, 또는 1시간 72mm 이상"
1987304039393242156500000000,4725010700100850009,중앙시장 O동,경상북도 상주시 남성동,85-9,128.1607432,36.4132264,UNDERGROUND_FLOOR_ONLY,0,1,0.0,판매시설,59.17,8.91,32.2,MODERATE,0.052,0.8,620.3,0,MODERATE,호우경보,3시간 90mm 이상 또는 12시간 180mm 이상
1985303669853242263100000000,4725010700100740005,,경상북도 상주시 남성동,74-5,128.1566254,36.4133624,UNDERGROUND_FLOOR_ONLY,0,1,0.0,단독주택,59.93,8.11,13.7,MODERATE,0.052,0.8,1066.8,0,MODERATE,호우경보,3시간 90mm 이상 또는 12시간 180mm 이상
1979413066582822222500000000,4711110200101050009,동백연립주택,경상북도 포항시 남구 대도동,105-9,129.3641983,36.0171313,UNDERGROUND_FLOOR_ONLY,0,1,0.0,공동주택,6.14,6.14,6.3,MODERATE,0.052,0.8,1790.3,0,MODERATE,호우경보,3시간 90mm 이상 또는 12시간 180mm 이상
1976304167693242992700000000,4725010700100860001,,경상북도 상주시 남성동,86-1,128.1621846,36.413966,UNDERGROUND_FLOOR_ONLY,0,1,0.0,제1종근린생활시설,60.4,10.14,8.3,LOW,0.004,0.1,446.5,0,MODERATE,극한호우,"1시간 50mm 이상이면서 3시간 90mm 이상, 또는 1시간 72mm 이상"
1992412854782827928900000000,4711110200100740001,상대초등학교,경상북도 포항시 남구 대도동,74-1,129.362004,36.0223159,UNDERGROUND_FLOOR_ONLY,0,1,0.0,교육연구시설,5.11,5.11,6.9,MODERATE,0.052,0.8,1257.6,0,MODERATE,호우경보,3시간 90mm 이상 또는 12시간 180mm 이상
1986303549733245621900000000,4725010800101370005,,경상북도 상주시 서문동,137-5,128.1553312,36.4164017,UNDERGROUND_FLOOR_ONLY,0,1,0.0,단독주택,59.48,7.66,3.8,MODERATE,0.052,0.8,1204.6,0,MODERATE,호우경보,3시간 90mm 이상 또는 12시간 180mm 이상
2019101633183449136500000000,4725042024103600034,,경상북도 상주시 화북면 입석리,360-34,127.9012735,36.6003082,UNDERGROUND_FLOOR_ONLY,0,1,0.0,관광휴게시설,,,2012.9,UNKNOWN,,,35348.4,0,UNKNOWN,호우경보,3시간 90mm 이상 또는 12시간 180mm 이상
1994412836632827575600000000,4711110200100740001,상대초등학교,경상북도 포항시 남구 대도동,74-1,129.3617933,36.0220018,UNDERGROUND_FLOOR_ONLY,0,1,0.0,교육연구시설,6.06,6.06,11.6,MODERATE,0.052,0.8,1297.0,0,MODERATE,호우경보,3시간 90mm 이상 또는 12시간 180mm 이상
0000413058502822092500000000,4711110200101050009,동백연립주택,경상북도 포항시 남구 대도동,105-9,129.3641052,36.017016,UNDERGROUND_FLOOR_ONLY,0,1,0.0,공동주택,5.01,5.01,2.4,MODERATE,0.052,0.8,1803.6,0,MODERATE,호우경보,3시간 90mm 이상 또는 12시간 180mm 이상
2012282558923384512800000000,4725042023105670001,,경상북도 상주시 화북면 상오리,567-1,127.9228041,36.5435796,UNDERGROUND_FLOOR_ONLY,0,1,0.0,단독주택,,,2570.3,UNKNOWN,,,30236.2,0,UNKNOWN,호우경보,3시간 90mm 이상 또는 12시간 180mm 이상
1980304242113243176500000000,4725010100100050004,,경상북도 상주시 성하동,5-4,128.1630166,36.4141235,UNDERGROUND_FLOOR_ONLY,0,1,0.0,단독주택,58.88,8.62,20.3,MODERATE,0.052,0.8,352.5,0,HIGH,호우경보,3시간 90mm 이상 또는 12시간 180mm 이상
1980304261243243178800000000,4725010100100050001,,경상북도 상주시 성하동,5-1,128.1632299,36.4141235,UNDERGROUND_FLOOR_ONLY,0,1,0.0,제1종근린생활시설,59.1,8.84,4.2,MODERATE,0.052,0.8,329.2,0,HIGH,호우경보,3시간 90mm 이상 또는 12시간 180mm 이상
1984303479073245716100000000,4725010800101420013,,경상북도 상주시 서문동,142-13,128.1545448,36.4164941,UNDERGROUND_FLOOR_ONLY,0,1,0.0,단독주택,59.38,7.56,6.2,MODERATE,0.052,0.8,1292.4,0,MODERATE,호우경보,3시간 90mm 이상 또는 12시간 180mm 이상
1984304240683244918700000000,4725010100100100001,,경상북도 상주시 성하동,10-1,128.1630241,36.4156934,PROBABLE_NOT_CONFIRMED_IN_FLOOR_ROWS,0,1,2.0,업무시설,60.74,10.48,8.1,LOW,0.004,0.1,347.6,0,MODERATE,극한호우,"1시간 50mm 이상이면서 3시간 90mm 이상, 또는 1시간 72mm 이상"
1988292564213206194800000000,4725037029103680001,,경상북도 상주시 내서면 노류리,368-1,128.0323972,36.3819976,UNDERGROUND_FLOOR_ONLY,0,1,0.0,제2종근린생활시설,,,2974.1,UNKNOWN,,,10964.0,0,UNKNOWN,호우경보,3시간 90mm 이상 또는 12시간 180mm 이상
1992303256793244010500000000,4725011000100080005,,경상북도 상주시 낙양동,8-5,128.1520441,36.4149811,UNDERGROUND_FLOOR_ONLY,0,1,0.0,단독주택,61.62,9.8,19.0,MODERATE,0.052,0.8,1566.0,0,MODERATE,호우경보,3시간 90mm 이상 또는 12시간 180mm 이상
2009325516452554704400000000,4783034040110400004,,경상북도 고령군 다산면 송곡리,1040-4,128.3891982,35.7913056,UNDERGROUND_FLOOR_ONLY,0,1,0.0,자원순환관련시설,32.75,12.86,31.8,LOW,0.004,0.1,4265.0,0,LOW,극한호우,"1시간 50mm 이상이면서 3시간 90mm 이상, 또는 1시간 72mm 이상"
1991300239503098874500000000,4725035028110890000,,경상북도 상주시 공성면 평천리,1089,128.1165428,36.2845326,UNDERGROUND_FLOOR_ONLY,0,1,0.0,공장,,,1717.0,UNKNOWN,,,8993.6,0,UNKNOWN,호우경보,3시간 90mm 이상 또는 12시간 180mm 이상
2008284008003269489100000000,4725041023100540010,,경상북도 상주시 화서면 달천리,54-10,127.9377372,36.4398134,UNDERGROUND_FLOOR_ONLY,0,1,0.0,단독주택,,,775.5,UNKNOWN,,,22878.7,0,UNKNOWN,호우경보,3시간 90mm 이상 또는 12시간 180mm 이상
1990300191733099079300000000,4725035028110890000,,경상북도 상주시 공성면 평천리,1089,128.1160139,36.284722,UNDERGROUND_FLOOR_ONLY,0,1,0.0,공장,,,1666.5,UNKNOWN,,,8982.7,0,UNKNOWN,호우경보,3시간 90mm 이상 또는 12시간 180mm 이상
1986301396603160876800000000,4725034021108290005,,경상북도 상주시 청리면 원장리,829-5,128.130225,36.3402761,GIS_ONLY_NO_REGISTER_ROW,0,1,,,73.58,11.63,8.8,LOW,0.004,0.1,2656.4,0,LOW,극한호우,"1시간 50mm 이상이면서 3시간 90mm 이상, 또는 1시간 72mm 이상"
2020124102143242315500000000,4725010800101400002,상주시네마,경상북도 상주시 서문동,140-2,128.1543905,36.4160052,UNDERGROUND_FLOOR_ONLY,0,1,0.0,문화및집회시설,59.4,7.58,2.3,MODERATE,0.052,0.8,1306.5,0,MODERATE,호우경보,3시간 90mm 이상 또는 12시간 180mm 이상
2003322035802881687800000000,4719011600100730001,미성빌라23차,경상북도 구미시 상모동,73-1,128.3557237,36.0863509,UNDERGROUND_FLOOR_ONLY,0,1,0.0,공동주택,59.97,29.7,17.4,VERY_LOW,0.0,0.0,2401.7,0,VERY_LOW,극한호우,"1시간 50mm 이상이면서 3시간 90mm 이상, 또는 1시간 72mm 이상"
2018124466693234076900000000,4725010700102120000,안다미로,경상북도 상주시 남성동,212,128.158535,36.4086104,CONFIRMED_BASEMENT_PARKING_USE,1,1,5.0,제2종근린생활시설,62.93,10.73,18.8,LOW,0.004,0.1,1078.0,0,LOW,극한호우,"1시간 50mm 이상이면서 3시간 90mm 이상, 또는 1시간 72mm 이상"
2013126640593234313400000000,4725012000100650005,,경상북도 상주시 서곡동,65-5,128.1827663,36.4089922,UNDERGROUND_FLOOR_ONLY,0,1,0.0,운동시설,62.71,12.01,4.4,LOW,0.004,0.1,358.0,0,MODERATE,극한호우,"1시간 50mm 이상이면서 3시간 90mm 이상, 또는 1시간 72mm 이상"
2019121883553152299400000000,4725034023107590002,,경상북도 상주시 청리면 청하리,759-2,128.1305614,36.3347167,UNDERGROUND_FLOOR_ONLY,0,1,0.0,제2종근린생활시설,77.26,13.49,7.1,LOW,0.004,0.1,3253.5,0,LOW,극한호우,"1시간 50mm 이상이면서 3시간 90mm 이상, 또는 1시간 72mm 이상"
2018123417703232974300000000,4725011000103800005,,경상북도 상주시 낙양동,380-5,128.1468522,36.4075338,UNDERGROUND_FLOOR_ONLY,0,1,0.0,제2종근린생활시설,70.42,17.93,6.7,LOW,0.004,0.1,1783.6,0,LOW,극한호우,"1시간 50mm 이상이면서 3시간 90mm 이상, 또는 1시간 72mm 이상"
2021119012943127876000000000,4725034027104620000,,경상북도 상주시 청리면 하초리,462,128.0988458,36.3124722,UNDERGROUND_FLOOR_ONLY,0,1,0.0,제2종근린생활시설,,,1344.2,UNKNOWN,,,6711.5,0,UNKNOWN,호우경보,3시간 90mm 이상 또는 12시간 180mm 이상
2021101481813416534900000000,4725042022109900002,속리산시어동 휴양체험단지 관리센터,경상북도 상주시 화북면 장암리,990-2,127.8999995,36.5709195,UNDERGROUND_FLOOR_ONLY,0,1,0.0,업무시설,311.42,0.0,9.9,VERY_HIGH,0.355,5.5,33845.4,0,VERY_HIGH,호우주의보,3시간 60mm 이상 또는 12시간 110mm 이상
2024123898253253664900000000,4725013300106970001,,경상북도 상주시 만산동,697-1,128.152006,36.4262156,CONFIRMED_BASEMENT_PARKING_USE,1,1,15.0,제1종근린생활시설,65.77,13.95,92.1,LOW,0.004,0.1,1947.3,0,LOW,극한호우,"1시간 50mm 이상이면서 3시간 90mm 이상, 또는 1시간 72mm 이상"
0000124317593196022500000000,4725011500101020002,,경상북도 상주시 지천동,102-2,128.1572435,36.3743088,UNDERGROUND_FLOOR_ONLY,0,1,0.0,단독주택,63.97,9.38,55.0,MODERATE,0.052,0.8,450.0,0,HIGH,호우경보,3시간 90mm 이상 또는 12시간 180mm 이상
1992306700993441404800000000,4728011000100270006,,경상북도 문경시 모전동,27-6,128.1931601,36.5924489,UNDERGROUND_FLOOR_ONLY,0,1,0.0,단독주택,79.76,12.9,2.4,LOW,0.004,0.1,17361.0,0,LOW,극한호우,"1시간 50mm 이상이면서 3시간 90mm 이상, 또는 1시간 72mm 이상"
1996286270623362441300000000,4728037025105080000,,경상북도 문경시 농암면 내서리,508,127.9640044,36.5233654,UNDERGROUND_FLOOR_ONLY,0,1,0.0,단독주택,,,3792.8,UNKNOWN,,,25144.2,0,UNKNOWN,호우경보,3시간 90mm 이상 또는 12시간 180mm 이상
2020131397923644377900000000,4728034031103640000,,경상북도 문경시 산북면 가좌리,364,128.2321404,36.7788355,UNDERGROUND_FLOOR_ONLY,0,1,0.0,단독주택,,,4068.9,UNKNOWN,,,36733.1,0,UNKNOWN,호우경보,3시간 90mm 이상 또는 12시간 180mm 이상
1987305208883464305600000000,4728010900102250000,,경상북도 문경시 공평동,225,128.1768019,36.6132465,UNDERGROUND_FLOOR_ONLY,0,1,0.0,단독주택,99.21,14.55,14.3,LOW,0.004,0.1,19700.4,0,LOW,극한호우,"1시간 50mm 이상이면서 3시간 90mm 이상, 또는 1시간 72mm 이상"
1982307285933439686400000000,4728010100100910002,,경상북도 문경시 점촌동,91-2,128.1996714,36.5908352,UNDERGROUND_FLOOR_ONLY,0,1,0.0,단독주택,72.92,6.07,2.7,MODERATE,0.052,0.8,17220.7,0,MODERATE,호우경보,3시간 90mm 이상 또는 12시간 180mm 이상
2016124632003663698500000000,4728025036107390001,관음권역활성화센터,경상북도 문경시 문경읍 갈평리,739-1,128.1561646,36.795729,UNDERGROUND_FLOOR_ONLY,0,1,0.0,제1종근린생활시설,,,686.9,UNKNOWN,,,40073.1,0,UNKNOWN,호우경보,3시간 90mm 이상 또는 12시간 180mm 이상
1984307011653440314800000000,4728010100101800019,,경상북도 문경시 점촌동,180-19,128.1966157,36.5914319,UNDERGROUND_FLOOR_ONLY,0,1,0.0,단독주택,85.88,19.02,0.9,LOW,0.004,0.1,17264.9,0,LOW,극한호우,"1시간 50mm 이상이면서 3시간 90mm 이상, 또는 1시간 72mm 이상"
1987306424763439746200000000,4728011000100830025,,경상북도 문경시 모전동,83-25,128.1900512,36.5909857,UNDERGROUND_FLOOR_ONLY,0,1,0.0,단독주택,77.24,10.38,1.7,LOW,0.004,0.1,17190.8,0,LOW,극한호우,"1시간 50mm 이상이면서 3시간 90mm 이상, 또는 1시간 72mm 이상"
1999306361093435368200000000,4728011000108590005,매봉목욕탕,경상북도 문경시 모전동,859-5,128.1892791,36.5870482,UNDERGROUND_FLOOR_ONLY,0,1,0.0,제1종근린생활시설,86.98,17.82,14.7,LOW,0.004,0.1,16752.9,0,LOW,극한호우,"1시간 50mm 이상이면서 3시간 90mm 이상, 또는 1시간 72mm 이상"
2013130889953707234600000000,4728035029108630000,,경상북도 문경시 동로면 명전리,863,128.2258795,36.8354339,UNDERGROUND_FLOOR_ONLY,0,1,0.0,단독주택,,,5251.8,UNKNOWN,,,41891.6,0,UNKNOWN,호우경보,3시간 90mm 이상 또는 12시간 180mm 이상
1989317412183641452000000000,4728035026101880004,,경상북도 문경시 동로면 노은리,188-4,128.3158914,36.7714121,UNDERGROUND_FLOOR_ONLY,0,1,0.0,제1종근린생활시설,,,316.8,UNKNOWN,,,30258.2,0,UNKNOWN,호우경보,3시간 90mm 이상 또는 12시간 180mm 이상
1985307011893441663700000000,4728010100101870019,,경상북도 문경시 점촌동,187-19,128.1966372,36.5926474,UNDERGROUND_FLOOR_ONLY,0,1,0.0,단독주택,76.46,9.6,10.3,MODERATE,0.052,0.8,17399.7,0,MODERATE,호우경보,3시간 90mm 이상 또는 12시간 180mm 이상
1990307555483451911600000000,4728010300103220001,,경상북도 문경시 흥덕동,322-1,128.2028537,36.601819,UNDERGROUND_FLOOR_ONLY,0,1,0.0,단독주택,79.32,11.53,2.2,LOW,0.004,0.1,18464.7,0,LOW,극한호우,"1시간 50mm 이상이면서 3시간 90mm 이상, 또는 1시간 72mm 이상"
2004302785593472301700000000,4728010800104600000,,경상북도 문경시 유곡동,460,128.1498269,36.6207149,UNDERGROUND_FLOOR_ONLY,0,1,0.0,관광휴게시설,182.73,80.35,16.7,VERY_LOW,0.0,0.0,20925.4,0,VERY_LOW,극한호우,"1시간 50mm 이상이면서 3시간 90mm 이상, 또는 1시간 72mm 이상"
1996316547043640996100000000,4728035026102400000,,경상북도 문경시 동로면 노은리,240,128.3061966,36.7711081,UNDERGROUND_FLOOR_ONLY,0,1,0.0,단독주택,,,827.3,UNKNOWN,,,30826.6,0,UNKNOWN,호우경보,3시간 90mm 이상 또는 12시간 180mm 이상
2002299079123592864300000000,4728025022103950001,휠모텔,경상북도 문경시 문경읍 하리,395-1,128.109957,36.7297287,UNDERGROUND_FLOOR_ONLY,0,1,0.0,숙박시설,161.51,10.68,70.9,LOW,0.004,0.1,33724.7,0,LOW,극한호우,"1시간 50mm 이상이면서 3시간 90mm 이상, 또는 1시간 72mm 이상"
2021116541433600849800000000,4728025028102700006,,경상북도 문경시 문경읍 각서리,270-6,128.0662131,36.7384243,UNDERGROUND_FLOOR_ONLY,0,1,0.0,창고시설,,,1976.4,UNKNOWN,,,36072.0,0,UNKNOWN,호우경보,3시간 90mm 이상 또는 12시간 180mm 이상
1997286769793527453500000000,4728025331104050004,,경상북도 문경시 가은읍 완장리,405-4,127.9714361,36.6719975,PROBABLE_NOT_CONFIRMED_IN_FLOOR_ROWS,0,1,8.0,근린생활시설,259.79,56.93,45.5,VERY_LOW,0.0,0.0,34741.3,0,VERY_LOW,극한호우,"1시간 50mm 이상이면서 3시간 90mm 이상, 또는 1시간 72mm 이상"
2010134260093655019800000000,4728035028101470001,,경상북도 문경시 동로면 생달리,147-1,128.2641076,36.7886269,UNDERGROUND_FLOOR_ONLY,0,1,0.0,공장,,,4774.9,UNKNOWN,,,35183.5,0,UNKNOWN,호우경보,3시간 90mm 이상 또는 12시간 180mm 이상
1984306618753440763600000000,4728011000100410004,,경상북도 문경시 모전동,41-4,128.1922324,36.5918805,UNDERGROUND_FLOOR_ONLY,0,1,0.0,단독주택,76.34,9.49,13.7,MODERATE,0.052,0.8,17294.9,0,MODERATE,호우경보,3시간 90mm 이상 또는 12시간 180mm 이상
1986307350793440421100000000,4728010100101280038,,경상북도 문경시 점촌동,128-38,128.2004064,36.5914899,UNDERGROUND_FLOOR_ONLY,0,1,0.0,단독주택,72.4,7.4,2.2,MODERATE,0.052,0.8,17299.4,0,MODERATE,호우경보,3시간 90mm 이상 또는 12시간 180mm 이상
1986307368843444208500000000,4728010100102450026,,경상북도 문경시 점촌동,245-26,128.2006608,36.5949,UNDERGROUND_FLOOR_ONLY,0,1,0.0,숙박시설,72.48,7.49,2.6,MODERATE,0.052,0.8,17679.0,0,MODERATE,호우경보,3시간 90mm 이상 또는 12시간 180mm 이상
2013126471773509790300000000,4728033022100150001,,경상북도 문경시 호계면 별암리,15-1,128.1782579,36.6571991,UNDERGROUND_FLOOR_ONLY,0,1,0.0,단독주택,,,138.9,UNKNOWN,,,24563.5,0,UNKNOWN,호우경보,3시간 90mm 이상 또는 12시간 180mm 이상
1997303250903657826700000000,4728025036107370012,,경상북도 문경시 문경읍 갈평리,737-12,128.1575283,36.787811,UNDERGROUND_FLOOR_ONLY,0,1,0.0,단독주택,,,123.4,UNKNOWN,,,39184.4,0,UNKNOWN,호우경보,3시간 90mm 이상 또는 12시간 180mm 이상
1998303246493657708300000000,4728025036105640013,,경상북도 문경시 문경읍 갈평리,564-13,128.1574774,36.7877049,UNDERGROUND_FLOOR_ONLY,0,1,0.0,단독주택,,,111.3,UNKNOWN,,,39173.1,0,UNKNOWN,호우경보,3시간 90mm 이상 또는 12시간 180mm 이상
1985296940463617154600000000,4728025029102050000,,경상북도 문경시 문경읍 하초리,205,128.0863272,36.7518336,UNDERGROUND_FLOOR_ONLY,0,1,0.0,단독주택,,,909.9,UNKNOWN,,,36819.7,0,UNKNOWN,호우경보,3시간 90mm 이상 또는 12시간 180mm 이상
2019111112793558621300000000,4728025332104850000,봉암사,경상북도 문경시 가은읍 원북리,485,128.0059342,36.6998852,UNDERGROUND_FLOOR_ONLY,0,1,0.0,종교시설,264.7,5.07,23.9,MODERATE,0.052,0.8,35035.4,0,MODERATE,호우경보,3시간 90mm 이상 또는 12시간 180mm 이상
1980297182853616554700000000,4728025029100280002,,경상북도 문경시 문경읍 하초리,28-2,128.0890334,36.7512683,UNDERGROUND_FLOOR_ONLY,0,1,0.0,문화및집회시설,,,1158.1,UNKNOWN,,,36668.7,0,UNKNOWN,호우경보,3시간 90mm 이상 또는 12시간 180mm 이상
1988302883683624853100000000,4728025033108080000,,경상북도 문경시 문경읍 당포리,808,128.1529708,36.7581443,UNDERGROUND_FLOOR_ONLY,0,1,0.0,단독주택,,,1103.3,UNKNOWN,,,35956.2,0,UNKNOWN,호우경보,3시간 90mm 이상 또는 12시간 180mm 이상
1998292933363616028900000000,4728025028200390004,,경상북도 문경시 문경읍 각서리,39-4,128.0414492,36.7512199,UNDERGROUND_FLOOR_ONLY,0,1,0.0,업무시설,337.75,0.0,4.9,VERY_HIGH,0.355,5.5,38361.7,0,VERY_HIGH,호우주의보,3시간 60mm 이상 또는 12시간 110mm 이상
2004302308813677420400000000,4728025038103440000,석산도예공장,경상북도 문경시 문경읍 관음리,344,128.1472389,36.8055657,UNDERGROUND_FLOOR_ONLY,0,1,0.0,공장,,,1578.9,UNKNOWN,,,41258.0,0,UNKNOWN,호우경보,3시간 90mm 이상 또는 12시간 180mm 이상
1987317433973641124600000000,4728035026101880019,,경상북도 문경시 동로면 노은리,188-19,128.3161307,36.7711148,UNDERGROUND_FLOOR_ONLY,0,1,0.0,단독주택,,,355.1,UNKNOWN,,,30216.1,0,UNKNOWN,호우경보,3시간 90mm 이상 또는 12시간 180mm 이상
1990306662083441782500000000,4728011000100390020,,경상북도 문경시 모전동,39-20,128.1927306,36.5927935,UNDERGROUND_FLOOR_ONLY,0,1,0.0,단독주택,79.02,12.16,0.8,LOW,0.004,0.1,17397.7,0,LOW,극한호우,"1시간 50mm 이상이면서 3시간 90mm 이상, 또는 1시간 72mm 이상"
1986306667233440027100000000,4728011000100420017,,경상북도 문경시 모전동,42-17,128.1927638,36.5912115,UNDERGROUND_FLOOR_ONLY,0,1,0.0,단독주택,76.59,9.73,6.2,MODERATE,0.052,0.8,17222.3,0,MODERATE,호우경보,3시간 90mm 이상 또는 12시간 180mm 이상
1986306648183439881000000000,4728011000100420023,,경상북도 문경시 모전동,42-23,128.1925489,36.5910818,UNDERGROUND_FLOOR_ONLY,0,1,0.0,단독주택,77.22,10.36,1.3,LOW,0.004,0.1,17207.2,0,LOW,극한호우,"1시간 50mm 이상이면서 3시간 90mm 이상, 또는 1시간 72mm 이상"
1990308112033457714000000000,4728010300104400002,,경상북도 문경시 흥덕동,440-2,128.2091539,36.6069836,UNDERGROUND_FLOOR_ONLY,0,1,0.0,단독주택,86.02,18.22,0.7,LOW,0.004,0.1,19108.6,0,LOW,극한호우,"1시간 50mm 이상이면서 3시간 90mm 이상, 또는 1시간 72mm 이상"
1983306632983440786200000000,4728011000100410012,,경상북도 문경시 모전동,41-12,128.1923917,36.5918992,UNDERGROUND_FLOOR_ONLY,0,1,0.0,단독주택,79.95,13.09,1.0,LOW,0.004,0.1,17297.4,0,LOW,극한호우,"1시간 50mm 이상이면서 3시간 90mm 이상, 또는 1시간 72mm 이상"
1984306393953440038100000000,4728011000101170030,,경상북도 문경시 모전동,117-30,128.1897106,36.5912516,UNDERGROUND_FLOOR_ONLY,0,1,0.0,단독주택,77.81,8.64,11.1,MODERATE,0.052,0.8,17219.9,0,MODERATE,호우경보,3시간 90mm 이상 또는 12시간 180mm 이상
1989306394793439880500000000,4728011000101170026,,경상북도 문경시 모전동,117-26,128.1897179,36.5911097,UNDERGROUND_FLOOR_ONLY,0,1,0.0,단독주택,79.2,10.04,1.1,LOW,0.004,0.1,17204.2,0,LOW,극한호우,"1시간 50mm 이상이면서 3시간 90mm 이상, 또는 1시간 72mm 이상"
1982306667513438054200000000,4728011000100810074,,경상북도 문경시 모전동,81-74,128.1927396,36.5894339,UNDERGROUND_FLOOR_ONLY,0,1,0.0,단독주택,76.05,11.79,2.2,LOW,0.004,0.1,17025.0,0,LOW,극한호우,"1시간 50mm 이상이면서 3시간 90mm 이상, 또는 1시간 72mm 이상"
1998289456263446253300000000,4728037022100010013,,경상북도 문경시 농암면 종곡리,1-13,128.0005388,36.5985881,UNDERGROUND_FLOOR_ONLY,0,1,0.0,단독주택,,,2088.7,UNKNOWN,,,26540.3,0,UNKNOWN,호우경보,3시간 90mm 이상 또는 12시간 180mm 이상
1989307239113439103900000000,4728010100100910020,,경상북도 문경시 점촌동,91-20,128.1991402,36.5903156,UNDERGROUND_FLOOR_ONLY,0,1,0.0,단독주택,74.77,7.91,0.4,MODERATE,0.052,0.8,17158.9,0,MODERATE,호우경보,3시간 90mm 이상 또는 12시간 180mm 이상
1986306641073441541300000000,4728011000100400002,,경상북도 문경시 모전동,40-2,128.1924925,36.5925786,UNDERGROUND_FLOOR_ONLY,0,1,0.0,단독주택,77.3,10.44,0.5,LOW,0.004,0.1,17373.1,0,LOW,극한호우,"1시간 50mm 이상이면서 3시간 90mm 이상, 또는 1시간 72mm 이상"
1998306231183436292900000000,4728011000102570000,,경상북도 문경시 모전동,257,128.1878405,36.5878956,GIS_BASEMENT_CANDIDATE_NOT_CONFIRMED_BY_TITLE,0,1,0.0,노유자시설,86.11,16.94,2.0,LOW,0.004,0.1,16846.5,0,LOW,극한호우,"1시간 50mm 이상이면서 3시간 90mm 이상, 또는 1시간 72mm 이상"
1993306849743447587200000000,4728010100104360015,,경상북도 문경시 점촌동,436-15,128.1949079,36.5980023,UNDERGROUND_FLOOR_ONLY,0,1,0.0,단독주택,91.59,24.74,1.3,VERY_LOW,0.0,0.0,17984.2,0,VERY_LOW,극한호우,"1시간 50mm 이상이면서 3시간 90mm 이상, 또는 1시간 72mm 이상"
2003306760063435086000000000,4728011000100770006,,경상북도 문경시 모전동,77-6,128.1937324,36.5867494,UNDERGROUND_FLOOR_ONLY,0,1,0.0,숙박시설,75.8,11.54,5.9,LOW,0.004,0.1,16730.9,0,LOW,극한호우,"1시간 50mm 이상이면서 3시간 90mm 이상, 또는 1시간 72mm 이상"
2007305623173436539500000000,4728011000109160000,문경경찰서,경상북도 문경시 모전동,916,128.1810511,36.5881852,GIS_ONLY_NO_REGISTER_ROW,0,1,,,87.69,18.52,42.1,LOW,0.004,0.1,16896.8,0,LOW,극한호우,"1시간 50mm 이상이면서 3시간 90mm 이상, 또는 1시간 72mm 이상"
1987300888243511945900000000,4728036025101100003,,경상북도 문경시 마성면 신현리,110-3,128.1291409,36.6566352,UNDERGROUND_FLOOR_ONLY,0,1,0.0,숙박시설,112.57,8.62,5.9,MODERATE,0.052,0.8,25336.6,0,MODERATE,호우경보,3시간 90mm 이상 또는 12시간 180mm 이상
1983306542613446268700000000,4728011000105510029,,경상북도 문경시 모전동,551-29,128.1914578,36.5968486,UNDERGROUND_FLOOR_ONLY,0,1,0.0,단독주택,80.48,13.62,0.7,LOW,0.004,0.1,17844.1,0,LOW,극한호우,"1시간 50mm 이상이면서 3시간 90mm 이상, 또는 1시간 72mm 이상"
2002306334213445007000000000,4728011000105130000,문경여자중학교,경상북도 문경시 모전동,513,128.1891119,36.5957351,UNDERGROUND_FLOOR_ONLY,0,1,0.0,교육연구시설,80.75,11.59,10.2,LOW,0.004,0.1,17717.0,0,LOW,극한호우,"1시간 50mm 이상이면서 3시간 90mm 이상, 또는 1시간 72mm 이상"
1982306419113439903500000000,4728011000100830019,,경상북도 문경시 모전동,83-19,128.18999,36.5911276,UNDERGROUND_FLOOR_ONLY,0,1,0.0,단독주택,77.24,8.08,4.4,MODERATE,0.052,0.8,17206.5,0,MODERATE,호우경보,3시간 90mm 이상 또는 12시간 180mm 이상
1987306971293437950000000000,4728011000100600041,,경상북도 문경시 모전동,60-41,128.196132,36.589306,UNDERGROUND_FLOOR_ONLY,0,1,0.0,단독주택,86.54,22.28,0.4,VERY_LOW,0.0,0.0,17026.3,0,VERY_LOW,극한호우,"1시간 50mm 이상이면서 3시간 90mm 이상, 또는 1시간 72mm 이상"
1996306318903435791700000000,4728011000102700010,,경상북도 문경시 모전동,270-10,128.1888136,36.5874343,UNDERGROUND_FLOOR_ONLY,0,1,0.0,제1종근린생활시설,82.04,12.87,1.4,LOW,0.004,0.1,16795.5,0,LOW,극한호우,"1시간 50mm 이상이면서 3시간 90mm 이상, 또는 1시간 72mm 이상"
1986306564713444542400000000,4728011000100270026,,경상북도 문경시 모전동,27-26,128.191681,36.595291,UNDERGROUND_FLOOR_ONLY,0,1,0.0,단독주택,80.09,13.23,0.7,LOW,0.004,0.1,17671.8,0,LOW,극한호우,"1시간 50mm 이상이면서 3시간 90mm 이상, 또는 1시간 72mm 이상"
2016119204843592561300000000,4728025026107890002,,경상북도 문경시 문경읍 마원리,789-2,128.096117,36.7311869,UNDERGROUND_FLOOR_ONLY,0,1,0.0,단독주택,,,268.5,UNKNOWN,,,34306.6,0,UNKNOWN,호우경보,3시간 90mm 이상 또는 12시간 180mm 이상
2016119196953592308200000000,4728025026107890006,,경상북도 문경시 문경읍 마원리,789-6,128.0960316,36.7309586,UNDERGROUND_FLOOR_ONLY,0,1,0.0,단독주택,,,294.5,UNKNOWN,,,34285.2,0,UNKNOWN,호우경보,3시간 90mm 이상 또는 12시간 180mm 이상
1983307293293446370700000000,4728010100102660004,,경상북도 문경시 점촌동,266-4,128.1998468,36.5968565,UNDERGROUND_FLOOR_ONLY,0,1,0.0,제1종근린생활시설,76.54,9.68,23.4,MODERATE,0.052,0.8,17888.7,0,MODERATE,호우경보,3시간 90mm 이상 또는 12시간 180mm 이상
1988306653413440457900000000,4728011000100410030,,경상북도 문경시 모전동,41-30,128.1926154,36.5916011,UNDERGROUND_FLOOR_ONLY,0,1,0.0,단독주택,78.22,11.36,1.3,LOW,0.004,0.1,17265.0,0,LOW,극한호우,"1시간 50mm 이상이면서 3시간 90mm 이상, 또는 1시간 72mm 이상"
1987306717153439864900000000,4728011000100420034,,경상북도 문경시 모전동,42-34,128.1933193,36.5910597,UNDERGROUND_FLOOR_ONLY,0,1,0.0,단독주택,77.8,10.95,1.6,LOW,0.004,0.1,17207.4,0,LOW,극한호우,"1시간 50mm 이상이면서 3시간 90mm 이상, 또는 1시간 72mm 이상"
1986306676473440280700000000,4728011000100420010,,경상북도 문경시 모전동,42-10,128.1928704,36.5914388,UNDERGROUND_FLOOR_ONLY,0,1,0.0,단독주택,76.71,9.85,1.0,MODERATE,0.052,0.8,17247.9,0,MODERATE,호우경보,3시간 90mm 이상 또는 12시간 180mm 이상
1984306948993445717000000000,4728010100104550005,,경상북도 문경시 점촌동,455-5,128.1959907,36.5963061,UNDERGROUND_FLOOR_ONLY,0,1,0.0,단독주택,78.91,12.06,0.6,LOW,0.004,0.1,17801.6,0,LOW,극한호우,"1시간 50mm 이상이면서 3시간 90mm 이상, 또는 1시간 72mm 이상"
0000115850883503486100000000,4728025321105340002,석촌그린빌,경상북도 문경시 가은읍 왕능리,534-2,128.0595536,36.6506387,UNDERGROUND_FLOOR_ONLY,0,1,0.0,노유자시설,,,108.1,UNKNOWN,,,27355.0,0,UNKNOWN,호우경보,3시간 90mm 이상 또는 12시간 180mm 이상
1991307328693440537600000000,4728010100101280040,,경상북도 문경시 점촌동,128-40,128.2001609,36.5915972,UNDERGROUND_FLOOR_ONLY,0,1,0.0,단독주택,71.91,6.92,10.0,MODERATE,0.052,0.8,17309.1,0,MODERATE,호우경보,3시간 90mm 이상 또는 12시간 180mm 이상
1982127972003433017200000000,4728011000100630005,,경상북도 문경시 모전동,63-5,128.1957554,36.5881376,UNDERGROUND_FLOOR_ONLY,0,1,0.0,제2종근린생활시설,83.75,19.49,9.2,LOW,0.004,0.1,16894.7,0,LOW,극한호우,"1시간 50mm 이상이면서 3시간 90mm 이상, 또는 1시간 72mm 이상"
1983307198943441412600000000,4728010100101740004,,경상북도 문경시 점촌동,174-4,128.1987237,36.5924003,GIS_ONLY_NO_REGISTER_ROW,0,1,,,74.75,7.89,15.9,MODERATE,0.052,0.8,17386.5,0,MODERATE,호우경보,3시간 90mm 이상 또는 12시간 180mm 이상
1976128471553440054900000000,4728010100102650020,,경상북도 문경시 점촌동,265-20,128.2012716,36.5945166,UNDERGROUND_FLOOR_ONLY,0,1,0.0,제2종근린생활시설,73.71,8.72,2.6,MODERATE,0.052,0.8,17642.0,0,MODERATE,호우경보,3시간 90mm 이상 또는 12시간 180mm 이상
1986308262973457940300000000,4728010300104810001,,경상북도 문경시 흥덕동,481-1,128.210844,36.6071706,UNDERGROUND_FLOOR_ONLY,0,1,0.0,단독주택,84.86,17.06,0.1,LOW,0.004,0.1,19153.0,0,LOW,극한호우,"1시간 50mm 이상이면서 3시간 90mm 이상, 또는 1시간 72mm 이상"
1985307152983450332000000000,4728010100104010041,,경상북도 문경시 점촌동,401-41,128.1983341,36.600441,UNDERGROUND_FLOOR_ONLY,0,1,0.0,단독주택,107.51,39.72,14.6,VERY_LOW,0.0,0.0,18274.3,0,VERY_LOW,극한호우,"1시간 50mm 이상이면서 3시간 90mm 이상, 또는 1시간 72mm 이상"
1978307221293441941700000000,4728010100102800020,,경상북도 문경시 점촌동,280-20,128.1989805,36.5928741,UNDERGROUND_FLOOR_ONLY,0,1,0.0,단독주택,72.3,5.45,9.7,MODERATE,0.052,0.8,17440.9,0,MODERATE,호우경보,3시간 90mm 이상 또는 12시간 180mm 이상
1997305659903440583300000000,4728011000106700000,모전초등학교,경상북도 문경시 모전동,670,128.1815171,36.5918244,UNDERGROUND_FLOOR_ONLY,0,1,0.0,교육연구시설,107.98,38.82,34.8,VERY_LOW,0.0,0.0,17298.0,0,VERY_LOW,극한호우,"1시간 50mm 이상이면서 3시간 90mm 이상, 또는 1시간 72mm 이상"
2000307180723446090300000000,4728010100102500006,거장프라자,경상북도 문경시 점촌동,250-6,128.1985851,36.5966165,CONFIRMED_BASEMENT_PARKING_USE,1,2,21.0,제1종근린생활시설,75.72,8.86,3.6,MODERATE,0.052,0.8,17852.4,0,MODERATE,호우경보,3시간 90mm 이상 또는 12시간 180mm 이상
1990306578293437536100000000,4728011000100850022,,경상북도 문경시 모전동,85-22,128.1917356,36.588977,UNDERGROUND_FLOOR_ONLY,0,1,0.0,단독주택,77.42,13.16,11.3,LOW,0.004,0.1,16971.3,0,LOW,극한호우,"1시간 50mm 이상이면서 3시간 90mm 이상, 또는 1시간 72mm 이상"
